{
  "labels": {
    "洋室": [
      [
        [
          92.18803418803418,
          47.863247863247864
        ],
        [
          319.53846153846155,
          48.71794871794872
        ],
        [
          322.957264957265,
          211.96581196581198
        ],
        [
          93.89743589743591,
          211.96581196581198
        ]
      ],
      [
        [
          31.5042735042735,
          222.22222222222223
        ],
        [
          262.27350427350433,
          225.64102564102566
        ],
        [
          264.83760683760687,
          395.7264957264957
        ],
        [
          31.5042735042735,
          395.7264957264957
        ]
      ]
    ],
    "廊下": [
      [
        [
          270.8205128205128,
          216.23931623931625
        ],
        [
          319.53846153846155,
          217.09401709401712
        ],
        [
          321.2478632478633,
          389.7435897435898
        ],
        [
          272.52991452991455,
          391.45299145299145
        ]
      ]
    ],
    "開戸": [
      [
        213.5555555555556,
        217.94871794871796,
        287.9145299145299,
        277.77777777777777
      ],
      [
        269.965811965812,
        161.53846153846155,
        328.940170940171,
        221.3675213675214
      ]
    ],
    "折戸": [
      [
        72.52991452991455,
        44.44444444444445,
        124.66666666666669,
        157.26495726495727
      ],
      [
        28.714285714285666,
        201.42857142857142,
        87.0598290598291,
        243.5897435897436
      ]
    ]
  }
}