{
  "labels": {
    "洋室": [
      [
        [
          150.22222222222217,
          289.88888888888886
        ],
        [
          496.8888888888889,
          292.1111111111111
        ],
        [
          492.44444444444446,
          566.5555555555555
        ],
        [
          149.1111111111111,
          563.2222222222222
        ]
      ],
      [
        [
          154.66666666666663,
          149.88888888888886
        ],
        [
          286.8888888888889,
          151.0
        ],
        [
          284.66666666666663,
          289.88888888888886
        ],
        [
          150.22222222222217,
          291.0
        ]
      ],
      [
        [
          634.6666666666666,
          154.33333333333331
        ],
        [
          911.3333333333333,
          155.44444444444446
        ],
        [
          910.2222222222222,
          361.0
        ],
        [
          634.6666666666666,
          359.8888888888889
        ]
      ],
      [
        [
          631.3333333333333,
          359.8888888888889
        ],
        [
          629.1111111111111,
          568.7777777777777
        ],
        [
          909.1111111111111,
          568.7777777777777
        ],
        [
          912.4444444444443,
          361.0
        ]
      ]
    ],
    "廊下": [
      [
        [
          564.6666666666666,
          255.44444444444446
        ],
        [
          633.5555555555555,
          251.0
        ],
        [
          632.4444444444445,
          568.7777777777777
        ],
        [
          492.44444444444446,
          567.6666666666666
        ],
        [
          499.1111111111111,
          325.44444444444446
        ],
        [
          564.6666666666666,
          325.44444444444446
        ]
      ]
    ],
    "開戸": [
      [
        607.4411764705882,
        373.2647058823529,
        696.2537313432836,
        426.08955223880594
      ],
      [
        608.1764705882352,
        291.6470588235294,
        697.585406301824,
        353.2222222222222
      ],
      [
        224.69983416252066,
        228.16417910447763,
        286.55223880597015,
        316.3880597014925
      ]
    ],
    "引戸": [
      [
        475.46268656716416,
        304.76451077943614,
        512.6716417910447,
        439.5223880597015
      ]
    ]
  }
}