{
  "labels": {
    "浴室": [
      [
        [
          205.0,
          260.0
        ],
        [
          303.0,
          259.0
        ],
        [
          300.0,
          380.0
        ],
        [
          203.0,
          380.0
        ]
      ]
    ],
    "廊下": [
      [
        [
          373.8562091503268,
          335.9477124183006
        ],
        [
          490.8496732026144,
          336.60130718954247
        ],
        [
          490.19607843137254,
          373.20261437908493
        ],
        [
          569.9346405228758,
          373.8562091503268
        ],
        [
          571.2418300653595,
          474.5098039215686
        ],
        [
          377.12418300653593,
          472.54901960784315
        ]
      ]
    ],
    "LDK": [
      [
        [
          181.69934640522877,
          478.4313725490196
        ],
        [
          495.42483660130716,
          478.4313725490196
        ],
        [
          495.42483660130716,
          526.7973856209151
        ],
        [
          637.9084967320262,
          526.1437908496732
        ],
        [
          637.9084967320262,
          788.2352941176471
        ],
        [
          183.00653594771242,
          787.5816993464052
        ]
      ]
    ],
    "開戸": [
      [
        332.2836879432624,
        338.29787234042556,
        382.6727854262272,
        378.86246697260464
      ],
      [
        360.9511889862328,
        385.73216520650817,
        420.936170212766,
        426.9503546099291
      ],
      [
        397.12140175219025,
        460.728688638576,
        468.4539007092199,
        524.113475177305
      ]
    ],
    "引戸": [
      [
        220.26143790849673,
        366.6666666666667,
        300.65359477124184,
        391.5032679738562
      ]
    ],
    "折戸": [
      [
        494.11764705882354,
        518.9542483660131,
        633.9869281045751,
        546.4052287581699
      ]
    ]
  }
}