{
  "labels": {
    "洋室": [
      [
        [
          443.5897435897436,
          185.00854700854703
        ],
        [
          165.81196581196582,
          185.00854700854703
        ],
        [
          164.10256410256412,
          390.991452991453
        ],
        [
          376.0683760683761,
          392.70085470085473
        ],
        [
          372.6495726495727,
          252.52991452991455
        ],
        [
          444.44444444444446,
          254.23931623931628
        ]
      ],
      [
        [
          438.4615384615385,
          323.4700854700855
        ],
        [
          647.008547008547,
          323.4700854700855
        ],
        [
          647.008547008547,
          599.5384615384615
        ],
        [
          438.4615384615385,
          599.5384615384615
        ]
      ]
    ],
    "廊下": [
      [
        [
          442.7350427350428,
          43.98290598290599
        ],
        [
          442.7350427350428,
          321.7606837606838
        ],
        [
          579.4871794871796,
          321.7606837606838
        ],
        [
          578.6324786324786,
          251.67521367521368
        ],
        [
          509.4017094017094,
          251.67521367521368
        ],
        [
          511.11111111111114,
          181.5897435897436
        ],
        [
          580.3418803418804,
          181.5897435897436
        ],
        [
          579.4871794871796,
          44.83760683760684
        ]
      ]
    ],
    "開戸": [
      [
        450.291777188329,
        297.1570881226054,
        501.1379310344828,
        378.3103448275862
      ],
      [
        387.3740053050399,
        189.80666077217802,
        464.58620689655174,
        241.75862068965517
      ],
      [
        383.7901562039493,
        256.63837312113174,
        462.51724137931035,
        311.4137931034483
      ]
    ],
    "引戸": [
      [
        558.3793103448276,
        47.702328323017994,
        600.6130268199234,
        176.93103448275863
      ],
      [
        418.37931034482756,
        52.17035072207486,
        463.6958443854996,
        176.24137931034483
      ],
      [
        174.08782788093134,
        367.2758620689655,
        291.48275862068965,
        412.447391688771
      ]
    ]
  }
}