{
  "labels": {
    "洋室": [
      [
        [
          27.90640394088669,
          42.857142857142854
        ],
        [
          196.87192118226596,
          42.857142857142854
        ],
        [
          197.36453201970437,
          215.76354679802952
        ],
        [
          27.90640394088669,
          215.27093596059112
        ]
      ]
    ],
    "浴室": [
      [
        [
          28.89162561576353,
          255.66502463054184
        ],
        [
          132.8325123152709,
          255.66502463054184
        ],
        [
          133.81773399014776,
          359.1133004926108
        ],
        [
          28.399014778325096,
          359.1133004926108
        ]
      ]
    ],
    "廊下": [
      [
        [
          200.47409316331908,
          157.45354945526643
        ],
        [
          305.4002015377033,
          156.960938617828
        ],
        [
          305.8928123751417,
          224.94123418433045
        ],
        [
          247.27212271996933,
          225.4338450217689
        ],
        [
          247.76473355740774,
          312.6259632483698
        ],
        [
          202.93714735051122,
          311.640741573493
        ]
      ]
    ],
    "折戸": [
      [
        32.31042903456694,
        193.43606584985892,
        126.33333333333334,
        228.20512820512823
      ]
    ],
    "開戸": [
      [
        152.4017094017094,
        171.3675213675214,
        210.8018609742747,
        212.1489621489621
      ],
      [
        211.3239442549787,
        229.65769862321588,
        263.94017094017096,
        264.52991452991455
      ]
    ],
    "引戸": [
      [
        186.3962757803078,
        260.09852216748766,
        207.46473029045643,
        343.98340248962654
      ],
      [
        121.56772346427513,
        265.35724811586886,
        146.87140475937153,
        354.4809731531724
      ]
    ]
  }
}