{
  "labels": {
    "浴室": [
      [
        [
          422.80132450331126,
          32.450331125827816
        ],
        [
          420.1523178807947,
          142.3841059602649
        ],
        [
          531.4105960264901,
          144.3708609271523
        ],
        [
          532.0728476821192,
          33.77483443708609
        ]
      ]
    ],
    "廊下": [
      [
        [
          308.89403973509934,
          30.4635761589404
        ],
        [
          309.55629139072846,
          141.05960264900662
        ],
        [
          365.18543046357615,
          143.04635761589404
        ],
        [
          365.8476821192053,
          309.27152317880797
        ],
        [
          418.82781456953643,
          310.5960264900662
        ],
        [
          420.81456953642385,
          32.450331125827816
        ]
      ],
      [
        [
          143.33112582781456,
          258.94039735099335
        ],
        [
          143.33112582781456,
          369.5364238410596
        ],
        [
          198.2980132450331,
          371.52317880794703
        ],
        [
          198.96026490066225,
          258.94039735099335
        ]
      ]
    ],
    "LDK": [
      [
        [
          200.28476821192052,
          311.9205298013245
        ],
        [
          198.2980132450331,
          368.87417218543044
        ],
        [
          32.735099337748345,
          368.2119205298013
        ],
        [
          30.748344370860927,
          537.0860927152318
        ],
        [
          530.0860927152318,
          538.4105960264901
        ],
        [
          531.4105960264901,
          311.2582781456954
        ]
      ]
    ],
    "開戸": [
      [
        123.35812207364916,
        261.14649681528664,
        196.19108280254778,
        307.41131311427
      ],
      [
        368.16560509554137,
        262.9139072847682,
        420.1523178807947,
        330.5732484076433
      ],
      [
        180.337073438225,
        313.21972413211284,
        250.3312101910828,
        363.69426751592357
      ]
    ],
    "折戸": [
      [
        350.97021976631373,
        144.3202429662125,
        384.0891719745223,
        194.9044585987261
      ],
      [
        426.12738853503186,
        124.55392921921793,
        472.95528746783646,
        161.1464968152866
      ],
      [
        313.38853503184714,
        292.35668789808915,
        362.4331210191083,
        333.75796178343944
      ],
      [
        288.54777070063693,
        202.54777070063693,
        326.1273885350318,
        250.3184713375796
      ]
    ],
    "引戸": [
      [
        401.92356687898086,
        148.40764331210192,
        438.2292993630573,
        261.14649681528664
      ],
      [
        422.624161640022,
        284.7386847766482,
        528.0382165605096,
        336.94267515923565
      ]
    ]
  }
}