{
  "labels": {
    "浴室": [
      [
        [
          76.18055555555556,
          10.416666666666668
        ],
        [
          134.86111111111111,
          10.069444444444445
        ],
        [
          133.47222222222223,
          67.01388888888889
        ],
        [
          75.48611111111111,
          68.40277777777779
        ]
      ]
    ],
    "LDK": [
      [
        [
          266.45833333333337,
          73.61111111111111
        ],
        [
          392.15277777777777,
          75.69444444444444
        ],
        [
          390.7638888888889,
          264.93055555555554
        ],
        [
          139.72222222222223,
          264.93055555555554
        ],
        [
          139.72222222222223,
          138.88888888888889
        ],
        [
          266.80555555555554,
          140.625
        ]
      ]
    ],
    "廊下": [
      [
        [
          123.40277777777777,
          74.65277777777779
        ],
        [
          265.06944444444446,
          75.0
        ],
        [
          264.72222222222223,
          102.08333333333334
        ],
        [
          167.15277777777777,
          103.125
        ],
        [
          167.5,
          134.375
        ],
        [
          124.79166666666669,
          133.68055555555557
        ]
      ]
    ],
    "開戸": [
      [
        137.63888888888889,
        130.55555555555557,
        172.01388888888889,
        170.13888888888889
      ],
      [
        232.0121951219512,
        63.475609756097555,
        270.27777777777777,
        100.69444444444444
      ],
      [
        168.88888888888889,
        84.375,
        204.30555555555557,
        105.90277777777779
      ]
    ],
    "引戸": [
      [
        63.71951219512194,
        137.5609756097561,
        82.04945799457995,
        202.9979674796748
      ],
      [
        176.21951219512192,
        7.0731707317073145,
        191.9071815718157,
        78.125
      ],
      [
        126.82926829268291,
        8.902439024390244,
        144.45630081300814,
        68.31808943089433
      ]
    ]
  }
}