{
  "labels": {
    "廊下": [
      [
        [
          264.5128205128205,
          227.05128205128204
        ],
        [
          254.25641025641022,
          307.8205128205128
        ],
        [
          341.4358974358974,
          307.8205128205128
        ],
        [
          336.3076923076923,
          503.974358974359
        ],
        [
          491.4358974358974,
          502.6923076923076
        ],
        [
          500.4102564102564,
          241.15384615384613
        ]
      ]
    ],
    "浴室": [
      [
        [
          35.02564102564102,
          82.17948717948718
        ],
        [
          149.1282051282051,
          82.17948717948718
        ],
        [
          149.1282051282051,
          309.1025641025641
        ],
        [
          35.02564102564102,
          309.1025641025641
        ]
      ]
    ],
    "洋室": [
      [
        [
          487.5897435897436,
          307.8205128205128
        ],
        [
          791.4358974358975,
          307.8205128205128
        ],
        [
          791.4358974358975,
          688.5897435897435
        ],
        [
          487.5897435897436,
          688.5897435897435
        ]
      ]
    ],
    "LDK": [
      [
        [
          792.7179487179487,
          77.05128205128204
        ],
        [
          1095.2820512820513,
          77.05128205128204
        ],
        [
          1095.2820512820513,
          460.38461538461536
        ],
        [
          792.7179487179487,
          460.38461538461536
        ]
      ]
    ],
    "開戸": [
      [
        272.2397782397783,
        199.5391545391546,
        341.14414414414415,
        291.3423423423423
      ],
      [
        345.7325017325017,
        206.5038115038115,
        416.8198198198198,
        265.2162162162162
      ]
    ],
    "引戸": [
      [
        130.79833679833678,
        149.9009009009009,
        167.27027027027026,
        301.51420651420653
      ],
      [
        306.009009009009,
        386.995841995842,
        364.06237006237006,
        536.3873873873873
      ],
      [
        470.87387387387383,
        312.7408177408177,
        527.4026334026333,
        457.10810810810807
      ],
      [
        475.01178101178095,
        155.30630630630628,
        524.9279279279278,
        301.1330561330562
      ],
      [
        772.9674289674289,
        86.83783783783784,
        821.3243243243243,
        229.85793485793488
      ],
      [
        769.1905751905751,
        305.7567567567567,
        818.6216216216216,
        453.69715869715867
      ],
      [
        42.68052668052668,
        355.45391545391544,
        183.48648648648648,
        406.65765765765764
      ],
      [
        194.46153846153845,
        356.992376992377,
        335.73873873873873,
        405.7567567567567
      ],
      [
        233.03603603603602,
        149.9009009009009,
        286.18918918918916,
        299.45045045045043
      ]
    ]
  }
}