{
  "labels": {
    "洋室": [
      [
        [
          799.2,
          47.8
        ],
        [
          956.0,
          50.2
        ],
        [
          956.8,
          206.2
        ],
        [
          799.2,
          203.8
        ]
      ],
      [
        [
          377.6,
          47.0
        ],
        [
          508.8,
          48.599999999999994
        ],
        [
          507.2,
          258.2
        ],
        [
          376.8,
          256.6
        ]
      ],
      [
        [
          62.4,
          46.2
        ],
        [
          167.2,
          48.599999999999994
        ],
        [
          165.6,
          98.19999999999999
        ],
        [
          376.0,
          99.80000000000001
        ],
        [
          379.2,
          256.6
        ],
        [
          60.8,
          259.0
        ]
      ]
    ],
    "LDK": [
      [
        [
          218.4,
          259.8
        ],
        [
          560.8,
          259.0
        ],
        [
          562.4,
          208.6
        ],
        [
          718.4,
          210.2
        ],
        [
          718.4,
          469.4
        ],
        [
          218.4,
          468.6
        ]
      ]
    ],
    "廊下": [
      [
        [
          722.4,
          156.6
        ],
        [
          792.8,
          156.6
        ],
        [
          792.8,
          209.4
        ],
        [
          847.2,
          210.2
        ],
        [
          847.2,
          261.4
        ],
        [
          801.6,
          260.6
        ],
        [
          724.0,
          307.8
        ]
      ]
    ],
    "浴室": [
      [
        [
          510.4,
          47.0
        ],
        [
          612.8,
          49.400000000000006
        ],
        [
          613.6,
          178.2
        ],
        [
          511.2,
          179.0
        ]
      ]
    ],
    "引戸": [
      [
        220.7751937984496,
        239.37209302325584,
        366.4418604651163,
        274.29457364341084
      ],
      [
        170.4744186046512,
        80.92248062015506,
        371.86821705426354,
        118.48062015503876
      ],
      [
        616.0496124031008,
        187.9736434108527,
        712.953488372093,
        223.1317829457364
      ]
    ],
    "開戸": [
      [
        800.7503875968994,
        184.97209302325578,
        849.3875968992248,
        251.81395348837208
      ],
      [
        720.7255813953489,
        135.34728682170544,
        769.5426356589147,
        202.2015503875969
      ],
      [
        664.8,
        203.8,
        738.5348837209302,
        257.2403100775194
      ],
      [
        559.2,
        203.0,
        612.0,
        231.8
      ],
      [
        434.4,
        211.8,
        480.39534883720927,
        275.06976744186045
      ],
      [
        532.0,
        415.0,
        571.2,
        469.4
      ]
    ],
    "折戸": [
      [
        850.4,
        180.6,
        956.8,
        219.0
      ],
      [
        491.2,
        180.6,
        528.4573643410853,
        254.1395348837209
      ]
    ]
  }
}