{
  "labels": {
    "浴室": [
      [
        [
          229.5,
          172.0
        ],
        [
          359.5,
          172.0
        ],
        [
          358.25,
          300.75
        ],
        [
          230.75,
          298.25
        ]
      ]
    ],
    "洋室": [
      [
        [
          730.75,
          168.25
        ],
        [
          1005.75,
          168.25
        ],
        [
          1004.5,
          444.5
        ],
        [
          729.5,
          445.75
        ]
      ]
    ],
    "LDK": [
      [
        [
          225.75,
          313.25
        ],
        [
          505.75,
          313.25
        ],
        [
          509.5,
          457.0
        ],
        [
          578.25,
          454.5
        ],
        [
          578.25,
          525.75
        ],
        [
          717.0,
          530.75
        ],
        [
          714.5,
          805.75
        ],
        [
          225.75,
          807.0
        ]
      ]
    ],
    "廊下": [
      [
        [
          580.75,
          453.25
        ],
        [
          877.0,
          460.75
        ],
        [
          877.0,
          487.0
        ],
        [
          887.0,
          488.25
        ],
        [
          864.5,
          568.25
        ],
        [
          728.25,
          572.0
        ],
        [
          725.75,
          520.75
        ],
        [
          580.75,
          520.75
        ]
      ]
    ],
    "開戸": [
      [
        517.0,
        459.5,
        607.3207547169811,
        517.566037735849
      ]
    ],
    "引戸": [
      [
        733.7358490566037,
        429.8301886792453,
        860.1509433962264,
        474.1698113207547
      ],
      [
        726.7169811320754,
        552.566037735849,
        859.2075471698113,
        592.0943396226414
      ],
      [
        378.0754716981132,
        286.4339622641509,
        504.49056603773585,
        328.88679245283015
      ],
      [
        344.1132075471698,
        176.0566037735849,
        382.79245283018867,
        296.811320754717
      ]
    ],
    "折戸": [
      [
        701.6603773584906,
        204.35849056603772,
        754.5,
        269.5
      ],
      [
        584.6792452830189,
        428.88679245283015,
        649.5,
        482.0
      ],
      [
        481.84905660377353,
        339.2641509433962,
        535.622641509434,
        403.4150943396226
      ]
    ]
  }
}