{
  "labels": {
    "LDK": [
      [
        [
          16.959183673469383,
          208.16326530612244
        ],
        [
          17.469387755102048,
          354.59183673469386
        ],
        [
          205.73469387755102,
          356.6326530612245
        ],
        [
          204.20408163265307,
          215.3061224489796
        ],
        [
          137.3673469387755,
          213.77551020408163
        ],
        [
          136.85714285714286,
          183.16326530612244
        ],
        [
          101.14285714285714,
          181.6326530612245
        ],
        [
          98.08163265306123,
          209.18367346938777
        ]
      ]
    ],
    "廊下": [
      [
        [
          70.0204081632653,
          100.51020408163265
        ],
        [
          71.04081632653062,
          128.57142857142858
        ],
        [
          98.59183673469389,
          127.55102040816327
        ],
        [
          100.12244897959184,
          181.6326530612245
        ],
        [
          136.3469387755102,
          180.6122448979592
        ],
        [
          136.85714285714286,
          129.08163265306123
        ],
        [
          127.67346938775512,
          128.57142857142858
        ],
        [
          127.67346938775512,
          101.0204081632653
        ]
      ]
    ],
    "浴室": [
      [
        [
          13.897959183673464,
          33.673469387755105
        ],
        [
          70.53061224489797,
          33.673469387755105
        ],
        [
          70.53061224489797,
          98.46938775510205
        ],
        [
          13.897959183673464,
          98.46938775510205
        ]
      ]
    ],
    "洋室": [
      [
        [
          125.12244897959184,
          32.6530612244898
        ],
        [
          230.73469387755102,
          32.6530612244898
        ],
        [
          230.73469387755102,
          127.55102040816327
        ],
        [
          125.12244897959184,
          127.55102040816327
        ]
      ]
    ],
    "折戸": [
      [
        124.38170347003154,
        184.91598532157343,
        142.05253331616558,
        211.67192429022083
      ],
      [
        44.88643533123029,
        88.77551020408164,
        68.03431404107386,
        106.94006309148266
      ],
      [
        72.01577287066246,
        116.40378548895899,
        98.19873817034701,
        136.2776025236593
      ]
    ],
    "引戸": [
      [
        103.56151419558361,
        174.48979591836735,
        154.20408163265307,
        186.11987381703472
      ],
      [
        120.91167192429023,
        78.33000708169703,
        135.56795210197646,
        124.60567823343848
      ],
      [
        19.018927444794954,
        174.48559670781893,
        69.25925925925924,
        186.11987381703472
      ],
      [
        62.23659305993691,
        102.55102040816327,
        74.41488200218359,
        150.78864353312304
      ],
      [
        72.96214511041009,
        93.5667417755746,
        119.9258095667289,
        105.04731861198738
      ]
    ]
  }
}