{
  "labels": {
    "廊下": [
      [
        [
          175.58139534883722,
          103.88372093023256
        ],
        [
          173.25581395348837,
          260.27906976744185
        ],
        [
          254.65116279069767,
          260.8604651162791
        ],
        [
          255.8139534883721,
          143.41860465116278
        ],
        [
          294.1860465116279,
          144.0
        ],
        [
          295.3488372093023,
          104.46511627906978
        ]
      ]
    ],
    "洋室": [
      [
        [
          18.02325581395349,
          23.651162790697683
        ],
        [
          175.0,
          23.651162790697683
        ],
        [
          175.0,
          142.25581395348837
        ],
        [
          18.02325581395349,
          142.25581395348837
        ]
      ],
      [
        [
          18.6046511627907,
          182.95348837209303
        ],
        [
          175.58139534883722,
          182.95348837209303
        ],
        [
          175.58139534883722,
          301.5581395348837
        ],
        [
          18.6046511627907,
          301.5581395348837
        ]
      ],
      [
        [
          252.90697674418604,
          142.8372093023256
        ],
        [
          411.04651162790697,
          142.8372093023256
        ],
        [
          411.04651162790697,
          299.8139534883721
        ],
        [
          252.90697674418604,
          299.8139534883721
        ]
      ]
    ],
    "開戸": [
      [
        297.6704980842912,
        111.44186046511629,
        330.2325581395349,
        154.40613026819923
      ],
      [
        259.3134328358209,
        90.29850746268656,
        288.95348837209303,
        136.4418604651163
      ],
      [
        138.37209302325581,
        107.08955223880596,
        185.4328358208955,
        138.18604651162792
      ],
      [
        138.37209302325581,
        185.8604651162791,
        185.8059701492537,
        220.52238805970148
      ],
      [
        240.9655172413793,
        144.58139534883722,
        290.1162790697675,
        178.544061302682
      ]
    ],
    "折戸": [
      [
        336.9253731343283,
        130.59701492537312,
        403.65324540090245,
        156.66921207913916
      ],
      [
        21.80842911877395,
        128.73563218390805,
        90.77394636015326,
        154.40613026819923
      ],
      [
        97.0,
        169.40298507462686,
        172.67441860465115,
        196.90697674418607
      ]
    ]
  }
}