{
  "labels": {
    "洋室": [
      [
        [
          509.70873786407765,
          55.165048543689295
        ],
        [
          509.70873786407765,
          182.34951456310677
        ],
        [
          460.19417475728153,
          185.26213592233006
        ],
        [
          464.0776699029126,
          247.39805825242718
        ],
        [
          712.6213592233009,
          249.3398058252427
        ],
        [
          709.7087378640776,
          53.223300970873765
        ]
      ],
      [
        [
          459.22330097087377,
          243.51456310679612
        ],
        [
          461.1650485436893,
          307.5922330097087
        ],
        [
          506.79611650485435,
          307.5922330097087
        ],
        [
          507.187134502924,
          428.0994152046784
        ],
        [
          706.7961165048544,
          427.0097087378641
        ],
        [
          708.7378640776699,
          247.39805825242718
        ]
      ],
      [
        [
          155.3398058252427,
          183.32038834951453
        ],
        [
          400.97087378640776,
          183.32038834951453
        ],
        [
          400.97087378640776,
          435.747572815534
        ],
        [
          155.3398058252427,
          435.747572815534
        ]
      ]
    ],
    "廊下": [
      [
        [
          374.75728155339806,
          60.99029126213594
        ],
        [
          377.66990291262135,
          118.27184466019418
        ],
        [
          399.02912621359224,
          119.24271844660194
        ],
        [
          399.02912621359224,
          317.30097087378635
        ],
        [
          459.233918128655,
          315.8187134502924
        ],
        [
          465.04854368932035,
          55.165048543689295
        ]
      ]
    ],
    "開戸": [
      [
        345.19883040935673,
        187.16374269005848,
        416.7035712257991,
        239.39828535740645
      ],
      [
        445.7836257309942,
        251.49122807017545,
        519.2187588712884,
        302.9479361835008
      ],
      [
        445.0462726395276,
        188.91812865497076,
        515.9590643274854,
        237.44518253562705
      ],
      [
        406.60233918128654,
        277.22222222222223,
        447.53801169590645,
        337.4561403508772
      ]
    ],
    "折戸": [
      [
        491.39766081871346,
        66.69590643274854,
        537.5964912280701,
        177.80701754385964
      ],
      [
        488.8775336399251,
        313.4795321637427,
        528.2397660818714,
        426.81099188099705
      ]
    ],
    "引戸": [
      [
        94.1747572815534,
        162.93203883495147,
        209.5263157894737,
        200.61403508771932
      ]
    ]
  }
}