{
  "labels": {
    "浴室": [
      [
        [
          680.8655462184875,
          67.90756302521008
        ],
        [
          816.1596638655462,
          68.74789915966387
        ],
        [
          817.0,
          203.2016806722689
        ],
        [
          680.8655462184875,
          199.8403361344538
        ]
      ]
    ],
    "LDK": [
      [
        [
          434.6470588235294,
          67.90756302521008
        ],
        [
          680.8655462184875,
          67.90756302521008
        ],
        [
          685.0672268907564,
          330.0924369747899
        ],
        [
          645.5714285714286,
          330.9327731092437
        ],
        [
          644.7310924369748,
          466.22689075630257
        ],
        [
          516.1596638655462,
          465.38655462184875
        ],
        [
          515.3193277310925,
          603.2016806722689
        ],
        [
          294.3109243697479,
          601.5210084033614
        ],
        [
          292.6302521008404,
          332.61344537815125
        ],
        [
          356.4957983193278,
          235.1344537815126
        ],
        [
          438.00840336134456,
          234.29411764705884
        ]
      ]
    ],
    "廊下": [
      [
        [
          218.68067226890759,
          204.8823529411765
        ],
        [
          312.7983193277311,
          203.2016806722689
        ],
        [
          316.15966386554624,
          235.9747899159664
        ],
        [
          354.8151260504202,
          236.8151260504202
        ],
        [
          308.5966386554622,
          306.56302521008405
        ],
        [
          238.84873949579833,
          269.5882352941177
        ],
        [
          217.84033613445382,
          270.42857142857144
        ]
      ]
    ],
    "開戸": [
      [
        311.9579831932773,
        250.26050420168067,
        390.10924369747903,
        314.1260504201681
      ],
      [
        200.19327731092437,
        279.26658939437846,
        272.90640394088666,
        326.1083743842364
      ],
      [
        692.3070458952811,
        280.4802844214609,
        742.8571428571428,
        351.64835164835165
      ],
      [
        693.6645119586296,
        148.57983193277312,
        745.6043956043956,
        220.87912087912088
      ]
    ],
    "引戸": [
      [
        98.51260504201682,
        474.6302521008404,
        130.4453781512605,
        577.9915966386554
      ],
      [
        277.37648045278274,
        421.2765957446809,
        314.3102667332523,
        584.0825436557602
      ],
      [
        302.4751773049646,
        85.81560283687944,
        336.94581280788174,
        192.61083743842363
      ]
    ]
  }
}