{
  "labels": {
    "廊下": [
      [
        [
          202.92156862745097,
          143.156862745098
        ],
        [
          205.8627450980392,
          201.98039215686276
        ],
        [
          516.6470588235294,
          204.921568627451
        ],
        [
          518.6078431372549,
          142.1764705882353
        ],
        [
          361.7450980392157,
          144.13725490196077
        ],
        [
          359.78431372549016,
          13.74509803921569
        ],
        [
          269.5882352941176,
          10.803921568627459
        ],
        [
          268.6078431372549,
          143.156862745098
        ]
      ]
    ],
    "洋室": [
      [
        [
          19.588235294117645,
          204.921568627451
        ],
        [
          22.52941176470588,
          301.0
        ],
        [
          83.31372549019608,
          300.01960784313724
        ],
        [
          80.37254901960785,
          394.1372549019608
        ],
        [
          271.54901960784315,
          391.1960784313725
        ],
        [
          267.62745098039215,
          204.921568627451
        ]
      ],
      [
        [
          267.62745098039215,
          202.96078431372547
        ],
        [
          270.5686274509804,
          390.21568627450984
        ],
        [
          521.5490196078431,
          388.2549019607843
        ],
        [
          519.5882352941177,
          295.11764705882354
        ],
        [
          453.9019607843137,
          296.09803921568624
        ],
        [
          457.8235294117647,
          201.98039215686276
        ]
      ],
      [
        [
          15.666666666666668,
          14.725490196078425
        ],
        [
          204.88235294117646,
          14.725490196078425
        ],
        [
          204.88235294117646,
          201.98039215686276
        ],
        [
          15.666666666666668,
          201.98039215686276
        ]
      ],
      [
        [
          519.5882352941177,
          141.19607843137254
        ],
        [
          708.8039215686274,
          141.19607843137254
        ],
        [
          708.8039215686274,
          391.1960784313725
        ],
        [
          519.5882352941177,
          391.1960784313725
        ]
      ]
    ],
    "開戸": [
      [
        188.98039215686273,
        149.0,
        261.3636363636364,
        197.51960784313724
      ]
    ],
    "折戸": [
      [
        175.53654188948306,
        21.56818181818182,
        221.4090909090909,
        136.86229946524065
      ]
    ],
    "引戸": [
      [
        347.0,
        37.274509803921575,
        378.4117647058823,
        139.5
      ],
      [
        345.45454545454544,
        184.22727272727272,
        446.02272727272725,
        221.72727272727272
      ],
      [
        504.0115864527629,
        143.156862745098,
        536.3636363636364,
        249.5681818181818
      ],
      [
        164.77272727272728,
        189.0,
        264.5,
        224.5681818181818
      ]
    ]
  }
}