{
  "labels": {
    "LDK": [
      [
        [
          325.25,
          416.7916666666667
        ],
        [
          326.29166666666674,
          900.125
        ],
        [
          577.3333333333334,
          901.1666666666667
        ],
        [
          578.375,
          705.3333333333334
        ],
        [
          830.4583333333335,
          703.25
        ],
        [
          830.4583333333335,
          199.08333333333334
        ],
        [
          616.9166666666667,
          199.08333333333334
        ],
        [
          612.75,
          415.75
        ]
      ]
    ],
    "洋室": [
      [
        [
          400.25,
          130.33333333333334
        ],
        [
          400.25,
          308.45833333333337
        ],
        [
          329.41666666666674,
          308.45833333333337
        ],
        [
          327.33333333333337,
          413.6666666666667
        ],
        [
          613.7916666666667,
          415.75
        ],
        [
          613.7916666666667,
          198.04166666666669
        ],
        [
          473.16666666666674,
          201.16666666666669
        ],
        [
          473.16666666666674,
          130.33333333333334
        ]
      ]
    ],
    "廊下": [
      [
        [
          182.54166666666669,
          308.45833333333337
        ],
        [
          324.20833333333337,
          310.5416666666667
        ],
        [
          324.20833333333337,
          487.625
        ],
        [
          256.5,
          487.625
        ],
        [
          257.54166666666674,
          362.625
        ],
        [
          182.54166666666669,
          363.6666666666667
        ]
      ]
    ],
    "浴室": [
      [
        [
          183.58333333333337,
          488.6666666666667
        ],
        [
          325.25,
          488.6666666666667
        ],
        [
          326.29166666666674,
          632.4166666666667
        ],
        [
          181.5,
          632.4166666666667
        ]
      ]
    ],
    "開戸": [
      [
        567.9583333333334,
        202.20833333333334,
        642.9583333333334,
        274.08333333333337
      ]
    ],
    "折戸": [
      [
        400.25,
        177.20833333333334,
        475.25,
        231.375
      ],
      [
        385.66666666666674,
        305.33333333333337,
        424.20833333333337,
        418.875
      ],
      [
        254.49462365591398,
        600.0,
        328.375,
        656.375
      ]
    ],
    "引戸": [
      [
        394.8817204301075,
        392.47311827956986,
        612.75,
        436.58333333333337
      ],
      [
        297.505376344086,
        356.9892473118279,
        339.83333333333337,
        484.5
      ],
      [
        232.54166666666674,
        355.33333333333337,
        276.29166666666674,
        488.6666666666667
      ],
      [
        307.67607526881716,
        741.7916666666667,
        352.3440860215053,
        868.8172043010752
      ],
      [
        192.95833333333337,
        713.6666666666667,
        324.20833333333337,
        757.4166666666667
      ]
    ]
  }
}