{
  "labels": {
    "洋室": [
      [
        [
          193.46853146853147,
          420.979020979021
        ],
        [
          193.46853146853147,
          589.5104895104895
        ],
        [
          360.6013986013986,
          588.8111888111888
        ],
        [
          359.2027972027972,
          418.8811188811189
        ]
      ],
      [
        [
          361.3006993006993,
          308.39160839160843
        ],
        [
          361.3006993006993,
          477.62237762237766
        ],
        [
          529.8321678321679,
          476.92307692307696
        ],
        [
          530.5314685314686,
          306.993006993007
        ]
      ],
      [
        [
          196.49314912729548,
          81.88905688905689
        ],
        [
          196.49314912729548,
          249.02192402192404
        ],
        [
          530.7588833930297,
          250.42052542052542
        ],
        [
          532.1574847916311,
          80.49045549045549
        ]
      ]
    ],
    "廊下": [
      [
        [
          194.1678321678322,
          254.54545454545456
        ],
        [
          194.1678321678322,
          308.39160839160843
        ],
        [
          139.62237762237763,
          305.5944055944056
        ],
        [
          140.32167832167832,
          418.1818181818182
        ],
        [
          357.10489510489515,
          417.4825174825175
        ],
        [
          359.9020979020979,
          308.39160839160843
        ],
        [
          430.53146853146853,
          306.2937062937063
        ],
        [
          431.93006993007,
          251.74825174825176
        ]
      ]
    ],
    "開戸": [
      [
        307.4072954072954,
        401.0536760536761,
        357.4864864864865,
        471.97297297297297
      ],
      [
        342.21640521640524,
        310.3241353241353,
        412.8918918918919,
        358.4594594594595
      ],
      [
        376.10413910413905,
        253.7752787752788,
        450.05405405405406,
        303.05405405405406
      ],
      [
        363.39860139860144,
        196.2972972972973,
        412.21621621621625,
        269.5048195048195
      ],
      [
        310.0863730863731,
        195.6216216216216,
        359.51351351351354,
        270.1568701568701
      ],
      [
        339.3247023247024,
        535.4864864864865,
        412.8918918918919,
        583.4057834057834
      ]
    ],
    "折戸": [
      [
        453.65564165564166,
        198.32432432432432,
        495.3243243243244,
        248.20449820449818
      ],
      [
        232.86562086562088,
        199.0,
        273.02702702702703,
        248.92742392742394
      ],
      [
        363.5675675675676,
        456.71423171423174,
        413.77187677187686,
        494.27027027027026
      ]
    ]
  }
}