{
  "labels": {
    "洋室": [
      [
        [
          139.39416058394158,
          149.36496350364962
        ],
        [
          243.04379562043795,
          149.36496350364962
        ],
        [
          245.23357664233572,
          286.5912408759124
        ],
        [
          139.39416058394158,
          288.0510948905109
        ]
      ],
      [
        [
          283.91970802919707,
          111.40875912408758
        ],
        [
          386.83941605839414,
          110.67883211678831
        ],
        [
          386.83941605839414,
          250.0948905109489
        ],
        [
          283.1897810218978,
          250.82481751824815
        ]
      ],
      [
        [
          140.12408759124082,
          293.1605839416058
        ],
        [
          278.0802919708029,
          293.1605839416058
        ],
        [
          278.81021897810217,
          394.62043795620434
        ],
        [
          141.5839416058394,
          393.1605839416058
        ]
      ]
    ],
    "廊下": [
      [
        [
          245.23357664233572,
          255.93430656934305
        ],
        [
          316.76642335766417,
          255.93430656934305
        ],
        [
          315.3065693430657,
          395.35036496350364
        ],
        [
          285.3795620437956,
          396.0802919708029
        ],
        [
          284.6496350364963,
          288.0510948905109
        ],
        [
          245.96350364963502,
          285.86131386861314
        ]
      ]
    ],
    "開戸": [
      [
        230.86243386243382,
        251.85185185185185,
        279.5401459854014,
        294.62043795620434
      ],
      [
        297.05839416058393,
        323.0875912408759,
        341.4444444444444,
        364.5502645502645
      ],
      [
        244.50364963503648,
        360.31386861313865,
        296.3284671532846,
        395.35036496350364
      ],
      [
        280.2700729927007,
        221.62773722627736,
        316.04761904761904,
        268.25396825396825
      ]
    ],
    "引戸": [
      [
        251.64457575406482,
        381.04534043950093,
        316.04761904761904,
        410.05291005291
      ]
    ],
    "折戸": [
      [
        273.7007299270073,
        198.2700729927007,
        297.05839416058393,
        253.74452554744525
      ],
      [
        228.4452554744525,
        147.90510948905109,
        253.26277372262768,
        198.99999999999997
      ],
      [
        125.52554744525543,
        325.2773722627737,
        151.0729927007299,
        394.62043795620434
      ]
    ]
  }
}