{
  "labels": {
    "廊下": [
      [
        [
          206.4,
          222.39999999999998
        ],
        [
          206.4,
          276.0
        ],
        [
          157.6,
          276.0
        ],
        [
          155.2,
          361.6
        ],
        [
          315.2,
          361.6
        ],
        [
          308.8,
          221.60000000000002
        ]
      ]
    ],
    "洋室": [
      [
        [
          313.6,
          310.4
        ],
        [
          309.6,
          448.0
        ],
        [
          466.4,
          448.79999999999995
        ],
        [
          467.2,
          468.0
        ],
        [
          520.0,
          464.79999999999995
        ],
        [
          522.4,
          307.2
        ]
      ],
      [
        [
          312.8,
          168.8
        ],
        [
          315.2,
          310.4
        ],
        [
          520.0,
          308.8
        ],
        [
          521.6,
          146.4
        ],
        [
          417.6,
          143.2
        ],
        [
          413.6,
          168.0
        ]
      ],
      [
        [
          102.4,
          63.2
        ],
        [
          309.6,
          63.2
        ],
        [
          309.6,
          222.39999999999998
        ],
        [
          102.4,
          222.39999999999998
        ]
      ]
    ],
    "開戸": [
      [
        295.56790123456784,
        264.0,
        359.2,
        301.4691358024691
      ],
      [
        293.8025316455696,
        310.53164556962025,
        355.02531645569616,
        357.2278481012658
      ]
    ],
    "折戸": [
      [
        317.6835443037975,
        426.4,
        360.8,
        459.75949367088606
      ]
    ],
    "引戸": [
      [
        120.84810126582278,
        255.77449601500228,
        202.45178934208468,
        293.9367088607595
      ],
      [
        224.5802469135802,
        203.93827160493825,
        304.2098765432098,
        237.2716049382716
      ],
      [
        293.6329113924051,
        97.10126582278481,
        329.70886075949363,
        182.54430379746833
      ]
    ]
  }
}