{
  "labels": {
    "浴室": [
      [
        [
          21.906735751295344,
          17.098445595854923
        ],
        [
          92.89119170984458,
          18.134715025906736
        ],
        [
          93.92746113989637,
          91.19170984455958
        ],
        [
          20.870466321243526,
          90.67357512953369
        ]
      ]
    ],
    "LDK": [
      [
        [
          21.906735751295344,
          96.89119170984456
        ],
        [
          133.8238341968912,
          97.92746113989638
        ],
        [
          134.3419689119171,
          134.71502590673575
        ],
        [
          174.23834196891193,
          136.78756476683938
        ],
        [
          171.6476683937824,
          255.95854922279793
        ],
        [
          291.33678756476684,
          257.51295336787564
        ],
        [
          291.33678756476684,
          374.6113989637306
        ],
        [
          17.76165803108809,
          372.020725388601
        ]
      ]
    ],
    "廊下": [
      [
        [
          139.00518134715026,
          97.92746113989638
        ],
        [
          291.33678756476684,
          98.44559585492229
        ],
        [
          291.33678756476684,
          134.19689119170985
        ],
        [
          231.23316062176167,
          133.16062176165804
        ],
        [
          230.71502590673578,
          251.29533678756476
        ],
        [
          177.8652849740933,
          250.77720207253887
        ],
        [
          177.34715025906735,
          131.60621761658032
        ],
        [
          139.00518134715026,
          132.12435233160622
        ]
      ]
    ],
    "開戸": [
      [
        254.5,
        85.41666666666667,
        293.92746113989637,
        116.58031088082902
      ],
      [
        175.33333333333337,
        83.33333333333334,
        217.24352331606218,
        133.67875647668393
      ]
    ],
    "折戸": [
      [
        233.3056994818653,
        245.5958549222798,
        294.4455958549223,
        271.5025906735751
      ]
    ],
    "引戸": [
      [
        162.60405872193434,
        173.2599309153713,
        185.5,
        247.91666666666669
      ],
      [
        103.65853658536585,
        80.08130081300813,
        170.08333333333337,
        103.33333333333334
      ]
    ]
  }
}