{
  "labels": {
    "洋室": [
      [
        [
          15.45098039215685,
          16.862745098039213
        ],
        [
          114.27450980392155,
          18.431372549019606
        ],
        [
          113.49019607843135,
          32.15686274509804
        ],
        [
          209.96078431372547,
          33.725490196078425
        ],
        [
          211.52941176470586,
          148.62745098039215
        ],
        [
          82.11764705882351,
          147.45098039215685
        ],
        [
          80.9411764705882,
          81.56862745098039
        ],
        [
          15.45098039215685,
          81.56862745098039
        ]
      ]
    ],
    "廊下": [
      [
        [
          49.56862745098039,
          116.4705882352941
        ],
        [
          81.33333333333331,
          116.078431372549
        ],
        [
          82.50980392156862,
          149.41176470588235
        ],
        [
          97.41176470588232,
          149.80392156862743
        ],
        [
          97.41176470588232,
          194.1176470588235
        ],
        [
          49.56862745098039,
          194.1176470588235
        ]
      ]
    ],
    "引戸": [
      [
        18.157238614295522,
        106.36221261667606,
        75.05111821086263,
        123.96166134185304
      ],
      [
        74.18805988849212,
        89.16870262481987,
        93.90095846645369,
        146.00638977635782
      ],
      [
        130.35294117647055,
        139.21568627450978,
        176.9680511182109,
        157.18849840255592
      ],
      [
        41.26837060702877,
        198.7220447284345,
        58.118210862619804,
        243.45047923322684
      ]
    ],
    "開戸": [
      [
        39.90734824281151,
        132.9073482428115,
        64.8627450980392,
        162.74509803921566
      ]
    ]
  }
}