{
  "labels": {
    "LDK": [
      [
        [
          140.74157303370788,
          285.2022471910112
        ],
        [
          758.7191011235955,
          293.0674157303371
        ],
        [
          750.8539325842696,
          568.3483146067416
        ],
        [
          132.87640449438203,
          560.4831460674158
        ]
      ]
    ],
    "浴室": [
      [
        [
          141.86516853932585,
          149.24719101123594
        ],
        [
          278.94382022471905,
          153.74157303370788
        ],
        [
          277.82022471910113,
          285.2022471910112
        ],
        [
          137.3707865168539,
          286.3258426966292
        ]
      ]
    ],
    "廊下": [
      [
        [
          760.9662921348315,
          293.0674157303371
        ],
        [
          892.4269662921349,
          297.56179775280896
        ],
        [
          894.6741573033707,
          327.8988764044944
        ],
        [
          753.1011235955057,
          429.02247191011236
        ]
      ]
    ],
    "引戸": [
      [
        737.370786516854,
        299.80898876404495,
        780.4576271186442,
        432.7457627118644
      ],
      [
        629.619881927252,
        267.8722148162255,
        816.0508474576271,
        303.93220338983053
      ],
      [
        481.191011235955,
        273.96629213483146,
        613.5084745762712,
        310.7118644067797
      ],
      [
        280.38164159207764,
        271.4810512283375,
        408.30508474576277,
        306.4745762711865
      ],
      [
        398.37821367358595,
        159.41668253665966,
        435.54237288135596,
        286.135593220339
      ],
      [
        805.8813559322034,
        161.55932203389833,
        847.1689202056751,
        282.89792420491347
      ]
    ],
    "開戸": [
      [
        214.35593220338984,
        217.49152542372883,
        288.66577794705773,
        282.3646924395353
      ]
    ]
  }
}