{
  "labels": {
    "洋室": [
      [
        [
          136.45098039215685,
          12.254901960784313
        ],
        [
          370.27450980392155,
          12.254901960784313
        ],
        [
          371.2549019607843,
          175.98039215686273
        ],
        [
          276.6470588235294,
          175.49019607843138
        ],
        [
          275.6666666666667,
          199.50980392156862
        ],
        [
          230.078431372549,
          199.50980392156862
        ],
        [
          229.58823529411762,
          176.47058823529412
        ],
        [
          184.0,
          176.47058823529412
        ],
        [
          183.01960784313724,
          198.0392156862745
        ],
        [
          135.96078431372547,
          199.01960784313727
        ]
      ],
      [
        [
          17.333333333333343,
          412.2549019607843
        ],
        [
          370.27450980392155,
          411.7647058823529
        ],
        [
          371.7450980392157,
          552.4509803921569
        ],
        [
          17.823529411764696,
          552.9411764705882
        ]
      ],
      [
        [
          275.1764705882353,
          317.156862745098
        ],
        [
          371.7450980392157,
          317.6470588235294
        ],
        [
          371.2549019607843,
          409.80392156862746
        ],
        [
          277.1372549019608,
          410.29411764705884
        ]
      ]
    ],
    "廊下": [
      [
        [
          17.333333333333343,
          353.921568627451
        ],
        [
          182.03921568627453,
          353.921568627451
        ],
        [
          182.52941176470586,
          175.98039215686273
        ],
        [
          229.58823529411762,
          175.49019607843138
        ],
        [
          229.09803921568624,
          354.9019607843137
        ],
        [
          276.6470588235294,
          354.9019607843137
        ],
        [
          277.62745098039215,
          412.2549019607843
        ],
        [
          16.84313725490196,
          411.7647058823529
        ]
      ]
    ],
    "開戸": [
      [
        187.01120448179273,
        162.6750700280112,
        224.1764705882353,
        215.54621848739498
      ]
    ],
    "折戸": [
      [
        300.31652661064425,
        15.546218487394963,
        337.20168067226894,
        168.9075630252101
      ]
    ],
    "引戸": [
      [
        262.5014005602241,
        323.66946778711485,
        290.56302521008405,
        406.7226890756303
      ]
    ]
  }
}