{
  "labels": {
    "LDK": [
      [
        [
          7.5098039215686185,
          9.745098039215677
        ],
        [
          123.19607843137254,
          11.313725490196077
        ],
        [
          123.19607843137254,
          96.80392156862743
        ],
        [
          238.8823529411764,
          97.19607843137254
        ],
        [
          237.31372549019602,
          210.52941176470586
        ],
        [
          124.37254901960779,
          210.92156862745094
        ],
        [
          124.76470588235293,
          181.5098039215686
        ],
        [
          9.862745098039198,
          181.1176470588235
        ]
      ]
    ],
    "浴室": [
      [
        [
          265.9411764705882,
          9.35294117647058
        ],
        [
          269.07843137254895,
          68.96078431372548
        ],
        [
          324.3725490196078,
          69.35294117647058
        ],
        [
          323.1960784313725,
          10.529411764705877
        ]
      ]
    ],
    "廊下": [
      [
        [
          236.13725490196072,
          68.56862745098037
        ],
        [
          267.1176470588235,
          69.74509803921568
        ],
        [
          267.9019607843137,
          177.98039215686273
        ],
        [
          239.66666666666663,
          179.156862745098
        ]
      ]
    ],
    "引戸": [
      [
        267.22522991497476,
        127.49626930418182,
        320.95072011105316,
        148.67273989241713
      ],
      [
        260.43362831858406,
        15.044247787610619,
        276.0678466076696,
        62.53687315634218
      ],
      [
        185.43362831858406,
        14.749262536873156,
        205.156862745098,
        67.57955925733125
      ],
      [
        111.6873156342183,
        25.958702064896755,
        131.62571577303484,
        67.97518653479091
      ],
      [
        50.10914454277285,
        172.56637168141592,
        120.24188790560473,
        189.38053097345133
      ],
      [
        31.45132743362832,
        181.4159292035398,
        46.49557522123894,
        238.64306784660766
      ],
      [
        189.93215339233035,
        88.20058997050147,
        233.0,
        104.12979351032448
      ]
    ],
    "開戸": [
      [
        228.57522123893807,
        98.82005899705014,
        265.9411764705882,
        126.21568627450978
      ],
      [
        237.70588235294116,
        61.901960784313715,
        262.8039215686274,
        92.09803921568627
      ],
      [
        254.56862745098033,
        68.96078431372548,
        282.01960784313724,
        97.58823529411762
      ],
      [
        219.27450980392155,
        177.58823529411762,
        242.01960784313724,
        210.52941176470586
      ]
    ],
    "折戸": [
      [
        125.33038348082596,
        87.02064896755162,
        148.929203539823,
        106.78466076696165
      ]
    ]
  }
}