{
  "labels": {
    "浴室": [
      [
        [
          272.2543352601156,
          18.74566473988439
        ],
        [
          333.52601156069363,
          18.74566473988439
        ],
        [
          333.52601156069363,
          86.3757225433526
        ],
        [
          272.2543352601156,
          86.3757225433526
        ]
      ]
    ],
    "LDK": [
      [
        [
          273.9884393063584,
          84.06358381502889
        ],
        [
          270.5202312138728,
          271.9248554913295
        ],
        [
          520.8092485549133,
          273.08092485549133
        ],
        [
          517.9190751445087,
          47.64739884393063
        ],
        [
          431.7919075144509,
          47.069364161849705
        ],
        [
          431.7919075144509,
          22.791907514450855
        ],
        [
          390.7514450867052,
          19.32369942196533
        ],
        [
          394.7976878612717,
          114.121387283237
        ],
        [
          363.5838150289017,
          114.69942196531792
        ],
        [
          363.0057803468208,
          83.48554913294797
        ]
      ]
    ],
    "廊下": [
      [
        [
          146.82080924855492,
          81.75144508670522
        ],
        [
          149.13294797687863,
          162.09826589595377
        ],
        [
          271.67630057803467,
          160.36416184971097
        ],
        [
          271.67630057803467,
          114.69942196531792
        ],
        [
          179.1907514450867,
          115.27745664739885
        ],
        [
          180.34682080924856,
          82.32947976878614
        ]
      ]
    ],
    "開戸": [
      [
        154.66101694915255,
        75.6949152542373,
        177.07210737729008,
        107.33927696678751
      ],
      [
        181.35593220338984,
        83.32203389830508,
        207.62711864406782,
        123.57627118644069
      ],
      [
        241.96384833937492,
        116.43107671206036,
        283.0508474576271,
        144.33898305084747
      ]
    ],
    "折戸": [
      [
        264.40677966101697,
        53.697168609777606,
        286.4749681591065,
        76.11864406779662
      ]
    ],
    "引戸": [
      [
        385.5932203389831,
        54.19927500734789,
        403.96786519055553,
        109.16949152542375
      ],
      [
        432.86959929460176,
        35.587048104242186,
        514.8305084745763,
        53.661016949152554
      ],
      [
        139.83050847457628,
        90.11335358087587,
        154.91329479768785,
        144.76271186440678
      ],
      [
        25.423728813559322,
        42.22033898305085,
        81.35593220338984,
        60.4406779661017
      ],
      [
        87.28813559322035,
        42.64406779661017,
        144.91525423728814,
        61.288135593220346
      ]
    ]
  }
}