{
  "labels": {
    "LDK": [
      [
        [
          218.9591836734694,
          229.6122448979592
        ],
        [
          685.2857142857142,
          225.53061224489795
        ],
        [
          684.2653061224489,
          572.469387755102
        ],
        [
          224.0612244897959,
          575.530612244898
        ]
      ]
    ],
    "浴室": [
      [
        [
          618.9591836734694,
          571.4489795918367
        ],
        [
          619.9795918367347,
          688.795918367347
        ],
        [
          751.6122448979593,
          688.795918367347
        ],
        [
          752.6326530612246,
          571.4489795918367
        ]
      ]
    ],
    "廊下": [
      [
        [
          222.0204081632653,
          231.6530612244898
        ],
        [
          308.7551020408164,
          232.67346938775512
        ],
        [
          309.7755102040817,
          300.0204081632653
        ],
        [
          222.0204081632653,
          299.0
        ]
      ]
    ],
    "開戸": [
      [
        615.8979591836735,
        570.4285714285714,
        655.6938775510205,
        644.9183673469388
      ],
      [
        521.0,
        597.9795918367347,
        617.9387755102041,
        653.0816326530612
      ],
      [
        622.4546244029527,
        231.91359096830217,
        696.6382978723403,
        301.25531914893617
      ]
    ],
    "引戸": [
      [
        361.8163265306123,
        553.0816326530612,
        508.7551020408164,
        595.9387755102041
      ],
      [
        219.9795918367347,
        280.6326530612245,
        364.8775510204082,
        324.51020408163265
      ],
      [
        231.20408163265313,
        554.1020408163265,
        353.65306122448976,
        601.0408163265306
      ]
    ],
    "折戸": [
      [
        429.04255319148933,
        507.6382978723404,
        472.8671298306556,
        566.6291793313071
      ]
    ]
  }
}