{
  "labels": {
    "LDK": [
      [
        [
          409.9420289855072,
          117.37681159420288
        ],
        [
          407.0434782608695,
          630.4202898550724
        ],
        [
          683.855072463768,
          636.2173913043478
        ],
        [
          683.855072463768,
          159.40579710144925
        ],
        [
          614.2898550724638,
          157.95652173913038
        ],
        [
          614.2898550724638,
          120.27536231884056
        ]
      ]
    ],
    "洋室": [
      [
        [
          686.7536231884058,
          394.1884057971014
        ],
        [
          686.7536231884058,
          636.2173913043478
        ],
        [
          954.8695652173913,
          631.8695652173913
        ],
        [
          960.6666666666666,
          466.6521739130434
        ],
        [
          817.1884057971014,
          466.6521739130434
        ],
        [
          820.086956521739,
          392.7391304347825
        ]
      ]
    ],
    "浴室": [
      [
        [
          815.7391304347825,
          120.27536231884056
        ],
        [
          963.5652173913043,
          120.27536231884056
        ],
        [
          963.5652173913043,
          260.85507246376807
        ],
        [
          815.7391304347825,
          260.85507246376807
        ]
      ]
    ],
    "廊下": [
      [
        [
          307.04347826086956,
          431.86956521739125
        ],
        [
          409.9420289855072,
          431.86956521739125
        ],
        [
          409.9420289855072,
          563.7536231884058
        ],
        [
          307.04347826086956,
          563.7536231884058
        ]
      ],
      [
        [
          686.7536231884058,
          260.85507246376807
        ],
        [
          822.9855072463768,
          260.85507246376807
        ],
        [
          822.9855072463768,
          391.28985507246375
        ],
        [
          686.7536231884058,
          391.28985507246375
        ]
      ]
    ],
    "開戸": [
      [
        760.8148148148148,
        264.317230273752,
        834.8615136876006,
        319.4074074074074
      ],
      [
        345.0740740740741,
        437.66666666666663,
        433.3317230273752,
        489.77777777777777
      ]
    ],
    "折戸": [
      [
        824.3140096618357,
        444.22866344605467,
        950.6296296296296,
        493.48148148148147
      ],
      [
        621.9259259259259,
        142.55555555555554,
        681.1851851851851,
        184.2222222222222
      ]
    ],
    "引戸": [
      [
        663.8067632850241,
        432.39291465378426,
        701.5555555555555,
        630.5185185185185
      ],
      [
        691.7858293075683,
        238.85185185185185,
        814.5185185185185,
        277.07890499194843
      ],
      [
        799.7971014492753,
        125.88888888888889,
        836.7407407407406,
        248.05314009661834
      ],
      [
        659.4589371980676,
        124.03703703703704,
        703.4074074074074,
        237.10305958132042
      ],
      [
        662.6666666666666,
        263.7133655394524,
        701.0048309178743,
        390.7037037037037
      ],
      [
        390.4444444444444,
        125.88888888888889,
        427.48148148148147,
        236.07407407407405
      ],
      [
        268.22222222222223,
        275.88888888888886,
        406.18518518518516,
        309.2222222222222
      ],
      [
        266.3703703703703,
        411.074074074074,
        406.18518518518516,
        447.18518518518516
      ],
      [
        687.6666666666666,
        374.037037037037,
        810.8148148148148,
        412.9259259259259
      ]
    ]
  }
}