{
  "labels": {
    "浴室": [
      [
        [
          411.0434782608695,
          56.217391304347814
        ],
        [
          490.6086956521739,
          56.217391304347814
        ],
        [
          491.0434782608695,
          134.4782608695652
        ],
        [
          410.6086956521739,
          133.6086956521739
        ]
      ]
    ],
    "LDK": [
      [
        [
          91.04347826086955,
          135.78260869565216
        ],
        [
          411.9130434782608,
          136.65217391304347
        ],
        [
          411.9130434782608,
          297.08695652173907
        ],
        [
          91.4782608695652,
          297.52173913043475
        ]
      ]
    ],
    "廊下": [
      [
        [
          74.08695652173913,
          18.826086956521735
        ],
        [
          128.43478260869563,
          18.826086956521735
        ],
        [
          127.99999999999997,
          97.95652173913042
        ],
        [
          247.99999999999994,
          98.39130434782608
        ],
        [
          247.99999999999994,
          133.17391304347825
        ],
        [
          73.21739130434781,
          134.04347826086953
        ]
      ]
    ],
    "開戸": [
      [
        133.8893280632411,
        80.68379446640316,
        167.3675889328063,
        123.7272727272727
      ],
      [
        217.84189723320156,
        99.85375494071145,
        264.4268774703557,
        133.47430830039525
      ]
    ],
    "折戸": [
      [
        419.3043478260869,
        121.43478260869563,
        448.7540983606557,
        147.54098360655738
      ],
      [
        236.6048078792198,
        17.377049180327866,
        267.9841897233201,
        92.36758893280631
      ]
    ],
    "引戸": [
      [
        397.65334024492967,
        140.36758893280629,
        421.98548564763814,
        214.1074321259638
      ],
      [
        135.46439447936237,
        124.26229508196718,
        209.88142292490116,
        148.49407114624506
      ]
    ]
  }
}