{
  "labels": {
    "LDK": [
      [
        [
          348.0,
          38.92307692307692
        ],
        [
          348.5206611570248,
          355.3719008264463
        ],
        [
          271.0769230769231,
          356.2307692307692
        ],
        [
          267.2307692307692,
          664.8846153846154
        ],
        [
          500.33333333333337,
          666.6666666666666
        ],
        [
          502.33333333333337,
          436.6666666666667
        ],
        [
          663.0,
          436.6666666666667
        ],
        [
          664.3461538461538,
          36.03846153846154
        ]
      ]
    ],
    "廊下": [
      [
        [
          190.3076923076923,
          187.96153846153845
        ],
        [
          190.3076923076923,
          353.3461538461538
        ],
        [
          347.03846153846155,
          351.4230769230769
        ],
        [
          348.0,
          206.23076923076923
        ],
        [
          269.15384615384613,
          204.3076923076923
        ],
        [
          271.0769230769231,
          186.03846153846152
        ]
      ],
      [
        [
          390.3076923076923,
          662.9615384615385
        ],
        [
          504.7307692307692,
          662.9615384615385
        ],
        [
          504.7307692307692,
          805.2692307692307
        ],
        [
          390.3076923076923,
          805.2692307692307
        ]
      ]
    ],
    "浴室": [
      [
        [
          30.692307692307693,
          42.76923076923077
        ],
        [
          186.46153846153845,
          42.76923076923077
        ],
        [
          186.46153846153845,
          198.53846153846152
        ],
        [
          30.692307692307693,
          198.53846153846152
        ]
      ]
    ],
    "開戸": [
      [
        108.37179487179488,
        125.33333333333333,
        176.33333333333334,
        217.25641025641022
      ],
      [
        322.6153846153846,
        48.666666666666664,
        383.0,
        109.76923076923077
      ],
      [
        595.0,
        242.66666666666666,
        655.6666666666666,
        294.6666666666667
      ]
    ],
    "折戸": [
      [
        196.0897435897436,
        163.33333333333334,
        259.0,
        205.70512820512818
      ],
      [
        201.66666666666666,
        256.7564102564102,
        263.9871794871795,
        315.3333333333333
      ],
      [
        273.974358974359,
        256.6666666666667,
        337.6666666666667,
        314.1025641025641
      ],
      [
        122.22807017543857,
        412.9298245614035,
        259.0,
        470.6666666666667
      ]
    ],
    "引戸": [
      [
        357.3333333333333,
        648.6666666666666,
        502.33333333333337,
        690.066889632107
      ],
      [
        247.66666666666669,
        448.46153846153845,
        295.33333333333337,
        653.3333333333334
      ],
      [
        322.6025641025641,
        150.66666666666666,
        377.6666666666667,
        282.6923076923076
      ],
      [
        165.87603305785126,
        208.26446280991735,
        216.28925619834712,
        348.7603305785124
      ]
    ]
  }
}