{
  "labels": {
    "洋室": [
      [
        [
          14.79710144927536,
          106.88405797101449
        ],
        [
          94.5072463768116,
          107.6086956521739
        ],
        [
          95.231884057971,
          235.86956521739128
        ],
        [
          15.884057971014485,
          236.231884057971
        ]
      ],
      [
        [
          122.40579710144925,
          131.52173913043478
        ],
        [
          227.84057971014488,
          132.97101449275362
        ],
        [
          227.1159420289855,
          208.69565217391303
        ],
        [
          122.04347826086956,
          206.88405797101447
        ]
      ]
    ],
    "廊下": [
      [
        [
          69.8695652173913,
          81.52173913043478
        ],
        [
          120.231884057971,
          81.15942028985506
        ],
        [
          120.59420289855072,
          153.26086956521738
        ],
        [
          97.04347826086956,
          153.26086956521738
        ],
        [
          97.76811594202897,
          103.9855072463768
        ],
        [
          69.50724637681158,
          103.6231884057971
        ]
      ]
    ],
    "引戸": [
      [
        20.648711042708733,
        95.77722200846479,
        62.66666666666666,
        113.27433628318583
      ],
      [
        85.97050147492625,
        110.02949852507375,
        104.82211106835962,
        157.0860587405412
      ],
      [
        113.79351032448375,
        132.17904322175193,
        130.80825958702064,
        178.76106194690266
      ],
      [
        152.047197640118,
        124.48377581120944,
        224.90855457227138,
        139.8230088495575
      ],
      [
        87.44542772861357,
        162.83185840707964,
        103.3471848146723,
        231.29408746953956
      ]
    ],
    "開戸": [
      [
        107.55072463768116,
        106.88405797101449,
        127.47826086956519,
        132.2463768115942
      ]
    ]
  }
}