{
  "labels": {
    "LDK": [
      [
        [
          591.9629629629628,
          102.5679012345679
        ],
        [
          590.7283950617284,
          244.5432098765432
        ],
        [
          524.0617283950617,
          243.3086419753086
        ],
        [
          520.358024691358,
          353.18518518518516
        ],
        [
          303.074074074074,
          358.12345679012344
        ],
        [
          305.5432098765432,
          501.33333333333326
        ],
        [
          372.2098765432098,
          497.62962962962956
        ],
        [
          377.14814814814804,
          647.0123456790122
        ],
        [
          698.1358024691358,
          644.5432098765432
        ],
        [
          698.1358024691358,
          465.53086419753083
        ],
        [
          878.3827160493827,
          464.2962962962963
        ],
        [
          877.148148148148,
          103.80246913580245
        ]
      ]
    ],
    "浴室": [
      [
        [
          157.39506172839504,
          208.7407407407407
        ],
        [
          305.5432098765432,
          212.4444444444444
        ],
        [
          305.5432098765432,
          355.6543209876543
        ],
        [
          163.5679012345679,
          358.12345679012344
        ]
      ]
    ],
    "廊下": [
      [
        [
          700.6049382716049,
          464.2962962962963
        ],
        [
          875.9135802469134,
          464.2962962962963
        ],
        [
          878.3827160493827,
          533.4320987654321
        ],
        [
          700.6049382716049,
          537.1358024691358
        ]
      ]
    ],
    "開戸": [
      [
        577.7676767676768,
        183.86868686868686,
        633.9382716049381,
        245.77777777777777
      ],
      [
        525.7452300785634,
        271.47923681257015,
        587.8686868686868,
        321.24242424242425
      ]
    ],
    "引戸": [
      [
        702.8496071829403,
        449.70594837261496,
        841.2626262626263,
        477.80808080808083
      ],
      [
        359.58585858585855,
        432.3535353535353,
        394.7979797979798,
        631.3434343434343
      ],
      [
        288.371492704826,
        356.88888888888886,
        321.0606060606061,
        462.65656565656565
      ],
      [
        316.3176206509539,
        339.043771043771,
        428.13131313131316,
        369.72727272727275
      ],
      [
        164.49494949494948,
        488.9191919191919,
        294.7979797979798,
        513.1616161616163
      ]
    ],
    "折戸": [
      [
        294.4320987654321,
        430.96296296296293,
        378.3827160493827,
        482.8148148148148
      ],
      [
        268.5353535353536,
        289.92929292929296,
        314.6341189674523,
        360.59259259259255
      ]
    ]
  }
}