{
  "labels": {
    "LDK": [
      [
        [
          291.7647058823529,
          25.88235294117647
        ],
        [
          134.11764705882354,
          25.294117647058822
        ],
        [
          133.5294117647059,
          79.41176470588235
        ],
        [
          78.8235294117647,
          79.41176470588235
        ],
        [
          76.47058823529414,
          321.1764705882353
        ],
        [
          20.58823529411768,
          320.0
        ],
        [
          17.64705882352945,
          508.8235294117647
        ],
        [
          282.9411764705883,
          511.1764705882353
        ]
      ]
    ],
    "折戸": [
      [
        45.42324246771875,
        321.08321377331424,
        83.04878048780483,
        374.99999999999994
      ]
    ],
    "引戸": [
      [
        26.470588235294144,
        64.2467718794835,
        111.53658536585363,
        89.02439024390243
      ],
      [
        59.56241032998571,
        71.61406025824965,
        96.90243902439028,
        186.58536585365852
      ]
    ]
  }
}