{
  "labels": {
    "洋室": [
      [
        [
          84.89795918367346,
          35.44897959183673
        ],
        [
          158.3673469387755,
          36.265306122448976
        ],
        [
          159.18367346938774,
          107.28571428571428
        ],
        [
          85.71428571428571,
          107.6938775510204
        ]
      ],
      [
        [
          84.89795918367346,
          152.59183673469386
        ],
        [
          235.51020408163262,
          155.44897959183672
        ],
        [
          237.14285714285714,
          265.65306122448976
        ],
        [
          84.48979591836734,
          265.65306122448976
        ]
      ],
      [
        [
          320.81632653061223,
          155.0408163265306
        ],
        [
          473.87755102040813,
          155.44897959183672
        ],
        [
          472.2448979591836,
          266.46938775510205
        ],
        [
          321.2244897959183,
          266.46938775510205
        ]
      ],
      [
        [
          320.81632653061223,
          35.857142857142854
        ],
        [
          473.0612244897959,
          37.08163265306122
        ],
        [
          473.0612244897959,
          148.51020408163265
        ],
        [
          320.4081632653061,
          147.6938775510204
        ]
      ]
    ],
    "廊下": [
      [
        [
          84.48979591836734,
          113.40816326530611
        ],
        [
          315.51020408163265,
          115.44897959183673
        ],
        [
          314.69387755102036,
          188.1020408163265
        ],
        [
          281.2244897959184,
          189.734693877551
        ],
        [
          281.63265306122446,
          148.51020408163265
        ],
        [
          83.67346938775509,
          146.0612244897959
        ]
      ]
    ],
    "引戸": [
      [
        85.90711875301301,
        101.3078900851679,
        155.90551181102362,
        120.31496062992125
      ]
    ],
    "開戸": [
      [
        160.40816326530611,
        105.65306122448979,
        196.734693877551,
        139.53061224489795
      ],
      [
        304.3307086614173,
        114.8031496062992,
        351.4285714285714,
        149.734693877551
      ],
      [
        307.87401574803147,
        155.748031496063,
        353.469387755102,
        188.51020408163265
      ],
      [
        202.36220472440945,
        138.81889763779526,
        239.99999999999997,
        189.32653061224488
      ]
    ],
    "折戸": [
      [
        219.59183673469386,
        156.26530612244898,
        248.03149606299212,
        264.8031496062992
      ],
      [
        313.469387755102,
        190.95918367346937,
        338.7755102040816,
        266.87755102040813
      ],
      [
        315.51020408163265,
        39.53061224489796,
        341.63265306122446,
        109.3265306122449
      ]
    ]
  }
}