{
  "labels": {
    "LDK": [
      [
        [
          416.06796116504853,
          59.13592233009709
        ],
        [
          412.18446601941747,
          207.67961165048544
        ],
        [
          210.24271844660194,
          206.70873786407768
        ],
        [
          218.00970873786406,
          344.5728155339806
        ],
        [
          195.67961165048544,
          343.6019417475728
        ],
        [
          195.67961165048544,
          397.0
        ],
        [
          510.2427184466019,
          405.7378640776699
        ],
        [
          511.21359223300965,
          303.79611650485435
        ],
        [
          652.9611650485436,
          298.94174757281553
        ],
        [
          656.8446601941747,
          63.01941747572815
        ]
      ]
    ],
    "廊下": [
      [
        [
          169.46601941747574,
          397.97087378640776
        ],
        [
          171.40776699029126,
          458.1650485436893
        ],
        [
          223.83495145631068,
          456.22330097087377
        ],
        [
          219.95145631067962,
          578.5533980582524
        ],
        [
          318.00970873786406,
          583.4077669902913
        ],
        [
          318.00970873786406,
          398.94174757281553
        ]
      ]
    ],
    "浴室": [
      [
        [
          79.1747572815534,
          63.01941747572815
        ],
        [
          170.4368932038835,
          63.01941747572815
        ],
        [
          170.4368932038835,
          208.6504854368932
        ],
        [
          79.1747572815534,
          208.6504854368932
        ]
      ]
    ],
    "洋室": [
      [
        [
          77.23300970873787,
          207.67961165048544
        ],
        [
          212.18446601941747,
          207.67961165048544
        ],
        [
          212.18446601941747,
          346.5145631067961
        ],
        [
          77.23300970873787,
          346.5145631067961
        ]
      ]
    ],
    "開戸": [
      [
        164.51034191642037,
        402.92655128746304,
        219.8501477416631,
        445.6449978894048
      ],
      [
        197.26086956521732,
        710.6548121570283,
        276.9805825242718,
        757.554347826087
      ]
    ],
    "引戸": [
      [
        152.96116504854368,
        109.82142857142858,
        186.75,
        205.4604715672677
      ],
      [
        218.00970873786406,
        189.23300970873785,
        311.2135922330097,
        219.33009708737865
      ],
      [
        396.57142857142856,
        56.22330097087379,
        433.54368932038835,
        164.28571428571428
      ],
      [
        202.82142857142844,
        221.27184466019418,
        234.04646324549228,
        324.10714285714283
      ],
      [
        206.3928571428571,
        379.5242718446602,
        318.9805825242718,
        414.2857142857142
      ],
      [
        218.8928571428571,
        566.9642857142857,
        361.7499999999999,
        599.9999999999999
      ]
    ]
  }
}