{
  "labels": {
    "洋室": [
      [
        [
          2.334310850439884,
          62.97067448680352
        ],
        [
          98.81524926686217,
          63.85043988269794
        ],
        [
          97.64222873900292,
          185.25806451612902
        ],
        [
          2.9208211143695024,
          185.25806451612902
        ]
      ],
      [
        [
          299.98306408231963,
          90.5366568914956
        ],
        [
          97.63702302660118,
          90.2434017595308
        ],
        [
          96.75725763070676,
          184.6715542521994
        ],
        [
          300.2763192142845,
          185.55131964809382
        ]
      ]
    ],
    "廊下": [
      [
        [
          273.88856304985336,
          50.65395894428153
        ],
        [
          219.3431085043988,
          50.0674486803519
        ],
        [
          218.7565982404692,
          56.51906158357771
        ],
        [
          192.36363636363635,
          57.10557184750732
        ],
        [
          192.65689149560117,
          63.85043988269794
        ],
        [
          99.10850439882697,
          63.85043988269794
        ],
        [
          98.52199413489734,
          89.95014662756597
        ],
        [
          274.1818181818182,
          91.12316715542522
        ]
      ]
    ],
    "引戸": [
      [
        88.26587308473165,
        66.56261604400562,
        104.73372781065089,
        112.18343195266272
      ],
      [
        129.90029325513197,
        81.7416057887522,
        177.2189349112426,
        99.75739644970415
      ],
      [
        207.04721581148377,
        83.49332801193844,
        255.32544378698225,
        99.75739644970415
      ],
      [
        222.48520710059174,
        43.54437869822486,
        270.649742317236,
        55.309601068906275
      ]
    ],
    "開戸": [
      [
        195.33262767009663,
        49.808030678998406,
        217.75147928994085,
        79.63905325443787
      ],
      [
        265.1403633587256,
        59.47764146523451,
        294.0828402366864,
        82.30177514792899
      ]
    ]
  }
}