{
  "labels": {
    "LDK": [
      [
        [
          166.37349397590356,
          182.86746987951807
        ],
        [
          645.8915662650602,
          182.86746987951807
        ],
        [
          650.710843373494,
          426.2409638554217
        ],
        [
          415.7710843373493,
          428.6506024096385
        ],
        [
          415.7710843373493,
          528.6506024096385
        ],
        [
          363.96385542168673,
          529.8554216867469
        ],
        [
          362.7590361445783,
          432.26506024096386
        ],
        [
          169.9879518072289,
          432.26506024096386
        ]
      ]
    ],
    "廊下": [
      [
        [
          421.7951807228915,
          433.4698795180723
        ],
        [
          538.6626506024096,
          432.26506024096386
        ],
        [
          538.6626506024096,
          498.5301204819276
        ],
        [
          479.62650602409633,
          498.5301204819276
        ],
        [
          479.62650602409633,
          578.0481927710842
        ],
        [
          419.38554216867465,
          579.2530120481927
        ]
      ]
    ],
    "洋室": [
      [
        [
          649.5060240963854,
          184.07228915662648
        ],
        [
          727.8192771084337,
          182.86746987951807
        ],
        [
          730.2289156626505,
          428.6506024096385
        ],
        [
          649.5060240963854,
          428.6506024096385
        ]
      ]
    ],
    "引戸": [
      [
        404.07680722891564,
        434.433734939759,
        435.875,
        515.25
      ],
      [
        631.6521084337348,
        334.3885542168674,
        668.375,
        426.5
      ]
    ],
    "開戸": [
      [
        414.5662650602409,
        421.4216867469879,
        507.3373493975903,
        473.2289156626506
      ],
      [
        509.7469879518071,
        452.7469879518072,
        556.7349397590361,
        498.5301204819276
      ],
      [
        477.2168674698795,
        480.4578313253012,
        536.2530120481927,
        512.9879518072289
      ]
    ],
    "折戸": [
      [
        358.375,
        500.25,
        419.38554216867465,
        538.2891566265059
      ],
      [
        314.56626506024094,
        531.0602409638553,
        362.7590361445783,
        557.5662650602409
      ]
    ]
  }
}