{
  "labels": {
    "LDK": [
      [
        [
          184.5491329479769,
          10.248554913294797
        ],
        [
          550.4450867052024,
          10.826589595375722
        ],
        [
          548.1329479768787,
          273.2543352601156
        ],
        [
          459.1156069364162,
          185.39306358381504
        ],
        [
          182.23699421965318,
          184.81502890173408
        ]
      ]
    ],
    "洋室": [
      [
        [
          22.69942196531792,
          10.248554913294797
        ],
        [
          181.65895953757226,
          9.670520231213871
        ],
        [
          183.39306358381504,
          184.81502890173408
        ],
        [
          24.433526011560694,
          183.08092485549133
        ]
      ]
    ],
    "浴室": [
      [
        [
          548.7109826589596,
          243.77456647398844
        ],
        [
          626.1676300578034,
          246.08670520231215
        ],
        [
          626.7456647398844,
          301.0
        ],
        [
          550.4450867052024,
          301.0
        ]
      ]
    ],
    "廊下": [
      [
        [
          695.5317919075145,
          188.28323699421964
        ],
        [
          549.2890173410404,
          185.39306358381504
        ],
        [
          550.4450867052024,
          244.9306358381503
        ],
        [
          628.4797687861271,
          245.5086705202312
        ],
        [
          628.4797687861271,
          300.4219653179191
        ],
        [
          699.0,
          302.15606936416185
        ]
      ]
    ],
    "引戸": [
      [
        135.25179856115108,
        130.69784172661866,
        181.29496402877697,
        153.71942446043164
      ],
      [
        639.4250010396306,
        290.4290348068366,
        689.2086330935251,
        311.99280575539564
      ],
      [
        541.1965317919075,
        90.94469164552751,
        564.0287769784172,
        137.89208633093523
      ]
    ],
    "開戸": [
      [
        149.27654177236246,
        153.29342537530673,
        190.64748201438846,
        180.33812949640287
      ],
      [
        582.6112612799933,
        175.69538819811203,
        609.3525179856115,
        209.83453237410066
      ],
      [
        596.4028776978416,
        86.81294964028774,
        635.6989645277997,
        114.461138603568
      ]
    ],
    "折戸": [
      [
        597.7940283611262,
        288.3747244978584,
        624.4604316546762,
        311.273381294964
      ],
      [
        687.5806961367322,
        305.98606894830954,
        710.7913669064748,
        342.9280575539568
      ]
    ]
  }
}