{
  "labels": {
    "洋室": [
      [
        [
          57.330275229357795,
          44.03669724770642
        ],
        [
          189.44036697247705,
          44.95412844036697
        ],
        [
          188.98165137614677,
          129.8165137614679
        ],
        [
          224.76146788990826,
          129.3577981651376
        ],
        [
          225.2201834862385,
          169.72477064220183
        ],
        [
          58.24770642201834,
          169.72477064220183
        ]
      ],
      [
        [
          56.871559633027516,
          171.10091743119264
        ],
        [
          223.8440366972477,
          171.55963302752292
        ],
        [
          224.76146788990826,
          213.30275229357795
        ],
        [
          188.5229357798165,
          213.76146788990823
        ],
        [
          190.3577981651376,
          298.1651376146789
        ],
        [
          55.95412844036697,
          299.08256880733944
        ]
      ],
      [
        [
          350.44954128440367,
          130.27522935779817
        ],
        [
          476.137614678899,
          130.73394495412842
        ],
        [
          475.6788990825688,
          300.45871559633025
        ],
        [
          349.99082568807336,
          300.0
        ]
      ]
    ],
    "廊下": [
      [
        [
          230.7247706422018,
          90.82568807339449
        ],
        [
          401.8256880733945,
          91.28440366972477
        ],
        [
          402.2844036697247,
          128.44036697247705
        ],
        [
          264.6697247706422,
          127.06422018348623
        ],
        [
          263.29357798165137,
          218.80733944954127
        ],
        [
          344.0275229357798,
          218.348623853211
        ],
        [
          344.48623853211006,
          295.8715596330275
        ],
        [
          228.8899082568807,
          296.7889908256881
        ]
      ]
    ],
    "開戸": [
      [
        185.31192660550457,
        133.4862385321101,
        239.08045977011494,
        165.73180076628353
      ],
      [
        185.77064220183485,
        175.22935779816513,
        238.69731800766286,
        207.87739463601534
      ],
      [
        350.5747126436782,
        115.92337164750958,
        390.81651376146783,
        167.88990825688072
      ]
    ],
    "引戸": [
      [
        294.25287356321843,
        76.07662835249043,
        367.0498084291188,
        99.06513409961687
      ],
      [
        271.6475095785441,
        201.74712643678163,
        342.911877394636,
        226.26819923371647
      ]
    ],
    "折戸": [
      [
        228.73563218390805,
        77.60919540229885,
        286.2293577981651,
        105.04587155963301
      ],
      [
        165.58715596330273,
        47.24770642201835,
        199.61685823754792,
        129.33333333333334
      ],
      [
        168.79816513761466,
        214.2201834862385,
        201.14942528735634,
        295.6168582375479
      ]
    ]
  }
}