{
  "labels": {
    "洋室": [
      [
        [
          137.86440677966104,
          80.93220338983052
        ],
        [
          235.3220338983051,
          81.35593220338984
        ],
        [
          234.47457627118644,
          153.38983050847457
        ],
        [
          137.86440677966104,
          153.38983050847457
        ]
      ],
      [
        [
          162.86440677966104,
          183.05084745762713
        ],
        [
          261.1694915254237,
          183.05084745762713
        ],
        [
          261.5932203389831,
          254.23728813559325
        ],
        [
          162.86440677966104,
          255.0847457627119
        ]
      ]
    ],
    "廊下": [
      [
        [
          237.864406779661,
          124.57627118644068
        ],
        [
          260.7457627118644,
          124.57627118644068
        ],
        [
          261.5932203389831,
          178.38983050847457
        ],
        [
          238.28813559322037,
          178.8135593220339
        ]
      ]
    ],
    "折戸": [
      [
        161.6153846153846,
        141.53846153846155,
        212.07692307692307,
        163.69230769230768
      ],
      [
        248.8813559322034,
        182.20338983050848,
        272.0769230769231,
        253.53846153846155
      ],
      [
        228.69230769230768,
        155.07692307692307,
        245.91525423728814,
        182.20338983050848
      ]
    ],
    "開戸": [
      [
        238.84615384615384,
        172.30769230769232,
        264.98305084745766,
        204.66101694915255
      ]
    ],
    "引戸": [
      [
        255.15384615384613,
        134.15384615384616,
        269.9230769230769,
        179.07692307692307
      ],
      [
        229.0,
        105.84615384615384,
        245.0,
        152.30769230769232
      ]
    ]
  }
}