{
  "labels": {
    "LDK": [
      [
        [
          160.15151515151513,
          240.66666666666666
        ],
        [
          158.63636363636363,
          540.6666666666666
        ],
        [
          338.1818181818182,
          543.6969696969696
        ],
        [
          396.5151515151515,
          660.3636363636364
        ],
        [
          576.060606060606,
          661.1212121212121
        ],
        [
          576.8181818181818,
          302.030303030303
        ],
        [
          221.5151515151515,
          304.3030303030303
        ],
        [
          217.7272727272727,
          244.45454545454544
        ]
      ]
    ],
    "浴室": [
      [
        [
          457.1212121212121,
          66.42424242424242
        ],
        [
          460.1515151515151,
          187.63636363636363
        ],
        [
          577.5757575757575,
          186.87878787878788
        ],
        [
          577.5757575757575,
          67.18181818181817
        ]
      ]
    ],
    "廊下": [
      [
        [
          160.9090909090909,
          183.84848484848484
        ],
        [
          160.9090909090909,
          240.66666666666666
        ],
        [
          341.96969696969694,
          241.4242424242424
        ],
        [
          340.67883211678827,
          302.3795620437956
        ],
        [
          457.1212121212121,
          304.3030303030303
        ],
        [
          459.3939393939394,
          185.36363636363635
        ]
      ]
    ],
    "開戸": [
      [
        166.10152621101523,
        219.2775934527759,
        215.86131386861308,
        301.6496350364963
      ],
      [
        403.8144215881442,
        163.21698739216987,
        452.35766423357654,
        239.6058394160584
      ],
      [
        344.8617562486176,
        166.13669542136694,
        389.5839416058394,
        207.4890510948905
      ]
    ],
    "引戸": [
      [
        144.46361424463615,
        190.36253041362528,
        180.8248175182482,
        286.3211678832117
      ],
      [
        139.38177394381773,
        326.24507852245074,
        181.5547445255474,
        535.2262773722628
      ],
      [
        442.13868613138686,
        190.47312541473124,
        473.51139128511386,
        297.2700729927007
      ],
      [
        465.1504092015041,
        165.15328467153284,
        564.7664233576642,
        203.24131829241315
      ],
      [
        473.030303030303,
        284.86131386861314,
        570.6058394160583,
        314.93673965936733
      ],
      [
        34.10948905109487,
        287.0510948905109,
        129.0,
        322.0875912408759
      ]
    ],
    "折戸": [
      [
        233.30457863304576,
        216.978102189781,
        338.4890510948905,
        259.52311435523114
      ]
    ]
  }
}