{
  "labels": {
    "洋室": [
      [
        [
          140.99029126213594,
          147.51456310679612
        ],
        [
          280.79611650485435,
          149.45631067961165
        ],
        [
          282.7378640776699,
          284.40776699029124
        ],
        [
          144.873786407767,
          284.40776699029124
        ]
      ]
    ],
    "廊下": [
      [
        [
          231.28155339805824,
          112.5631067961165
        ],
        [
          279.8252427184466,
          112.5631067961165
        ],
        [
          279.8252427184466,
          142.66019417475727
        ],
        [
          230.31067961165047,
          142.66019417475727
        ]
      ]
    ],
    "開戸": [
      [
        243.36363636363637,
        133.6060606060606,
        280.79611650485435,
        182.46601941747574
      ],
      [
        274.0,
        112.5631067961165,
        317.68932038834953,
        147.51456310679612
      ]
    ],
    "折戸": [
      [
        336.13592233009706,
        138.7766990291262,
        408.95145631067965,
        169.84466019417476
      ]
    ]
  }
}