{
  "labels": {
    "LDK": [
      [
        [
          85.32110091743118,
          170.71559633027522
        ],
        [
          86.23853211009174,
          404.66055045871553
        ],
        [
          438.5321100917431,
          405.57798165137615
        ],
        [
          438.5321100917431,
          376.2201834862385
        ],
        [
          497.2477064220183,
          375.3027522935779
        ],
        [
          498.1651376146789,
          400.0733944954128
        ],
        [
          614.6788990825688,
          407.41284403669715
        ],
        [
          617.4311926605504,
          346.8623853211009
        ],
        [
          646.7889908256881,
          349.6146788990825
        ],
        [
          649.5412844036697,
          168.8807339449541
        ]
      ]
    ],
    "浴室": [
      [
        [
          411.92660550458714,
          27.59633027522935
        ],
        [
          528.440366972477,
          27.59633027522935
        ],
        [
          528.440366972477,
          145.94495412844032
        ],
        [
          411.92660550458714,
          145.94495412844032
        ]
      ]
    ],
    "洋室": [
      [
        [
          84.40366972477064,
          31.266055045871553
        ],
        [
          233.94495412844034,
          31.266055045871553
        ],
        [
          233.94495412844034,
          170.71559633027522
        ],
        [
          84.40366972477064,
          170.71559633027522
        ]
      ]
    ],
    "廊下": [
      [
        [
          293.75,
          115.20833333333334
        ],
        [
          291.6666666666667,
          164.6875
        ],
        [
          351.5625,
          166.77083333333334
        ],
        [
          350.52083333333337,
          114.6875
        ]
      ]
    ],
    "開戸": [
      [
        364.35595169637725,
        152.1324516005367,
        404.78723404255317,
        212.61702127659572
      ]
    ],
    "折戸": [
      [
        501.83486238532106,
        83.25186889016675,
        543.5585585585585,
        136.23872730821782
      ],
      [
        443.0851063829787,
        349.0815769898339,
        494.41394840087014,
        388.1489361702128
      ],
      [
        594.8962724192082,
        351.9787234042553,
        633.5106382978723,
        404.66055045871553
      ],
      [
        594.2965305731262,
        118.54993291163504,
        644.1489361702128,
        155.70212765957444
      ]
    ],
    "引戸": [
      [
        534.1805107860154,
        152.25225225225225,
        615.1801801801802,
        185.74576411273654
      ],
      [
        241.30630630630628,
        153.91668732953136,
        345.4376394743367,
        187.8378378378378
      ],
      [
        89.05405405405405,
        153.04255319148936,
        192.5531914893617,
        186.03603603603602
      ],
      [
        406.42201834862385,
        156.75675675675674,
        514.7297297297297,
        185.39449541284404
      ],
      [
        275.0,
        74.31914893617021,
        308.3776595744681,
        168.33333333333334
      ]
    ]
  }
}