{
  "labels": {
    "浴室": [
      [
        [
          145.09523809523813,
          188.2857142857143
        ],
        [
          346.2857142857143,
          190.66666666666669
        ],
        [
          348.6666666666667,
          343.04761904761904
        ],
        [
          142.71428571428572,
          341.8571428571429
        ]
      ]
    ],
    "LDK": [
      [
        [
          798.6666666666667,
          193.04761904761907
        ],
        [
          798.6666666666667,
          697.8095238095239
        ],
        [
          496.28571428571433,
          689.4761904761905
        ],
        [
          497.4761904761905,
          596.6190476190476
        ],
        [
          347.4761904761905,
          594.2380952380953
        ],
        [
          348.6666666666667,
          191.85714285714286
        ]
      ]
    ],
    "洋室": [
      [
        [
          295.09523809523813,
          694.2380952380953
        ],
        [
          797.4761904761905,
          699.0
        ],
        [
          797.4761904761905,
          999.0
        ],
        [
          295.09523809523813,
          999.0
        ]
      ]
    ],
    "折戸": [
      [
        250.83116883116884,
        297.0519480519481,
        340.2597402597402,
        362.6233766233766
      ],
      [
        360.030303030303,
        707.6580086580086,
        442.85714285714283,
        789.8961038961039
      ],
      [
        361.22077922077926,
        803.4372294372293,
        448.05194805194805,
        989.8961038961039
      ]
    ],
    "開戸": [
      [
        216.1991341991342,
        414.4761904761905,
        287.012987012987,
        515.8701298701299
      ],
      [
        322.0779220779221,
        405.4805194805195,
        440.33333333333337,
        486.6623376623377
      ],
      [
        400.39826839826844,
        500.1904761904762,
        488.31168831168833,
        623.6623376623377
      ]
    ],
    "引戸": [
      [
        406.02597402597405,
        655.9264069264069,
        589.6103896103896,
        736.6493506493506
      ]
    ]
  }
}