{
  "labels": {
    "LDK": [
      [
        [
          197.36842105263156,
          136.8421052631579
        ],
        [
          202.1052631578947,
          293.1578947368421
        ],
        [
          414.2105263157894,
          293.1578947368421
        ],
        [
          413.6842105263158,
          167.36842105263156
        ],
        [
          323.1578947368421,
          169.4736842105263
        ],
        [
          321.05263157894734,
          136.3157894736842
        ]
      ]
    ],
    "廊下": [
      [
        [
          76.3157894736842,
          169.4736842105263
        ],
        [
          76.3157894736842,
          199.99999999999997
        ],
        [
          201.57894736842104,
          201.57894736842104
        ],
        [
          198.94736842105263,
          106.84210526315789
        ],
        [
          141.05263157894737,
          108.42105263157893
        ],
        [
          140.86956521739128,
          147.2463768115942
        ],
        [
          170.7246376811594,
          146.37681159420288
        ],
        [
          169.56521739130434,
          171.30434782608694
        ]
      ],
      [
        [
          203.15789473684208,
          79.4736842105263
        ],
        [
          232.1052631578947,
          79.4736842105263
        ],
        [
          232.1052631578947,
          135.78947368421052
        ],
        [
          203.15789473684208,
          135.78947368421052
        ]
      ]
    ],
    "浴室": [
      [
        [
          79.47368421052632,
          233.68421052631578
        ],
        [
          138.94736842105263,
          233.68421052631578
        ],
        [
          138.94736842105263,
          292.10526315789474
        ],
        [
          79.47368421052632,
          292.10526315789474
        ]
      ]
    ],
    "開戸": [
      [
        217.10144927536228,
        110.43478260869564,
        240.86956521739128,
        134.0503432494279
      ],
      [
        142.29595728451562,
        162.6086956521739,
        166.66666666666666,
        182.47139588100686
      ]
    ],
    "折戸": [
      [
        82.89855072463767,
        189.4736842105263,
        123.1578947368421,
        209.27536231884056
      ]
    ],
    "引戸": [
      [
        127.53623188405797,
        235.08771929824553,
        147.87185354691073,
        280.5797101449275
      ],
      [
        91.88405797101449,
        160.70938215102973,
        135.53012967200607,
        177.39130434782606
      ],
      [
        140.28985507246375,
        191.0144927536232,
        192.17391304347825,
        208.69565217391303
      ],
      [
        191.79252479023646,
        142.8985507246377,
        208.1159420289855,
        197.2921434019832
      ],
      [
        202.6086956521739,
        130.14492753623188,
        253.04347826086956,
        146.95652173913044
      ],
      [
        328.0625476735316,
        161.44927536231882,
        412.7536231884058,
        177.97864225781842
      ],
      [
        316.231884057971,
        79.71014492753623,
        330.7246376811594,
        137.1014492753623
      ]
    ]
  }
}