{
  "labels": {
    "洋室": [
      [
        [
          348.3050847457627,
          181.23728813559325
        ],
        [
          347.4576271186441,
          251.5762711864407
        ],
        [
          605.9322033898305,
          255.81355932203394
        ],
        [
          603.3898305084746,
          33.77966101694915
        ],
        [
          391.52542372881356,
          32.08474576271186
        ],
        [
          398.3050847457627,
          185.47457627118644
        ]
      ],
      [
        [
          276.271186440678,
          252.42372881355936
        ],
        [
          603.3898305084746,
          252.42372881355936
        ],
        [
          603.3898305084746,
          474.45762711864415
        ],
        [
          276.271186440678,
          474.45762711864415
        ]
      ],
      [
        [
          21.186440677966104,
          105.81355932203391
        ],
        [
          205.08474576271186,
          105.81355932203391
        ],
        [
          205.08474576271186,
          399.8813559322034
        ],
        [
          21.186440677966104,
          399.8813559322034
        ]
      ]
    ],
    "廊下": [
      [
        [
          204.23728813559322,
          189.71186440677968
        ],
        [
          350.0,
          189.71186440677968
        ],
        [
          350.0,
          254.11864406779665
        ],
        [
          204.23728813559322,
          254.11864406779665
        ]
      ]
    ],
    "開戸": [
      [
        136.02702702702703,
        188.1081081081081,
        219.0184921763869,
        249.40256045519214
      ],
      [
        282.91800274851124,
        234.67292716445257,
        345.2162162162162,
        322.7027027027027
      ],
      [
        336.4406779661017,
        188.864406779661,
        411.86440677966107,
        252.42372881355936
      ]
    ],
    "折戸": [
      [
        377.83783783783787,
        40.47228584516721,
        418.7298984979628,
        175.67567567567565
      ],
      [
        263.5593220338983,
        261.7457627118644,
        304.23728813559325,
        317.67796610169495
      ],
      [
        256.6429587482219,
        333.38549075391177,
        307.9189189189189,
        467.56756756756755
      ],
      [
        36.24466571834992,
        88.23613086770982,
        189.54054054054052,
        143.24324324324323
      ]
    ]
  }
}