{
  "labels": {
    "廊下": [
      [
        [
          170.77922077922076,
          119.76623376623377
        ],
        [
          170.77922077922076,
          160.02597402597402
        ],
        [
          389.6103896103896,
          160.02597402597402
        ],
        [
          389.6103896103896,
          101.58441558441558
        ],
        [
          353.24675324675326,
          102.88311688311688
        ],
        [
          351.94805194805195,
          123.66233766233765
        ]
      ]
    ],
    "洋室": [
      [
        [
          133.76623376623377,
          121.06493506493507
        ],
        [
          133.76623376623377,
          159.37662337662337
        ],
        [
          24.025974025974026,
          158.07792207792207
        ],
        [
          22.07792207792208,
          269.1168831168831
        ],
        [
          171.42857142857142,
          271.7142857142857
        ],
        [
          172.72727272727272,
          121.06493506493507
        ]
      ],
      [
        [
          134.41558441558442,
          45.74025974025973
        ],
        [
          316.8831168831169,
          45.74025974025973
        ],
        [
          316.8831168831169,
          120.41558441558442
        ],
        [
          134.41558441558442,
          120.41558441558442
        ]
      ],
      [
        [
          170.1298701298701,
          160.02597402597402
        ],
        [
          280.5194805194805,
          160.02597402597402
        ],
        [
          280.5194805194805,
          307.42857142857144
        ],
        [
          170.1298701298701,
          307.42857142857144
        ]
      ],
      [
        [
          315.5844155844156,
          160.67532467532467
        ],
        [
          427.9220779220779,
          160.67532467532467
        ],
        [
          427.9220779220779,
          308.0779220779221
        ],
        [
          315.5844155844156,
          308.0779220779221
        ]
      ]
    ],
    "開戸": [
      [
        320.8645418326693,
        114.52596460027203,
        346.76876907952607,
        149.402390438247
      ],
      [
        318.2697780307342,
        152.38122833341956,
        351.1434262948207,
        191.23505976095615
      ],
      [
        135.35985926424172,
        122.17219433952499,
        178.63346613545815,
        157.37051792828683
      ]
    ],
    "折戸": [
      [
        25.24701195219123,
        143.82470119521912,
        90.9090909090909,
        175.6103896103896
      ],
      [
        261.68831168831167,
        164.1434262948207,
        292.97609561752984,
        225.61038961038963
      ],
      [
        310.38961038961037,
        235.35064935064935,
        334.4155844155844,
        302.8831168831169
      ]
    ],
    "引戸": [
      [
        171.77144637998893,
        109.16334661354581,
        234.01195219123503,
        130.36742108381128
      ],
      [
        211.03896103896105,
        153.10077519379843,
        276.69767441860466,
        165.0848686197523
      ]
    ]
  }
}