{
  "labels": {
    "洋室": [
      [
        [
          28.01730103806228,
          164.70588235294116
        ],
        [
          28.01730103806228,
          252.24913494809687
        ],
        [
          5.525951557093421,
          252.94117647058823
        ],
        [
          5.179930795847753,
          296.88581314878894
        ],
        [
          93.41522491349481,
          296.88581314878894
        ],
        [
          92.72318339100346,
          163.32179930795846
        ]
      ]
    ],
    "LDK": [
      [
        [
          142.8961937716263,
          96.53979238754324
        ],
        [
          143.24221453287197,
          296.88581314878894
        ],
        [
          231.8235294117647,
          295.5017301038062
        ],
        [
          231.47750865051904,
          94.80968858131487
        ]
      ]
    ],
    "浴室": [
      [
        [
          186.4948096885813,
          7.266435986159169
        ],
        [
          186.14878892733563,
          53.97923875432526
        ],
        [
          232.16955017301035,
          53.28719723183391
        ],
        [
          232.86159169550172,
          7.266435986159169
        ]
      ]
    ],
    "廊下": [
      [
        [
          94.10726643598615,
          71.28027681660899
        ],
        [
          93.06920415224913,
          219.72318339100346
        ],
        [
          142.20415224913495,
          219.72318339100346
        ],
        [
          142.20415224913495,
          185.46712802768164
        ],
        [
          117.9826989619377,
          185.12110726643598
        ],
        [
          117.63667820069205,
          97.57785467128028
        ],
        [
          186.14878892733563,
          97.57785467128028
        ],
        [
          185.80276816608995,
          51.90311418685121
        ],
        [
          147.39446366782005,
          52.595155709342556
        ],
        [
          147.39446366782005,
          71.62629757785467
        ]
      ]
    ],
    "開戸": [
      [
        138.39792387543253,
        142.90657439446366,
        155.0069204152249,
        163.66782006920414
      ],
      [
        18.33333333333333,
        98.33333333333333,
        44.0,
        128.66666666666666
      ],
      [
        19.0,
        131.33333333333334,
        44.66666666666666,
        161.33333333333334
      ]
    ],
    "引戸": [
      [
        87.33333333333334,
        165.33333333333334,
        100.33333333333334,
        205.66666666666666
      ],
      [
        135.33333333333334,
        186.33333333333334,
        149.0,
        218.33333333333334
      ],
      [
        86.58362168396769,
        121.66666666666667,
        99.33333333333331,
        161.64244521337946
      ],
      [
        23.173010380622834,
        208.33333333333334,
        33.33333333333333,
        251.55709342560553
      ],
      [
        23.0,
        164.14071510957322,
        32.080738177624,
        206.0
      ],
      [
        108.66666666666666,
        65.33333333333333,
        142.66666666666666,
        79.33333333333333
      ],
      [
        151.0,
        44.333333333333336,
        184.41868512110725,
        58.8235294117647
      ],
      [
        189.85351787773934,
        46.05882352941176,
        229.33333333333331,
        60.0
      ],
      [
        180.33333333333331,
        56.00000000000001,
        195.0,
        93.33333333333333
      ],
      [
        29.40138408304498,
        156.33333333333334,
        92.33333333333334,
        169.5501730103806
      ],
      [
        86.66666666666666,
        55.666666666666664,
        100.0,
        94.33333333333333
      ],
      [
        30.0,
        89.33333333333333,
        91.33333333333334,
        104.0
      ],
      [
        112.00000000000003,
        98.33333333333333,
        124.66666666666669,
        137.66666666666666
      ]
    ]
  }
}