{
  "labels": {
    "LDK": [
      [
        [
          230.1052631578947,
          116.84210526315789
        ],
        [
          646.4210526315788,
          116.84210526315789
        ],
        [
          645.3684210526316,
          402.6315789473684
        ],
        [
          489.05263157894734,
          401.57894736842104
        ],
        [
          489.05263157894734,
          377.36842105263156
        ],
        [
          229.05263157894734,
          376.31578947368416
        ]
      ]
    ],
    "浴室": [
      [
        [
          533.7894736842105,
          14.736842105263158
        ],
        [
          645.3684210526316,
          12.63157894736842
        ],
        [
          643.2631578947368,
          114.21052631578947
        ],
        [
          533.2631578947368,
          111.05263157894736
        ]
      ]
    ],
    "廊下": [
      [
        [
          149.57894736842104,
          70.52631578947368
        ],
        [
          226.9473684210526,
          70.52631578947368
        ],
        [
          225.89473684210526,
          163.15789473684208
        ],
        [
          149.05263157894737,
          162.1052631578947
        ]
      ]
    ],
    "折戸": [
      [
        180.8080808080808,
        142.7979797979798,
        223.89580010632642,
        182.14247740563528
      ],
      [
        520.7379053694842,
        66.25199362041467,
        557.5757575757576,
        111.4848484848485
      ],
      [
        61.85433280170122,
        278.31472620946306,
        102.52525252525253,
        373.1010101010101
      ],
      [
        440.6315789473684,
        139.8989898989899,
        482.32323232323233,
        176.63636363636363
      ]
    ],
    "引戸": [
      [
        221.1791600212653,
        30.015948963317385,
        248.989898989899,
        111.4848484848485
      ],
      [
        266.3507109004739,
        101.53554502369668,
        352.52525252525254,
        132.1919191919192
      ],
      [
        389.47262094630514,
        94.72089314194577,
        470.2020202020202,
        129.16161616161617
      ],
      [
        215.07602339181284,
        119.45241892610315,
        244.44444444444446,
        204.41414141414143
      ]
    ]
  }
}