{
  "labels": {
    "浴室": [
      [
        [
          249.5263157894737,
          52.94736842105263
        ],
        [
          319.2631578947369,
          52.94736842105263
        ],
        [
          320.57894736842104,
          122.02631578947368
        ],
        [
          250.18421052631578,
          122.02631578947368
        ]
      ]
    ],
    "LDK": [
      [
        [
          246.23684210526318,
          169.39473684210526
        ],
        [
          398.86842105263156,
          171.3684210526316
        ],
        [
          400.8421052631579,
          440.4473684210526
        ],
        [
          131.10526315789474,
          441.7631578947368
        ],
        [
          130.4473684210526,
          289.13157894736844
        ],
        [
          248.86842105263156,
          288.4736842105263
        ]
      ]
    ],
    "廊下": [
      [
        [
          90.31578947368422,
          131.89473684210526
        ],
        [
          281.7631578947368,
          131.23684210526315
        ],
        [
          281.7631578947368,
          164.1315789473684
        ],
        [
          127.81578947368422,
          164.78947368421052
        ],
        [
          124.5263157894737,
          322.6842105263158
        ],
        [
          13.34210526315789,
          322.6842105263158
        ],
        [
          14.65789473684211,
          268.07894736842104
        ],
        [
          90.9736842105263,
          268.07894736842104
        ]
      ]
    ],
    "開戸": [
      [
        265.9736842105263,
        129.26315789473685,
        289.0,
        167.42105263157896
      ]
    ],
    "引戸": [
      [
        50.374190824655244,
        114.1702786377709,
        129.33155080213902,
        141.17647058823528
      ],
      [
        113.99648184632707,
        49.971010413734874,
        142.16577540106948,
        127.27272727272727
      ],
      [
        129.73318322544327,
        113.34703067830002,
        205.8021390374331,
        141.17647058823528
      ],
      [
        231.26709822685052,
        56.922882071488885,
        258.2085561497326,
        127.80748663101603
      ],
      [
        323.2105263157895,
        153.2745567126372,
        393.50267379679144,
        180.21390374331548
      ],
      [
        206.3374613003096,
        152.86293273290178,
        290.2941176470588,
        179.14438502673795
      ],
      [
        227.31972980579792,
        166.76315789473685,
        257.13903743315507,
        283.4224598930481
      ],
      [
        126.5,
        269.14494793132565,
        245.90909090909088,
        299.4652406417112
      ],
      [
        114.9428651843512,
        281.5253307064453,
        140.0267379679144,
        365.7754010695187
      ],
      [
        77.60821840698003,
        167.32254432873626,
        102.05882352941174,
        247.5935828877005
      ]
    ]
  }
}