{
  "labels": {
    "洋室": [
      [
        [
          91.53164556962025,
          287.60759493670884
        ],
        [
          238.3670886075949,
          292.0379746835443
        ],
        [
          237.73417721518985,
          396.46835443037975
        ],
        [
          91.53164556962025,
          397.1012658227848
        ]
      ],
      [
        [
          278.2405063291139,
          104.69620253164557
        ],
        [
          451.6582278481012,
          105.32911392405063
        ],
        [
          449.75949367088606,
          243.9367088607595
        ],
        [
          278.873417721519,
          245.20253164556962
        ]
      ]
    ],
    "廊下": [
      [
        [
          240.2658227848101,
          214.82278481012656
        ],
        [
          273.1772151898734,
          216.0886075949367
        ],
        [
          272.54430379746833,
          321.7848101265823
        ],
        [
          240.89873417721515,
          321.7848101265823
        ]
      ],
      [
        [
          317.4810126582278,
          252.1645569620253
        ],
        [
          376.34177215189874,
          253.43037974683543
        ],
        [
          376.34177215189874,
          323.6835443037975
        ],
        [
          330.77215189873414,
          323.6835443037975
        ],
        [
          330.1392405063291,
          284.44303797468353
        ],
        [
          318.1139240506329,
          283.8101265822785
        ]
      ]
    ],
    "開戸": [
      [
        202.2911392405063,
        288.873417721519,
        252.3853211009174,
        323.39449541284404
      ],
      [
        342.3387527581001,
        233.78109394959932,
        378.0733944954128,
        282.11009174311926
      ]
    ],
    "引戸": [
      [
        382.95540587620485,
        237.90953431657184,
        446.8807339449541,
        259.6330275229358
      ],
      [
        227.9095343165718,
        143.41412147253513,
        251.00917431192659,
        209.63302752293578
      ],
      [
        229.11148530948788,
        217.06991057949134,
        249.63302752293578,
        281.1926605504587
      ]
    ],
    "折戸": [
      [
        220.9475090001161,
        324.3164556962025,
        245.96330275229357,
        396.788990825688
      ]
    ]
  }
}