{
  "labels": {
    "浴室": [
      [
        [
          496.5365853658536,
          457.349593495935
        ],
        [
          582.7154471544716,
          458.9756097560976
        ],
        [
          582.7154471544716,
          524.829268292683
        ],
        [
          497.349593495935,
          522.390243902439
        ]
      ]
    ],
    "LDK": [
      [
        [
          281.089430894309,
          242.71544715447155
        ],
        [
          404.66666666666663,
          243.52845528455285
        ],
        [
          403.8536585365854,
          205.3170731707317
        ],
        [
          495.7235772357724,
          205.3170731707317
        ],
        [
          494.0975609756098,
          491.4959349593496
        ],
        [
          173.77235772357722,
          490.6829268292683
        ],
        [
          172.95934959349592,
          345.9674796747968
        ],
        [
          278.6504065040651,
          344.3414634146342
        ]
      ]
    ],
    "廊下": [
      [
        [
          355.8861788617886,
          136.21138211382114
        ],
        [
          402.2276422764228,
          136.21138211382114
        ],
        [
          402.2276422764228,
          169.5447154471545
        ],
        [
          581.9024390243902,
          171.9837398373984
        ],
        [
          581.9024390243902,
          202.0650406504065
        ],
        [
          401.4146341463414,
          202.8780487804878
        ],
        [
          401.4146341463414,
          237.83739837398375
        ],
        [
          373.7723577235772,
          238.65040650406505
        ],
        [
          372.959349593496,
          186.6178861788618
        ],
        [
          356.69918699186996,
          186.6178861788618
        ]
      ]
    ],
    "開戸": [
      [
        370.520325203252,
        230.52032520325204,
        404.66666666666663,
        275.2357723577236
      ],
      [
        455.07317073170736,
        206.130081300813,
        480.2764227642276,
        241.08943089430895
      ],
      [
        242.0650406504065,
        228.08130081300814,
        278.6504065040651,
        250.84552845528455
      ],
      [
        167.2682926829268,
        350.8455284552846,
        210.3577235772358,
        381.739837398374
      ]
    ],
    "引戸": [
      [
        293.19867549668874,
        173.49668874172184,
        364.6953642384106,
        198.0
      ],
      [
        440.2290421579713,
        155.9066386690357,
        512.3774834437086,
        179.4569536423841
      ],
      [
        511.0794701986756,
        190.71523178807948,
        585.225165562914,
        217.20529801324503
      ],
      [
        504.45695364238406,
        314.55629139072846,
        578.6026490066225,
        337.73509933774835
      ],
      [
        509.3347332148818,
        374.81580789317826,
        577.9403973509934,
        398.0
      ],
      [
        467.7205621062833,
        385.9556345232327,
        488.53642384105956,
        490.05298013245033
      ],
      [
        482.6026490066225,
        344.3576158940397,
        505.75496688741725,
        411.2450331125828
      ],
      [
        136.2185430463576,
        333.0993377483444,
        273.9668874172185,
        354.95364238410593
      ],
      [
        262.7086092715232,
        241.046357615894,
        288.5364238410596,
        344.3576158940397
      ],
      [
        136.01324503311258,
        221.00651483336028,
        242.1788079470199,
        245.01986754966887
      ],
      [
        356.06924029505194,
        188.6046411457492,
        380.58940397350995,
        256.27814569536423
      ],
      [
        401.6676896570291,
        192.09896085715823,
        476.61589403973505,
        216.54304635761588
      ],
      [
        507.9969848705109,
        442.3522317342379,
        581.9403973509934,
        464.887417218543
      ]
    ],
    "折戸": [
      [
        530.6829268292684,
        163.04065040650406,
        568.0813008130082,
        182.5528455284553
      ]
    ]
  }
}