{
  "labels": {
    "廊下": [
      [
        [
          595.448275862069,
          61.31034482758622
        ],
        [
          592.0,
          275.1034482758621
        ],
        [
          809.2413793103449,
          276.8275862068966
        ],
        [
          805.7931034482759,
          390.62068965517244
        ],
        [
          1017.8620689655172,
          385.44827586206907
        ],
        [
          1021.3103448275863,
          269.9310344827587
        ],
        [
          952.344827586207,
          276.8275862068966
        ],
        [
          912.6896551724138,
          235.44827586206895
        ],
        [
          914.4137931034484,
          169.9310344827586
        ],
        [
          697.1724137931035,
          166.48275862068965
        ],
        [
          697.1724137931035,
          52.689655172413836
        ]
      ]
    ],
    "洋室": [
      [
        [
          367.86206896551727,
          276.8275862068966
        ],
        [
          807.5172413793103,
          276.8275862068966
        ],
        [
          807.5172413793103,
          706.1379310344828
        ],
        [
          367.86206896551727,
          706.1379310344828
        ]
      ],
      [
        [
          1028.2068965517242,
          56.13793103448279
        ],
        [
          1471.3103448275863,
          56.13793103448279
        ],
        [
          1471.3103448275863,
          394.0689655172414
        ],
        [
          1028.2068965517242,
          394.0689655172414
        ]
      ],
      [
        [
          924.7586206896552,
          385.44827586206907
        ],
        [
          917.8620689655173,
          502.68965517241384
        ],
        [
          1028.2068965517242,
          497.51724137931035
        ],
        [
          1019.5862068965519,
          709.5862068965519
        ],
        [
          1474.7586206896553,
          721.6551724137933
        ],
        [
          1466.1379310344828,
          382.0
        ]
      ]
    ],
    "開戸": [
      [
        707.7586206896552,
        240.51724137931035,
        799.7586206896552,
        362.17241379310343
      ],
      [
        1002.5987703822507,
        290.69767441860466,
        1118.6046511627906,
        379.9417268110132
      ],
      [
        930.6126704089817,
        359.2520716385994,
        1013.953488372093,
        470.5426356589147
      ]
    ],
    "折戸": [
      [
        1000.5875331564987,
        66.61538461538461,
        1071.1538461538462,
        268.0411140583555
      ],
      [
        996.6645282010159,
        506.2015503875969,
        1084.4961240310076,
        705.1087944399893
      ],
      [
        382.2519893899205,
        242.07957559681705,
        579.8076923076923,
        325.2692307692308
      ]
    ],
    "引戸": [
      [
        705.7931034482759,
        128.44827586206898,
        873.2758620689656,
        179.41379310344837
      ],
      [
        779.9310344827587,
        394.82758620689657,
        840.5172413793103,
        706.1379310344829
      ]
    ]
  }
}