{
  "labels": {
    "洋室": [
      [
        [
          420.1111111111111,
          111.33333333333333
        ],
        [
          417.8888888888888,
          252.8148148148148
        ],
        [
          526.037037037037,
          254.2962962962963
        ],
        [
          525.2962962962962,
          111.33333333333333
        ]
      ],
      [
        [
          380.85185185185185,
          326.88888888888886
        ],
        [
          381.5925925925925,
          432.074074074074
        ],
        [
          525.2962962962962,
          434.29629629629625
        ],
        [
          526.7777777777777,
          325.4074074074074
        ]
      ]
    ],
    "廊下": [
      [
        [
          380.85185185185185,
          183.18518518518516
        ],
        [
          381.5925925925925,
          325.4074074074074
        ],
        [
          456.4074074074074,
          327.6296296296296
        ],
        [
          456.4074074074074,
          255.77777777777777
        ],
        [
          420.85185185185185,
          255.037037037037
        ],
        [
          420.1111111111111,
          183.18518518518516
        ]
      ]
    ],
    "引戸": [
      [
        274.1851851851851,
        166.88888888888889,
        351.96296296296293,
        195.03703703703704
      ]
    ],
    "開戸": [
      [
        353.61538461538464,
        291.0769230769231,
        391.7350427350427,
        325.32193732193736
      ],
      [
        385.41025641025635,
        316.005698005698,
        423.61538461538464,
        358.7692307692308
      ],
      [
        410.5669515669515,
        217.48717948717947,
        453.61538461538464,
        253.3846153846154
      ],
      [
        384.1282051282051,
        172.90028490028487,
        417.46153846153845,
        216.46153846153845
      ]
    ],
    "折戸": [
      [
        471.2222222222222,
        126.88888888888889,
        526.037037037037,
        158.0
      ],
      [
        482.8461538461538,
        383.38461538461536,
        509.5413105413105,
        432.78632478632477
      ]
    ]
  }
}