{
  "labels": {
    "廊下": [
      [
        [
          140.35087719298244,
          116.24561403508773
        ],
        [
          421.4035087719298,
          117.2982456140351
        ],
        [
          422.8070175438596,
          151.68421052631578
        ],
        [
          466.66666666666663,
          150.6315789473684
        ],
        [
          467.36842105263156,
          241.15789473684208
        ],
        [
          422.4561403508772,
          241.50877192982455
        ],
        [
          422.4561403508772,
          218.35087719298244
        ],
        [
          355.43859649122805,
          150.98245614035088
        ],
        [
          140.35087719298244,
          150.98245614035088
        ]
      ]
    ],
    "洋室": [
      [
        [
          16.140350877192983,
          15.89473684210526
        ],
        [
          140.35087719298244,
          16.59649122807017
        ],
        [
          140.7017543859649,
          152.38596491228068
        ],
        [
          17.19298245614035,
          150.6315789473684
        ]
      ],
      [
        [
          421.4035087719298,
          15.543859649122808
        ],
        [
          532.9824561403509,
          16.24561403508772
        ],
        [
          533.6842105263157,
          173.78947368421052
        ],
        [
          467.36842105263156,
          174.8421052631579
        ],
        [
          466.66666666666663,
          151.33333333333331
        ],
        [
          422.10526315789474,
          151.68421052631578
        ]
      ]
    ],
    "引戸": [
      [
        102.94736842105262,
        110.71929824561403,
        137.63157894736838,
        124.14035087719299
      ],
      [
        458.59649122807014,
        204.5789473684211,
        475.31578947368416,
        240.5438596491228
      ]
    ],
    "開戸": [
      [
        116.66666666666666,
        125.10526315789474,
        145.49122807017542,
        147.99999999999997
      ],
      [
        425.31578947368416,
        225.19298245614033,
        443.07017543859644,
        246.0701754385965
      ],
      [
        442.8070175438597,
        242.4736842105263,
        461.71929824561397,
        258.9649122807017
      ],
      [
        414.03508771929825,
        125.5438596491228,
        448.12280701754383,
        147.56140350877192
      ]
    ],
    "折戸": [
      [
        466.05263157894734,
        136.77192982456137,
        530.1403508771929,
        158.0877192982456
      ],
      [
        423.2456140350877,
        28.964912280701753,
        475.7543859649122,
        51.947368421052616
      ],
      [
        477.71929824561397,
        27.912280701754376,
        531.8947368421052,
        52.385964912280684
      ]
    ]
  }
}