{
  "labels": {
    "浴室": [
      [
        [
          498.3333333333333,
          31.666666666666664
        ],
        [
          644.3333333333334,
          32.333333333333336
        ],
        [
          645.6666666666666,
          177.66666666666666
        ],
        [
          500.3333333333333,
          175.66666666666666
        ]
      ]
    ],
    "LDK": [
      [
        [
          179.0,
          181.66666666666666
        ],
        [
          643.6666666666666,
          189.0
        ],
        [
          643.0,
          491.6666666666667
        ],
        [
          19.0,
          488.3333333333333
        ],
        [
          17.666666666666668,
          309.0
        ],
        [
          179.66666666666666,
          311.6666666666667
        ]
      ]
    ],
    "廊下": [
      [
        [
          97.66666666666667,
          66.33333333333333
        ],
        [
          169.0,
          67.0
        ],
        [
          168.33333333333334,
          299.0
        ],
        [
          97.66666666666667,
          301.0
        ]
      ]
    ],
    "引戸": [
      [
        81.06060606060606,
        188.96969696969697,
        109.9090909090909,
        295.54545454545445
      ],
      [
        350.0,
        160.93939393939394,
        485.8378378378378,
        201.08108108108107
      ]
    ],
    "開戸": [
      [
        101.0,
        231.66666666666666,
        191.0,
        304.3333333333333
      ],
      [
        253.0,
        171.66666666666666,
        328.3333333333333,
        257.6666666666667
      ],
      [
        487.6666666666667,
        105.0,
        565.0,
        177.66666666666666
      ],
      [
        97.0,
        59.0,
        175.66666666666666,
        101.66666666666667
      ]
    ]
  }
}