{
  "labels": {
    "洋室": [
      [
        [
          113.62962962962965,
          37.543209876543216
        ],
        [
          190.9135802469136,
          37.2962962962963
        ],
        [
          191.1604938271605,
          147.41975308641977
        ],
        [
          113.38271604938274,
          147.41975308641977
        ]
      ],
      [
        [
          2.271604938271608,
          65.44444444444444
        ],
        [
          80.2962962962963,
          65.69135802469137
        ],
        [
          80.2962962962963,
          148.65432098765433
        ],
        [
          2.7654320987654373,
          147.66666666666669
        ]
      ]
    ],
    "廊下": [
      [
        [
          25.48148148148148,
          8.160493827160494
        ],
        [
          25.728395061728392,
          38.283950617283956
        ],
        [
          108.19753086419755,
          37.79012345679013
        ],
        [
          108.19753086419755,
          60.75308641975309
        ],
        [
          3.2592592592592595,
          61.49382716049384
        ],
        [
          3.0123456790123484,
          8.407407407407408
        ]
      ]
    ],
    "引戸": [
      [
        3.587220808594857,
        53.5869380831213,
        53.74045801526718,
        73.3206106870229
      ],
      [
        141.6477240599378,
        28.03420978230139,
        190.83969465648855,
        42.63358778625955
      ],
      [
        102.46385826029594,
        37.2962962962963,
        121.22137404580153,
        91.33587786259542
      ],
      [
        75.57251908396947,
        95.0,
        89.66204881726512,
        147.7609084911884
      ]
    ],
    "開戸": [
      [
        111.40740740740742,
        30.382716049382715,
        142.51851851851853,
        49.641975308641975
      ]
    ]
  }
}