{
  "labels": {
    "洋室": [
      [
        [
          94.81967213114754,
          90.7103825136612
        ],
        [
          233.07103825136613,
          91.80327868852459
        ],
        [
          232.52459016393442,
          190.1639344262295
        ],
        [
          97.00546448087431,
          191.2568306010929
        ]
      ],
      [
        [
          95.36612021857923,
          234.4262295081967
        ],
        [
          233.07103825136613,
          236.0655737704918
        ],
        [
          233.6174863387978,
          337.70491803278685
        ],
        [
          95.91256830601091,
          337.70491803278685
        ]
      ],
      [
        [
          345.09289617486337,
          162.8415300546448
        ],
        [
          482.25136612021856,
          163.3879781420765
        ],
        [
          482.7978142076503,
          300.54644808743166
        ],
        [
          344.54644808743166,
          301.6393442622951
        ]
      ]
    ],
    "廊下": [
      [
        [
          238.53551912568304,
          124.04371584699453
        ],
        [
          269.1366120218579,
          124.04371584699453
        ],
        [
          270.775956284153,
          234.4262295081967
        ],
        [
          341.8142076502732,
          234.4262295081967
        ],
        [
          339.6284153005464,
          300.54644808743166
        ],
        [
          237.98907103825138,
          301.09289617486337
        ]
      ]
    ],
    "開戸": [
      [
        204.655737704918,
        161.20218579234972,
        251.0178571428571,
        195.53571428571428
      ],
      [
        203.01639344262293,
        234.9726775956284,
        252.80357142857142,
        268.3035714285714
      ]
    ],
    "引戸": [
      [
        95.1197306791569,
        182.8210382513661,
        167.0892857142857,
        208.03571428571428
      ],
      [
        329.0178571428571,
        233.48214285714283,
        358.60714285714283,
        305.8035714285714
      ],
      [
        235.90329820452772,
        109.00419594067135,
        308.0357142857143,
        135.7142857142857
      ],
      [
        164.85714285714283,
        218.30357142857142,
        234.51034348165493,
        245.59426229508196
      ]
    ],
    "折戸": [
      [
        257.6612021857923,
        127.8688524590164,
        278.4262295081967,
        158.46994535519124
      ]
    ]
  }
}