{
  "labels": {
    "廊下": [
      [
        [
          995.8333333333335,
          334.5416666666667
        ],
        [
          1068.75,
          336.625
        ],
        [
          1066.6666666666667,
          698.0833333333334
        ],
        [
          996.875,
          697.0416666666667
        ]
      ]
    ],
    "引戸": [
      [
        415.5233739837399,
        215.66463414634148,
        533.3333333333334,
        243.90243902439025
      ],
      [
        684.5528455284554,
        172.3577235772358,
        716.3871951219513,
        296.4319105691057
      ],
      [
        908.130081300813,
        272.3577235772358,
        939.8373983739838,
        396.7479674796748
      ],
      [
        976.7530487804878,
        278.0884146341464,
        1012.1951219512196,
        404.0650406504065
      ],
      [
        977.0071138211382,
        484.5924796747968,
        1011.3821138211382,
        613.0081300813008
      ],
      [
        413.0081300813008,
        290.2439024390244,
        533.3333333333334,
        319.5121951219512
      ]
    ],
    "開戸": [
      [
        546.3414634146342,
        264.2276422764228,
        593.0386178861789,
        315.994918699187
      ],
      [
        580.005081300813,
        307.1280487804878,
        633.3333333333334,
        376.4227642276423
      ]
    ],
    "折戸": [
      [
        656.910569105691,
        307.3170731707317,
        705.6910569105692,
        375.609756097561
      ]
    ]
  }
}