{
  "labels": {
    "廊下": [
      [
        [
          9.895765472312704,
          129.88273615635177
        ],
        [
          118.36482084690553,
          130.85993485342019
        ],
        [
          118.69055374592833,
          165.7133550488599
        ],
        [
          9.244299674267097,
          164.73615635179152
        ]
      ]
    ],
    "洋室": [
      [
        [
          8.59283387622149,
          10.33876221498371
        ],
        [
          114.78175895765472,
          9.687296416938107
        ],
        [
          117.71335504885991,
          125.97394136807816
        ],
        [
          10.2214983713355,
          124.67100977198695
        ]
      ]
    ],
    "折戸": [
      [
        120.97068403908793,
        39.65472312703582,
        196.54071661237782,
        63.43322475570032
      ],
      [
        202.07817589576547,
        38.67752442996742,
        269.8306188925081,
        64.08469055374592
      ]
    ],
    "引戸": [
      [
        10.381580778974907,
        120.92647345416071,
        118.16239316239317,
        136.02564102564102
      ],
      [
        111.11111111111111,
        54.61538461538462,
        126.4957264957265,
        124.7008547008547
      ]
    ]
  }
}