{
  "labels": {
    "LDK": [
      [
        [
          150.66666666666669,
          150.0
        ],
        [
          297.4920634920635,
          153.17460317460316
        ],
        [
          297.4920634920635,
          591.2698412698413
        ],
        [
          150.66666666666669,
          587.3015873015873
        ]
      ],
      [
        [
          346.69841269841265,
          247.61904761904762
        ],
        [
          541.936507936508,
          250.0
        ],
        [
          540.3492063492064,
          394.44444444444446
        ],
        [
          345.9047619047619,
          392.85714285714283
        ]
      ]
    ],
    "廊下": [
      [
        [
          297.4920634920635,
          298.41269841269843
        ],
        [
          345.9047619047619,
          297.6190476190476
        ],
        [
          345.1111111111111,
          393.6507936507937
        ],
        [
          377.6507936507936,
          393.6507936507937
        ],
        [
          376.8571428571429,
          492.85714285714283
        ],
        [
          345.9047619047619,
          492.06349206349205
        ],
        [
          345.1111111111111,
          515.8730158730159
        ],
        [
          298.28571428571433,
          515.0793650793651
        ]
      ]
    ],
    "引戸": [
      [
        334.0,
        284.92063492063494,
        356.2222222222222,
        388.8888888888889
      ],
      [
        277.6507936507936,
        283.3333333333333,
        314.95238095238096,
        396.031746031746
      ]
    ],
    "折戸": [
      [
        151.28925619834712,
        192.38842975206612,
        290.1322314049587,
        232.05785123966942
      ]
    ],
    "開戸": [
      [
        350.03699330972063,
        200.03279548734096,
        398.3966942148761,
        254.37190082644628
      ],
      [
        413.27272727272725,
        198.17355371900828,
        459.8625213170667,
        249.60645415190876
      ],
      [
        301.702479338843,
        469.24793388429754,
        346.9673356946083,
        519.2181555817918
      ]
    ]
  }
}