{
  "labels": {
    "洋室": [
      [
        [
          39.29273084479372,
          39.614931237721024
        ],
        [
          90.96267190569745,
          39.81139489194499
        ],
        [
          90.96267190569745,
          127.43418467583498
        ],
        [
          39.29273084479372,
          127.43418467583498
        ]
      ],
      [
        [
          112.77013752455797,
          56.51080550098232
        ],
        [
          164.04715127701377,
          56.90373280943026
        ],
        [
          163.8506876227898,
          125.86247544204323
        ],
        [
          113.55599214145383,
          125.86247544204323
        ]
      ],
      [
        [
          168.1728880157171,
          57.689587426326135
        ],
        [
          237.32809430255404,
          57.2966601178782
        ],
        [
          237.524557956778,
          107.98428290766209
        ],
        [
          168.1728880157171,
          108.18074656188605
        ]
      ]
    ],
    "廊下": [
      [
        [
          93.90962671905697,
          38.23968565815324
        ],
        [
          215.71709233791748,
          39.222003929273086
        ],
        [
          216.3064833005894,
          52.777996070726914
        ],
        [
          94.69548133595285,
          52.97445972495088
        ]
      ]
    ],
    "開戸": [
      [
        185.0687622789784,
        32.54223968565815,
        201.57170923379175,
        50.81335952848723
      ],
      [
        90.96267190569745,
        37.2573673870334,
        109.62671905697447,
        53.76031434184676
      ]
    ],
    "引戸": [
      [
        112.35816145876132,
        49.33054449565615,
        163.87832699619773,
        61.06463878326997
      ],
      [
        186.2475442043222,
        49.31149573830743,
        231.1787072243346,
        62.20532319391636
      ]
    ],
    "折戸": [
      [
        83.49705304518665,
        53.56385068762279,
        96.2671905697446,
        91.6777996070727
      ],
      [
        108.05500982318271,
        92.46365422396858,
        122.00392927308448,
        127.04125736738703
      ],
      [
        167.5834970530452,
        99.92927308447938,
        183.30058939096267,
        113.28880157170924
      ]
    ]
  }
}