{
  "labels": {
    "浴室": [
      [
        [
          151.27102803738316,
          284.46728971962614
        ],
        [
          274.6355140186916,
          283.5327102803738
        ],
        [
          273.70093457943926,
          404.0934579439252
        ],
        [
          153.14018691588785,
          406.8971962616822
        ]
      ]
    ],
    "廊下": [
      [
        [
          219.4953271028037,
          417.1775700934579
        ],
        [
          490.5233644859813,
          416.2429906542056
        ],
        [
          489.58878504672896,
          267.6448598130841
        ],
        [
          281.1775700934579,
          268.57943925233644
        ],
        [
          280.2429906542056,
          209.70093457943926
        ],
        [
          486.7850467289719,
          206.8971962616822
        ],
        [
          487.7196261682243,
          142.411214953271
        ],
        [
          546.5981308411215,
          144.28037383177568
        ],
        [
          546.5981308411215,
          344.2803738317757
        ],
        [
          568.0934579439252,
          346.14953271028037
        ],
        [
          569.0280373831775,
          468.57943925233644
        ],
        [
          478.3738317757009,
          467.64485981308405
        ],
        [
          481.1775700934579,
          478.85981308411215
        ],
        [
          219.4953271028037,
          479.7943925233644
        ]
      ]
    ],
    "開戸": [
      [
        486.7850467289719,
        278.85981308411215,
        549.4018691588785,
        343.3457943925233
      ],
      [
        190.99099099099098,
        419.2522522522522,
        251.27102803738316,
        474.18691588785043
      ]
    ],
    "引戸": [
      [
        362.65437400016833,
        277.89155510650835,
        403.6036036036036,
        381.4144144144144
      ],
      [
        283.9813084112149,
        254.03031068451622,
        416.2162162162162,
        294.027027027027
      ],
      [
        351.3513513513513,
        184.11711711711706,
        480.1082765007999,
        220.57910246695292
      ],
      [
        257.2826471331144,
        278.0262692599141,
        293.69369369369366,
        391.32432432432427
      ],
      [
        256.7567567567567,
        140.87387387387383,
        295.45454545454544,
        272.99999999999994
      ]
    ]
  }
}