{
  "labels": {
    "洋室": [
      [
        [
          239.38842975206614,
          138.01652892561984
        ],
        [
          336.4958677685951,
          136.77685950413223
        ],
        [
          337.3223140495868,
          235.12396694214877
        ],
        [
          236.90909090909093,
          234.29752066115702
        ]
      ]
    ],
    "開戸": [
      [
        236.00725932544117,
        130.46683046683046,
        264.51965601965605,
        158.56600402054949
      ],
      [
        252.6115702479339,
        112.80991735537191,
        267.900826446281,
        135.9504132231405
      ]
    ],
    "引戸": [
      [
        239.46381505472414,
        106.05036855036855,
        278.9054054054054,
        117.9054054054054
      ],
      [
        153.90540540540542,
        94.5945945945946,
        167.900826446281,
        133.4710743801653
      ]
    ]
  }
}