{
  "labels": {
    "洋室": [
      [
        [
          69.875,
          34.95833333333334
        ],
        [
          66.75,
          267.25
        ],
        [
          429.25,
          271.4166666666667
        ],
        [
          424.0416666666667,
          151.625
        ],
        [
          367.7916666666667,
          155.79166666666669
        ],
        [
          367.3333333333333,
          94.0
        ],
        [
          306.6666666666667,
          92.66666666666667
        ],
        [
          305.2916666666667,
          31.833333333333343
        ]
      ]
    ],
    "引戸": [
      [
        124.51612903225806,
        246.0,
        246.0,
        291.96774193548384
      ],
      [
        258.0,
        242.66666666666669,
        364.0,
        286.6666666666667
      ],
      [
        407.3333333333333,
        155.33333333333334,
        453.3333333333333,
        266.0
      ],
      [
        462.9364161849711,
        274.65895953757223,
        506.6666666666667,
        370.6666666666667
      ],
      [
        431.3333333333333,
        70.0,
        541.3333333333334,
        114.66666666666666
      ],
      [
        526.6666666666666,
        377.3333333333333,
        570.3225806451612,
        498.41935483870964
      ],
      [
        522.0,
        98.66666666666666,
        562.6666666666667,
        211.33333333333334
      ]
    ],
    "開戸": [
      [
        374.0,
        296.6666666666667,
        421.84971098265896,
        346.5549132947977
      ],
      [
        395.57225433526014,
        338.77456647398844,
        465.3333333333333,
        402.0
      ]
    ]
  }
}