{
  "labels": {
    "洋室": [
      [
        [
          145.5,
          247.5
        ],
        [
          323.625,
          247.5
        ],
        [
          323.0,
          365.625
        ],
        [
          146.125,
          365.625
        ]
      ],
      [
        [
          363.625,
          130.0
        ],
        [
          499.875,
          129.375
        ],
        [
          499.25,
          266.875
        ],
        [
          401.125,
          266.875
        ],
        [
          401.125,
          206.25
        ],
        [
          363.625,
          206.25
        ]
      ],
      [
        [
          263.0,
          126.25
        ],
        [
          363.625,
          127.5
        ],
        [
          363.0,
          208.125
        ],
        [
          263.625,
          206.875
        ]
      ],
      [
        [
          361.75,
          265.625
        ],
        [
          498.0,
          268.125
        ],
        [
          498.625,
          365.0
        ],
        [
          323.0,
          365.625
        ],
        [
          322.375,
          286.25
        ],
        [
          363.0,
          286.25
        ]
      ]
    ],
    "廊下": [
      [
        [
          202.375,
          168.75
        ],
        [
          203.0,
          245.0
        ],
        [
          363.625,
          248.75
        ],
        [
          361.75,
          263.75
        ],
        [
          400.5,
          264.375
        ],
        [
          400.5,
          208.75
        ],
        [
          263.625,
          206.875
        ],
        [
          261.75,
          169.375
        ]
      ]
    ],
    "折戸": [
      [
        392.5064935064936,
        129.87012987012986,
        427.72727272727275,
        205.19480519480518
      ],
      [
        347.85714285714283,
        287.6623376623376,
        387.92694805194805,
        362.7840909090909
      ],
      [
        324.4691558441558,
        229.44805194805195,
        362.79220779220776,
        255.84415584415584
      ],
      [
        264.7402597402597,
        269.4805194805195,
        296.125,
        346.875
      ]
    ],
    "開戸": [
      [
        388.76623376623377,
        224.02597402597402,
        441.5551948051948,
        264.8538961038961
      ],
      [
        362.375,
        250.625,
        404.25,
        306.25
      ],
      [
        240.06493506493507,
        234.4155844155844,
        284.85064935064935,
        281.75324675324663
      ],
      [
        191.36363636363637,
        211.03896103896105,
        240.71428571428572,
        248.05194805194805
      ]
    ],
    "引戸": [
      [
        282.9220779220779,
        189.6103896103896,
        358.0909090909091,
        217.53246753246754
      ]
    ]
  }
}