{
  "labels": {
    "廊下": [
      [
        [
          435.7142857142857,
          206.9387755102041
        ],
        [
          432.2564102564103,
          536.3162393162394
        ],
        [
          469.38775510204084,
          571.2244897959184
        ],
        [
          666.3265306122449,
          569.1836734693877
        ],
        [
          672.4489795918367,
          444.6938775510204
        ],
        [
          553.0612244897959,
          448.7755102040816
        ],
        [
          553.0612244897959,
          210.0
        ]
      ]
    ],
    "浴室": [
      [
        [
          75.51020408163265,
          83.46938775510205
        ],
        [
          257.14285714285717,
          83.46938775510205
        ],
        [
          257.14285714285717,
          325.3061224489796
        ],
        [
          75.51020408163265,
          325.3061224489796
        ]
      ]
    ],
    "開戸": [
      [
        337.24561403508767,
        214.95882563551734,
        472.9502327246688,
        314.66666666666663
      ],
      [
        490.81632653061223,
        216.12244897959187,
        602.2972972972972,
        311.5135135135135
      ],
      [
        447.34234234234225,
        102.38596491228068,
        545.1403508771929,
        243.04504504504501
      ]
    ],
    "折戸": [
      [
        192.85714285714286,
        216.9189189189189,
        286.98198198198196,
        311.0204081632653
      ]
    ]
  }
}