{
  "labels": {
    "浴室": [
      [
        [
          179.17171717171715,
          127.30303030303031
        ],
        [
          249.87878787878788,
          127.30303030303031
        ],
        [
          248.8686868686869,
          191.94949494949495
        ],
        [
          183.2121212121212,
          194.97979797979798
        ]
      ]
    ],
    "LDK": [
      [
        [
          182.2020202020202,
          199.02020202020202
        ],
        [
          320.5858585858586,
          199.02020202020202
        ],
        [
          324.62626262626264,
          125.28282828282829
        ],
        [
          464.0202020202021,
          128.31313131313132
        ],
        [
          465.030303030303,
          340.4343434343434
        ],
        [
          179.17171717171715,
          341.44444444444446
        ]
      ]
    ],
    "廊下": [
      [
        [
          214.52525252525254,
          343.4646464646465
        ],
        [
          318.5656565656566,
          343.4646464646465
        ],
        [
          318.5656565656566,
          373.7676767676768
        ],
        [
          216.54545454545456,
          373.7676767676768
        ]
      ],
      [
        [
          326.4705882352941,
          347.7941176470588
        ],
        [
          461.7647058823529,
          348.52941176470586
        ],
        [
          461.7647058823529,
          415.44117647058823
        ],
        [
          430.88235294117646,
          416.17647058823525
        ],
        [
          428.67647058823525,
          379.4117647058823
        ],
        [
          325.735294117647,
          379.4117647058823
        ]
      ]
    ],
    "開戸": [
      [
        309.1885690446391,
        344.8268669169795,
        360.34042553191495,
        380.5602836879433
      ],
      [
        234.55882352941174,
        596.3235294117646,
        272.7941176470588,
        636.7647058823529
      ]
    ],
    "折戸": [
      [
        269.85294117647055,
        377.20588235294116,
        302.8936170212766,
        418.1489361702128
      ],
      [
        232.35294117647058,
        157.35294117647058,
        265.44117647058823,
        198.52941176470586
      ]
    ],
    "引戸": [
      [
        200.13037129745513,
        342.67313308302045,
        226.29787234042556,
        408.2198581560284
      ],
      [
        245.44680851063833,
        330.91489361702133,
        323.4511889862328,
        354.3074676679182
      ],
      [
        251.4705882352941,
        185.2941176470588,
        317.7872340425532,
        211.05673758865248
      ],
      [
        306.43971631205676,
        598.290780141844,
        335.5177304964539,
        656.4468085106383
      ]
    ]
  }
}