{
  "labels": {
    "廊下": [
      [
        [
          211.82051282051282,
          95.56410256410257
        ],
        [
          212.46153846153845,
          177.61538461538458
        ],
        [
          370.79487179487177,
          174.4102564102564
        ],
        [
          368.2307692307692,
          116.07692307692307
        ],
        [
          291.3076923076923,
          118.0
        ],
        [
          290.66666666666663,
          97.48717948717947
        ]
      ]
    ],
    "洋室": [
      [
        [
          93.23076923076923,
          17.35897435897435
        ],
        [
          213.74358974358972,
          17.35897435897435
        ],
        [
          213.74358974358972,
          176.97435897435895
        ],
        [
          93.23076923076923,
          176.97435897435895
        ]
      ],
      [
        [
          93.23076923076923,
          175.05128205128204
        ],
        [
          252.84615384615384,
          175.05128205128204
        ],
        [
          252.84615384615384,
          335.94871794871796
        ],
        [
          93.23076923076923,
          335.94871794871796
        ]
      ],
      [
        [
          289.38461538461536,
          178.25641025641022
        ],
        [
          451.56410256410254,
          178.25641025641022
        ],
        [
          451.56410256410254,
          334.66666666666663
        ],
        [
          289.38461538461536,
          334.66666666666663
        ]
      ]
    ],
    "開戸": [
      [
        212.11111111111114,
        164.10256410256412,
        248.35897435897434,
        207.74358974358972
      ]
    ],
    "折戸": [
      [
        257.8771929824561,
        85.0877192982456,
        289.38461538461536,
        111.58974358974359
      ],
      [
        193.84210526315786,
        20.614035087719294,
        228.92577597840753,
        94.11336032388664
      ],
      [
        232.33333333333331,
        258.3333333333333,
        270.1578947368421,
        332.1025641025641
      ],
      [
        278.92982456140345,
        177.37921727395408,
        310.74089068825907,
        254.38596491228068
      ]
    ],
    "引戸": [
      [
        293.7350427350428,
        164.4736842105263,
        367.9649122807017,
        187.6855600539811
      ],
      [
        373.6495726495727,
        161.96581196581198,
        446.7264957264957,
        185.8974358974359
      ],
      [
        201.42735042735046,
        100.85470085470087,
        223.22222222222223,
        168.80341880341882
      ]
    ]
  }
}