{
  "labels": {
    "洋室": [
      [
        [
          15.747474747474755,
          15.151515151515152
        ],
        [
          148.57575757575756,
          15.151515151515152
        ],
        [
          149.5858585858586,
          128.2828282828283
        ],
        [
          16.757575757575765,
          127.77777777777779
        ]
      ],
      [
        [
          14.737373737373744,
          173.23232323232324
        ],
        [
          150.09090909090907,
          174.74747474747474
        ],
        [
          150.09090909090907,
          310.1010101010101
        ],
        [
          15.24242424242425,
          309.0909090909091
        ]
      ],
      [
        [
          153.62626262626264,
          174.74747474747474
        ],
        [
          289.4848484848485,
          175.25252525252526
        ],
        [
          287.969696969697,
          311.1111111111111
        ],
        [
          153.12121212121212,
          310.6060606060606
        ]
      ]
    ],
    "廊下": [
      [
        [
          151.1010101010101,
          94.44444444444444
        ],
        [
          286.45454545454544,
          96.46464646464646
        ],
        [
          285.949494949495,
          131.31313131313132
        ],
        [
          206.65656565656565,
          129.2929292929293
        ],
        [
          206.65656565656565,
          170.2020202020202
        ],
        [
          94.53535353535355,
          170.2020202020202
        ],
        [
          93.02020202020202,
          131.31313131313132
        ],
        [
          151.60606060606062,
          131.8181818181818
        ]
      ]
    ],
    "開戸": [
      [
        167.7676767676768,
        83.81776953205525,
        215.24242424242425,
        127.25211296639868
      ],
      [
        171.3030303030303,
        134.34343434343435,
        212.2121212121212,
        182.32323232323233
      ],
      [
        93.52525252525254,
        134.84848484848484,
        133.92929292929293,
        181.31313131313132
      ]
    ],
    "引戸": [
      [
        79.7551020408163,
        117.55102040816325,
        149.5858585858586,
        140.8328179756751
      ]
    ],
    "折戸": [
      [
        12.309008451865608,
        162.50876108018966,
        89.07668521954238,
        191.29663986806844
      ],
      [
        209.58998144712433,
        160.6617192331478,
        287.3677592249021,
        193.49000206143063
      ]
    ]
  }
}