{
  "labels": {
    "洋室": [
      [
        [
          234.93150684931504,
          103.42465753424658
        ],
        [
          236.98630136986299,
          313.6986301369863
        ],
        [
          403.42465753424665,
          313.013698630137
        ],
        [
          406.16438356164383,
          103.42465753424658
        ]
      ],
      [
        [
          401.3698630136986,
          313.013698630137
        ],
        [
          232.8767123287671,
          313.013698630137
        ],
        [
          234.93150684931504,
          419.86301369863014
        ],
        [
          276.71232876712327,
          421.2328767123288
        ],
        [
          277.3972602739726,
          481.5068493150685
        ],
        [
          400.68493150684935,
          481.5068493150685
        ]
      ],
      [
        [
          111.64383561643837,
          354.1095890410959
        ],
        [
          236.98630136986299,
          356.16438356164383
        ],
        [
          236.30136986301375,
          418.4931506849315
        ],
        [
          276.71232876712327,
          418.4931506849315
        ],
        [
          278.082191780822,
          482.87671232876716
        ],
        [
          109.58904109589042,
          482.1917808219178
        ]
      ]
    ],
    "廊下": [
      [
        [
          151.36986301369865,
          273.28767123287673
        ],
        [
          152.05479452054794,
          311.64383561643837
        ],
        [
          195.20547945205482,
          312.32876712328766
        ],
        [
          195.8904109589041,
          354.1095890410959
        ],
        [
          235.6164383561644,
          354.79452054794524
        ],
        [
          234.93150684931504,
          272.6027397260274
        ]
      ]
    ],
    "折戸": [
      [
        265.2446183953033,
        353.9530332681018,
        296.57142857142856,
        419.4285714285714
      ],
      [
        213.71428571428567,
        414.4285714285714,
        247.99999999999994,
        480.85714285714283
      ]
    ],
    "開戸": [
      [
        218.71428571428567,
        315.85714285714283,
        273.6497064579256,
        353.3365949119374
      ],
      [
        194.52054794520546,
        337.67123287671234,
        238.3561643835617,
        395.8904109589041
      ],
      [
        157.28571428571422,
        297.99999999999994,
        193.15068493150687,
        350.0
      ],
      [
        219.4285714285714,
        272.2857142857143,
        272.36790606653625,
        310.03913894324853
      ]
    ],
    "引戸": [
      [
        223.28767123287673,
        145.2054794520548,
        252.05479452054794,
        211.64383561643837
      ]
    ]
  }
}