{
  "labels": {
    "洋室": [
      [
        [
          145.7760617760618,
          89.1891891891892
        ],
        [
          267.011583011583,
          89.57528957528957
        ],
        [
          266.2393822393823,
          162.54826254826256
        ],
        [
          144.6177606177606,
          162.93436293436295
        ]
      ],
      [
        [
          168.94208494208493,
          163.7065637065637
        ],
        [
          169.71428571428572,
          186.48648648648648
        ],
        [
          145.7760617760618,
          186.87258687258688
        ],
        [
          144.6177606177606,
          260.6177606177606
        ],
        [
          266.6254826254826,
          261.003861003861
        ],
        [
          265.0810810810811,
          162.16216216216216
        ]
      ]
    ],
    "廊下": [
      [
        [
          144.6177606177606,
          162.93436293436295
        ],
        [
          146.1621621621622,
          187.25868725868727
        ],
        [
          170.4864864864865,
          186.48648648648648
        ],
        [
          170.4864864864865,
          163.32046332046332
        ]
      ]
    ],
    "開戸": [
      [
        219.90733590733595,
        139.3822393822394,
        252.72586872586874,
        162.93436293436295
      ],
      [
        146.1621621621622,
        138.61003861003863,
        170.10038610038612,
        170.65637065637065
      ],
      [
        139.6,
        137.2,
        167.34208494208494,
        157.3760617760618
      ],
      [
        148.4787644787645,
        180.3088803088803,
        172.03088803088804,
        210.81081081081084
      ]
    ],
    "引戸": [
      [
        230.71814671814673,
        89.1891891891892,
        252.72586872586874,
        138.61003861003863
      ],
      [
        232.64864864864865,
        161.7760617760618,
        251.5675675675676,
        262.1621621621622
      ]
    ]
  }
}