{
  "labels": {
    "洋室": [
      [
        [
          146.61904761904762,
          245.52380952380952
        ],
        [
          148.52380952380952,
          309.3333333333333
        ],
        [
          20.904761904761905,
          312.19047619047615
        ],
        [
          20.904761904761905,
          505.5238095238095
        ],
        [
          217.09523809523807,
          507.42857142857144
        ],
        [
          214.23809523809524,
          241.71428571428572
        ]
      ],
      [
        [
          152.33333333333331,
          54.095238095238074
        ],
        [
          410.4285714285714,
          54.095238095238074
        ],
        [
          410.4285714285714,
          246.47619047619048
        ],
        [
          152.33333333333331,
          246.47619047619048
        ]
      ],
      [
        [
          406.6190476190476,
          314.0952380952381
        ],
        [
          611.3809523809524,
          314.0952380952381
        ],
        [
          611.3809523809524,
          510.2857142857142
        ],
        [
          406.6190476190476,
          510.2857142857142
        ]
      ],
      [
        [
          411.38095238095235,
          59.809523809523796
        ],
        [
          547.5714285714286,
          59.809523809523796
        ],
        [
          547.5714285714286,
          189.33333333333331
        ],
        [
          411.38095238095235,
          189.33333333333331
        ]
      ]
    ],
    "廊下": [
      [
        [
          211.38095238095238,
          244.57142857142856
        ],
        [
          603.7619047619047,
          244.57142857142856
        ],
        [
          603.7619047619047,
          314.0952380952381
        ],
        [
          211.38095238095238,
          314.0952380952381
        ]
      ]
    ],
    "開戸": [
      [
        164.7142857142857,
        254.09523809523807,
        229.36994219653178,
        311.5606936416185
      ]
    ],
    "折戸": [
      [
        586.5474814203138,
        320.3159922928708,
        631.6820809248555,
        406.9364161849711
      ],
      [
        591.0066061106523,
        415.60693641618496,
        628.2138728323699,
        503.6190476190476
      ],
      [
        28.523809523809522,
        291.90751445086704,
        149.60115606936415,
        338.85714285714283
      ],
      [
        131.68208092485548,
        57.80346820809249,
        179.65895953757223,
        117.91907514450867
      ]
    ],
    "引戸": [
      [
        279.95238095238096,
        228.32369942196533,
        406.8265895953757,
        271.23809523809524
      ],
      [
        588.6284062758051,
        198.84393063583815,
        619.5433526011561,
        309.3333333333333
      ],
      [
        471.21080791867314,
        297.6543606206527,
        604.5441412520065,
        333.8448368111289
      ]
    ]
  }
}