{
  "labels": {
    "LDK": [
      [
        [
          177.69491525423732,
          161.71186440677968
        ],
        [
          177.69491525423732,
          649.8474576271187
        ],
        [
          448.0338983050848,
          653.2372881355933
        ],
        [
          450.57627118644075,
          382.0508474576271
        ],
        [
          433.6271186440678,
          383.7457627118644
        ],
        [
          433.6271186440678,
          314.2542372881356
        ],
        [
          451.42372881355936,
          313.40677966101697
        ],
        [
          450.57627118644075,
          42.22033898305085
        ],
        [
          242.94915254237287,
          43.91525423728814
        ],
        [
          245.49152542372883,
          110.01694915254238
        ],
        [
          285.3220338983051,
          110.86440677966102
        ],
        [
          282.77966101694915,
          251.54237288135596
        ],
        [
          242.94915254237287,
          249.84745762711864
        ],
        [
          244.64406779661016,
          160.0169491525424
        ]
      ]
    ],
    "浴室": [
      [
        [
          43.79661016949153,
          43.067796610169495
        ],
        [
          186.16949152542372,
          43.067796610169495
        ],
        [
          186.16949152542372,
          176.11864406779662
        ],
        [
          43.79661016949153,
          176.11864406779662
        ]
      ]
    ],
    "廊下": [
      [
        [
          39.55932203389831,
          447.3050847457627
        ],
        [
          181.93220338983053,
          447.3050847457627
        ],
        [
          181.93220338983053,
          518.4915254237288
        ],
        [
          39.55932203389831,
          518.4915254237288
        ]
      ]
    ],
    "開戸": [
      [
        126.36319612590796,
        456.5733118106,
        202.77777777777771,
        513.4920634920635
      ],
      [
        163.88524590163934,
        385.4406779661017,
        209.8983050847458,
        445.5409836065574
      ],
      [
        192.57377049180332,
        144.72131147540983,
        235.3220338983051,
        210.0169491525424
      ]
    ],
    "引戸": [
      [
        162.30158730158735,
        186.28813559322035,
        201.42372881355936,
        303.1746031746032
      ]
    ],
    "折戸": [
      [
        125.36065573770492,
        150.6949152542373,
        173.45762711864407,
        199.63934426229508
      ],
      [
        227.6949152542373,
        187.34426229508196,
        268.80327868852464,
        243.91525423728814
      ]
    ]
  }
}