{
  "labels": {
    "LDK": [
      [
        [
          352.7619047619048,
          166.23809523809524
        ],
        [
          352.7619047619048,
          454.33333333333337
        ],
        [
          173.0,
          454.33333333333337
        ],
        [
          178.95238095238096,
          741.2380952380953
        ],
        [
          711.0952380952381,
          741.2380952380953
        ],
        [
          714.6666666666667,
          311.4761904761905
        ],
        [
          642.047619047619,
          311.4761904761905
        ],
        [
          640.8571428571429,
          171.0
        ]
      ]
    ],
    "浴室": [
      [
        [
          176.57142857142856,
          165.04761904761907
        ],
        [
          352.7619047619048,
          166.23809523809524
        ],
        [
          353.95238095238096,
          310.2857142857143
        ],
        [
          175.3809523809524,
          310.2857142857143
        ]
      ]
    ],
    "廊下": [
      [
        [
          713.4761904761906,
          453.14285714285717
        ],
        [
          858.7142857142858,
          455.5238095238095
        ],
        [
          857.5238095238096,
          528.1428571428571
        ],
        [
          761.0952380952381,
          596.0
        ],
        [
          715.8571428571429,
          597.1904761904763
        ]
      ]
    ],
    "引戸": [
      [
        782.5238095238096,
        423.3809523809524,
        931.3333333333335,
        475.76190476190476
      ],
      [
        689.6666666666667,
        307.9047619047619,
        731.3333333333335,
        455.5238095238095
      ],
      [
        337.28571428571433,
        230.52380952380952,
        377.7619047619048,
        388.8571428571429
      ]
    ],
    "折戸": [
      [
        824.1904761904761,
        454.33333333333337,
        886.0952380952381,
        536.4761904761905
      ],
      [
        756.3333333333335,
        592.4285714285714,
        801.5714285714287,
        743.6190476190476
      ],
      [
        276.57142857142856,
        278.14285714285717,
        351.57142857142856,
        338.8571428571429
      ],
      [
        787.8148148148148,
        220.69135802469134,
        921.148148148148,
        276.2469135802469
      ]
    ],
    "開戸": [
      [
        658.8024691358028,
        458.34567901234567,
        737.2592592592591,
        528.0987654320987
      ],
      [
        642.1358024691358,
        292.2962962962963,
        713.4761904761906,
        368.61904761904765
      ]
    ]
  }
}