{
  "labels": {
    "廊下": [
      [
        [
          107.38636363636364,
          104.29545454545455
        ],
        [
          108.52272727272727,
          147.47727272727272
        ],
        [
          149.4318181818182,
          146.3409090909091
        ],
        [
          148.29545454545453,
          188.38636363636363
        ],
        [
          190.3409090909091,
          187.25
        ],
        [
          189.77272727272728,
          272.47727272727275
        ],
        [
          231.8181818181818,
          270.20454545454544
        ],
        [
          231.8181818181818,
          189.52272727272728
        ],
        [
          272.15909090909093,
          188.95454545454547
        ],
        [
          272.15909090909093,
          124.75
        ],
        [
          190.9090909090909,
          125.88636363636363
        ],
        [
          190.3409090909091,
          102.02272727272727
        ]
      ]
    ],
    "LDK": [
      [
        [
          25.568181818181817,
          270.20454545454544
        ],
        [
          397.72727272727275,
          270.20454545454544
        ],
        [
          397.72727272727275,
          435.54545454545456
        ],
        [
          25.568181818181817,
          435.54545454545456
        ]
      ]
    ],
    "浴室": [
      [
        [
          25.0,
          22.477272727272727
        ],
        [
          108.52272727272727,
          22.477272727272727
        ],
        [
          108.52272727272727,
          106.56818181818181
        ],
        [
          25.0,
          106.56818181818181
        ]
      ]
    ],
    "開戸": [
      [
        193.2772277227723,
        257.4158415841584,
        227.8409090909091,
        302.59090909090907
      ],
      [
        138.8217821782178,
        149.1818181818182,
        168.75,
        188.1089108910891
      ],
      [
        117.00796031379787,
        88.32487309644671,
        147.91370558375633,
        134.68885556068295
      ],
      [
        150.5681818181818,
        263.4517766497462,
        188.01522842639594,
        287.25
      ],
      [
        259.61386138613864,
        149.75,
        305.1136363636364,
        181.67326732673268
      ]
    ],
    "折戸": [
      [
        73.29441624365484,
        88.50749884633132,
        101.01522842639594,
        123.85786802030456
      ]
    ],
    "引戸": [
      [
        93.09137055837564,
        109.16682048915551,
        120.92466543608674,
        172.58883248730965
      ],
      [
        40.30693069306932,
        256.4257425742574,
        103.1782178217822,
        283.65346534653463
      ],
      [
        178.4257425742574,
        31.178217821782177,
        203.67326732673268,
        101.97029702970298
      ],
      [
        277.4105141478615,
        255.4859023973464,
        392.26199929637636,
        285.1888726943761
      ],
      [
        258.1287128712871,
        193.05940594059405,
        285.8514851485148,
        265.33663366336634
      ],
      [
        35.39412976830678,
        173.70221641453486,
        105.69115947127707,
        203.40518671156457
      ]
    ]
  }
}