{
  "labels": {
    "洋室": [
      [
        [
          21.1340206185567,
          56.381443298969074
        ],
        [
          187.11340206185568,
          57.41237113402062
        ],
        [
          185.56701030927834,
          216.17525773195877
        ],
        [
          25.77319587628866,
          216.17525773195877
        ]
      ],
      [
        [
          187.62886597938146,
          56.89690721649485
        ],
        [
          349.4845360824742,
          55.865979381443296
        ],
        [
          347.93814432989694,
          219.2680412371134
        ],
        [
          186.5979381443299,
          218.75257731958763
        ]
      ],
      [
        [
          471.64948453608247,
          19.78350515463918
        ],
        [
          631.9587628865979,
          18.75257731958763
        ],
        [
          631.4432989690722,
          179.57731958762886
        ],
        [
          474.22680412371136,
          179.57731958762886
        ]
      ]
    ],
    "廊下": [
      [
        [
          126.80412371134021,
          220.29896907216497
        ],
        [
          391.2371134020619,
          220.81443298969072
        ],
        [
          390.7216494845361,
          139.88659793814435
        ],
        [
          470.61855670103097,
          139.37113402061857
        ],
        [
          469.5876288659794,
          257.9278350515464
        ],
        [
          128.35051546391753,
          259.4742268041237
        ]
      ]
    ],
    "開戸": [
      [
        119.0721649484536,
        177.51546391752578,
        189.69072164948454,
        224.93814432989691
      ],
      [
        226.28865979381445,
        180.60824742268042,
        290.2061855670103,
        225.96907216494847
      ],
      [
        180.9278350515464,
        218.75257731958763,
        227.83505154639175,
        266.69072164948454
      ],
      [
        426.8041237113402,
        134.21649484536084,
        468.0412371134021,
        167.7216494845361
      ],
      [
        467.5257731958763,
        136.7938144329897,
        513.4020618556701,
        182.15463917525773
      ],
      [
        462.88659793814435,
        217.7216494845361,
        513.9175257731958,
        262.0515463917526
      ]
    ],
    "折戸": [
      [
        163.91752577319588,
        57.41237113402062,
        190.7216494845361,
        216.17525773195877
      ],
      [
        328.35051546391753,
        59.98969072164948,
        352.0618556701031,
        139.37113402061857
      ],
      [
        328.8659793814433,
        134.21649484536084,
        353.60824742268045,
        219.2680412371134
      ],
      [
        473.1958762886598,
        158.95876288659795,
        635.5670103092783,
        184.21649484536084
      ]
    ]
  }
}