{
  "labels": {
    "廊下": [
      [
        [
          81.0,
          210.0
        ],
        [
          80.33333333333333,
          274.6666666666667
        ],
        [
          277.0,
          276.0
        ],
        [
          278.3333333333333,
          210.66666666666666
        ],
        [
          343.6666666666667,
          212.66666666666666
        ],
        [
          343.0,
          80.66666666666667
        ],
        [
          212.33333333333334,
          82.0
        ],
        [
          211.66666666666666,
          210.66666666666666
        ]
      ]
    ],
    "洋室": [
      [
        [
          15.666666666666668,
          276.0
        ],
        [
          15.666666666666668,
          469.3333333333333
        ],
        [
          279.0,
          472.0
        ],
        [
          276.3333333333333,
          372.0
        ],
        [
          212.33333333333334,
          371.3333333333333
        ],
        [
          211.0,
          275.3333333333333
        ]
      ],
      [
        [
          12.333333333333334,
          12.666666666666664
        ],
        [
          214.33333333333334,
          12.666666666666664
        ],
        [
          214.33333333333334,
          147.33333333333334
        ],
        [
          12.333333333333334,
          147.33333333333334
        ]
      ],
      [
        [
          281.0,
          209.33333333333334
        ],
        [
          474.3333333333333,
          209.33333333333334
        ],
        [
          474.3333333333333,
          473.3333333333333
        ],
        [
          281.0,
          473.3333333333333
        ]
      ]
    ],
    "折戸": [
      [
        185.0,
        283.13953488372096,
        230.11627906976747,
        367.3333333333333
      ]
    ],
    "引戸": [
      [
        237.09302325581393,
        61.627906976744185,
        336.51162790697674,
        95.93023255813954
      ],
      [
        196.04347826086956,
        38.04347826086956,
        231.3695652173913,
        138.04347826086956
      ],
      [
        85.17391304347825,
        255.8139534883721,
        188.83720930232556,
        291.30434782608694
      ],
      [
        259.7674418604651,
        216.86046511627907,
        294.6511627906977,
        315.69767441860466
      ]
    ]
  }
}