{
  "labels": {
    "洋室": [
      [
        [
          583.2230215827337,
          181.3597122302158
        ],
        [
          501.2086330935251,
          184.23741007194243
        ],
        [
          501.9280575539568,
          235.3165467625899
        ],
        [
          370.9928057553956,
          236.75539568345323
        ],
        [
          369.5539568345323,
          397.90647482014384
        ],
        [
          585.3812949640287,
          396.4676258992805
        ]
      ],
      [
        [
          369.5539568345323,
          20.928057553956833
        ],
        [
          370.9928057553956,
          237.47482014388487
        ],
        [
          501.2086330935251,
          234.59712230215825
        ],
        [
          502.6474820143884,
          184.95683453237407
        ],
        [
          585.3812949640287,
          182.07913669064746
        ],
        [
          583.9424460431654,
          23.80575539568345
        ]
      ],
      [
        [
          157.3237410071942,
          236.03597122302153
        ],
        [
          155.88489208633092,
          502.22302158273374
        ],
        [
          370.9928057553956,
          503.661870503597
        ],
        [
          370.273381294964,
          341.79136690647476
        ],
        [
          335.0215827338129,
          343.2302158273381
        ],
        [
          334.3021582733812,
          233.87769784172662
        ]
      ]
    ],
    "廊下": [
      [
        [
          209.84172661870502,
          128.84172661870502
        ],
        [
          210.56115107913666,
          235.3165467625899
        ],
        [
          369.5539568345323,
          234.59712230215825
        ],
        [
          371.7122302158273,
          168.41007194244602
        ],
        [
          262.3597122302158,
          169.84892086330933
        ],
        [
          263.07913669064743,
          129.56115107913666
        ]
      ]
    ],
    "折戸": [
      [
        505.845887145705,
        224.793880558204,
        583.0843373493975,
        263.4578313253012
      ],
      [
        425.2183409898587,
        153.68787379734763,
        503.5662650602409,
        194.18072289156626
      ]
    ],
    "開戸": [
      [
        371.0101412845626,
        222.618271647742,
        424.6506024096385,
        280.32530120481925
      ],
      [
        372.8000346710582,
        135.11718817716908,
        418.0240963855421,
        198.39759036144576
      ],
      [
        279.40920516598766,
        223.58906128109555,
        331.8795180722891,
        282.13253012048193
      ],
      [
        190.4172661870503,
        184.95683453237407,
        256.60431654676256,
        236.75539568345323
      ],
      [
        139.33812949640287,
        234.59712230215825,
        205.52517985611507,
        288.55395683453236
      ]
    ]
  }
}