{
  "labels": {
    "LDK": [
      [
        [
          11.235668789808926,
          13.012738853503183
        ],
        [
          295.312101910828,
          13.64968152866242
        ],
        [
          294.67515923566873,
          241.6751592356688
        ],
        [
          183.21019108280257,
          241.6751592356688
        ],
        [
          183.84713375796173,
          355.68789808917194
        ],
        [
          237.35031847133757,
          356.3248407643312
        ],
        [
          236.7133757961783,
          527.6624203821656
        ],
        [
          8.05095541401272,
          528.2993630573249
        ]
      ]
    ],
    "開戸": [
      [
        240.08665772712038,
        18.233992624874293,
        283.8421052631579,
        65.78947368421052
      ]
    ],
    "折戸": [
      [
        32.40144150184369,
        14.705665437479045,
        62.78947368421046,
        69.73684210526315
      ]
    ]
  }
}