{
  "labels": {
    "廊下": [
      [
        [
          241.75925925925924,
          67.12962962962962
        ],
        [
          238.01169590643275,
          235.28654970760232
        ],
        [
          296.49122807017545,
          238.79532163742692
        ],
        [
          294.7368421052632,
          158.6783625730994
        ],
        [
          352.046783625731,
          159.84795321637426
        ],
        [
          352.8703703703703,
          67.5925925925926
        ]
      ]
    ],
    "洋室": [
      [
        [
          8.187134502923977,
          10.140350877192986
        ],
        [
          9.35672514619883,
          181.48538011695908
        ],
        [
          238.5964912280702,
          182.65497076023394
        ],
        [
          238.5964912280702,
          120.66666666666666
        ],
        [
          178.36257309941521,
          123.59064327485382
        ],
        [
          179.53216374269007,
          6.631578947368425
        ]
      ],
      [
        [
          7.60233918128655,
          183.23976608187135
        ],
        [
          12.865497076023392,
          354.0
        ],
        [
          179.53216374269007,
          352.2456140350877
        ],
        [
          179.53216374269007,
          236.4561403508772
        ],
        [
          239.76608187134502,
          237.04093567251465
        ],
        [
          238.5964912280702,
          180.31578947368422
        ]
      ],
      [
        [
          242.10526315789474,
          237.62573099415204
        ],
        [
          239.1812865497076,
          408.97076023391816
        ],
        [
          467.8362573099415,
          408.97076023391816
        ],
        [
          466.2962962962963,
          156.94444444444443
        ],
        [
          298.2456140350877,
          157.50877192982458
        ],
        [
          296.49122807017545,
          239.96491228070175
        ]
      ]
    ],
    "開戸": [
      [
        308.4259259259259,
        75.46296296296296,
        372.36842105263156,
        113.8196881091618
      ],
      [
        183.42592592592592,
        129.07309941520467,
        257.16374269005854,
        174.53703703703704
      ],
      [
        183.42592592592592,
        184.7222222222222,
        256.2378167641326,
        232.874269005848
      ]
    ],
    "折戸": [
      [
        155.28752436647173,
        15.403508771929829,
        191.29629629629628,
        118.05555555555554
      ],
      [
        155.64814814814812,
        242.47465886939568,
        190.78947368421052,
        346.29629629629625
      ]
    ],
    "引戸": [
      [
        280.55555555555554,
        134.25925925925924,
        312.59259259259255,
        231.94834307992207
      ]
    ]
  }
}