{
  "labels": {
    "洋室": [
      [
        [
          341.1392405063291,
          351.2658227848101
        ],
        [
          498.73417721518985,
          352.53164556962025
        ],
        [
          499.3670886075949,
          538.6075949367089
        ],
        [
          341.77215189873414,
          540.506329113924
        ]
      ],
      [
        [
          555.6962025316456,
          223.41772151898732
        ],
        [
          706.9620253164557,
          225.94936708860757
        ],
        [
          706.9620253164557,
          541.1392405063291
        ],
        [
          500.63291139240505,
          539.2405063291139
        ],
        [
          501.2658227848101,
          436.70886075949363
        ],
        [
          551.2658227848101,
          437.9746835443038
        ]
      ]
    ],
    "廊下": [
      [
        [
          443.0379746835443,
          170.88607594936707
        ],
        [
          445.56962025316454,
          275.9493670886076
        ],
        [
          500.0,
          277.2151898734177
        ],
        [
          499.3670886075949,
          436.0759493670886
        ],
        [
          553.1645569620252,
          436.70886075949363
        ],
        [
          552.5316455696202,
          222.1518987341772
        ],
        [
          501.89873417721515,
          222.78481012658227
        ],
        [
          501.2658227848101,
          169.62025316455694
        ]
      ]
    ],
    "折戸": [
      [
        536.5000652485971,
        442.48988646744095,
        582.4742268041238,
        532.9896907216495
      ],
      [
        505.1546391752577,
        212.37113402061857,
        548.1534647005091,
        247.07033798773324
      ]
    ],
    "引戸": [
      [
        569.0721649484536,
        363.4020618556701,
        702.5773195876288,
        401.03092783505156
      ],
      [
        480.19052590369307,
        385.3908390969594,
        510.82474226804123,
        477.319587628866
      ],
      [
        388.86206446561397,
        335.3712645178129,
        467.5257731958763,
        364.9484536082474
      ],
      [
        532.2328069946496,
        231.14968028187388,
        573.1958762886599,
        322.16494845360825
      ]
    ],
    "開戸": [
      [
        504.7109487146026,
        388.1378050371916,
        567.0103092783505,
        431.4432989690722
      ]
    ]
  }
}