{
  "labels": {
    "浴室": [
      [
        [
          146.6551724137931,
          209.6551724137931
        ],
        [
          208.0344827586207,
          210.3448275862069
        ],
        [
          208.0344827586207,
          269.65517241379314
        ],
        [
          147.34482758620692,
          270.3448275862069
        ]
      ]
    ],
    "LDK": [
      [
        [
          144.58620689655174,
          276.55172413793105
        ],
        [
          382.51724137931035,
          277.2413793103448
        ],
        [
          381.82758620689657,
          409.65517241379314
        ],
        [
          143.20689655172416,
          411.7241379310345
        ]
      ]
    ],
    "洋室": [
      [
        [
          383.89655172413796,
          307.58620689655174
        ],
        [
          519.0689655172414,
          310.3448275862069
        ],
        [
          518.3793103448276,
          409.65517241379314
        ],
        [
          385.9655172413793,
          409.65517241379314
        ]
      ]
    ],
    "廊下": [
      [
        [
          332.86206896551727,
          211.0344827586207
        ],
        [
          381.82758620689657,
          211.0344827586207
        ],
        [
          382.51724137931035,
          272.41379310344826
        ],
        [
          332.1724137931035,
          273.1034482758621
        ]
      ]
    ],
    "開戸": [
      [
        416.0,
        296.0674157303371,
        449.41379310344826,
        325.51724137931035
      ],
      [
        364.58620689655174,
        275.86206896551727,
        385.9655172413793,
        310.3448275862069
      ]
    ],
    "引戸": [
      [
        300.4056567222007,
        269.47694691979854,
        367.685393258427,
        288.2022471910112
      ],
      [
        366.0,
        305.0561797752809,
        395.7752808988764,
        380.8988764044944
      ],
      [
        449.14606741573033,
        297.75280898876406,
        521.0561797752808,
        319.6629213483146
      ],
      [
        200.26966292134833,
        205.0561797752809,
        222.05617977528092,
        274.48275862068965
      ],
      [
        217.12359550561797,
        262.92134831460675,
        287.0891127469973,
        282.37504843084076
      ],
      [
        284.7303370786517,
        207.86516853932582,
        308.69662921348316,
        276.96629213483146
      ]
    ]
  }
}