{
  "labels": {
    "廊下": [
      [
        [
          46.66666666666667,
          147.5
        ],
        [
          44.16666666666667,
          368.33333333333337
        ],
        [
          105.83333333333334,
          370.0
        ],
        [
          100.83333333333334,
          266.6666666666667
        ],
        [
          336.6666666666667,
          265.83333333333337
        ],
        [
          336.6666666666667,
          205.83333333333334
        ],
        [
          104.16666666666669,
          206.66666666666669
        ],
        [
          104.16666666666669,
          146.66666666666669
        ]
      ]
    ],
    "洋室": [
      [
        [
          105.83333333333334,
          120.0
        ],
        [
          102.5,
          207.5
        ],
        [
          335.0,
          205.0
        ],
        [
          336.6666666666667,
          30.833333333333336
        ],
        [
          147.5,
          27.5
        ],
        [
          148.33333333333334,
          120.83333333333334
        ]
      ],
      [
        [
          336.6666666666667,
          76.66666666666667
        ],
        [
          335.0,
          266.6666666666667
        ],
        [
          510.0,
          266.6666666666667
        ],
        [
          511.66666666666674,
          32.5
        ],
        [
          426.6666666666667,
          30.0
        ],
        [
          425.0,
          75.83333333333334
        ]
      ],
      [
        [
          280.0,
          263.33333333333337
        ],
        [
          513.3333333333334,
          263.33333333333337
        ],
        [
          513.3333333333334,
          437.5
        ],
        [
          280.0,
          437.5
        ]
      ]
    ],
    "開戸": [
      [
        58.25,
        133.45945945945945,
        100.83783783783787,
        187.88888888888889
      ],
      [
        280.5675675675676,
        160.83333333333334,
        330.0,
        222.64864864864865
      ],
      [
        321.78378378378375,
        211.5,
        386.0277777777778,
        258.57207207207216
      ],
      [
        283.94444444444446,
        245.55555555555554,
        332.08333333333337,
        312.8888888888889
      ]
    ],
    "折戸": [
      [
        169.0810810810811,
        240.0,
        268.33333333333337,
        278.72972972972974
      ],
      [
        83.61111111111111,
        267.9376876876877,
        121.85885885885887,
        318.19444444444446
      ],
      [
        133.94594594594594,
        33.333333333333336,
        170.83333333333334,
        117.24324324324324
      ],
      [
        341.3408408408409,
        57.070570570570574,
        417.7777777777779,
        99.44444444444446
      ]
    ],
    "引戸": [
      [
        260.8791291291291,
        328.01651651651656,
        296.44444444444446,
        430.94444444444446
      ]
    ]
  }
}