{
  "labels": {
    "LDK": [
      [
        [
          479.6116504854368,
          321.33009708737865
        ],
        [
          476.69902912621353,
          466.9611650485437
        ],
        [
          335.9223300970874,
          466.9611650485437
        ],
        [
          336.8932038834952,
          535.8932038834952
        ],
        [
          262.13592233009706,
          536.8640776699029
        ],
        [
          264.0776699029126,
          826.1844660194174
        ],
        [
          838.8349514563106,
          823.2718446601941
        ],
        [
          835.9223300970873,
          251.4271844660194
        ],
        [
          549.5145631067961,
          250.45631067961165
        ],
        [
          553.3980582524272,
          323.2718446601942
        ]
      ]
    ],
    "浴室": [
      [
        [
          121.35922330097088,
          680.5533980582524
        ],
        [
          264.0776699029126,
          681.5242718446601
        ],
        [
          265.04854368932035,
          823.2718446601941
        ],
        [
          123.30097087378641,
          821.3300970873786
        ]
      ]
    ],
    "廊下": [
      [
        [
          265.04854368932035,
          249.48543689320388
        ],
        [
          550.4854368932039,
          252.39805825242718
        ],
        [
          552.4271844660194,
          323.2718446601942
        ],
        [
          333.0097087378641,
          323.2718446601942
        ],
        [
          334.95145631067965,
          465.9902912621359
        ],
        [
          193.20388349514565,
          465.9902912621359
        ],
        [
          192.23300970873782,
          322.3009708737864
        ],
        [
          264.0776699029126,
          318.41747572815535
        ]
      ]
    ],
    "折戸": [
      [
        550.4854368932039,
        297.05825242718447,
        690.1313131313132,
        361.6363636363636
      ],
      [
        690.2912621359224,
        298.02912621359224,
        840.6363636363637,
        363.65656565656565
      ],
      [
        333.9805825242719,
        520.3592233009708,
        479.0202020202021,
        578.8080808080808
      ],
      [
        184.50524664116887,
        665.2940080415809,
        264.8787878787879,
        720.2222222222223
      ]
    ],
    "開戸": [
      [
        485.9468471118955,
        294.1064038442679,
        551.8888888888889,
        386.8888888888889
      ],
      [
        190.2912621359223,
        254.3398058252427,
        260.83838383838383,
        344.4646464646465
      ]
    ],
    "引戸": [
      [
        237.94253211728943,
        540.1297440423654,
        287.24242424242425,
        674.7676767676768
      ],
      [
        201.32391879964678,
        439.47268804550356,
        321.44444444444446,
        488.90909090909093
      ],
      [
        170.07070707070716,
        327.2929292929293,
        213.67068745709526,
        460.1650485436893
      ],
      [
        376.13131313131316,
        114.16161616161617,
        429.52525252525254,
        246.4848484848485
      ]
    ]
  }
}