{
  "labels": {
    "LDK": [
      [
        [
          11.619718309859195,
          69.71830985915493
        ],
        [
          160.91549295774655,
          67.60563380281691
        ],
        [
          163.73239436619724,
          471.830985915493
        ],
        [
          122.18309859154931,
          471.830985915493
        ],
        [
          117.95774647887322,
          339.4366197183099
        ],
        [
          9.50704225352115,
          338.7323943661972
        ]
      ]
    ],
    "洋室": [
      [
        [
          10.21126760563385,
          339.4366197183099
        ],
        [
          10.915492957746494,
          526.7605633802817
        ],
        [
          53.169014084507126,
          526.7605633802817
        ],
        [
          53.169014084507126,
          504.92957746478874
        ],
        [
          84.15492957746483,
          504.92957746478874
        ],
        [
          84.85915492957747,
          468.3098591549296
        ],
        [
          120.77464788732402,
          467.6056338028169
        ],
        [
          117.25352112676057,
          338.7323943661972
        ]
      ]
    ],
    "浴室": [
      [
        [
          11.619718309859195,
          604.2253521126761
        ],
        [
          89.08450704225356,
          603.5211267605634
        ],
        [
          88.38028169014092,
          666.9014084507043
        ],
        [
          10.915492957746494,
          666.1971830985916
        ]
      ]
    ],
    "廊下": [
      [
        [
          122.18309859154931,
          473.94366197183103
        ],
        [
          121.47887323943667,
          562.6760563380282
        ],
        [
          163.02816901408448,
          563.3802816901409
        ],
        [
          163.02816901408448,
          471.830985915493
        ]
      ]
    ],
    "引戸": [
      [
        51.571428571428555,
        325.71428571428567,
        114.52572578327113,
        351.6240298936477
      ],
      [
        106.67346938775506,
        344.0816326530612,
        130.40097729232536,
        465.7487783845933
      ],
      [
        105.85714285714283,
        470.61224489795916,
        136.26760563380282,
        528.8732394366197
      ]
    ],
    "開戸": [
      [
        120.99712561080776,
        434.25984478298363,
        160.55102040816325,
        482.4489795918367
      ],
      [
        109.94452428858864,
        529.2095429721185,
        159.32653061224482,
        564.0816326530612
      ]
    ],
    "折戸": [
      [
        25.040816326530603,
        445.3061224489796,
        69.20523138832993,
        473.15895372233405
      ],
      [
        49.53061224489795,
        592.2448979591836,
        85.11497556769194,
        625.3837309571716
      ]
    ]
  }
}