{
  "labels": {
    "LDK": [
      [
        [
          407.74999999999994,
          74.67857142857142
        ],
        [
          406.85714285714283,
          289.85714285714283
        ],
        [
          294.35714285714283,
          290.75
        ],
        [
          297.0357142857143,
          688.0714285714286
        ],
        [
          552.3928571428571,
          694.3214285714286
        ],
        [
          546.1428571428571,
          80.03571428571428
        ]
      ]
    ],
    "廊下": [
      [
        [
          313.99999999999994,
          159.49999999999997
        ],
        [
          313.99999999999994,
          216.6428571428571
        ],
        [
          178.0,
          217.4
        ],
        [
          174.8,
          287.8
        ],
        [
          407.74999999999994,
          291.6428571428571
        ],
        [
          409.5357142857142,
          154.14285714285714
        ]
      ]
    ],
    "浴室": [
      [
        [
          54.178571428571416,
          116.64285714285712
        ],
        [
          184.53571428571428,
          116.64285714285712
        ],
        [
          184.53571428571428,
          202.35714285714283
        ],
        [
          54.178571428571416,
          202.35714285714283
        ]
      ]
    ],
    "開戸": [
      [
        336.70886075949363,
        218.42857142857142,
        403.2857142857142,
        306.9620253164557
      ],
      [
        164.8928571428571,
        226.4642857142857,
        231.85714285714283,
        275.57142857142856
      ]
    ],
    "折戸": [
      [
        150.60714285714283,
        142.53571428571428,
        197.92857142857142,
        201.4642857142857
      ]
    ],
    "引戸": [
      [
        408.6428571428571,
        276.46428571428567,
        525.6071428571428,
        306.82142857142856
      ],
      [
        271.31147540983613,
        483.60655737704917,
        306.85714285714283,
        619.3214285714286
      ],
      [
        199.79954792043384,
        199.63390596745026,
        307.59493670886076,
        224.0506329113924
      ],
      [
        84.42622950819674,
        362.29508196721315,
        113.93442622950823,
        451.6393442622951
      ],
      [
        95.08196721311475,
        343.44262295081967,
        226.22950819672133,
        371.3114754098361
      ]
    ]
  }
}