{
  "labels": {
    "洋室": [
      [
        [
          149.30434782608694,
          107.0434782608695
        ],
        [
          147.56521739130434,
          187.0434782608695
        ],
        [
          38.8695652173913,
          187.91304347826082
        ],
        [
          31.043478260869563,
          398.3478260869565
        ],
        [
          264.0869565217391,
          401.82608695652164
        ],
        [
          261.4782608695652,
          103.56521739130432
        ]
      ],
      [
        [
          382.3478260869565,
          182.695652173913
        ],
        [
          378.86956521739125,
          400.9565217391304
        ],
        [
          611.0434782608695,
          400.086956521739
        ],
        [
          611.0434782608695,
          237.4782608695652
        ],
        [
          437.13043478260863,
          240.08695652173907
        ],
        [
          437.99999999999994,
          182.695652173913
        ]
      ],
      [
        [
          437.99999999999994,
          27.913043478260846
        ],
        [
          609.3043478260869,
          27.913043478260846
        ],
        [
          609.3043478260869,
          187.0434782608695
        ],
        [
          437.99999999999994,
          187.0434782608695
        ]
      ]
    ],
    "廊下": [
      [
        [
          264.0869565217391,
          105.30434782608694
        ],
        [
          265.8260869565217,
          210.52173913043475
        ],
        [
          323.15270935960586,
          211.46798029556646
        ],
        [
          324.08695652173907,
          184.43478260869563
        ],
        [
          437.99999999999994,
          183.56521739130432
        ],
        [
          437.13043478260863,
          133.99999999999994
        ],
        [
          323.2173913043478,
          132.26086956521738
        ],
        [
          321.4782608695652,
          102.695652173913
        ]
      ]
    ],
    "開戸": [
      [
        271.2526267702147,
        88.15669255367747,
        315.0753768844221,
        144.30150753768845
      ],
      [
        440.27272727272725,
        227.27272727272725,
        490.1739130434782,
        263.5652173913043
      ]
    ],
    "折戸": [
      [
        352.7638190954774,
        118.68419170953581,
        404.1262835918724,
        148.82412060301507
      ],
      [
        498.8045166544183,
        220.18090452261308,
        604.0201005025126,
        261.5944942101813
      ]
    ],
    "引戸": [
      [
        416.7919836335829,
        86.51256281407035,
        451.75879396984925,
        179.1780642342145
      ],
      [
        250.27272727272725,
        110.0,
        278.45454545454544,
        201.8181818181818
      ],
      [
        160.30150753768845,
        88.02010050251256,
        261.89020199813297,
        120.02190795876612
      ],
      [
        135.678391959799,
        81.81818181818181,
        160.4645957058017,
        153.84924623115577
      ],
      [
        384.08611927802326,
        170.25210771237755,
        484.3636363636364,
        198.18181818181816
      ]
    ]
  }
}