{
  "labels": {
    "廊下": [
      [
        [
          184.2830188679245,
          251.71698113207546
        ],
        [
          276.7358490566038,
          250.77358490566036
        ],
        [
          277.6792452830189,
          247.0
        ],
        [
          319.18867924528297,
          247.0
        ],
        [
          321.0754716981131,
          326.2452830188679
        ],
        [
          276.7358490566038,
          326.2452830188679
        ],
        [
          258.8113207547169,
          309.2641509433962
        ],
        [
          185.2264150943396,
          312.0943396226415
        ]
      ]
    ],
    "洋室": [
      [
        [
          549.3773584905659,
          305.49056603773585
        ],
        [
          322.0188679245283,
          307.377358490566
        ],
        [
          323.90566037735846,
          518.6981132075472
        ],
        [
          552.2075471698113,
          520.5849056603773
        ]
      ]
    ],
    "LDK": [
      [
        [
          555.0377358490565,
          647.9433962264151
        ],
        [
          280.5094339622641,
          651.7169811320755
        ],
        [
          276.7358490566038,
          481.90566037735846
        ],
        [
          321.0754716981131,
          481.90566037735846
        ],
        [
          322.9622641509434,
          517.7547169811321
        ],
        [
          551.2641509433962,
          520.5849056603773
        ]
      ]
    ],
    "開戸": [
      [
        267.5824175824176,
        222.52747252747253,
        299.1492846775865,
        245.20651047066136
      ],
      [
        280.34356209827905,
        508.09268090400167,
        319.7802197802198,
        537.9120879120879
      ]
    ],
    "引戸": [
      [
        313.7362637362637,
        409.34065934065933,
        332.02301472112794,
        479.3242794940908
      ],
      [
        404.5608542400995,
        299.5710138917686,
        544.5054945054945,
        318.13186813186815
      ],
      [
        354.3949823761144,
        510.5081899232842,
        425.27472527472526,
        528.5714285714286
      ],
      [
        420.84739788513366,
        510.2801161103048,
        514.8351648351648,
        527.4725274725274
      ],
      [
        268.06904416338375,
        517.9205888451171,
        287.3626373626374,
        573.0769230769231
      ]
    ]
  }
}