{
  "labels": {
    "洋室": [
      [
        [
          60.76086956521739,
          7.608695652173913
        ],
        [
          242.28260869565216,
          7.608695652173913
        ],
        [
          242.28260869565216,
          163.04347826086956
        ],
        [
          60.76086956521739,
          163.04347826086956
        ]
      ],
      [
        [
          292.82608695652175,
          7.065217391304348
        ],
        [
          472.17391304347825,
          7.065217391304348
        ],
        [
          472.17391304347825,
          162.5
        ],
        [
          292.82608695652175,
          162.5
        ]
      ],
      [
        [
          165.65217391304347,
          315.2173913043478
        ],
        [
          421.6304347826087,
          315.2173913043478
        ],
        [
          421.6304347826087,
          469.02173913043475
        ],
        [
          165.65217391304347,
          469.02173913043475
        ]
      ]
    ],
    "廊下": [
      [
        [
          12.391304347826086,
          150.10759214301478
        ],
        [
          12.391304347826086,
          214.23802692562347
        ],
        [
          365.65217391304344,
          214.23802692562347
        ],
        [
          365.1086956521739,
          162.06411388214522
        ],
        [
          62.39130434782608,
          161.52063562127566
        ],
        [
          62.39130434782608,
          149.02063562127566
        ]
      ],
      [
        [
          65.65217391304347,
          217.3554403001545
        ],
        [
          65.1086956521739,
          270.0728316045023
        ],
        [
          12.934782608695652,
          268.9858750827632
        ],
        [
          12.934782608695652,
          361.92065769145887
        ],
        [
          62.544502617801044,
          363.90551997236025
        ],
        [
          62.934782608695656,
          318.4423968218936
        ],
        [
          164.56521739130434,
          316.2684837784154
        ],
        [
          166.4263959390863,
          217.76649746192894
        ]
      ]
    ],
    "開戸": [
      [
        14.445709082631456,
        132.46357842021396,
        57.83246073298429,
        197.95287958115182
      ],
      [
        48.98361028909628,
        15.75392670157068,
        89.7696335078534,
        57.787958115183244
      ]
    ],
    "折戸": [
      [
        221.95481447757797,
        93.09981789210107,
        255.73821989528795,
        158.68586387434553
      ],
      [
        278.9545868427043,
        13.136125654450261,
        314.37696335078533,
        80.614045071705
      ]
    ],
    "引戸": [
      [
        298.121443205099,
        146.64397905759162,
        387.675392670157,
        177.4385385841111
      ],
      [
        68.63419075802413,
        146.64397905759162,
        160.45026178010468,
        175.86785795583884
      ],
      [
        220.86785795583884,
        301.0942408376963,
        311.2356020942408,
        330.2356020942408
      ]
    ]
  }
}