{
  "labels": {
    "廊下": [
      [
        [
          290.3076923076923,
          181.90109890109892
        ],
        [
          291.4065934065934,
          426.9560439560439
        ],
        [
          378.2197802197802,
          424.75824175824175
        ],
        [
          376.021978021978,
          299.4835164835165
        ],
        [
          548.5494505494505,
          299.4835164835165
        ],
        [
          547.4505494505495,
          172.01098901098902
        ],
        [
          466.1318681318681,
          172.01098901098902
        ],
        [
          465.67741935483866,
          212.70967741935485
        ],
        [
          376.021978021978,
          214.86813186813185
        ],
        [
          374.9230769230769,
          181.90109890109892
        ]
      ]
    ],
    "洋室": [
      [
        [
          376.021978021978,
          298.38461538461536
        ],
        [
          722.1758241758241,
          298.38461538461536
        ],
        [
          722.1758241758241,
          597.2857142857142
        ],
        [
          376.021978021978,
          597.2857142857142
        ]
      ],
      [
        [
          36.46153846153846,
          34.64835164835165
        ],
        [
          290.3076923076923,
          34.64835164835165
        ],
        [
          290.3076923076923,
          339.04395604395603
        ],
        [
          36.46153846153846,
          339.04395604395603
        ]
      ],
      [
        [
          34.26373626373626,
          421.46153846153845
        ],
        [
          374.9230769230769,
          421.46153846153845
        ],
        [
          374.9230769230769,
          684.098901098901
        ],
        [
          34.26373626373626,
          684.098901098901
        ]
      ]
    ],
    "開戸": [
      [
        298.9571074087203,
        354.64516129032256,
        372.1290322580645,
        449.0226869904289
      ],
      [
        220.51612903225805,
        263.2995391705069,
        315.52038284296344,
        333.6774193548387
      ],
      [
        300.35483870967744,
        155.22616093583832,
        370.8199220134704,
        253.03225806451613
      ]
    ],
    "折戸": [
      [
        173.23927685218007,
        399.76710386387805,
        282.61290322580646,
        453.83870967741933
      ],
      [
        45.51612903225808,
        310.7649769585253,
        155.06309819213044,
        365.1290322580645
      ]
    ],
    "引戸": [
      [
        387.4516129032258,
        269.9549805033676,
        538.9517901453386,
        320.7741935483871
      ],
      [
        554.043956043956,
        269.9677419354839,
        712.4516129032259,
        321.5412974122651
      ]
    ]
  }
}