{
  "labels": {
    "LDK": [
      [
        [
          376.5714285714285,
          97.14285714285714
        ],
        [
          598.7142857142857,
          98.57142857142856
        ],
        [
          597.9999999999999,
          465.71428571428567
        ],
        [
          422.2857142857142,
          466.4285714285714
        ],
        [
          420.8571428571428,
          279.2857142857143
        ],
        [
          375.85714285714283,
          277.85714285714283
        ]
      ]
    ],
    "浴室": [
      [
        [
          105.85714285714283,
          379.99999999999994
        ],
        [
          188.0,
          379.99999999999994
        ],
        [
          188.71428571428567,
          465.71428571428567
        ],
        [
          105.85714285714283,
          467.1428571428571
        ]
      ]
    ],
    "廊下": [
      [
        [
          194.4285714285714,
          237.85714285714283
        ],
        [
          235.1428571428571,
          237.85714285714283
        ],
        [
          235.1428571428571,
          329.99999999999994
        ],
        [
          416.57142857142856,
          331.4285714285714
        ],
        [
          416.57142857142856,
          371.4285714285714
        ],
        [
          195.85714285714283,
          371.4285714285714
        ]
      ]
    ],
    "引戸": [
      [
        104.23976608187135,
        291.9824561403509,
        190.12865497076024,
        320.140350877193
      ],
      [
        225.21637426900585,
        145.87134502923976,
        250.1428571428571,
        234.99999999999997
      ],
      [
        361.4736842105263,
        144.1169590643275,
        395.9766081871345,
        279.20467836257313
      ],
      [
        197.41520467836256,
        360.5137844611529,
        281.3567251461988,
        387.39181286549706
      ],
      [
        178.64745196324142,
        381.1695906432748,
        206.5029239766082,
        465.7543859649123
      ],
      [
        226.76357560568084,
        237.46867167919797,
        251.53216374269005,
        324.233918128655
      ],
      [
        408.19214703425223,
        283.7385129490392,
        433.4035087719298,
        372.187134502924
      ]
    ],
    "開戸": [
      [
        410.85714285714283,
        402.1428571428571,
        446.57142857142856,
        447.85714285714283
      ],
      [
        284.4285714285714,
        337.1428571428571,
        330.85714285714283,
        382.1428571428571
      ],
      [
        377.99999999999994,
        324.2857142857143,
        418.0,
        354.99999999999994
      ]
    ]
  }
}