{
  "labels": {
    "洋室": [
      [
        [
          11.418250950570354,
          122.31558935361218
        ],
        [
          42.21673003802283,
          122.6958174904943
        ],
        [
          41.45627376425858,
          143.98859315589354
        ],
        [
          85.94296577946767,
          144.7490494296578
        ],
        [
          86.70342205323198,
          246.2699619771863
        ],
        [
          109.13688212927758,
          246.2699619771863
        ],
        [
          109.5171102661597,
          289.9961977186312
        ],
        [
          11.798479087452478,
          288.47528517110266
        ]
      ]
    ],
    "廊下": [
      [
        [
          87.46387832699622,
          122.6958174904943
        ],
        [
          108.37642585551333,
          123.07604562737643
        ],
        [
          107.61596958174908,
          246.2699619771863
        ],
        [
          86.70342205323198,
          246.65019011406844
        ]
      ]
    ],
    "浴室": [
      [
        [
          108.75665399239546,
          246.2699619771863
        ],
        [
          152.86311787072248,
          245.8897338403042
        ],
        [
          152.10266159695817,
          291.89733840304183
        ],
        [
          109.13688212927758,
          291.5171102661597
        ]
      ]
    ],
    "引戸": [
      [
        79.48748365738686,
        153.8745247148289,
        93.9361528589078,
        197.9809885931559
      ],
      [
        100.77186311787074,
        204.06463878326997,
        115.98098859315593,
        244.74904942965782
      ]
    ],
    "開戸": [
      [
        76.05703422053233,
        219.65399239543729,
        104.57414448669203,
        246.2699619771863
      ],
      [
        91.26615969581752,
        158.05703422053233,
        121.68441064638785,
        178.2091254752852
      ]
    ],
    "折戸": [
      [
        73.01520912547528,
        243.98859315589357,
        92.4068441064639,
        290.75665399239546
      ],
      [
        110.27756653992395,
        236.00380228136885,
        130.80988593155894,
        256.91634980988596
      ]
    ]
  }
}