{
  "labels": {
    "洋室": [
      [
        [
          122.78313253012044,
          41.77108433734939
        ],
        [
          120.97590361445782,
          200.2048192771084
        ],
        [
          199.8915662650602,
          200.80722891566262
        ],
        [
          201.0963855421686,
          161.04819277108433
        ],
        [
          277.0,
          161.65060240963854
        ],
        [
          280.012048192771,
          41.16867469879518
        ]
      ],
      [
        [
          120.97590361445782,
          198.99999999999997
        ],
        [
          119.16867469879514,
          316.4698795180723
        ],
        [
          277.0,
          320.6867469879518
        ],
        [
          275.7951807228915,
          161.65060240963854
        ],
        [
          199.28915662650593,
          161.04819277108433
        ],
        [
          198.08433734939752,
          200.80722891566262
        ]
      ],
      [
        [
          116.15662650602405,
          395.38554216867465
        ],
        [
          272.7831325301204,
          398.39759036144574
        ],
        [
          271.57831325301197,
          557.433734939759
        ],
        [
          114.34939759036143,
          553.2168674698795
        ]
      ]
    ],
    "廊下": [
      [
        [
          43.86746987951807,
          77.9156626506024
        ],
        [
          81.2168674698795,
          79.12048192771084
        ],
        [
          80.01204819277103,
          394.18072289156623
        ],
        [
          272.18072289156623,
          398.99999999999994
        ],
        [
          273.9879518072289,
          318.8795180722891
        ],
        [
          119.16867469879514,
          315.86746987951807
        ],
        [
          122.78313253012044,
          41.77108433734939
        ],
        [
          44.469879518072275,
          39.361445783132524
        ]
      ]
    ],
    "開戸": [
      [
        107.83584337349396,
        44.54216867469879,
        156.375,
        79.0
      ],
      [
        109.08584337349396,
        200.49849397590359,
        153.875,
        237.125
      ],
      [
        118.79216867469876,
        383.56325301204816,
        155.25,
        429.625
      ]
    ],
    "折戸": [
      [
        124.625,
        146.5,
        200.75,
        172.75
      ],
      [
        203.95783132530119,
        185.2575301204819,
        274.0,
        214.0
      ],
      [
        66.54066265060237,
        319.1280120481928,
        91.5,
        389.625
      ]
    ],
    "引戸": [
      [
        66.96234939759034,
        236.4171686746988,
        92.75,
        314.0
      ]
    ]
  }
}