{
  "labels": {
    "洋室": [
      [
        [
          105.31914893617021,
          180.3404255319149
        ],
        [
          249.46808510638297,
          180.87234042553192
        ],
        [
          249.99999999999997,
          287.25531914893617
        ],
        [
          106.38297872340425,
          287.78723404255317
        ]
      ],
      [
        [
          410.6382978723404,
          252.68085106382978
        ],
        [
          533.5106382978723,
          253.74468085106383
        ],
        [
          534.5744680851063,
          377.6808510638298
        ],
        [
          409.04255319148933,
          378.2127659574468
        ]
      ],
      [
        [
          463.8297872340425,
          107.46808510638297
        ],
        [
          569.6808510638298,
          107.99999999999999
        ],
        [
          568.6170212765957,
          249.48936170212767
        ],
        [
          464.36170212765956,
          247.89361702127655
        ]
      ]
    ],
    "廊下": [
      [
        [
          180.3191489361702,
          109.06382978723404
        ],
        [
          286.17021276595744,
          108.53191489361701
        ],
        [
          285.6382978723404,
          175.02127659574467
        ],
        [
          357.9787234042553,
          174.48936170212764
        ],
        [
          358.51063829787233,
          145.23404255319147
        ],
        [
          431.3829787234042,
          145.23404255319147
        ],
        [
          430.31914893617017,
          105.8723404255319
        ],
        [
          463.2978723404255,
          106.93617021276594
        ],
        [
          463.8297872340425,
          250.02127659574467
        ],
        [
          411.70212765957444,
          247.36170212765956
        ],
        [
          412.23404255319144,
          213.3191489361702
        ],
        [
          253.72340425531914,
          214.38297872340425
        ],
        [
          252.65957446808508,
          143.1063829787234
        ],
        [
          181.38297872340425,
          143.1063829787234
        ]
      ]
    ],
    "開戸": [
      [
        169.72004479283314,
        116.4770436730123,
        201.57894736842104,
        136.68421052631578
      ]
    ],
    "折戸": [
      [
        111.14221724524077,
        172.45128779395296,
        175.26315789473682,
        197.21052631578945
      ],
      [
        180.82866741321388,
        168.76147816349385,
        245.78947368421052,
        197.73684210526315
      ],
      [
        284.2105263157895,
        160.36842105263156,
        358.52183650615905,
        189.91489361702128
      ],
      [
        519.1489361702128,
        256.93617021276594,
        544.7368421052631,
        285.10526315789474
      ],
      [
        519.6696528555431,
        290.96192609182526,
        544.2105263157895,
        375.6315789473684
      ]
    ],
    "引戸": [
      [
        412.73796192609177,
        241.51063829787233,
        464.2105263157894,
        264.05263157894734
      ],
      [
        454.02923976608196,
        188.42959964012599,
        473.6842105263158,
        248.78947368421052
      ],
      [
        243.84030589293752,
        141.55150697255965,
        258.5928063475658,
        213.77100142609666
      ]
    ]
  }
}