{
  "labels": {
    "LDK": [
      [
        [
          1044.6101694915255,
          14.745762711864415
        ],
        [
          1325.9661016949153,
          14.745762711864415
        ],
        [
          1328.5084745762713,
          466.4406779661017
        ],
        [
          1045.457627118644,
          464.7457627118645
        ]
      ],
      [
        [
          368.3389830508475,
          14.745762711864415
        ],
        [
          370.0338983050848,
          463.89830508474574
        ],
        [
          30.203389830508478,
          466.4406779661017
        ],
        [
          31.898305084745765,
          155.42372881355936
        ],
        [
          128.5084745762712,
          155.42372881355936
        ],
        [
          133.59322033898306,
          14.745762711864415
        ]
      ]
    ],
    "浴室": [
      [
        [
          368.3389830508475,
          13.050847457627128
        ],
        [
          481.8983050847458,
          12.203389830508485
        ],
        [
          481.0508474576271,
          127.45762711864407
        ],
        [
          371.7288135593221,
          128.3050847457627
        ]
      ]
    ],
    "廊下": [
      [
        [
          370.0338983050848,
          128.3050847457627
        ],
        [
          482.7457627118644,
          127.45762711864407
        ],
        [
          481.8983050847458,
          185.08474576271186
        ],
        [
          706.4745762711865,
          185.08474576271186
        ],
        [
          705.6271186440679,
          99.49152542372883
        ],
        [
          778.5084745762713,
          101.18644067796612
        ],
        [
          776.8135593220339,
          183.38983050847457
        ],
        [
          1046.3050847457628,
          185.93220338983053
        ],
        [
          1043.7627118644068,
          240.16949152542372
        ],
        [
          369.1864406779661,
          241.0169491525424
        ]
      ]
    ],
    "開戸": [
      [
        312.4560504532913,
        188.93772171856526,
        387.2093023255814,
        235.46511627906978
      ],
      [
        637.8600709499409,
        244.94875837603473,
        670.3488372093024,
        293.6046511627907
      ]
    ],
    "引戸": [
      [
        512.406779661017,
        169.83050847457628,
        611.6279069767442,
        201.1627906976744
      ],
      [
        464.63381947181716,
        25.841545132045724,
        498.83720930232556,
        118.0232558139535
      ],
      [
        546.5116279069767,
        64.53488372093024,
        585.1895940086716,
        151.2554197871502
      ],
      [
        690.1162790697674,
        65.11627906976744,
        724.9018525817896,
        152.4182104848246
      ],
      [
        710.2290106424912,
        82.7394560504533,
        812.7906976744187,
        118.6046511627907
      ],
      [
        829.5530153724873,
        166.25344895545922,
        926.1627906976744,
        203.48837209302326
      ],
      [
        1030.8833267638945,
        186.1292865589279,
        1072.6744186046512,
        286.04651162790697
      ],
      [
        1253.4883720930234,
        484.30232558139534,
        1289.6929444225464,
        573.7229010642492
      ],
      [
        702.3255813953489,
        223.8372093023256,
        802.404808829326,
        258.71501773748537
      ],
      [
        522.0930232558139,
        244.7674418604651,
        557.5581395348837,
        348.25581395348837
      ]
    ]
  }
}