{
  "labels": {
    "LDK": [
      [
        [
          6.649122807017543,
          6.894736842105232
        ],
        [
          4.894736842105262,
          365.66666666666663
        ],
        [
          328.57894736842104,
          370.0526315789473
        ],
        [
          326.8245614035087,
          306.0175438596491
        ],
        [
          450.5087719298245,
          306.8947368421052
        ],
        [
          446.99999999999994,
          185.84210526315786
        ],
        [
          389.1052631578947,
          186.71929824561397
        ],
        [
          392.61403508771923,
          8.649122807017534
        ]
      ]
    ],
    "廊下": [
      [
        [
          448.7543859649122,
          244.61403508771923
        ],
        [
          444.3684210526315,
          306.0175438596491
        ],
        [
          594.3684210526316,
          303.38596491228066
        ],
        [
          594.679012345679,
          365.72839506172835
        ],
        [
          654.8947368421052,
          364.7894736842105
        ],
        [
          656.6491228070174,
          245.4912280701754
        ]
      ]
    ],
    "開戸": [
      [
        508.07862248213115,
        191.037037037037,
        558.2592592592592,
        262.0929174788823
      ],
      [
        433.2897985705003,
        248.4444444444444,
        502.0864197530864,
        300.2995451591942
      ]
    ],
    "引戸": [
      [
        455.1728395061728,
        289.8024691358024,
        559.4938271604938,
        321.28395061728395
      ]
    ],
    "折戸": [
      [
        334.3619233268356,
        282.8856400259909,
        441.3794671864847,
        314.4645873944119
      ]
    ]
  }
}