{
  "labels": {
    "浴室": [
      [
        [
          64.90082644628097,
          41.14876033057851
        ],
        [
          174.8181818181818,
          40.32231404958678
        ],
        [
          178.95041322314052,
          149.41322314049586
        ],
        [
          69.03305785123968,
          149.41322314049586
        ]
      ]
    ],
    "LDK": [
      [
        [
          64.90082644628097,
          156.8512396694215
        ],
        [
          294.6528925619835,
          154.37190082644628
        ],
        [
          298.78512396694214,
          389.08264462809916
        ],
        [
          355.8099173553719,
          389.90909090909093
        ],
        [
          363.2479338842975,
          625.4462809917355
        ],
        [
          65.72727272727275,
          630.404958677686
        ]
      ]
    ],
    "洋室": [
      [
        [
          360.7685950413223,
          421.3140495867769
        ],
        [
          591.3471074380166,
          424.6198347107438
        ],
        [
          594.6528925619835,
          623.7933884297521
        ],
        [
          364.0743801652893,
          624.6198347107438
        ]
      ]
    ],
    "廊下": [
      [
        [
          303.74380165289256,
          187.4297520661157
        ],
        [
          384.7355371900827,
          188.25619834710744
        ],
        [
          356.6363636363636,
          300.6528925619835
        ],
        [
          356.6363636363636,
          360.9834710743802
        ],
        [
          304.57024793388433,
          360.9834710743802
        ]
      ]
    ],
    "引戸": [
      [
        367.91946308724835,
        281.20805369127515,
        472.48275862068965,
        319.55172413793105
      ],
      [
        188.0536912751678,
        137.58389261744966,
        297.4827586206897,
        173.0
      ],
      [
        295.43624161073825,
        168.45637583892616,
        402.8187919463087,
        199.3288590604027
      ],
      [
        279.3793103448276,
        245.41379310344828,
        318.1724137931035,
        359.2068965517242
      ],
      [
        160.41379310344828,
        43.689655172413794,
        195.75862068965517,
        154.89655172413794
      ]
    ],
    "開戸": [
      [
        351.6776859504132,
        574.2066115702479,
        411.18181818181824,
        630.404958677686
      ]
    ]
  }
}