{
  "labels": {
    "LDK": [
      [
        [
          45.56804733727812,
          136.68639053254438
        ],
        [
          237.87573964497045,
          137.27810650887574
        ],
        [
          239.6508875739645,
          36.68639053254438
        ],
        [
          409.4733727810651,
          36.09467455621302
        ],
        [
          410.6568047337278,
          330.7692307692308
        ],
        [
          44.38461538461539,
          330.17751479289944
        ]
      ]
    ],
    "浴室": [
      [
        [
          42.6094674556213,
          334.9112426035503
        ],
        [
          145.5680473372781,
          334.9112426035503
        ],
        [
          145.5680473372781,
          436.6863905325444
        ],
        [
          43.20118343195267,
          437.8698224852071
        ]
      ]
    ],
    "引戸": [
      [
        100.59763313609469,
        128.9940828402367,
        241.4260355029586,
        146.74556213017752
      ],
      [
        255.62721893491124,
        376.92307692307696,
        317.4685990338165,
        394.6859903381643
      ],
      [
        242.82671583340482,
        337.97844667409885,
        264.9306930693069,
        426.23762376237624
      ]
    ],
    "開戸": [
      [
        85.2130177514793,
        41.42011834319527,
        137.28402366863907,
        130.76923076923077
      ],
      [
        340.8343195266272,
        381.06508875739644,
        404.14792899408286,
        419.52662721893495
      ],
      [
        115.39053254437871,
        339.64497041420117,
        152.66863905325445,
        366.2721893491124
      ]
    ],
    "折戸": [
      [
        286.9881656804734,
        336.6863905325444,
        314.20710059171597,
        384.61538461538464
      ]
    ]
  }
}