{
  "labels": {
    "LDK": [
      [
        [
          416.6363636363636,
          140.90909090909088
        ],
        [
          412.99999999999994,
          506.36363636363626
        ],
        [
          1234.8181818181818,
          511.81818181818176
        ],
        [
          1236.2371134020618,
          229.60824742268045
        ],
        [
          1016.6363636363635,
          231.81818181818176
        ],
        [
          1025.7272727272727,
          35.45454545454538
        ],
        [
          749.3636363636363,
          42.727272727272634
        ],
        [
          747.5454545454545,
          131.81818181818176
        ]
      ]
    ],
    "廊下": [
      [
        [
          298.24561403508767,
          234.54385964912274
        ],
        [
          296.4912280701754,
          315.24561403508767
        ],
        [
          416.64948453608247,
          317.2371134020618
        ],
        [
          415.78947368421046,
          38.052631578947285
        ],
        [
          328.07017543859644,
          39.807017543859615
        ],
        [
          328.07017543859644,
          225.7719298245613
        ]
      ]
    ],
    "浴室": [
      [
        [
          36.84210526315789,
          325.7719298245613
        ],
        [
          236.84210526315786,
          325.7719298245613
        ],
        [
          236.84210526315786,
          508.22807017543846
        ],
        [
          36.84210526315789,
          508.22807017543846
        ]
      ]
    ],
    "開戸": [
      [
        268.77192982456137,
        252.99999999999994,
        362.36842105263156,
        309.28070175438586
      ],
      [
        396.4912280701754,
        145.07017543859638,
        498.24561403508767,
        220.50877192982443
      ]
    ],
    "折戸": [
      [
        519.3122212310437,
        106.86619090098131,
        644.4736842105262,
        166.68421052631578
      ],
      [
        661.6086827237583,
        107.68986024382986,
        744.9678858162355,
        172.96788581623548
      ],
      [
        231.20338983050848,
        145.64406779661016,
        328.66101694915255,
        191.40677966101697
      ]
    ],
    "引戸": [
      [
        208.77192982456137,
        327.52631578947364,
        255.0,
        496.1578947368421
      ],
      [
        993.9690721649484,
        45.07216494845363,
        1057.8865979381444,
        232.70103092783506
      ],
      [
        244.4736842105263,
        291.9473684210526,
        413.46988605534455,
        344.01953336950635
      ]
    ]
  }
}