{
  "labels": {
    "洋室": [
      [
        [
          210.66666666666669,
          100.33333333333333
        ],
        [
          309.33333333333337,
          101.66666666666667
        ],
        [
          308.66666666666663,
          234.33333333333334
        ],
        [
          210.66666666666669,
          234.33333333333334
        ]
      ],
      [
        [
          106.66666666666669,
          98.33333333333333
        ],
        [
          170.0,
          99.0
        ],
        [
          170.66666666666669,
          147.66666666666666
        ],
        [
          108.0,
          147.0
        ]
      ],
      [
        [
          210.0,
          305.6666666666667
        ],
        [
          310.0,
          307.6666666666667
        ],
        [
          310.0,
          443.0
        ],
        [
          210.66666666666669,
          441.6666666666667
        ]
      ]
    ],
    "廊下": [
      [
        [
          106.66666666666669,
          150.33333333333334
        ],
        [
          205.33333333333331,
          151.0
        ],
        [
          205.33333333333331,
          323.6666666666667
        ],
        [
          175.33333333333331,
          323.0
        ],
        [
          174.66666666666669,
          184.33333333333334
        ],
        [
          105.33333333333331,
          183.66666666666666
        ]
      ]
    ],
    "開戸": [
      [
        176.0,
        141.66666666666666,
        210.66666666666669,
        180.33333333333334
      ]
    ],
    "折戸": [
      [
        256.0,
        220.33333333333334,
        295.3913043478261,
        247.82608695652175
      ],
      [
        222.8502415458937,
        293.57004830917873,
        259.1594202898551,
        320.2898550724638
      ],
      [
        105.05314009661836,
        309.17874396135267,
        138.66666666666669,
        335.0
      ],
      [
        106.66666666666669,
        167.66666666666666,
        135.97101449275362,
        194.68599033816426
      ],
      [
        110.0,
        137.66666666666666,
        173.33333333333331,
        161.0
      ]
    ],
    "引戸": [
      [
        197.53623188405794,
        174.72946859903382,
        219.06280193236717,
        232.36714975845413
      ],
      [
        197.1690821256039,
        306.6328502415459,
        218.09661835748796,
        374.39613526570054
      ]
    ]
  }
}