{
  "labels": {
    "廊下": [
      [
        [
          321.6890756302521,
          180.85714285714286
        ],
        [
          314.96638655462186,
          390.94117647058823
        ],
        [
          388.07563025210084,
          390.10084033613447
        ],
        [
          388.91596638655466,
          251.4453781512605
        ],
        [
          522.5294117647059,
          255.64705882352945
        ],
        [
          520.8487394957983,
          112.78991596638656
        ],
        [
          455.3025210084034,
          114.47058823529412
        ],
        [
          456.98319327731093,
          179.1764705882353
        ]
      ]
    ],
    "洋室": [
      [
        [
          388.91596638655466,
          253.1260504201681
        ],
        [
          584.7142857142858,
          253.1260504201681
        ],
        [
          584.7142857142858,
          532.9579831932773
        ],
        [
          388.91596638655466,
          532.9579831932773
        ]
      ],
      [
        [
          54.46218487394958,
          39.68067226890757
        ],
        [
          319.1680672268908,
          39.68067226890757
        ],
        [
          319.1680672268908,
          253.1260504201681
        ],
        [
          54.46218487394958,
          253.1260504201681
        ]
      ],
      [
        [
          51.10084033613445,
          316.9915966386555
        ],
        [
          320.00840336134456,
          316.9915966386555
        ],
        [
          320.00840336134456,
          531.2773109243698
        ],
        [
          51.10084033613445,
          531.2773109243698
        ]
      ]
    ],
    "開戸": [
      [
        301.2105263157895,
        326.9736842105263,
        378.18421052631584,
        382.2368421052632
      ],
      [
        391.436974789916,
        230.26315789473685,
        453.18421052631584,
        313.6302521008404
      ],
      [
        254.46218487394958,
        183.78378378378378,
        339.13513513513516,
        245.56302521008405
      ],
      [
        462.1081081081081,
        88.53372700431524,
        520.8487394957983,
        175.0
      ]
    ],
    "折戸": [
      [
        51.29729729729729,
        211.48648648648648,
        182.3783783783784,
        271.6216216216216
      ],
      [
        191.34210526315786,
        301.3157894736842,
        312.4453781512605,
        349.764705882353
      ],
      [
        485.55462184873954,
        115.31092436974791,
        538.4594594594595,
        243.91891891891893
      ],
      [
        367.6578947368421,
        396.64108801415307,
        419.60482087571876,
        528.2894736842105
      ]
    ]
  }
}