{
  "labels": {
    "洋室": [
      [
        [
          20.565217391304373,
          256.8260869565217
        ],
        [
          286.86956521739125,
          257.9130434782609
        ],
        [
          286.86956521739125,
          336.17391304347825
        ],
        [
          341.21739130434776,
          338.3478260869565
        ],
        [
          336.86956521739125,
          570.9565217391304
        ],
        [
          22.739130434782624,
          570.9565217391304
        ]
      ],
      [
        [
          417.3043478260869,
          18.782608695652158
        ],
        [
          415.13043478260863,
          497.0434782608695
        ],
        [
          334.695652173913,
          494.86956521739125
        ],
        [
          336.86956521739125,
          652.4782608695651
        ],
        [
          655.3478260869565,
          652.4782608695651
        ],
        [
          654.2608695652173,
          17.695652173913032
        ]
      ]
    ],
    "廊下": [
      [
        [
          335.78260869565213,
          139.43478260869563
        ],
        [
          419.47826086956513,
          142.695652173913
        ],
        [
          415.13043478260863,
          495.9565217391304
        ],
        [
          340.13043478260863,
          494.86956521739125
        ]
      ]
    ],
    "引戸": [
      [
        396.21739130434787,
        182.6086956521739,
        440.7391304347826,
        328.2608695652174
      ],
      [
        392.66666666666663,
        504.6521739130435,
        438.56521739130426,
        639.855072463768
      ],
      [
        31.797101449275374,
        236.17391304347825,
        188.97101449275357,
        280.4347826086956
      ],
      [
        505.63768115942025,
        77.53623188405797,
        644.3623188405796,
        121.01449275362317
      ]
    ],
    "開戸": [
      [
        348.10144927536226,
        405.73913043478257,
        445.927536231884,
        487.2608695652173
      ],
      [
        262.15942028985506,
        342.0289855072464,
        369.47826086956513,
        409.0
      ]
    ],
    "折戸": [
      [
        316.82608695652175,
        184.05797101449275,
        372.623188405797,
        257.2463768115942
      ]
    ]
  }
}