{
  "labels": {
    "LDK": [
      [
        [
          282.2105263157895,
          185.78947368421052
        ],
        [
          282.2105263157895,
          256.31578947368416
        ],
        [
          133.78947368421052,
          261.57894736842104
        ],
        [
          134.8421052631579,
          548.9473684210526
        ],
        [
          784.3157894736842,
          546.8421052631578
        ],
        [
          779.0526315789473,
          236.31578947368416
        ],
        [
          500.1052631578947,
          241.57894736842104
        ],
        [
          495.8947368421052,
          185.78947368421052
        ]
      ]
    ],
    "廊下": [
      [
        [
          139.05263157894737,
          152.10526315789474
        ],
        [
          281.1578947368421,
          152.10526315789474
        ],
        [
          281.1578947368421,
          265.7894736842105
        ],
        [
          139.05263157894737,
          265.7894736842105
        ]
      ],
      [
        [
          421.1578947368421,
          118.4210526315789
        ],
        [
          496.9473684210526,
          118.4210526315789
        ],
        [
          496.9473684210526,
          192.10526315789474
        ],
        [
          421.1578947368421,
          192.10526315789474
        ]
      ]
    ],
    "浴室": [
      [
        [
          636.9473684210526,
          46.84210526315789
        ],
        [
          784.3157894736842,
          46.84210526315789
        ],
        [
          784.3157894736842,
          186.84210526315786
        ],
        [
          636.9473684210526,
          186.84210526315786
        ]
      ]
    ],
    "折戸": [
      [
        620.7757750540736,
        123.97260273972603,
        670.1643835616438,
        183.3165104542177
      ]
    ],
    "引戸": [
      [
        480.52343186733964,
        56.849315068493155,
        509.8904109589041,
        181.52847873107424
      ],
      [
        360.5753424657534,
        102.73972602739727,
        487.89185291997114,
        127.84426820475846
      ],
      [
        360.5753424657534,
        175.26315789473682,
        486.83922134102374,
        203.4246575342466
      ],
      [
        142.89545782263875,
        245.8904109589041,
        272.2191780821918,
        273.47512617159333
      ],
      [
        644.1369863013699,
        215.75342465753425,
        774.9589041095891,
        254.7945205479452
      ]
    ]
  }
}