{
  "labels": {
    "浴室": [
      [
        [
          18.682926829268297,
          16.073170731707318
        ],
        [
          170.71544715447155,
          20.13821138211382
        ],
        [
          171.2972972972973,
          139.83783783783784
        ],
        [
          20.308943089430898,
          140.46341463414635
        ]
      ]
    ],
    "廊下": [
      [
        [
          80.47154471544715,
          151.84552845528455
        ],
        [
          343.0731707317073,
          154.28455284552845
        ],
        [
          342.260162601626,
          209.5691056910569
        ],
        [
          204.8617886178862,
          209.5691056910569
        ],
        [
          206.4878048780488,
          292.4959349593496
        ],
        [
          273.9674796747968,
          292.4959349593496
        ],
        [
          271.5284552845529,
          382.739837398374
        ],
        [
          152.82926829268294,
          383.5528455284553
        ],
        [
          152.01626016260164,
          209.5691056910569
        ],
        [
          82.09756097560975,
          206.3170731707317
        ]
      ]
    ],
    "LDK": [
      [
        [
          418.6829268292683,
          220.95121951219514
        ],
        [
          532.5040650406504,
          220.13821138211384
        ],
        [
          532.5040650406504,
          293.3089430894309
        ],
        [
          796.7317073170732,
          296.5609756097561
        ],
        [
          795.1056910569106,
          558.349593495935
        ],
        [
          282.9105691056911,
          552.6585365853658
        ],
        [
          283.7235772357724,
          293.3089430894309
        ],
        [
          415.4308943089431,
          294.1219512195122
        ]
      ]
    ],
    "開戸": [
      [
        723.5609756097562,
        18.51219512195122,
        755.2682926829268,
        79.48780487804878
      ],
      [
        719.4959349593496,
        212.8211382113821,
        747.1382113821138,
        291.6829268292683
      ]
    ],
    "折戸": [
      [
        317.0569105691057,
        281.1138211382114,
        410.5528455284553,
        329.0813008130081
      ]
    ],
    "引戸": [
      [
        416.3592617007251,
        197.51131619424302,
        531.4324324324324,
        231.72972972972974
      ],
      [
        261.7723577235772,
        287.6178861788618,
        296.97297297297297,
        416.1891891891892
      ],
      [
        26.131839156229397,
        372.7200615249396,
        144.27027027027026,
        399.2972972972973
      ],
      [
        25.46715007690618,
        305.78971654581414,
        143.59459459459458,
        334.43243243243245
      ],
      [
        189.6783124588003,
        134.24500109865963,
        307.7837837837838,
        161.45945945945945
      ],
      [
        331.43836519446273,
        93.18809052955396,
        367.9189189189189,
        206.72972972972974
      ],
      [
        550.3513513513514,
        274.97297297297297,
        741.4471544715448,
        302.79037574159526
      ]
    ]
  }
}