{
  "labels": {
    "LDK": [
      [
        [
          3.1234567901234414,
          148.64197530864197
        ],
        [
          114.23456790123453,
          146.7901234567901
        ],
        [
          114.85185185185185,
          158.5185185185185
        ],
        [
          214.23456790123453,
          157.28395061728395
        ],
        [
          215.4691358024691,
          207.9012345679012
        ],
        [
          300.03703703703695,
          207.28395061728395
        ],
        [
          300.6543209876543,
          256.04938271604937
        ],
        [
          348.8024691358024,
          259.75308641975306
        ],
        [
          351.2716049382716,
          454.19753086419746
        ],
        [
          153.12345679012344,
          455.4320987654321
        ],
        [
          153.12345679012344,
          479.5061728395061
        ],
        [
          4.975308641975289,
          480.74074074074076
        ]
      ]
    ],
    "浴室": [
      [
        [
          3.1234567901234414,
          57.28395061728395
        ],
        [
          113.61728395061726,
          57.90123456790123
        ],
        [
          113.61728395061726,
          144.93827160493825
        ],
        [
          3.7407407407407334,
          148.02469135802468
        ]
      ]
    ],
    "廊下": [
      [
        [
          348.8024691358024,
          257.9012345679012
        ],
        [
          450.03703703703695,
          259.1358024691358
        ],
        [
          449.41975308641975,
          328.2716049382716
        ],
        [
          350.6543209876543,
          329.5061728395061
        ]
      ]
    ],
    "開戸": [
      [
        406.62988417971223,
        259.2439862542955,
        459.52577319587635,
        300.0
      ],
      [
        151.28433244240802,
        162.97314496627212,
        186.3298969072165,
        203.60824742268042
      ],
      [
        23.812014763904784,
        154.73208603792793,
        53.34020618556701,
        192.7835051546392
      ]
    ],
    "引戸": [
      [
        335.6422298587247,
        267.17322133129693,
        365.7113402061856,
        358.7628865979382
      ],
      [
        305.39531627847776,
        242.47549955453735,
        386.3298969072165,
        269.07216494845363
      ],
      [
        128.9539264350261,
        142.57731958762886,
        209.01030927835052,
        170.61855670103094
      ]
    ],
    "折戸": [
      [
        337.17589410716556,
        133.5471554028255,
        365.52577319587635,
        204.1237113402062
      ],
      [
        92.32989690721652,
        98.96907216494846,
        126.26205931016926,
        148.43197149039074
      ],
      [
        426.86597938144337,
        353.09278350515467,
        463.97938144329896,
        402.0618556701031
      ]
    ]
  }
}