{
  "labels": {
    "洋室": [
      [
        [
          25.801047120418843,
          175.43979057591622
        ],
        [
          201.71727748691097,
          173.86910994764398
        ],
        [
          201.71727748691097,
          323.0837696335078
        ],
        [
          261.9267015706806,
          322.5602094240837
        ],
        [
          261.40314136125653,
          412.0890052356021
        ],
        [
          25.801047120418843,
          413.6596858638743
        ]
      ],
      [
        [
          201.71727748691097,
          233.03141361256542
        ],
        [
          437.8429319371727,
          229.89005235602093
        ],
        [
          438.8900523560209,
          466.5392670157068
        ],
        [
          261.9267015706806,
          464.9685863874345
        ],
        [
          261.9267015706806,
          323.0837696335078
        ],
        [
          201.71727748691097,
          324.130890052356
        ]
      ],
      [
        [
          377.319587628866,
          54.123711340206185
        ],
        [
          612.7120418848167,
          52.40314136125654
        ],
        [
          614.8062827225131,
          289.5759162303665
        ],
        [
          437.8429319371727,
          290.6230366492146
        ],
        [
          435.22513089005236,
          113.13612565445025
        ],
        [
          376.5863874345549,
          113.13612565445025
        ]
      ]
    ],
    "廊下": [
      [
        [
          202.76439790575915,
          172.8219895287958
        ],
        [
          376.06282722513083,
          172.2984293193717
        ],
        [
          375.0157068062827,
          194.28795811518324
        ],
        [
          436.7958115183245,
          195.3350785340314
        ],
        [
          436.27225130890054,
          229.89005235602093
        ],
        [
          202.76439790575915,
          233.03141361256542
        ]
      ]
    ],
    "開戸": [
      [
        261.9267015706806,
        213.65968586387433,
        318.0412371134021,
        285.5670103092784
      ],
      [
        145.63966103524584,
        178.99946024720674,
        217.01030927835052,
        229.89690721649484
      ],
      [
        427.83505154639175,
        56.18556701030928,
        472.680412371134,
        109.79381443298969
      ]
    ],
    "折戸": [
      [
        243.13520807470172,
        238.15366762022987,
        301.54639175257734,
        289.69072164948454
      ],
      [
        160.82474226804123,
        326.8041237113402,
        218.04123711340208,
        407.21649484536084
      ],
      [
        204.74529065687912,
        161.75435850380524,
        255.15463917525778,
        208.76288659793815
      ]
    ],
    "引戸": [
      [
        418.55670103092785,
        181.95876288659795,
        455.24995951854044,
        286.612673395585
      ]
    ]
  }
}