{
  "labels": {
    "LDK": [
      [
        [
          141.8181818181818,
          8.545454545454547
        ],
        [
          140.72727272727275,
          88.54545454545453
        ],
        [
          73.81818181818181,
          88.54545454545453
        ],
        [
          71.63636363636363,
          223.45454545454544
        ],
        [
          272.72727272727275,
          225.27272727272725
        ],
        [
          273.8181818181818,
          7.454545454545453
        ]
      ]
    ],
    "浴室": [
      [
        [
          9.090909090909093,
          7.0909090909090935
        ],
        [
          60.72727272727272,
          6.0
        ],
        [
          61.09090909090909,
          60.18181818181819
        ],
        [
          7.636363636363626,
          60.18181818181819
        ]
      ]
    ],
    "廊下": [
      [
        [
          34.90909090909091,
          62.0
        ],
        [
          34.18181818181819,
          114.36363636363637
        ],
        [
          6.181818181818187,
          113.63636363636363
        ],
        [
          5.0909090909090935,
          168.54545454545453
        ],
        [
          72.72727272727272,
          169.63636363636363
        ],
        [
          73.45454545454547,
          87.45454545454547
        ],
        [
          86.54545454545453,
          87.0909090909091
        ],
        [
          86.9090909090909,
          61.63636363636364
        ]
      ]
    ],
    "折戸": [
      [
        142.15763546798027,
        100.6744290192566,
        179.0837438423645,
        124.13793103448275
      ],
      [
        75.90595611285266,
        100.46305418719211,
        139.18226600985219,
        124.13793103448275
      ]
    ],
    "開戸": [
      [
        48.02328705776981,
        115.25481415136586,
        79.33004926108373,
        144.0886699507389
      ],
      [
        28.09852216748768,
        83.25123152709358,
        55.3551276309897,
        113.47245857590686
      ],
      [
        113.56650246305418,
        43.8423645320197,
        140.32870577698165,
        64.04120017913122
      ]
    ],
    "引戸": [
      [
        133.27093596059112,
        8.866995073891625,
        148.59829825347063,
        59.665920286609946
      ],
      [
        56.363636363636374,
        8.909090909090907,
        67.63636363636363,
        60.54545454545455
      ]
    ]
  }
}