{
  "labels": {
    "浴室": [
      [
        [
          86.21052631578945,
          25.616541353383454
        ],
        [
          200.49624060150376,
          26.368421052631575
        ],
        [
          198.99248120300751,
          140.65413533834587
        ],
        [
          86.96240601503757,
          140.65413533834587
        ]
      ]
    ],
    "洋室": [
      [
        [
          29.067669172932327,
          201.55639097744358
        ],
        [
          262.1503759398496,
          201.55639097744358
        ],
        [
          260.64661654135335,
          463.2105263157894
        ],
        [
          27.563909774436084,
          463.2105263157894
        ]
      ]
    ],
    "LDK": [
      [
        [
          379.44360902255636,
          26.368421052631575
        ],
        [
          608.015037593985,
          26.368421052631575
        ],
        [
          608.7669172932331,
          523.3609022556391
        ],
        [
          377.9398496240601,
          523.3609022556391
        ]
      ]
    ],
    "廊下": [
      [
        [
          205.75939849624058,
          144.41353383458645
        ],
        [
          317.7894736842105,
          145.16541353383457
        ],
        [
          317.7894736842105,
          321.85714285714283
        ],
        [
          376.4360902255639,
          323.3609022556391
        ],
        [
          374.93233082706763,
          404.56390977443607
        ],
        [
          263.65413533834584,
          371.4812030075188
        ],
        [
          262.1503759398496,
          197.796992481203
        ],
        [
          206.51127819548873,
          197.04511278195488
        ]
      ]
    ],
    "折戸": [
      [
        32.28743051819974,
        242.80132687824994,
        139.35719071751458,
        283.8459502710515
      ],
      [
        150.6060606060606,
        237.57575757575756,
        253.6739670585824,
        283.2685789244494
      ],
      [
        180.30303030303028,
        89.6969696969697,
        217.81225791752107,
        137.7924356345409
      ],
      [
        357.13328776486674,
        148.04989747095007,
        399.6969696969697,
        195.75757575757575
      ]
    ],
    "引戸": [
      [
        237.49811726734805,
        262.8049130356823,
        277.8787878787879,
        370.30303030303025
      ],
      [
        204.51981351981357,
        123.82338174645867,
        313.6363636363636,
        163.63636363636363
      ],
      [
        357.1538461538462,
        32.7708445400753,
        394.4812030075188,
        139.4647983595352
      ],
      [
        361.84454007530934,
        267.1190604267527,
        391.81818181818176,
        372.12121212121207
      ]
    ],
    "開戸": [
      [
        182.45112781954884,
        143.5158350421508,
        253.12781954887214,
        193.89177489177487
      ],
      [
        554.3627249943039,
        39.10480747322852,
        605.7575757575758,
        86.06060606060605
      ]
    ]
  }
}