{
  "labels": {
    "浴室": [
      [
        [
          204.34529147982062,
          330.94170403587447
        ],
        [
          289.99551569506724,
          332.7354260089686
        ],
        [
          291.3408071748879,
          421.0762331838565
        ],
        [
          204.34529147982062,
          421.0762331838565
        ]
      ]
    ],
    "廊下": [
      [
        [
          115.10762331838566,
          199.1031390134529
        ],
        [
          115.10762331838566,
          287.89237668161434
        ],
        [
          203.8968609865471,
          287.89237668161434
        ],
        [
          203.8968609865471,
          243.0493273542601
        ],
        [
          247.39461883408075,
          243.49775784753362
        ],
        [
          247.84304932735427,
          200.8968609865471
        ]
      ]
    ],
    "開戸": [
      [
        210.62331838565024,
        200.0,
        257.26008968609864,
        243.94618834080717
      ],
      [
        160.6915887850467,
        278.9719626168224,
        203.44843049327352,
        342.15246636771303
      ]
    ],
    "折戸": [
      [
        195.0225472528394,
        334.7554586982943,
        231.06542056074767,
        378.03738317757006
      ]
    ]
  }
}