{
  "labels": {
    "洋室": [
      [
        [
          308.601226993865,
          158.28220858895705
        ],
        [
          550.9325153374233,
          162.57668711656441
        ],
        [
          551.5460122699386,
          307.36196319018404
        ],
        [
          356.4539877300613,
          304.90797546012266
        ],
        [
          356.4539877300613,
          206.7484662576687
        ],
        [
          310.441717791411,
          206.7484662576687
        ]
      ],
      [
        [
          112.28220858895702,
          157.05521472392638
        ],
        [
          307.9877300613497,
          160.7361963190184
        ],
        [
          305.5337423312883,
          353.9877300613497
        ],
        [
          162.58895705521468,
          353.3742331288343
        ],
        [
          160.13496932515335,
          256.441717791411
        ],
        [
          112.28220858895702,
          255.8282208588957
        ]
      ],
      [
        [
          551.5460122699386,
          307.97546012269936
        ],
        [
          551.5460122699386,
          517.1779141104294
        ],
        [
          454.6134969325153,
          515.3374233128834
        ],
        [
          454.6134969325153,
          501.22699386503064
        ],
        [
          406.76073619631893,
          501.84049079754595
        ],
        [
          406.1472392638036,
          353.3742331288343
        ],
        [
          454.0,
          355.8282208588957
        ],
        [
          455.22699386503064,
          309.20245398773005
        ]
      ]
    ],
    "廊下": [
      [
        [
          307.9877300613497,
          306.74846625766867
        ],
        [
          453.38650306748457,
          308.5889570552147
        ],
        [
          454.0,
          355.8282208588957
        ],
        [
          303.6932515337423,
          353.3742331288343
        ]
      ]
    ],
    "折戸": [
      [
        454.0468914852877,
        344.26556211167986,
        548.28025477707,
        377.7070063694267
      ],
      [
        148.47852760736197,
        156.44171779141104,
        182.6751592356688,
        255.4140127388535
      ]
    ],
    "開戸": [
      [
        406.4754796608182,
        335.8172795123285,
        453.5987261146497,
        394.26751592356686
      ],
      [
        360.8891407135321,
        262.0569731546247,
        404.5541401273885,
        324.84076433121015
      ]
    ],
    "引戸": [
      [
        292.0368098159509,
        257.0552147239264,
        329.4601226993865,
        352.14723926380367
      ]
    ]
  }
}