{
  "labels": {
    "LDK": [
      [
        [
          101.25396825396825,
          80.87301587301587
        ],
        [
          189.8253968253968,
          80.55555555555556
        ],
        [
          189.1904761904762,
          261.1904761904762
        ],
        [
          99.34920634920636,
          261.1904761904762
        ]
      ]
    ],
    "浴室": [
      [
        [
          10.46031746031747,
          81.19047619047619
        ],
        [
          55.53968253968253,
          81.19047619047619
        ],
        [
          55.22222222222223,
          136.11111111111111
        ],
        [
          10.46031746031747,
          135.47619047619048
        ]
      ]
    ],
    "廊下": [
      [
        [
          54.587301587301596,
          125.31746031746033
        ],
        [
          78.07936507936509,
          125.31746031746033
        ],
        [
          78.07936507936509,
          147.22222222222223
        ],
        [
          100.61904761904762,
          147.85714285714286
        ],
        [
          100.61904761904762,
          178.015873015873
        ],
        [
          78.07936507936509,
          178.015873015873
        ],
        [
          78.71428571428572,
          170.3968253968254
        ],
        [
          55.22222222222223,
          170.71428571428572
        ]
      ],
      [
        [
          190.14285714285717,
          124.04761904761907
        ],
        [
          235.8571428571429,
          125.31746031746033
        ],
        [
          234.90476190476193,
          171.34920634920636
        ],
        [
          190.14285714285717,
          171.34920634920636
        ]
      ]
    ],
    "開戸": [
      [
        182.9940652818991,
        145.10385756676558,
        211.40610428147525,
        169.6102397437709
      ],
      [
        57.17804154302671,
        119.28783382789317,
        75.09128161650415,
        143.1781357449013
      ]
    ],
    "折戸": [
      [
        56.37431114879183,
        188.4572087984551,
        76.76261127596439,
        206.23145400593472
      ],
      [
        79.43323442136497,
        163.50148367952522,
        100.73679996231928,
        179.72752107766942
      ],
      [
        31.95548961424332,
        125.51928783382789,
        54.45636098158354,
        142.8813998398569
      ],
      [
        97.7566765578635,
        84.27299703264094,
        111.70326409495547,
        101.78041543026706
      ]
    ],
    "引戸": [
      [
        93.44840092317838,
        196.96646413263625,
        109.03264094955489,
        237.6854599406528
      ],
      [
        96.58155527294997,
        149.8513965427912,
        108.14243323442136,
        191.3946587537092
      ],
      [
        49.59742828882297,
        139.3544816541849,
        60.96142433234422,
        191.0979228486647
      ]
    ]
  }
}