{
  "labels": {
    "LDK": [
      [
        [
          13.285714285714286,
          168.14285714285717
        ],
        [
          14.966386554621849,
          555.5378151260504
        ],
        [
          567.0672268907563,
          558.0588235294118
        ],
        [
          570.4285714285714,
          174.02521008403363
        ]
      ]
    ],
    "浴室": [
      [
        [
          245.218487394958,
          15.201680672268907
        ],
        [
          241.0168067226891,
          170.66386554621852
        ],
        [
          399.8403361344538,
          169.8235294117647
        ],
        [
          397.31932773109247,
          15.201680672268907
        ]
      ]
    ],
    "廊下": [
      [
        [
          564.546218487395,
          144.61344537815128
        ],
        [
          567.9075630252102,
          322.764705882353
        ],
        [
          646.8991596638656,
          323.60504201680675
        ],
        [
          646.8991596638656,
          139.57142857142858
        ]
      ]
    ],
    "開戸": [
      [
        574.1885369532429,
        129.3846153846154,
        637.1025641025641,
        212.5675500969619
      ],
      [
        220.84873949579833,
        99.8974358974359,
        314.66666666666663,
        163.10084033613447
      ]
    ],
    "引戸": [
      [
        171.07692307692307,
        162.07692307692307,
        316.5897435897436,
        193.48717948717947
      ],
      [
        325.56410256410254,
        165.66494290023704,
        479.5429864253394,
        193.48717948717947
      ],
      [
        548.73604826546,
        174.89743589743588,
        587.7435897435897,
        317.6795949148891
      ]
    ]
  }
}