{
  "labels": {
    "洋室": [
      [
        [
          79.81818181818181,
          98.0
        ],
        [
          304.06060606060606,
          96.48484848484848
        ],
        [
          304.8181818181818,
          260.8787878787879
        ],
        [
          83.6060606060606,
          260.1212121212121
        ]
      ],
      [
        [
          353.30303030303025,
          97.24242424242424
        ],
        [
          516.1818181818181,
          97.24242424242424
        ],
        [
          515.4242424242424,
          256.3333333333333
        ],
        [
          351.78787878787875,
          259.3636363636364
        ]
      ]
    ],
    "LDK": [
      [
        [
          85.12121212121212,
          266.93939393939394
        ],
        [
          517.6969696969696,
          262.3939393939394
        ],
        [
          516.1818181818181,
          439.66666666666663
        ],
        [
          84.36363636363635,
          444.2121212121212
        ]
      ]
    ],
    "浴室": [
      [
        [
          85.87878787878788,
          453.30303030303025
        ],
        [
          176.030303030303,
          455.57575757575756
        ],
        [
          174.5151515151515,
          548.0
        ],
        [
          87.39393939393938,
          550.2727272727273
        ]
      ]
    ],
    "折戸": [
      [
        152.5454545454545,
        451.78787878787875,
        186.63636363636363,
        501.030303030303
      ],
      [
        336.13959264778936,
        178.00496770988573,
        375.327868852459,
        259.0163934426229
      ],
      [
        279.06060606060606,
        97.24242424242424,
        319.04371584699453,
        174.86338797814207
      ]
    ],
    "引戸": [
      [
        193.36065573770492,
        435.5191256830601,
        281.33333333333326,
        456.24639841033286
      ],
      [
        278.2657724788872,
        452.1231992051664,
        299.91803278688525,
        528.9617486338798
      ],
      [
        329.2712369597615,
        249.030303030303,
        513.5792349726776,
        272.6775956284153
      ]
    ],
    "開戸": [
      [
        252.5454545454545,
        214.66666666666666,
        313.9090909090909,
        272.24242424242425
      ]
    ]
  }
}