{
  "labels": {
    "LDK": [
      [
        [
          48.35897435897436,
          116.23076923076923
        ],
        [
          51.56410256410256,
          275.8461538461538
        ],
        [
          364.38461538461536,
          279.05128205128204
        ],
        [
          366.3076923076923,
          35.46153846153845
        ],
        [
          247.7179487179487,
          39.30769230769229
        ],
        [
          247.7179487179487,
          119.43589743589743
        ]
      ]
    ],
    "廊下": [
      [
        [
          365.025641025641,
          77.12820512820511
        ],
        [
          365.025641025641,
          178.4102564102564
        ],
        [
          425.9230769230769,
          177.12820512820514
        ],
        [
          426.56410256410254,
          189.30769230769232
        ],
        [
          485.53846153846155,
          190.5897435897436
        ],
        [
          484.2564102564102,
          116.87179487179486
        ],
        [
          414.38461538461536,
          115.58974358974359
        ],
        [
          416.3076923076923,
          77.12820512820511
        ]
      ]
    ],
    "浴室": [
      [
        [
          166.94871794871796,
          38.02564102564102
        ],
        [
          245.15384615384613,
          38.02564102564102
        ],
        [
          245.15384615384613,
          118.15384615384616
        ],
        [
          166.94871794871796,
          118.15384615384616
        ]
      ]
    ],
    "開戸": [
      [
        159.01639344262296,
        81.11475409836066,
        204.1282051282051,
        112.52122740647329
      ],
      [
        328.27868852459017,
        119.22950819672131,
        375.1769651113914,
        153.74653215636818
      ],
      [
        382.3770491803279,
        86.44262295081967,
        423.2013451029845,
        114.59142496847416
      ]
    ],
    "引戸": [
      [
        91.80327868852459,
        110.46153846153845,
        165.22530474989492,
        127.8360655737705
      ],
      [
        420.9016393442623,
        158.98360655737704,
        438.93442622950823,
        230.70491803278688
      ]
    ]
  }
}