{
  "labels": {
    "廊下": [
      [
        [
          155.83870967741936,
          291.1290322580645
        ],
        [
          157.45161290322582,
          416.93548387096774
        ],
        [
          346.9677419354839,
          418.5483870967742
        ],
        [
          347.7741935483871,
          355.64516129032256
        ],
        [
          471.9677419354839,
          354.83870967741933
        ],
        [
          472.7741935483871,
          288.7096774193548
        ]
      ]
    ],
    "洋室": [
      [
        [
          155.03225806451613,
          35.483870967741936
        ],
        [
          409.06451612903226,
          35.483870967741936
        ],
        [
          409.06451612903226,
          291.93548387096774
        ],
        [
          155.03225806451613,
          291.93548387096774
        ]
      ],
      [
        [
          33.25806451612904,
          416.93548387096774
        ],
        [
          218.74193548387098,
          416.93548387096774
        ],
        [
          218.74193548387098,
          612.0967741935484
        ],
        [
          33.25806451612904,
          612.0967741935484
        ]
      ],
      [
        [
          281.64516129032256,
          414.51612903225805
        ],
        [
          470.35483870967744,
          414.51612903225805
        ],
        [
          470.35483870967744,
          612.9032258064516
        ],
        [
          281.64516129032256,
          612.9032258064516
        ]
      ]
    ],
    "開戸": [
      [
        286.6268656716418,
        369.35483870967744,
        338.90322580645164,
        430.5970149253731
      ],
      [
        169.76923076923077,
        368.8461538461538,
        210.82630272952855,
        430.53846153846155
      ],
      [
        142.8461538461538,
        297.3945409429281,
        207.67493796526054,
        347.46153846153845
      ]
    ],
    "折戸": [
      [
        37.37313432835816,
        404.47761194029846,
        150.19354838709677,
        450.80645161290323
      ],
      [
        348.72789896670486,
        399.0470723306544,
        466.6923076923076,
        450.53846153846155
      ]
    ],
    "引戸": [
      [
        221.9677419354839,
        279.03225806451616,
        350.19354838709677,
        306.4516129032258
      ],
      [
        393.61538461538464,
        100.03722084367246,
        430.5409429280397,
        219.76923076923077
      ],
      [
        140.51612903225808,
        115.3225806451613,
        178.41935483870967,
        234.67741935483872
      ]
    ]
  }
}