{
  "labels": {
    "洋室": [
      [
        [
          8.212121212121204,
          7.878787878787878
        ],
        [
          166.99999999999997,
          8.787878787878787
        ],
        [
          166.09090909090907,
          88.18181818181817
        ],
        [
          126.39393939393938,
          87.87878787878788
        ],
        [
          125.48484848484847,
          127.57575757575756
        ],
        [
          7.303030303030297,
          126.36363636363636
        ]
      ],
      [
        [
          166.09090909090907,
          126.96969696969695
        ],
        [
          166.09090909090907,
          166.66666666666666
        ],
        [
          204.57575757575756,
          166.66666666666666
        ],
        [
          205.78787878787875,
          246.66666666666666
        ],
        [
          6.393939393939391,
          246.96969696969694
        ],
        [
          6.6969696969696955,
          126.96969696969695
        ]
      ],
      [
        [
          204.57575757575756,
          87.87878787878788
        ],
        [
          324.8787878787879,
          89.09090909090908
        ],
        [
          324.8787878787879,
          247.27272727272725
        ],
        [
          204.87878787878788,
          246.36363636363635
        ],
        [
          204.57575757575756,
          167.87878787878788
        ],
        [
          164.87878787878788,
          167.27272727272725
        ],
        [
          163.96969696969694,
          127.27272727272727
        ],
        [
          205.78787878787875,
          127.57575757575756
        ]
      ]
    ],
    "廊下": [
      [
        [
          125.78787878787878,
          85.75757575757575
        ],
        [
          204.87878787878788,
          87.57575757575756
        ],
        [
          205.48484848484844,
          127.87878787878788
        ],
        [
          125.18181818181816,
          125.75757575757575
        ]
      ]
    ],
    "開戸": [
      [
        189.1212121212121,
        89.69696969696969,
        240.33333333333331,
        130.30303030303028
      ],
      [
        126.69696969696969,
        114.24242424242424,
        165.48484848484847,
        165.45454545454544
      ]
    ],
    "折戸": [
      [
        144.32990280160092,
        168.05749805749804,
        173.36719883889697,
        246.25641025641028
      ],
      [
        190.63636363636363,
        126.36363636363636,
        223.36363636363632,
        168.18181818181816
      ],
      [
        108.11965811965813,
        8.222222222222225,
        137.22641509433961,
        89.30817610062893
      ]
    ]
  }
}