{
  "labels": {
    "廊下": [
      [
        [
          197.05882352941174,
          79.20588235294116
        ],
        [
          177.20588235294116,
          138.02941176470586
        ],
        [
          116.91176470588235,
          143.91176470588235
        ],
        [
          113.97058823529412,
          339.49999999999994
        ],
        [
          173.52941176470588,
          339.49999999999994
        ],
        [
          170.58823529411762,
          204.94117647058823
        ],
        [
          229.41176470588235,
          204.20588235294116
        ],
        [
          232.35294117647058,
          142.44117647058823
        ],
        [
          297.7941176470588,
          147.58823529411762
        ],
        [
          291.17647058823525,
          82.14705882352939
        ]
      ]
    ],
    "LDK": [
      [
        [
          110.84834123222751,
          340.2843601895735
        ],
        [
          178.14691943127963,
          339.81042654028437
        ],
        [
          178.14691943127963,
          321.8009478672986
        ],
        [
          453.02843601895734,
          320.8530805687204
        ],
        [
          453.5023696682465,
          436.9668246445498
        ],
        [
          110.84834123222751,
          436.0189573459716
        ]
      ]
    ],
    "開戸": [
      [
        278.7621359223301,
        92.71844660194175,
        343.58252427184465,
        138.76470588235293
      ],
      [
        201.3495145631068,
        33.649289099526065,
        249.23696682464458,
        96.60194174757281
      ],
      [
        118.33952027412909,
        323.3009708737864,
        169.31067961165047,
        396.6030839520274
      ]
    ],
    "引戸": [
      [
        163.97087378640776,
        208.88178183894917,
        187.94260422615645,
        307.28155339805824
      ],
      [
        244.5533980582524,
        286.40776699029124,
        453.5023696682465,
        335.64855289191553
      ]
    ]
  }
}