{
  "labels": {
    "洋室": [
      [
        [
          80.0,
          64.52941176470588
        ],
        [
          347.05882352941177,
          62.17647058823529
        ],
        [
          352.94117647058823,
          458.05882352941177
        ],
        [
          85.29411764705883,
          459.2352941176471
        ]
      ]
    ],
    "LDK": [
      [
        [
          349.4117647058824,
          193.35294117647058
        ],
        [
          437.64705882352945,
          192.76470588235296
        ],
        [
          437.05882352941177,
          148.64705882352942
        ],
        [
          791.7647058823529,
          145.7058823529412
        ],
        [
          795.8823529411765,
          453.3529411764706
        ],
        [
          351.7647058823529,
          458.05882352941177
        ]
      ]
    ],
    "折戸": [
      [
        353.62745098039215,
        170.4607843137255,
        420.42857142857144,
        225.5
      ],
      [
        87.0952380952381,
        355.8571428571429,
        351.3809523809524,
        410.61904761904765
      ]
    ],
    "引戸": [
      [
        322.94117647058823,
        206.88235294117646,
        366.26190476190476,
        380.26190476190476
      ]
    ]
  }
}