{
  "labels": {
    "洋室": [
      [
        [
          18.428571428571445,
          45.16129032258065
        ],
        [
          92.62211981566821,
          46.54377880184332
        ],
        [
          91.70046082949312,
          73.73271889400922
        ],
        [
          107.36866359447004,
          74.65437788018433
        ],
        [
          108.75115207373273,
          192.6267281105991
        ],
        [
          17.9677419354839,
          194.00921658986175
        ]
      ],
      [
        [
          76.95391705069125,
          193.08755760368663
        ],
        [
          151.60829493087562,
          192.6267281105991
        ],
        [
          152.06912442396316,
          296.31336405529953
        ],
        [
          77.41474654377879,
          297.6958525345622
        ]
      ],
      [
        [
          78.33640552995394,
          295.39170506912444
        ],
        [
          195.84792626728114,
          296.31336405529953
        ],
        [
          194.46543778801845,
          396.77419354838713
        ],
        [
          79.25806451612902,
          399.53917050691246
        ]
      ]
    ],
    "廊下": [
      [
        [
          48.38248847926269,
          192.16589861751152
        ],
        [
          47.921658986175146,
          295.39170506912444
        ],
        [
          17.9677419354839,
          295.852534562212
        ],
        [
          18.88940092165899,
          326.2672811059908
        ],
        [
          78.79723502304148,
          325.3456221198157
        ],
        [
          78.33640552995394,
          193.5483870967742
        ]
      ]
    ],
    "折戸": [
      [
        23.497695852534548,
        36.40552995391705,
        87.55299539170505,
        61.29032258064516
      ],
      [
        107.36866359447004,
        182.94930875576037,
        149.83516483516485,
        204.76190476190476
      ],
      [
        39.21245421245422,
        194.5054945054945,
        59.18244121469931,
        235.59021623537754
      ],
      [
        66.82115224899604,
        368.9403409267586,
        88.66300366300368,
        395.970695970696
      ]
    ],
    "開戸": [
      [
        49.185986056953794,
        166.2412855961243,
        76.20879120879121,
        202.56410256410257
      ],
      [
        67.53645279451732,
        298.4875339714049,
        102.58241758241758,
        323.8095238095238
      ]
    ],
    "引戸": [
      [
        21.098357782568286,
        314.35406698564594,
        76.20879120879121,
        335.53113553113553
      ],
      [
        68.19216380676485,
        239.70223325062037,
        85.73260073260073,
        292.3076923076923
      ]
    ]
  }
}