{
  "labels": {
    "浴室": [
      [
        [
          120.57004830917876,
          109.66183574879229
        ],
        [
          166.94685990338166,
          110.14492753623189
        ],
        [
          165.98067632850243,
          151.20772946859904
        ],
        [
          120.08695652173914,
          151.20772946859904
        ]
      ]
    ],
    "LDK": [
      [
        [
          215.25603864734302,
          109.17874396135267
        ],
        [
          380.47342995169083,
          111.11111111111111
        ],
        [
          379.5072463768116,
          299.0338164251208
        ],
        [
          286.2705314009662,
          298.5507246376812
        ],
        [
          286.7536231884058,
          201.44927536231884
        ],
        [
          217.18840579710147,
          201.93236714975848
        ]
      ]
    ],
    "廊下": [
      [
        [
          121.53623188405798,
          180.6763285024155
        ],
        [
          213.32367149758457,
          181.1594202898551
        ],
        [
          213.32367149758457,
          201.93236714975848
        ],
        [
          188.68599033816426,
          201.44927536231884
        ],
        [
          188.20289855072465,
          211.11111111111111
        ],
        [
          178.54106280193238,
          211.11111111111111
        ],
        [
          179.024154589372,
          214.49275362318843
        ],
        [
          145.69082125603865,
          214.49275362318843
        ],
        [
          145.20772946859904,
          202.41545893719808
        ],
        [
          122.0193236714976,
          202.8985507246377
        ]
      ]
    ],
    "開戸": [
      [
        117.67149758454107,
        172.46376811594203,
        142.792270531401,
        200.48309178743963
      ],
      [
        210.42512077294688,
        180.19323671497585,
        236.512077294686,
        203.86473429951693
      ]
    ],
    "折戸": [
      [
        156.31884057971016,
        130.9178743961353,
        171.29468599033817,
        157.48792270531402
      ],
      [
        231.68115942028987,
        204.83091787439616,
        251.97101449275362,
        251.69082125603867
      ],
      [
        233.13043478260872,
        263.2850241545894,
        246.65700483091788,
        298.5507246376812
      ]
    ],
    "引戸": [
      [
        168.07356927596808,
        172.68486968636896,
        213.16614420062697,
        186.5203761755486
      ],
      [
        209.53617130828528,
        119.51902836460559,
        222.88401253918497,
        168.9655172413793
      ],
      [
        281.9227053140097,
        205.31400966183577,
        295.29780564263325,
        299.05956112852664
      ],
      [
        239.4106280193237,
        199.0338164251208,
        284.8212560386474,
        209.17874396135267
      ]
    ]
  }
}