{
  "labels": {
    "洋室": [
      [
        [
          54.0,
          67.0
        ],
        [
          116.39999999999998,
          66.2
        ],
        [
          118.0,
          132.6
        ],
        [
          318.0,
          136.6
        ],
        [
          315.6,
          415.8
        ],
        [
          52.400000000000006,
          414.2
        ]
      ],
      [
        [
          471.6,
          66.2
        ],
        [
          671.6,
          68.6
        ],
        [
          674.8,
          303.8
        ],
        [
          476.4,
          303.0
        ]
      ],
      [
        [
          407.6,
          308.6
        ],
        [
          674.0,
          314.2
        ],
        [
          673.2,
          515.8
        ],
        [
          454.79999999999995,
          516.6
        ],
        [
          454.0,
          431.0
        ],
        [
          406.79999999999995,
          427.8
        ]
      ]
    ],
    "廊下": [
      [
        [
          327.6,
          149.4
        ],
        [
          470.0,
          152.6
        ],
        [
          472.4,
          303.8
        ],
        [
          408.4,
          303.8
        ],
        [
          406.0,
          239.0
        ],
        [
          326.0,
          238.2
        ]
      ]
    ],
    "開戸": [
      [
        325.3636363636364,
        133.76623376623377,
        381.20000000000005,
        199.8
      ],
      [
        409.20000000000005,
        148.6,
        483.6,
        215.8
      ],
      [
        402.0,
        243.8,
        473.20000000000005,
        324.6
      ],
      [
        255.60000000000002,
        154.2,
        337.7012987012987,
        220.77922077922076
      ]
    ],
    "折戸": [
      [
        459.6,
        67.8,
        513.2,
        144.6
      ],
      [
        118.2207792207792,
        120.12987012987013,
        320.4,
        172.6
      ],
      [
        443.6,
        433.4,
        483.6,
        500.6
      ]
    ]
  }
}