{
  "labels": {
    "LDK": [
      [
        [
          139.79057591623035,
          192.65445026178008
        ],
        [
          138.7434554973822,
          352.34031413612564
        ],
        [
          366.4921465968586,
          351.29319371727746
        ],
        [
          363.87434554973817,
          142.39267015706804
        ],
        [
          293.1937172774869,
          143.43979057591622
        ],
        [
          294.76439790575915,
          177.47120418848166
        ],
        [
          245.54973821989526,
          177.99476439790575
        ],
        [
          244.5026178010471,
          73.282722513089
        ],
        [
          207.32984293193715,
          74.85340314136126
        ],
        [
          208.90052356020942,
          194.22513089005233
        ]
      ]
    ],
    "廊下": [
      [
        [
          102.09424083769633,
          143.43979057591622
        ],
        [
          174.86910994764398,
          143.43979057591622
        ],
        [
          174.86910994764398,
          197.36649214659684
        ],
        [
          102.09424083769633,
          197.36649214659684
        ]
      ],
      [
        [
          312.0418848167539,
          39.251308900523554
        ],
        [
          381.67539267015707,
          39.251308900523554
        ],
        [
          381.67539267015707,
          107.83769633507853
        ],
        [
          312.0418848167539,
          107.83769633507853
        ]
      ]
    ],
    "開戸": [
      [
        307.85340314136124,
        74.45887445887446,
        337.65800865800867,
        106.79057591623035
      ]
    ],
    "引戸": [
      [
        176.61904761904762,
        66.40617846377008,
        241.3612565445026,
        77.92207792207792
      ],
      [
        238.09090909090907,
        41.72858729403231,
        251.90272205979008,
        106.49350649350649
      ],
      [
        105.19047619047618,
        187.44588744588748,
        171.54642913805216,
        198.64479499558036
      ]
    ]
  }
}