{
  "labels": {
    "LDK": [
      [
        [
          83.85321100917429,
          187.61467889908255
        ],
        [
          256.7889908256881,
          188.07339449541283
        ],
        [
          257.2477064220183,
          285.77981651376143
        ],
        [
          82.93577981651376,
          286.697247706422
        ]
      ]
    ],
    "浴室": [
      [
        [
          260.0,
          238.07339449541283
        ],
        [
          308.1651376146789,
          238.5321100917431
        ],
        [
          308.1651376146789,
          286.23853211009174
        ],
        [
          261.3761467889908,
          286.23853211009174
        ]
      ]
    ],
    "廊下": [
      [
        [
          235.2293577981651,
          137.61467889908255
        ],
        [
          282.93577981651373,
          137.15596330275227
        ],
        [
          283.39449541284404,
          160.5504587155963
        ],
        [
          256.7889908256881,
          159.63302752293578
        ],
        [
          257.2477064220183,
          183.48623853211006
        ],
        [
          185.2293577981651,
          183.48623853211006
        ],
        [
          185.2293577981651,
          163.76146788990823
        ],
        [
          235.2293577981651,
          163.30275229357798
        ]
      ]
    ],
    "開戸": [
      [
        238.89908256880733,
        159.63302752293578,
        265.96330275229354,
        183.48623853211006
      ],
      [
        159.7441860465116,
        160.46511627906975,
        192.39507452223475,
        185.65332683105245
      ],
      [
        183.39449541284404,
        179.3577981651376,
        210.2425249169435,
        210.63122923588037
      ]
    ],
    "折戸": [
      [
        259.95275686549417,
        229.2465482032369,
        281.6710963455149,
        246.84385382059799
      ]
    ],
    "引戸": [
      [
        251.37888993873634,
        187.44094608186776,
        268.71428571428567,
        232.22591362126244
      ]
    ]
  }
}