{
  "labels": {
    "廊下": [
      [
        [
          493.875,
          261.4375
        ],
        [
          489.1875,
          372.375
        ],
        [
          822.0,
          373.9375
        ],
        [
          825.125,
          259.875
        ],
        [
          714.1875,
          267.6875
        ],
        [
          711.0625,
          233.3125
        ],
        [
          600.125,
          231.75
        ],
        [
          600.125,
          266.125
        ]
      ]
    ],
    "洋室": [
      [
        [
          822.0,
          262.00990099009897
        ],
        [
          820.4375,
          813.5724009900989
        ],
        [
          1157.9375,
          815.1349009900989
        ],
        [
          1153.25,
          368.25990099009897
        ],
        [
          931.375,
          368.25990099009897
        ],
        [
          932.9375,
          255.75990099009897
        ]
      ],
      [
        [
          712.625,
          373.9375
        ],
        [
          715.75,
          461.4375
        ],
        [
          486.0625,
          459.875
        ],
        [
          490.75,
          817.6875
        ],
        [
          828.25,
          813.0
        ],
        [
          818.875,
          369.25
        ]
      ],
      [
        [
          48.5625,
          202.0625
        ],
        [
          492.3125,
          202.0625
        ],
        [
          492.3125,
          589.5625
        ],
        [
          48.5625,
          589.5625
        ]
      ]
    ],
    "開戸": [
      [
        400.23329207920796,
        272.9009900990099,
        519.4950495049505,
        358.4158415841584
      ],
      [
        724.5061881188119,
        231.68811881188122,
        810.5841584158416,
        353.46534653465346
      ],
      [
        724.2431930693069,
        344.03341584158414,
        812.5643564356435,
        464.35643564356434
      ],
      [
        794.648514851485,
        274.25742574257424,
        913.5544554455446,
        358.46720297029697
      ]
    ],
    "折戸": [
      [
        229.3019801980198,
        178.36200495049505,
        310.58415841584156,
        254.45544554455446
      ],
      [
        945.4993811881188,
        339.76361386138615,
        1139.2970297029703,
        430.6930693069307
      ],
      [
        502.94059405940595,
        427.26361386138615,
        697.7128712871287,
        513.8613861386139
      ]
    ]
  }
}