{
  "labels": {
    "洋室": [
      [
        [
          193.37254901960785,
          360.78431372549016
        ],
        [
          411.01960784313724,
          361.7647058823529
        ],
        [
          411.01960784313724,
          434.3137254901961
        ],
        [
          480.62745098039215,
          433.3333333333333
        ],
        [
          481.6078431372549,
          719.6078431372549
        ],
        [
          196.31372549019608,
          719.6078431372549
        ]
      ],
      [
        [
          480.62745098039215,
          433.3333333333333
        ],
        [
          698.2745098039215,
          433.3333333333333
        ],
        [
          697.2941176470588,
          720.5882352941177
        ],
        [
          482.5882352941177,
          718.6274509803922
        ]
      ],
      [
        [
          695.3333333333334,
          432.3529411764706
        ],
        [
          910.0392156862745,
          434.3137254901961
        ],
        [
          911.0196078431372,
          721.5686274509803
        ],
        [
          697.2941176470588,
          723.5294117647059
        ]
      ]
    ],
    "廊下": [
      [
        [
          408.07843137254906,
          360.78431372549016
        ],
        [
          625.7254901960785,
          358.8235294117647
        ],
        [
          626.7058823529412,
          288.2352941176471
        ],
        [
          697.2941176470588,
          292.156862745098
        ],
        [
          698.2745098039215,
          358.8235294117647
        ],
        [
          769.843137254902,
          358.8235294117647
        ],
        [
          769.843137254902,
          432.3529411764706
        ],
        [
          409.0588235294117,
          431.37254901960785
        ]
      ]
    ],
    "折戸": [
      [
        771.8793363499245,
        460.03016591251884,
        901.2820512820513,
        521.7948717948718
      ],
      [
        490.95927601809956,
        465.4977375565611,
        620.5128205128204,
        527.5641025641025
      ],
      [
        204.87330316742077,
        410.10558069381597,
        398.71794871794873,
        473.07692307692304
      ]
    ],
    "開戸": [
      [
        629.6470588235294,
        407.579185520362,
        692.3076923076923,
        498.7179487179487
      ],
      [
        699.2171945701357,
        409.53996983408746,
        763.4615384615385,
        499.35897435897436
      ],
      [
        711.3589743589745,
        364.9321266968326,
        792.9487179487179,
        416.66666666666663
      ],
      [
        412.22624434389144,
        367.00603318250376,
        475.64102564102564,
        457.05128205128204
      ]
    ],
    "引戸": [
      [
        414.37556561085967,
        338.65007541478127,
        546.7948717948718,
        385.2564102564102
      ],
      [
        671.7948717948718,
        228.84615384615384,
        719.2021116138764,
        355.0904977375566
      ]
    ]
  }
}