{
  "labels": {
    "廊下": [
      [
        [
          295.0,
          195.0
        ],
        [
          292.0,
          298.0
        ],
        [
          370.0,
          299.0
        ],
        [
          371.0,
          381.0
        ],
        [
          453.0,
          381.0
        ],
        [
          450.0,
          198.0
        ],
        [
          369.0,
          200.0
        ],
        [
          370.0,
          158.0
        ],
        [
          291.0,
          155.0
        ]
      ]
    ],
    "洋室": [
      [
        [
          372.5625,
          383.0
        ],
        [
          373.5625,
          703.0
        ],
        [
          692.5625,
          704.0
        ],
        [
          693.5625,
          459.0
        ],
        [
          451.5625,
          460.0
        ],
        [
          453.5625,
          383.0
        ]
      ],
      [
        [
          453.0,
          58.0
        ],
        [
          692.0,
          58.0
        ],
        [
          692.0,
          379.0
        ],
        [
          453.0,
          379.0
        ]
      ],
      [
        [
          47.0,
          302.0
        ],
        [
          366.0,
          302.0
        ],
        [
          366.0,
          582.0
        ],
        [
          47.0,
          582.0
        ]
      ]
    ],
    "開戸": [
      [
        292.28125,
        230.0,
        359.0,
        323.0
      ],
      [
        430.9375,
        304.25,
        517.28125,
        373.78125
      ],
      [
        371.0,
        364.0,
        445.0,
        445.0
      ],
      [
        382.125,
        173.78125,
        446.0,
        258.0
      ]
    ],
    "折戸": [
      [
        457.90625,
        438.625,
        562.25,
        485.4375
      ],
      [
        579.78125,
        350.0,
        686.0,
        399.5625
      ]
    ]
  }
}