{
  "labels": {
    "浴室": [
      [
        [
          45.04878048780486,
          91.07317073170731
        ],
        [
          123.09756097560972,
          92.29268292682926
        ],
        [
          123.09756097560972,
          169.73170731707316
        ],
        [
          45.04878048780486,
          171.56097560975607
        ]
      ]
    ],
    "LDK": [
      [
        [
          43.82926829268291,
          267.29268292682923
        ],
        [
          389.56097560975604,
          266.0731707317073
        ],
        [
          388.34146341463406,
          432.5365853658536
        ],
        [
          45.04878048780486,
          434.36585365853654
        ]
      ]
    ],
    "洋室": [
      [
        [
          307.24390243902434,
          45.95121951219512
        ],
        [
          410.29268292682923,
          46.56097560975609
        ],
        [
          412.7317073170731,
          256.3170731707317
        ],
        [
          265.17073170731703,
          256.3170731707317
        ],
        [
          264.56097560975604,
          89.85365853658536
        ],
        [
          307.8536585365853,
          89.24390243902438
        ]
      ]
    ],
    "廊下": [
      [
        [
          151.14634146341461,
          130.7073170731707
        ],
        [
          193.21951219512192,
          131.3170731707317
        ],
        [
          216.99999999999994,
          108.14634146341463
        ],
        [
          216.99999999999994,
          88.6341463414634
        ],
        [
          254.80487804878044,
          89.24390243902438
        ],
        [
          255.41463414634143,
          256.3170731707317
        ],
        [
          221.8780487804878,
          256.3170731707317
        ],
        [
          221.2682926829268,
          170.9512195121951
        ],
        [
          151.14634146341461,
          170.34146341463412
        ]
      ]
    ],
    "開戸": [
      [
        100.53658536585363,
        177.65853658536585,
        134.0731707317073,
        218.5121951219512
      ],
      [
        171.32673267326732,
        250.0,
        216.99999999999994,
        288.0243902439024
      ],
      [
        204.99009900990097,
        174.75247524752476,
        240.78048780487802,
        216.0731707317073
      ]
    ],
    "引戸": [
      [
        215.51485148514848,
        70.34750060371891,
        303.009900990099,
        99.5049504950495
      ],
      [
        216.61965708765996,
        243.17411253320452,
        304.990099009901,
        277.2277227722772
      ],
      [
        41.00386380101426,
        245.4259840618208,
        127.76237623762376,
        276.23762376237624
      ],
      [
        45.30837961844961,
        158.68365129195843,
        127.76237623762376,
        186.13861386138615
      ],
      [
        243.26177251871525,
        86.76261772518714,
        275.78217821782175,
        175.24752475247524
      ]
    ]
  }
}