{
  "labels": {
    "LDK": [
      [
        [
          26.528089887640448,
          39.95505617977528
        ],
        [
          26.528089887640448,
          382.08988764044943
        ],
        [
          156.86516853932585,
          386.5842696629213
        ],
        [
          157.42696629213484,
          243.3258426966292
        ],
        [
          299.0,
          245.57303370786514
        ],
        [
          299.56179775280896,
          134.8988764044944
        ],
        [
          214.73033707865167,
          135.46067415730337
        ],
        [
          213.6067415730337,
          62.98876404494382
        ],
        [
          166.41573033707866,
          62.98876404494382
        ],
        [
          168.6629213483146,
          38.26966292134831
        ]
      ]
    ],
    "廊下": [
      [
        [
          236.64044943820224,
          86.02247191011236
        ],
        [
          297.314606741573,
          86.02247191011236
        ],
        [
          297.314606741573,
          136.58426966292134
        ],
        [
          236.64044943820224,
          136.58426966292134
        ]
      ]
    ],
    "浴室": [
      [
        [
          297.87640449438203,
          291.64044943820227
        ],
        [
          393.3820224719101,
          291.64044943820227
        ],
        [
          393.3820224719101,
          388.2696629213483
        ],
        [
          297.87640449438203,
          388.2696629213483
        ]
      ]
    ],
    "開戸": [
      [
        256.59172715521527,
        71.75877498259919,
        293.25663716814154,
        120.35398230088494
      ]
    ],
    "折戸": [
      [
        226.88495575221236,
        91.02893507010043,
        255.1449736501939,
        131.4159292035398
      ],
      [
        304.3296211593914,
        276.54867256637164,
        338.38938053097337,
        306.80898876404495
      ],
      [
        172.86786695148004,
        52.178059200488256,
        213.8001999481616,
        80.38286370200318
      ],
      [
        349.8458289839962,
        116.63474097227396,
        388.8318584070796,
        146.90265486725662
      ]
    ],
    "引戸": [
      [
        161.22878729174738,
        228.37961550198355,
        248.74137931034483,
        260.3048382838508
      ],
      [
        144.72839984502136,
        245.14199922510647,
        170.72413793103453,
        336.2068965517241
      ],
      [
        284.84955752212386,
        139.82115747769095,
        314.2898239664557,
        220.79646017699113
      ],
      [
        218.47787610619469,
        123.18431492218492,
        295.24732987488557,
        152.21238938053096
      ]
    ]
  }
}