{
  "labels": {
    "洋室": [
      [
        [
          127.60273972602738,
          93.15068493150685
        ],
        [
          268.013698630137,
          93.83561643835617
        ],
        [
          270.06849315068496,
          233.56164383561645
        ],
        [
          198.83561643835617,
          234.93150684931507
        ],
        [
          197.46575342465752,
          198.63013698630138
        ],
        [
          128.97260273972603,
          198.63013698630138
        ]
      ],
      [
        [
          235.13698630136986,
          235.6164383561644
        ],
        [
          341.30136986301375,
          236.30136986301372
        ],
        [
          342.67123287671234,
          343.83561643835617
        ],
        [
          235.8219178082192,
          343.1506849315069
        ]
      ],
      [
        [
          198.15068493150687,
          342.4657534246575
        ],
        [
          344.7260273972603,
          343.83561643835617
        ],
        [
          344.04109589041093,
          468.4931506849315
        ],
        [
          196.78082191780823,
          469.17808219178085
        ]
      ]
    ],
    "廊下": [
      [
        [
          165.27397260273972,
          238.35616438356166
        ],
        [
          230.34246575342468,
          236.986301369863
        ],
        [
          231.02739726027397,
          341.09589041095893
        ],
        [
          196.78082191780823,
          341.09589041095893
        ],
        [
          196.78082191780823,
          362.32876712328766
        ],
        [
          166.64383561643837,
          363.013698630137
        ]
      ]
    ],
    "開戸": [
      [
        198.15068493150687,
        203.4246575342466,
        228.8659217877095,
        249.72067039106145
      ],
      [
        219.52896609780367,
        238.48243667253382,
        265.7374301675978,
        269.83240223463685
      ],
      [
        202.42098415856742,
        328.1013239458177,
        234.45251396648047,
        373.74301675977654
      ]
    ],
    "引戸": [
      [
        135.53876176628148,
        347.35210836458253,
        196.46368715083798,
        374.8603351955307
      ]
    ],
    "折戸": [
      [
        186.5795515420525,
        414.50983393280785,
        217.6927374301676,
        454.1899441340782
      ],
      [
        274.231652253769,
        221.431851228285,
        304.8435754189944,
        251.39664804469274
      ],
      [
        129.42458100558656,
        183.24022346368716,
        196.46368715083798,
        204.46927374301674
      ]
    ]
  }
}