{
  "labels": {
    "浴室": [
      [
        [
          226.05882352941177,
          92.94117647058823
        ],
        [
          277.8235294117647,
          92.94117647058823
        ],
        [
          278.4117647058824,
          144.7058823529412
        ],
        [
          227.23529411764707,
          142.94117647058823
        ]
      ]
    ],
    "洋室": [
      [
        [
          91.35294117647061,
          309.4117647058824
        ],
        [
          180.76470588235293,
          309.4117647058824
        ],
        [
          180.76470588235293,
          374.70588235294116
        ],
        [
          91.94117647058823,
          374.70588235294116
        ]
      ]
    ],
    "LDK": [
      [
        [
          64.88235294117646,
          200.58823529411765
        ],
        [
          120.1764705882353,
          201.1764705882353
        ],
        [
          120.1764705882353,
          133.52941176470588
        ],
        [
          172.5294117647059,
          134.11764705882354
        ],
        [
          171.94117647058823,
          119.41176470588236
        ],
        [
          226.64705882352945,
          118.82352941176471
        ],
        [
          225.47058823529414,
          198.23529411764707
        ],
        [
          278.4117647058824,
          198.82352941176472
        ],
        [
          279.0,
          307.05882352941177
        ],
        [
          64.88235294117646,
          308.2352941176471
        ]
      ]
    ],
    "廊下": [
      [
        [
          72.52941176470591,
          120.0
        ],
        [
          117.23529411764707,
          120.0
        ],
        [
          116.64705882352939,
          198.82352941176472
        ],
        [
          90.76470588235293,
          199.41176470588235
        ],
        [
          90.1764705882353,
          144.7058823529412
        ],
        [
          72.52941176470591,
          144.11764705882354
        ]
      ]
    ],
    "折戸": [
      [
        223.70588235294116,
        133.52941176470588,
        253.70588235294122,
        153.52941176470588
      ],
      [
        68.56435643564356,
        91.57425742574257,
        87.37623762376239,
        122.76237623762376
      ]
    ],
    "引戸": [
      [
        91.00000000000003,
        298.29059829059827,
        170.7144293614882,
        313.9567621920563
      ],
      [
        84.29411764705884,
        310.5882352941177,
        98.41176470588238,
        375.88235294117646
      ],
      [
        215.47561588738057,
        148.39617898441426,
        234.1623931623932,
        194.8717948717949
      ],
      [
        81.2505027652087,
        148.44708396178984,
        97.83760683760684,
        189.74358974358975
      ],
      [
        109.53795877325291,
        147.4861739567622,
        129.03418803418805,
        191.8803418803419
      ]
    ]
  }
}