{
  "labels": {
    "浴室": [
      [
        [
          328.84563758389265,
          39.59731543624161
        ],
        [
          423.4765100671141,
          39.59731543624161
        ],
        [
          422.80536912751677,
          130.2013422818792
        ],
        [
          332.2013422818792,
          129.53020134228188
        ]
      ]
    ],
    "廊下": [
      [
        [
          120.79194630872485,
          141.61073825503357
        ],
        [
          273.81208053691273,
          139.59731543624162
        ],
        [
          275.8255033557047,
          115.43624161073825
        ],
        [
          322.80536912751677,
          115.43624161073825
        ],
        [
          322.13422818791946,
          186.5771812080537
        ],
        [
          119.44966442953023,
          185.23489932885906
        ]
      ]
    ],
    "LDK": [
      [
        [
          43.61073825503357,
          192.61744966442953
        ],
        [
          218.77852348993287,
          193.28859060402684
        ],
        [
          218.77852348993287,
          296.6442953020134
        ],
        [
          424.1476510067114,
          298.6577181208054
        ],
        [
          425.489932885906,
          423.48993288590606
        ],
        [
          402.0,
          424.16107382550337
        ],
        [
          402.6711409395973,
          474.496644295302
        ],
        [
          42.93959731543623,
          473.1543624161074
        ]
      ]
    ],
    "開戸": [
      [
        279.219512195122,
        96.09756097560977,
        322.80536912751677,
        151.6778523489933
      ],
      [
        317.4362416107383,
        246.9798657718121,
        348.9798657718121,
        286.5771812080537
      ],
      [
        224.09756097560978,
        279.51219512195127,
        272.4697986577181,
        318.79194630872485
      ],
      [
        171.1275167785235,
        175.16778523489933,
        224.81879194630875,
        232.21476510067114
      ],
      [
        375.15436241610735,
        423.48993288590606,
        417.26829268292687,
        469.26829268292687
      ]
    ],
    "引戸": [
      [
        310.43902439024396,
        139.02439024390245,
        337.26829268292687,
        226.82926829268294
      ],
      [
        324.8187919463087,
        280.05238173187104,
        409.95121951219517,
        307.8048780487805
      ],
      [
        186.0487804878049,
        39.024390243902445,
        210.9268292682927,
        118.04878048780489
      ]
    ],
    "折戸": [
      [
        324.1476510067114,
        114.76510067114094,
        372.87804878048786,
        151.70731707317074
      ],
      [
        39.58389261744966,
        182.5503355704698,
        119.44966442953023,
        210.06711409395973
      ]
    ]
  }
}