{
  "labels": {
    "廊下": [
      [
        [
          41.07142857142857,
          271.5
        ],
        [
          40.476190476190474,
          333.4047619047619
        ],
        [
          217.85714285714286,
          333.4047619047619
        ],
        [
          218.45238095238096,
          211.38095238095238
        ],
        [
          159.52380952380952,
          212.57142857142858
        ],
        [
          157.73809523809524,
          273.2857142857143
        ]
      ]
    ],
    "洋室": [
      [
        [
          102.38095238095238,
          33.40476190476191
        ],
        [
          100.0,
          152.45238095238096
        ],
        [
          160.11904761904762,
          152.45238095238096
        ],
        [
          158.92857142857144,
          212.57142857142858
        ],
        [
          394.64285714285717,
          214.95238095238096
        ],
        [
          396.42857142857144,
          35.19047619047619
        ]
      ],
      [
        [
          220.83333333333334,
          212.57142857142858
        ],
        [
          395.23809523809524,
          212.57142857142858
        ],
        [
          395.23809523809524,
          392.92857142857144
        ],
        [
          220.83333333333334,
          392.92857142857144
        ]
      ]
    ],
    "開戸": [
      [
        166.85436893203882,
        165.54761904761907,
        213.6904761904762,
        229.61165048543688
      ]
    ],
    "折戸": [
      [
        89.18446601941747,
        41.50943396226415,
        122.64150943396226,
        148.54368932038835
      ],
      [
        207.73809523809524,
        336.79245283018867,
        236.32075471698113,
        385.7857142857143
      ],
      [
        105.5418531215381,
        256.5840464414379,
        153.74757281553397,
        290.7766990291262
      ]
    ],
    "引戸": [
      [
        45.49514563106797,
        313.070159369848,
        154.2452830188679,
        349.02912621359224
      ],
      [
        202.38095238095238,
        225.0,
        233.0188679245283,
        327.45238095238096
      ]
    ]
  }
}