{
  "labels": {
    "洋室": [
      [
        [
          244.59459459459458,
          6.27027027027027
        ],
        [
          362.61261261261257,
          5.819819819819816
        ],
        [
          362.16216216216213,
          123.38738738738738
        ],
        [
          244.1441441441441,
          122.93693693693692
        ]
      ],
      [
        [
          244.1441441441441,
          123.83783783783784
        ],
        [
          363.063063063063,
          124.73873873873873
        ],
        [
          363.063063063063,
          280.5945945945946
        ],
        [
          243.24324324324323,
          280.1441441441441
        ]
      ],
      [
        [
          126.12612612612611,
          124.28828828828827
        ],
        [
          165.31531531531527,
          124.28828828828827
        ],
        [
          165.76576576576576,
          281.94594594594594
        ],
        [
          8.108108108108098,
          281.49549549549545
        ],
        [
          7.207207207207205,
          154.018018018018
        ],
        [
          125.67567567567565,
          154.018018018018
        ]
      ]
    ],
    "廊下": [
      [
        [
          46.84684684684683,
          7.171171171171171
        ],
        [
          83.78378378378378,
          6.7207207207207205
        ],
        [
          84.68468468468467,
          86.45045045045045
        ],
        [
          243.24324324324323,
          87.80180180180179
        ],
        [
          242.79279279279274,
          159.87387387387386
        ],
        [
          202.70270270270265,
          160.32432432432432
        ],
        [
          201.8018018018018,
          140.05405405405403
        ],
        [
          168.9189189189189,
          139.6036036036036
        ],
        [
          168.46846846846847,
          122.03603603603602
        ],
        [
          49.09909909909908,
          121.58558558558556
        ]
      ]
    ],
    "開戸": [
      [
        232.9189189189189,
        86.82432432432432,
        274.77477477477476,
        120.23423423423424
      ],
      [
        231.90540540540542,
        127.02702702702703,
        273.87387387387383,
        162.57657657657657
      ]
    ],
    "引戸": [
      [
        236.29729729729723,
        14.527027027027028,
        258.7837837837837,
        82.73423423423422
      ],
      [
        199.13513513513513,
        152.70270270270268,
        238.85135135135133,
        174.96396396396392
      ],
      [
        228.18918918918916,
        210.8108108108108,
        252.25225225225222,
        280.5945945945946
      ],
      [
        87.98648648648648,
        112.16216216216216,
        164.75225225225225,
        135.54954954954954
      ],
      [
        74.8108108108108,
        9.12162162162162,
        97.63513513513512,
        84.53603603603602
      ]
    ],
    "折戸": [
      [
        45.94594594594594,
        150.4144144144144,
        127.9279279279279,
        173.38738738738738
      ]
    ]
  }
}