{
  "labels": {
    "洋室": [
      [
        [
          17.89632107023411,
          127.1973244147157
        ],
        [
          97.16053511705684,
          128.20066889632105
        ],
        [
          95.82274247491637,
          236.89632107023408
        ],
        [
          17.227424749163873,
          236.561872909699
        ]
      ],
      [
        [
          200.50501672240802,
          154.6220735785953
        ],
        [
          96.82608695652172,
          152.94983277591973
        ],
        [
          96.15719063545149,
          236.561872909699
        ],
        [
          200.17056856187287,
          237.23076923076923
        ]
      ],
      [
        [
          73.08026755852842,
          21.17725752508361
        ],
        [
          203.18060200668896,
          22.515050167224075
        ],
        [
          201.8428093645485,
          101.11036789297657
        ],
        [
          73.08026755852842,
          100.44147157190633
        ]
      ]
    ],
    "廊下": [
      [
        [
          162.7123745819398,
          102.44816053511704
        ],
        [
          162.04347826086956,
          128.20066889632105
        ],
        [
          97.16053511705684,
          127.86622073578593
        ],
        [
          96.15719063545149,
          153.61872909698997
        ],
        [
          199.50167224080263,
          154.28762541806017
        ],
        [
          200.17056856187287,
          102.11371237458192
        ]
      ]
    ],
    "開戸": [
      [
        174.8319327731092,
        151.5406162464986,
        202.8461538461538,
        179.03678929765886
      ],
      [
        74.75250836120401,
        127.53177257525081,
        106.19063545150499,
        156.29431438127088
      ],
      [
        162.50700280112045,
        77.87114845938375,
        191.47491638795987,
        105.12374581939798
      ]
    ],
    "折戸": [
      [
        94.4849498327759,
        168.3344481605351,
        149.66889632107024,
        187.06354515050165
      ],
      [
        19.568561872909697,
        141.91304347826085,
        75.08695652173913,
        162.64882943143812
      ]
    ],
    "引戸": [
      [
        63.381270903010005,
        50.943143812709025,
        81.77591973244145,
        99.7725752508361
      ]
    ]
  }
}