{
  "labels": {
    "洋室": [
      [
        [
          214.68421052631578,
          23.684210526315788
        ],
        [
          438.8947368421052,
          22.63157894736842
        ],
        [
          438.8947368421052,
          274.2105263157895
        ],
        [
          353.63157894736844,
          274.2105263157895
        ],
        [
          353.63157894736844,
          189.4736842105263
        ],
        [
          212.57894736842104,
          190.0
        ]
      ],
      [
        [
          270.4736842105263,
          188.94736842105263
        ],
        [
          269.9473684210526,
          498.9473684210526
        ],
        [
          438.36842105263156,
          498.4210526315789
        ],
        [
          438.36842105263156,
          275.2631578947368
        ],
        [
          355.2105263157895,
          274.2105263157895
        ],
        [
          354.1578947368421,
          191.05263157894734
        ]
      ]
    ],
    "廊下": [
      [
        [
          214.15789473684208,
          191.05263157894734
        ],
        [
          211.0,
          330.0
        ],
        [
          74.15789473684208,
          330.52631578947364
        ],
        [
          73.63157894736838,
          442.1052631578947
        ],
        [
          102.57894736842104,
          442.6315789473684
        ],
        [
          102.57894736842104,
          501.05263157894734
        ],
        [
          158.36842105263156,
          502.1052631578947
        ],
        [
          157.84210526315786,
          443.6842105263158
        ],
        [
          269.9473684210526,
          442.1052631578947
        ],
        [
          270.99999999999994,
          191.57894736842104
        ]
      ]
    ],
    "開戸": [
      [
        256.39325842696627,
        334.2696629213483,
        327.17977528089887,
        383.14606741573033
      ],
      [
        216.61797752808985,
        140.07687758722648,
        265.9438202247191,
        206.74157303370785
      ]
    ],
    "折戸": [
      [
        274.12832643406267,
        263.826138379657,
        350.2134831460674,
        300.56179775280896
      ],
      [
        356.5529272619752,
        169.40863394441158,
        433.35955056179773,
        205.0561797752809
      ]
    ],
    "引戸": [
      [
        164.12832643406261,
        430.32525133057356,
        264.8202247191011,
        451.6853932584269
      ]
    ]
  }
}