{
  "labels": {
    "洋室": [
      [
        [
          483.3809523809524,
          265.8571428571429
        ],
        [
          682.1904761904763,
          267.04761904761904
        ],
        [
          688.1428571428572,
          540.8571428571429
        ],
        [
          482.19047619047626,
          538.4761904761905
        ]
      ],
      [
        [
          832.1904761904763,
          267.04761904761904
        ],
        [
          1029.8095238095239,
          267.04761904761904
        ],
        [
          1033.3809523809525,
          539.6666666666667
        ],
        [
          832.1904761904763,
          538.4761904761905
        ]
      ],
      [
        [
          488.1428571428571,
          550.3809523809524
        ],
        [
          960.7619047619048,
          549.1904761904763
        ],
        [
          965.5238095238096,
          750.3809523809524
        ],
        [
          486.95238095238096,
          751.5714285714286
        ]
      ]
    ],
    "廊下": [
      [
        [
          694.0952380952381,
          300.3809523809524
        ],
        [
          748.8571428571429,
          301.57142857142856
        ],
        [
          750.047619047619,
          462.2857142857143
        ],
        [
          823.8571428571429,
          463.4761904761905
        ],
        [
          822.6666666666667,
          539.6666666666667
        ],
        [
          692.9047619047619,
          540.8571428571429
        ]
      ]
    ],
    "開戸": [
      [
        679.8095238095239,
        526.5714285714286,
        770.2857142857143,
        612.2857142857143
      ]
    ],
    "引戸": [
      [
        670.0,
        406.66666666666663,
        705.5555555555555,
        548.8888888888889
      ],
      [
        813.3333333333333,
        407.77777777777777,
        841.7142857142858,
        540.8571428571429
      ]
    ],
    "折戸": [
      [
        932.1904761904761,
        546.8095238095239,
        982.1904761904761,
        750.3809523809524
      ],
      [
        840.0,
        250.0,
        1034.5714285714287,
        294.42857142857144
      ],
      [
        482.19047619047626,
        252.84126984126988,
        685.5555555555555,
        300.0
      ]
    ]
  }
}