{
  "labels": {
    "洋室": [
      [
        [
          25.67251461988303,
          67.42105263157895
        ],
        [
          288.8304093567251,
          70.9298245614035
        ],
        [
          284.7368421052631,
          315.9590643274854
        ],
        [
          153.74269005847952,
          313.6198830409357
        ],
        [
          155.4970760233918,
          260.4035087719298
        ],
        [
          71.87134502923976,
          258.06432748538015
        ],
        [
          74.79532163742692,
          122.9766081871345
        ],
        [
          23.918128654970758,
          122.9766081871345
        ]
      ],
      [
        [
          22.748538011695928,
          311.8654970760234
        ],
        [
          284.7368421052631,
          316.5438596491228
        ],
        [
          282.39766081871346,
          502.50877192982455
        ],
        [
          18.654970760233937,
          500.7543859649123
        ]
      ]
    ],
    "廊下": [
      [
        [
          74.21052631578948,
          254.55555555555557
        ],
        [
          73.62573099415204,
          313.6198830409357
        ],
        [
          154.32748538011697,
          314.20467836257313
        ],
        [
          154.32748538011697,
          259.8187134502924
        ]
      ]
    ],
    "開戸": [
      [
        76.5497076023392,
        300.1695906432749,
        130.9356725146199,
        366.25146198830413
      ],
      [
        75.45454545454544,
        210.30303030303028,
        127.73524720893141,
        275.5656565656566
      ]
    ],
    "折戸": [
      [
        58.5273790536948,
        317.38383838383845,
        102.12121212121207,
        497.57575757575756
      ],
      [
        152.30675172780445,
        232.98192450824027,
        285.75757575757575,
        276.96969696969694
      ],
      [
        68.53269537480065,
        73.03508771929825,
        104.5454545454545,
        124.84848484848484
      ]
    ]
  }
}