{
  "labels": {
    "廊下": [
      [
        [
          299.0,
          194.95061728395058
        ],
        [
          295.2962962962963,
          352.9753086419753
        ],
        [
          365.66666666666663,
          351.74074074074076
        ],
        [
          369.3703703703703,
          280.1358024691358
        ],
        [
          574.3086419753087,
          285.074074074074
        ],
        [
          578.0123456790124,
          72.72839506172835
        ],
        [
          505.1728395061728,
          71.49382716049382
        ],
        [
          508.8765432098765,
          206.06172839506172
        ],
        [
          364.4320987654321,
          209.76543209876542
        ],
        [
          365.66666666666663,
          187.5432098765432
        ]
      ]
    ],
    "洋室": [
      [
        [
          92.82716049382715,
          70.25925925925924
        ],
        [
          299.0,
          70.25925925925924
        ],
        [
          299.0,
          486.30864197530855
        ],
        [
          92.82716049382715,
          486.30864197530855
        ]
      ],
      [
        [
          579.2469135802469,
          141.8641975308642
        ],
        [
          852.0864197530864,
          141.8641975308642
        ],
        [
          852.0864197530864,
          352.9753086419753
        ],
        [
          579.2469135802469,
          352.9753086419753
        ]
      ],
      [
        [
          366.9012345679012,
          283.8395061728395
        ],
        [
          571.8395061728395,
          283.8395061728395
        ],
        [
          571.8395061728395,
          483.8395061728395
        ],
        [
          366.9012345679012,
          483.8395061728395
        ]
      ]
    ],
    "開戸": [
      [
        312.94610778443115,
        171.2574850299401,
        364.4320987654321,
        243.09876543209873
      ],
      [
        227.39506172839504,
        208.53086419753083,
        315.04938271604937,
        275.1975308641975
      ],
      [
        227.39506172839504,
        273.96296296296293,
        317.1377245508982,
        340.11976047904193
      ],
      [
        370.08979483080196,
        257.47482014388487,
        431.3741007194244,
        344.13793409716664
      ]
    ],
    "折戸": [
      [
        267.3521845198492,
        353.2934131736527,
        310.55089820359285,
        476.4320987654321
      ],
      [
        548.2718267169365,
        420.9135063206919,
        585.3088637539736,
        482.6419013824203
      ],
      [
        579.5755395683452,
        319.6419753086419,
        638.5061728395061,
        366.82733812949635
      ],
      [
        581.3345108344463,
        124.7835264722354,
        705.4748201438848,
        168.2661870503597
      ],
      [
        717.4445922968877,
        123.6618705035971,
        847.2014388489208,
        168.28580143204132
      ]
    ]
  }
}