{
  "labels": {
    "LDK": [
      [
        [
          29.962264150943383,
          464.1509433962264
        ],
        [
          25.245283018867923,
          667.9245283018868
        ],
        [
          496.0,
          676.4150943396226
        ],
        [
          492.2264150943396,
          466.9811320754717
        ],
        [
          466.754716981132,
          467.92452830188677
        ],
        [
          463.92452830188677,
          416.03773584905656
        ],
        [
          390.33962264150944,
          416.03773584905656
        ],
        [
          390.33962264150944,
          365.0943396226415
        ],
        [
          236.56603773584902,
          363.2075471698113
        ],
        [
          231.8490566037736,
          465.0943396226415
        ]
      ]
    ],
    "浴室": [
      [
        [
          388.45283018867923,
          30.188679245283016
        ],
        [
          489.39622641509436,
          30.188679245283016
        ],
        [
          489.39622641509436,
          154.71698113207546
        ],
        [
          388.45283018867923,
          154.71698113207546
        ]
      ]
    ],
    "廊下": [
      [
        [
          286.6926681018108,
          236.24794225655305
        ],
        [
          288.57946055464095,
          365.49322527542097
        ],
        [
          391.4096492338862,
          366.43662150183604
        ],
        [
          387.63606432822587,
          264.5498290490059
        ],
        [
          341.9463087248322,
          261.744966442953
        ],
        [
          340.46625300747115,
          234.36114980372284
        ]
      ]
    ],
    "開戸": [
      [
        343.0241863998988,
        243.62416107382552,
        378.18791946308727,
        294.6118779283272
      ],
      [
        396.3087248322148,
        109.85184247182475,
        440.9031277700392,
        172.48322147651007
      ],
      [
        343.1508167658604,
        348.0245662909966,
        385.57046979865777,
        406.0402684563758
      ],
      [
        447.30429276940606,
        418.61466379637835,
        481.26655692034944,
        462.9542864378878
      ],
      [
        188.9261744966443,
        393.28859060402687,
        227.85234899328862,
        438.255033557047
      ]
    ],
    "引戸": [
      [
        376.334304166139,
        201.07692307692307,
        402.46153846153845,
        307.2939090793973
      ],
      [
        409.7315436241611,
        296.6442953020134,
        487.5838926174497,
        326.1744966442953
      ],
      [
        408.38926174496646,
        402.0134228187919,
        490.2684563758389,
        432.8859060402685
      ]
    ]
  }
}