{
  "labels": {
    "洋室": [
      [
        [
          50.87640449438203,
          40.573033707865164
        ],
        [
          202.0,
          40.01123595505618
        ],
        [
          202.56179775280896,
          151.80898876404495
        ],
        [
          53.12359550561797,
          152.93258426966293
        ]
      ],
      [
        [
          50.314606741573044,
          158.5505617977528
        ],
        [
          241.3258426966292,
          160.79775280898878
        ],
        [
          241.3258426966292,
          193.38202247191012
        ],
        [
          202.0,
          193.9438202247191
        ],
        [
          202.56179775280896,
          309.1123595505618
        ],
        [
          52.561797752808985,
          311.35955056179773
        ]
      ]
    ],
    "廊下": [
      [
        [
          206.49438202247188,
          121.47191011235955
        ],
        [
          322.2247191011236,
          120.91011235955057
        ],
        [
          323.34831460674155,
          42.258426966292134
        ],
        [
          380.08988764044943,
          41.13483146067416
        ],
        [
          380.65168539325845,
          155.74157303370785
        ],
        [
          206.49438202247188,
          153.4943820224719
        ]
      ]
    ],
    "引戸": [
      [
        326.3125970585549,
        142.80652233488627,
        392.0,
        169.5121951219512
      ],
      [
        368.8292682926829,
        49.59349593495935,
        396.4715447154472,
        115.04065040650407
      ],
      [
        175.34886270211015,
        143.33178039645566,
        240.3739837398374,
        171.13821138211384
      ]
    ],
    "折戸": [
      [
        182.8988764044944,
        40.573033707865164,
        218.29213483146066,
        116.41573033707866
      ],
      [
        189.64044943820227,
        197.31460674157304,
        219.2357723577236,
        251.6260162601626
      ],
      [
        191.8876404494382,
        257.9887640449438,
        223.70731707317074,
        312.1951219512195
      ],
      [
        269.6422764227642,
        160.16260162601625,
        306.4943820224719,
        232.7078651685393
      ],
      [
        270.4552845528455,
        237.8048780487805,
        303.12359550561797,
        313.60674157303373
      ]
    ],
    "開戸": [
      [
        168.29213483146066,
        118.66292134831461,
        221.26829268292684,
        151.6260162601626
      ]
    ]
  }
}