{
  "labels": {
    "浴室": [
      [
        [
          17.0880829015544,
          19.17098445595855
        ],
        [
          89.62694300518135,
          20.207253886010363
        ],
        [
          90.66321243523316,
          91.70984455958549
        ],
        [
          17.606217616580324,
          90.67357512953369
        ]
      ]
    ],
    "LDK": [
      [
        [
          15.53367875647669,
          97.92746113989638
        ],
        [
          130.559585492228,
          99.48186528497409
        ],
        [
          130.559585492228,
          137.30569948186528
        ],
        [
          168.3834196891192,
          138.86010362694302
        ],
        [
          168.9015544041451,
          256.47668393782385
        ],
        [
          287.03626943005185,
          259.0673575129534
        ],
        [
          286.5181347150259,
          375.6476683937824
        ],
        [
          13.461139896373055,
          373.05699481865287
        ]
      ]
    ],
    "廊下": [
      [
        [
          132.1139896373057,
          97.92746113989638
        ],
        [
          286.5181347150259,
          99.48186528497409
        ],
        [
          287.03626943005185,
          137.30569948186528
        ],
        [
          226.93264248704662,
          136.2694300518135
        ],
        [
          226.41450777202073,
          256.47668393782385
        ],
        [
          172.0103626943005,
          255.95854922279793
        ],
        [
          172.52849740932646,
          135.23316062176167
        ],
        [
          133.15025906735752,
          136.2694300518135
        ]
      ]
    ],
    "引戸": [
      [
        156.33333333333337,
        178.75,
        180.91666666666669,
        254.58333333333334
      ],
      [
        99.130081300813,
        82.92682926829268,
        167.16666666666669,
        105.0
      ]
    ],
    "開戸": [
      [
        165.2746113989637,
        90.67357512953369,
        212.9430051813472,
        136.78756476683938
      ],
      [
        252.0,
        85.0,
        288.07253886010363,
        115.5440414507772
      ]
    ],
    "折戸": [
      [
        226.93264248704662,
        245.0777202072539,
        285.4818652849741,
        276.1658031088083
      ]
    ]
  }
}