{
  "labels": {
    "LDK": [
      [
        [
          22.956521739130423,
          182.60869565217388
        ],
        [
          20.782608695652172,
          325.2173913043478
        ],
        [
          45.13043478260869,
          326.08695652173907
        ],
        [
          45.13043478260869,
          349.99999999999994
        ],
        [
          69.91304347826086,
          352.1739130434782
        ],
        [
          69.91304347826086,
          375.65217391304344
        ],
        [
          93.39130434782606,
          374.3478260869565
        ],
        [
          95.13043478260869,
          351.73913043478257
        ],
        [
          130.3478260869565,
          353.4782608695652
        ],
        [
          132.52173913043475,
          159.1304347826087
        ],
        [
          60.78260869565216,
          158.69565217391303
        ],
        [
          60.78260869565216,
          182.17391304347825
        ]
      ]
    ],
    "浴室": [
      [
        [
          132.9565217391304,
          254.3478260869565
        ],
        [
          132.52173913043475,
          316.52173913043475
        ],
        [
          179.4782608695652,
          316.52173913043475
        ],
        [
          177.7391304347826,
          252.60869565217388
        ]
      ]
    ],
    "洋室": [
      [
        [
          23.826086956521735,
          15.652173913043477
        ],
        [
          24.695652173913032,
          156.9565217391304
        ],
        [
          131.65217391304347,
          158.26086956521738
        ],
        [
          130.3478260869565,
          108.26086956521738
        ],
        [
          108.6086956521739,
          108.26086956521738
        ],
        [
          108.17391304347825,
          16.08695652173913
        ]
      ]
    ],
    "開戸": [
      [
        100.46025104602509,
        75.73221757322176,
        132.2594142259414,
        95.39748953974895
      ]
    ],
    "折戸": [
      [
        25.614335091868284,
        175.348371839185,
        57.35346552665089,
        192.30489357831544
      ]
    ],
    "引戸": [
      [
        86.23430962343096,
        152.30125523012552,
        130.58577405857739,
        165.69037656903765
      ],
      [
        128.63837893652618,
        198.43244842897658,
        179.87323943661974,
        216.90140845070422
      ],
      [
        133.93305439330544,
        248.53556485355645,
        172.84518828451883,
        262.34309623430966
      ],
      [
        122.54906005068062,
        159.7663386174789,
        139.38028169014086,
        234.85915492957747
      ]
    ]
  }
}