{
  "labels": {
    "洋室": [
      [
        [
          5.956521739130409,
          88.68115942028984
        ],
        [
          60.30434782608694,
          88.31884057971013
        ],
        [
          58.13043478260869,
          115.8550724637681
        ],
        [
          95.44927536231882,
          115.8550724637681
        ],
        [
          95.08695652173913,
          225.63768115942025
        ],
        [
          4.144927536231876,
          224.55072463768113
        ]
      ],
      [
        [
          95.53911463886581,
          115.4927536231884
        ],
        [
          206.04636101567743,
          116.94202898550722
        ],
        [
          205.6840421750977,
          224.18840579710144
        ],
        [
          94.089839276547,
          226.0
        ]
      ],
      [
        [
          138.927536231884,
          7.884057971014485
        ],
        [
          207.0434782608695,
          8.246376811594196
        ],
        [
          206.31884057971013,
          115.8550724637681
        ],
        [
          138.20289855072463,
          116.57971014492753
        ]
      ]
    ],
    "廊下": [
      [
        [
          113.927536231884,
          8.971014492753618
        ],
        [
          112.84057971014488,
          89.04347826086956
        ],
        [
          60.66666666666666,
          89.76811594202897
        ],
        [
          58.49275362318838,
          114.76811594202897
        ],
        [
          138.20289855072463,
          116.57971014492753
        ],
        [
          139.65217391304344,
          9.69565217391304
        ]
      ]
    ],
    "開戸": [
      [
        113.56521739130432,
        93.75362318840578,
        140.2506811989101,
        121.7983651226158
      ],
      [
        61.03490897602967,
        91.49283260277218,
        87.38964577656677,
        122.88828337874659
      ]
    ],
    "折戸": [
      [
        8.058365912411631,
        110.69276941910513,
        56.054495912806544,
        128.88283378746596
      ],
      [
        108.37057220708448,
        117.71117166212534,
        126.6267029972752,
        168.1198910081744
      ],
      [
        108.57666943095211,
        172.2000947755005,
        127.17166212534062,
        222.0708446866485
      ],
      [
        15.727520435967307,
        49.04632152588556,
        46.892627255854336,
        66.02290407929556
      ]
    ],
    "引戸": [
      [
        132.95964143268964,
        32.32132843659913,
        151.80022114283457,
        90.29234292935274
      ],
      [
        107.00817438692098,
        10.354223433242508,
        120.08719346049045,
        61.58038147138965
      ]
    ]
  }
}