{
  "labels": {
    "LDK": [
      [
        [
          199.54954954954957,
          100.89795918367348
        ],
        [
          197.50873322301896,
          194.77551020408163
        ],
        [
          150.56995771281487,
          195.28571428571428
        ],
        [
          149.54954954954957,
          395.2857142857143
        ],
        [
          369.44750873322306,
          397.3265306122449
        ],
        [
          369.9577128148557,
          101.91836734693878
        ]
      ]
    ],
    "廊下": [
      [
        [
          152.0408163265306,
          59.06122448979592
        ],
        [
          151.53061224489795,
          147.3265306122449
        ],
        [
          104.59183673469389,
          147.3265306122449
        ],
        [
          102.55102040816327,
          291.2040816326531
        ],
        [
          151.53061224489795,
          290.6938775510204
        ],
        [
          151.53061224489795,
          196.81632653061226
        ],
        [
          200.51020408163265,
          195.28571428571428
        ],
        [
          199.48979591836735,
          59.57142857142857
        ]
      ]
    ],
    "浴室": [
      [
        [
          284.18367346938777,
          17.224489795918366
        ],
        [
          370.40816326530614,
          17.224489795918366
        ],
        [
          370.40816326530614,
          99.87755102040816
        ],
        [
          284.18367346938777,
          99.87755102040816
        ]
      ]
    ],
    "洋室": [
      [
        [
          14.795918367346939,
          17.224489795918366
        ],
        [
          153.06122448979593,
          17.224489795918366
        ],
        [
          153.06122448979593,
          146.81632653061226
        ],
        [
          14.795918367346939,
          146.81632653061226
        ]
      ]
    ],
    "開戸": [
      [
        93.69369369369366,
        149.09909909909908,
        137.8288288288288,
        182.04798676227247
      ],
      [
        93.30299687442545,
        200.9009009009009,
        124.3153153153153,
        234.87019672733962
      ],
      [
        273.79573451002017,
        61.261261261261254,
        321.61261261261257,
        94.56407427836
      ]
    ],
    "折戸": [
      [
        137.57584114726973,
        20.85567199852914,
        162.15315315315314,
        52.702702702702695
      ]
    ],
    "引戸": [
      [
        140.98198198198196,
        61.34105534105534,
        165.48997977569408,
        141.44144144144144
      ],
      [
        188.72972972972968,
        32.172090457804735,
        210.11674940246368,
        95.49549549549549
      ],
      [
        188.27927927927925,
        114.2551939694797,
        210.74646074646077,
        189.63963963963963
      ],
      [
        139.5844824416253,
        222.98841698841696,
        163.05405405405403,
        297.7477477477477
      ]
    ]
  }
}