{
  "labels": {
    "LDK": [
      [
        [
          496.75862068965523,
          136.55172413793105
        ],
        [
          497.44827586206895,
          351.7241379310345
        ],
        [
          244.34482758620692,
          353.1034482758621
        ],
        [
          243.65517241379314,
          208.96551724137933
        ],
        [
          352.62068965517244,
          206.89655172413794
        ],
        [
          352.62068965517244,
          137.24137931034483
        ]
      ]
    ],
    "洋室": [
      [
        [
          138.1379310344828,
          208.96551724137933
        ],
        [
          245.0344827586207,
          208.96551724137933
        ],
        [
          245.0344827586207,
          352.4137931034483
        ],
        [
          139.51724137931035,
          351.7241379310345
        ]
      ]
    ],
    "浴室": [
      [
        [
          497.44827586206895,
          135.86206896551724
        ],
        [
          566.4137931034483,
          137.24137931034483
        ],
        [
          568.4827586206897,
          205.51724137931035
        ],
        [
          498.8275862068966,
          207.58620689655174
        ]
      ]
    ],
    "廊下": [
      [
        [
          191.24137931034483,
          138.6206896551724
        ],
        [
          279.51724137931035,
          138.6206896551724
        ],
        [
          280.2068965517241,
          171.72413793103448
        ],
        [
          317.44827586206895,
          171.0344827586207
        ],
        [
          316.75862068965523,
          208.96551724137933
        ],
        [
          194.0,
          208.27586206896552
        ]
      ]
    ],
    "折戸": [
      [
        495.37931034482756,
        185.51724137931035,
        531.2413793103449,
        220.0
      ],
      [
        296.2413793103449,
        173.9408866995074,
        326.99999999999994,
        212.85714285714283
      ],
      [
        140.15763546798036,
        233.86699507389164,
        190.57142857142856,
        260.0
      ],
      [
        147.79310344827587,
        125.51724137931035,
        189.85714285714283,
        151.42857142857142
      ]
    ],
    "引戸": [
      [
        482.20197044334986,
        209.0147783251232,
        509.1428571428571,
        285.71428571428567
      ],
      [
        233.85714285714283,
        209.99999999999997,
        257.4285714285714,
        351.4285714285714
      ]
    ],
    "開戸": [
      [
        342.9655172413793,
        137.93103448275863,
        373.3103448275863,
        174.48275862068965
      ],
      [
        249.1724137931035,
        122.75862068965517,
        285.0344827586207,
        164.13793103448276
      ],
      [
        243.97536945812806,
        196.87192118226602,
        281.99999999999994,
        237.1428571428571
      ]
    ]
  }
}