{
  "labels": {
    "廊下": [
      [
        [
          484.8131868131868,
          8.659340659340643
        ],
        [
          484.8131868131868,
          249.31868131868129
        ],
        [
          247.45054945054943,
          250.41758241758242
        ],
        [
          244.15384615384613,
          330.6373626373626
        ],
        [
          560.6373626373626,
          328.4395604395604
        ],
        [
          565.032967032967,
          11.956043956043942
        ]
      ]
    ],
    "洋室": [
      [
        [
          12.285714285714285,
          8.659340659340643
        ],
        [
          322.1758241758242,
          8.659340659340643
        ],
        [
          322.1758241758242,
          250.41758241758242
        ],
        [
          12.285714285714285,
          250.41758241758242
        ]
      ],
      [
        [
          8.989010989010989,
          326.24175824175825
        ],
        [
          328.7692307692308,
          326.24175824175825
        ],
        [
          328.7692307692308,
          568.0
        ],
        [
          8.989010989010989,
          568.0
        ]
      ],
      [
        [
          558.4395604395604,
          9.758241758241752
        ],
        [
          798.0,
          9.758241758241752
        ],
        [
          798.0,
          450.41758241758237
        ],
        [
          558.4395604395604,
          450.41758241758237
        ]
      ]
    ],
    "開戸": [
      [
        252.8292682926829,
        181.3170731707317,
        318.68292682926824,
        266.0731707317073
      ],
      [
        469.9024390243902,
        15.252747252747241,
        539.7582417582418,
        72.78048780487805
      ],
      [
        256.0509554140127,
        306.4649681528662,
        318.8791208791209,
        392.1758241758241
      ]
    ],
    "折戸": [
      [
        541.2439024390244,
        338.3296703296703,
        595.4403645135352,
        400.8292682926829
      ],
      [
        136.94267515923568,
        221.8461538461538,
        238.65934065934064,
        267.61146496815286
      ],
      [
        16.560509554140125,
        307.10191082802544,
        126.57142857142856,
        366.90109890109886
      ]
    ],
    "引戸": [
      [
        548.375,
        171.5,
        586.624203821656,
        319.20382165605093
      ]
    ]
  }
}