{
  "labels": {
    "洋室": [
      [
        [
          448.83333333333337,
          168.33333333333334
        ],
        [
          448.83333333333337,
          380.83333333333337
        ],
        [
          735.2916666666667,
          380.83333333333337
        ],
        [
          737.375,
          166.25
        ]
      ],
      [
        [
          449.875,
          379.7916666666667
        ],
        [
          447.79166666666674,
          811.0416666666667
        ],
        [
          737.375,
          811.0416666666667
        ],
        [
          738.4166666666667,
          382.9166666666667
        ]
      ]
    ],
    "浴室": [
      [
        [
          195.70833333333337,
          524.5833333333334
        ],
        [
          339.45833333333337,
          523.5416666666667
        ],
        [
          340.5,
          668.3333333333334
        ],
        [
          197.79166666666674,
          669.375
        ]
      ]
    ],
    "廊下": [
      [
        [
          235.29166666666674,
          308.95833333333337
        ],
        [
          449.875,
          311.0416666666667
        ],
        [
          450.91666666666674,
          669.375
        ],
        [
          339.45833333333337,
          667.2916666666667
        ],
        [
          344.66666666666674,
          380.83333333333337
        ],
        [
          233.20833333333337,
          381.875
        ]
      ]
    ],
    "開戸": [
      [
        442.2105263157895,
        594.7894736842105,
        514.4035087719299,
        662.0285087719299
      ],
      [
        439.45833333333337,
        378.75,
        533.2083333333334,
        460.0
      ],
      [
        436.3771929824562,
        303.7390350877193,
        534.8421052631578,
        380.05263157894734
      ],
      [
        243.625,
        296.45833333333337,
        303.26315789473676,
        365.31578947368416
      ]
    ],
    "引戸": [
      [
        493.6469298245614,
        459.155701754386,
        537.9999999999999,
        600.0526315789473
      ],
      [
        492.52850877193,
        670.6907894736842,
        529.578947368421,
        805.3157894736842
      ],
      [
        159.25,
        480.83333333333337,
        271.75,
        521.4583333333334
      ],
      [
        320.6754385964912,
        391.1732456140351,
        360.25877192982455,
        517.2149122807016
      ]
    ],
    "折戸": [
      [
        272.2324561403509,
        513.1359649122808,
        342.7368421052631,
        553.7368421052631
      ]
    ]
  }
}