{
  "labels": {
    "LDK": [
      [
        [
          13.0,
          13.285714285714286
        ],
        [
          11.285714285714285,
          278.42857142857144
        ],
        [
          117.0,
          275.57142857142856
        ],
        [
          121.0,
          172.14285714285714
        ],
        [
          174.71428571428572,
          168.71428571428572
        ],
        [
          174.71428571428572,
          12.714285714285714
        ]
      ]
    ],
    "廊下": [
      [
        [
          119.28571428571428,
          171.57142857142858
        ],
        [
          119.28571428571428,
          390.42857142857144
        ],
        [
          174.14285714285714,
          388.7142857142857
        ],
        [
          174.14285714285714,
          277.85714285714283
        ],
        [
          195.28571428571428,
          279.0
        ],
        [
          196.42857142857142,
          171.57142857142858
        ]
      ]
    ],
    "浴室": [
      [
        [
          11.285714285714285,
          412.7142857142857
        ],
        [
          119.85714285714286,
          412.7142857142857
        ],
        [
          119.85714285714286,
          493.2857142857143
        ],
        [
          11.285714285714285,
          493.2857142857143
        ]
      ]
    ],
    "開戸": [
      [
        123.28571428571428,
        338.42857142857144,
        170.14285714285714,
        395.57142857142856
      ],
      [
        253.3544973544973,
        128.62962962962962,
        330.6031746031746,
        175.7195767195767
      ]
    ],
    "引戸": [
      [
        161.0,
        16.714285714285715,
        188.42857142857142,
        171.57142857142858
      ],
      [
        122.71428571428572,
        161.5,
        221.65217391304344,
        181.14596273291923
      ],
      [
        106.71428571428572,
        342.4782608695652,
        126.54347826086956,
        407.0
      ]
    ]
  }
}