{
  "labels": {
    "LDK": [
      [
        [
          160.09523809523807,
          405.7142857142857
        ],
        [
          454.3809523809524,
          408.57142857142856
        ],
        [
          454.3809523809524,
          352.38095238095235
        ],
        [
          583.9047619047619,
          353.3333333333333
        ],
        [
          583.9047619047619,
          514.2857142857142
        ],
        [
          570.5714285714286,
          514.2857142857142
        ],
        [
          570.5714285714286,
          560.952380952381
        ],
        [
          448.66666666666663,
          560.952380952381
        ],
        [
          448.66666666666663,
          609.5238095238095
        ],
        [
          162.0,
          606.6666666666666
        ]
      ]
    ],
    "浴室": [
      [
        [
          458.19047619047615,
          165.7142857142857
        ],
        [
          580.0952380952381,
          166.66666666666666
        ],
        [
          582.952380952381,
          264.76190476190476
        ],
        [
          460.0952380952381,
          262.85714285714283
        ]
      ]
    ],
    "廊下": [
      [
        [
          308.66666666666663,
          189.52380952380952
        ],
        [
          365.80952380952374,
          190.47619047619048
        ],
        [
          367.71428571428567,
          344.76190476190476
        ],
        [
          344.8571428571429,
          345.7142857142857
        ],
        [
          344.8571428571429,
          400.0
        ],
        [
          296.2857142857142,
          398.0952380952381
        ],
        [
          296.2857142857142,
          349.5238095238095
        ],
        [
          282.0,
          349.5238095238095
        ],
        [
          280.0952380952381,
          299.04761904761904
        ],
        [
          309.6190476190476,
          297.1428571428571
        ]
      ]
    ],
    "引戸": [
      [
        352.0235737859501,
        213.03158887317298,
        388.6237623762376,
        316.83168316831683
      ],
      [
        495.5544554455446,
        332.6732673267327,
        582.6831683168317,
        370.2970297029703
      ],
      [
        294.3809523809524,
        388.57142857142856,
        385.65346534653463,
        419.8019801980198
      ]
    ],
    "折戸": [
      [
        439.1428571428571,
        210.47619047619045,
        472.4761904761905,
        263.8095238095238
      ],
      [
        394.6,
        389.4,
        443.9047619047619,
        419.04761904761904
      ],
      [
        156.2,
        385.4,
        205.8095238095238,
        422.85714285714283
      ]
    ],
    "開戸": [
      [
        437.79999999999995,
        267.8,
        506.7619047619047,
        320.95238095238096
      ],
      [
        258.19047619047615,
        298.0952380952381,
        325.80952380952374,
        348.57142857142856
      ],
      [
        322.95238095238096,
        356.19047619047615,
        356.2857142857142,
        401.90476190476187
      ],
      [
        423.9047619047619,
        568.5714285714286,
        460.0952380952381,
        611.4285714285714
      ]
    ]
  }
}