{
  "labels": {
    "洋室": [
      [
        [
          72.29032258064518,
          256.1290322580645
        ],
        [
          249.70967741935482,
          256.7741935483871
        ],
        [
          252.93548387096774,
          434.83870967741933
        ],
        [
          72.29032258064518,
          434.19354838709677
        ]
      ],
      [
        [
          251.0,
          210.96774193548387
        ],
        [
          317.45161290322574,
          210.96774193548387
        ],
        [
          317.45161290322574,
          256.1290322580645
        ],
        [
          385.1935483870967,
          256.7741935483871
        ],
        [
          387.1290322580645,
          389.0322580645161
        ],
        [
          252.29032258064512,
          390.3225806451613
        ]
      ],
      [
        [
          250.35483870967738,
          30.96774193548387
        ],
        [
          384.54838709677415,
          30.32258064516129
        ],
        [
          385.8387096774194,
          165.80645161290323
        ],
        [
          318.0967741935484,
          165.16129032258064
        ],
        [
          318.0967741935484,
          210.96774193548387
        ],
        [
          249.70967741935482,
          210.32258064516128
        ]
      ]
    ],
    "廊下": [
      [
        [
          163.9032258064516,
          79.35483870967742
        ],
        [
          246.48387096774195,
          78.70967741935483
        ],
        [
          247.1290322580645,
          253.54838709677418
        ],
        [
          210.35483870967738,
          253.54838709677418
        ],
        [
          209.70967741935482,
          118.06451612903226
        ],
        [
          164.5483870967742,
          117.41935483870968
        ]
      ]
    ],
    "引戸": [
      [
        165.9405772495756,
        60.780984719864165,
        246.05263157894734,
        87.89473684210526
      ],
      [
        77.79117147707976,
        243.00509337860777,
        156.57894736842104,
        268.4210526315789
      ]
    ],
    "開戸": [
      [
        235.6010186757216,
        169.15110356536502,
        293.4210526315789,
        209.4736842105263
      ],
      [
        236.00848896434633,
        212.25806451612902,
        290.7894736842105,
        251.57894736842104
      ],
      [
        205.95755517826825,
        242.3599320882852,
        251.11884550084886,
        293.97283531409164
      ]
    ],
    "折戸": [
      [
        315.51612903225805,
        143.2258064516129,
        386.48387096774195,
        172.25806451612902
      ],
      [
        317.45161290322574,
        249.03225806451613,
        385.1935483870967,
        273.5483870967742
      ]
    ]
  }
}