{
  "labels": {
    "廊下": [
      [
        [
          152.77777777777777,
          224.33333333333331
        ],
        [
          154.44444444444443,
          262.1111111111111
        ],
        [
          260.55555555555554,
          262.1111111111111
        ],
        [
          260.0,
          164.88888888888889
        ],
        [
          223.88888888888889,
          165.44444444444443
        ],
        [
          224.44444444444443,
          222.66666666666666
        ]
      ]
    ],
    "洋室": [
      [
        [
          41.11111111111111,
          76.55555555555556
        ],
        [
          43.333333333333336,
          260.44444444444446
        ],
        [
          153.88888888888889,
          263.77777777777777
        ],
        [
          155.55555555555554,
          219.33333333333331
        ],
        [
          190.0,
          218.22222222222223
        ],
        [
          188.33333333333334,
          79.33333333333333
        ]
      ],
      [
        [
          42.77777777777778,
          264.3333333333333
        ],
        [
          205.55555555555554,
          264.3333333333333
        ],
        [
          205.55555555555554,
          370.44444444444446
        ],
        [
          42.77777777777778,
          370.44444444444446
        ]
      ],
      [
        [
          205.0,
          257.1111111111111
        ],
        [
          371.1111111111111,
          257.1111111111111
        ],
        [
          371.1111111111111,
          368.22222222222223
        ],
        [
          205.0,
          368.22222222222223
        ]
      ]
    ],
    "開戸": [
      [
        154.68253968253967,
        188.57142857142856,
        184.90476190476187,
        230.9206349206349
      ],
      [
        228.71428571428572,
        226.79365079365078,
        258.25396825396825,
        274.76190476190476
      ],
      [
        227.28571428571428,
        156.66666666666666,
        259.4444444444444,
        198.69841269841268
      ],
      [
        155.38095238095238,
        226.55555555555554,
        184.20634920634922,
        270.0
      ]
    ],
    "引戸": [
      [
        264.04761904761904,
        175.7142857142857,
        331.0952380952381,
        197.74603174603175
      ],
      [
        253.0514800514801,
        189.50407550407547,
        267.76190476190476,
        256.66666666666663
      ]
    ]
  }
}