{
  "labels": {
    "浴室": [
      [
        [
          349.43564356435644,
          90.04950495049505
        ],
        [
          351.91089108910893,
          168.26732673267327
        ],
        [
          432.10891089108907,
          168.76237623762376
        ],
        [
          429.6336633663366,
          89.55445544554455
        ]
      ]
    ],
    "LDK": [
      [
        [
          90.52475247524751,
          29.653465346534652
        ],
        [
          290.029702970297,
          32.62376237623762
        ],
        [
          288.54455445544556,
          229.15841584158414
        ],
        [
          311.3168316831683,
          230.14851485148515
        ],
        [
          311.3168316831683,
          290.049504950495
        ],
        [
          350.9207920792079,
          289.55445544554453
        ],
        [
          388.049504950495,
          282.6237623762376
        ],
        [
          389.039603960396,
          352.4257425742574
        ],
        [
          428.6435643564356,
          351.9306930693069
        ],
        [
          429.13861386138615,
          448.46534653465346
        ],
        [
          70.72277227722773,
          446.48514851485146
        ],
        [
          67.75247524752476,
          327.1782178217822
        ],
        [
          41.51485148514851,
          327.1782178217822
        ],
        [
          41.019801980198025,
          288.56435643564356
        ],
        [
          93.0,
          287.5742574257426
        ]
      ]
    ],
    "開戸": [
      [
        272.90909090909093,
        125.25252525252526,
        331.45384538453845,
        166.23712371237121
      ],
      [
        359.8316831683168,
        351.43564356435644,
        400.42574257425747,
        406.38613861386136
      ]
    ],
    "折戸": [
      [
        267.35353535353534,
        189.3939393939394,
        302.2020202020202,
        226.26262626262627
      ],
      [
        55.94129412941297,
        291.60466046604665,
        100.68686868686868,
        327.27272727272725
      ],
      [
        74.85318531853187,
        404.3059305930592,
        150.6868686868687,
        436.3636363636364
      ],
      [
        354.9511951195119,
        147.97029702970298,
        391.5959595959596,
        184.34343434343435
      ]
    ],
    "引戸": [
      [
        374.73317331733176,
        286.1791179117912,
        404.2222222222222,
        349.4949494949495
      ],
      [
        353.00100010001,
        207.43624362436245,
        425.4343434343434,
        235.35353535353536
      ],
      [
        272.90909090909093,
        316.16161616161617,
        383.01010101010104,
        343.4343434343434
      ],
      [
        259.77777777777777,
        329.7979797979798,
        287.0505050505051,
        438.8888888888889
      ]
    ]
  }
}