{
  "labels": {
    "浴室": [
      [
        [
          291.81294964028774,
          137.41007194244602
        ],
        [
          360.87769784172656,
          138.1294964028777
        ],
        [
          358.71942446043164,
          210.7913669064748
        ],
        [
          289.65467625899277,
          210.07194244604315
        ]
      ]
    ],
    "廊下": [
      [
        [
          364.47482014388487,
          202.15827338129495
        ],
        [
          396.12949640287763,
          202.15827338129495
        ],
        [
          395.410071942446,
          278.41726618705036
        ],
        [
          365.91366906474815,
          278.41726618705036
        ]
      ]
    ],
    "開戸": [
      [
        260.1582733812949,
        207.19424460431654,
        300.9356725146199,
        242.859649122807
      ],
      [
        331.38129496402877,
        210.07194244604315,
        373.1079136690647,
        240.28776978417264
      ],
      [
        363.7553956834532,
        192.80575539568343,
        396.84892086330933,
        228.77697841726618
      ]
    ],
    "折戸": [
      [
        286.77697841726615,
        190.64748201438846,
        326.3453237410072,
        218.705035971223
      ],
      [
        331.38129496402877,
        289.2086330935252,
        344.3309352517985,
        312.94964028776974
      ]
    ]
  }
}