{
  "labels": {
    "廊下": [
      [
        [
          306.67605633802816,
          296.52112676056345
        ],
        [
          309.4929577464789,
          381.0281690140845
        ],
        [
          389.77464788732397,
          381.0281690140845
        ],
        [
          389.77464788732397,
          551.4507042253522
        ],
        [
          640.4788732394367,
          547.2253521126761
        ],
        [
          633.4366197183099,
          297.92957746478874
        ]
      ]
    ],
    "洋室": [
      [
        [
          61.60563380281691,
          116.23943661971833
        ],
        [
          313.71830985915494,
          116.23943661971833
        ],
        [
          313.71830985915494,
          383.8450704225353
        ],
        [
          61.60563380281691,
          383.8450704225353
        ]
      ],
      [
        [
          308.08450704225356,
          51.450704225352126
        ],
        [
          572.8732394366198,
          51.450704225352126
        ],
        [
          572.8732394366198,
          297.92957746478874
        ],
        [
          308.08450704225356,
          297.92957746478874
        ]
      ],
      [
        [
          640.4788732394367,
          258.49295774647885
        ],
        [
          963.0140845070423,
          258.49295774647885
        ],
        [
          963.0140845070423,
          547.2253521126761
        ],
        [
          640.4788732394367,
          547.2253521126761
        ]
      ]
    ],
    "開戸": [
      [
        239.37931034482762,
        308.9664885866926,
        331.02039825157846,
        377.0344827586207
      ],
      [
        564.1918406993686,
        344.2627489072366,
        654.0344827586207,
        413.2413793103449
      ]
    ],
    "折戸": [
      [
        70.31131617289951,
        92.35648372996604,
        300.58620689655174,
        156.34482758620692
      ],
      [
        532.975230694512,
        59.35502671199612,
        597.1379310344828,
        288.2413793103448
      ]
    ],
    "引戸": [
      [
        317.3972802331229,
        275.3103448275862,
        468.68965517241384,
        322.5046138902381
      ]
    ]
  }
}