{
  "labels": {
    "LDK": [
      [
        [
          140.8007840342124,
          178.00694939415538
        ],
        [
          374.81717747683535,
          178.82662152530293
        ],
        [
          373.99750534568784,
          393.5807198859586
        ],
        [
          140.8007840342124,
          393.5807198859586
        ],
        [
          140.8007840342124,
          357.5151461154669
        ],
        [
          158.42373485388453,
          357.1053100498931
        ],
        [
          158.01389878831077,
          320.22006414825375
        ],
        [
          140.8007840342124,
          320.62990021382757
        ]
      ]
    ],
    "浴室": [
      [
        [
          70.03278688524591,
          106.14754098360656
        ],
        [
          142.5737704918033,
          105.73770491803279
        ],
        [
          142.98360655737704,
          177.8688524590164
        ],
        [
          70.44262295081967,
          177.8688524590164
        ]
      ]
    ],
    "廊下": [
      [
        [
          105.27868852459017,
          212.70491803278688
        ],
        [
          141.34426229508196,
          212.29508196721312
        ],
        [
          140.52459016393442,
          321.3114754098361
        ],
        [
          160.86956521739128,
          320.65217391304344
        ],
        [
          161.95652173913044,
          358.42391304347825
        ],
        [
          141.75409836065575,
          358.1967213114754
        ],
        [
          140.52459016393442,
          392.62295081967216
        ],
        [
          106.50819672131149,
          393.0327868852459
        ]
      ]
    ],
    "折戸": [
      [
        72.82608695652173,
        359.5108695652174,
        140.45331432644335,
        385.6245545260157
      ],
      [
        148.71240199572347,
        361.57341411261586,
        174.72826086956522,
        389.945652173913
      ],
      [
        129.84657875980045,
        181.39700641482537,
        155.97826086956522,
        208.42391304347825
      ],
      [
        324.60334996436217,
        186.0655737704918,
        371.195652173913,
        207.6086956521739
      ]
    ],
    "引戸": [
      [
        130.68406985032075,
        255.42587312900923,
        152.9891304347826,
        317.9347826086956
      ],
      [
        94.56521739130434,
        225.81521739130434,
        117.39130434782608,
        283.15217391304344
      ],
      [
        130.43478260869566,
        111.95652173913042,
        152.82858161083394,
        174.34069850320745
      ],
      [
        196.46739130434779,
        113.58695652173913,
        219.3734853884533,
        175.83303635067713
      ],
      [
        259.7826086956522,
        163.8586956521739,
        317.71186742694226,
        190.72968638631505
      ],
      [
        148.1065573770492,
        167.07056307911617,
        206.79347826086956,
        189.40217391304347
      ]
    ]
  }
}