{
  "labels": {
    "LDK": [
      [
        [
          440.13592233009706,
          165.04854368932038
        ],
        [
          799.3592233009708,
          166.01941747572815
        ],
        [
          802.2718446601941,
          666.0194174757281
        ],
        [
          442.0776699029126,
          667.9611650485436
        ]
      ]
    ],
    "浴室": [
      [
        [
          151.7864077669903,
          307.7669902912621
        ],
        [
          299.3592233009708,
          306.79611650485435
        ],
        [
          297.4174757281553,
          454.36893203883494
        ],
        [
          156.64077669902912,
          453.3980582524272
        ]
      ]
    ],
    "廊下": [
      [
        [
          797.4174757281553,
          307.7669902912621
        ],
        [
          872.1747572815534,
          307.7669902912621
        ],
        [
          872.1747572815534,
          450.4854368932039
        ],
        [
          802.2718446601941,
          452.4271844660194
        ]
      ]
    ],
    "引戸": [
      [
        774.1165048543689,
        302.9126213592233,
        811.9805825242718,
        453.3980582524272
      ],
      [
        304.33127390408936,
        287.6140041188585,
        432.9191919191919,
        328.2929292929293
      ],
      [
        157.7293321565166,
        285.55457487496324,
        298.50603118564277,
        331.1856428361283
      ],
      [
        309.8426988329901,
        221.43767774835734,
        437.9980386388153,
        267.06874570952243
      ],
      [
        421.68932038834953,
        174.7180543297048,
        474.33333333333337,
        306.0707070707071
      ],
      [
        412.7171717171717,
        459.6060606060606,
        462.2698832990096,
        657.399235069138
      ]
    ],
    "折戸": [
      [
        211.00970873786406,
        521.3592233009708,
        265.1010101010101,
        668.6969696969697
      ],
      [
        208.53535353535352,
        451.52525252525254,
        259.5533980582524,
        526.2135922330096
      ]
    ]
  }
}