{
  "labels": {
    "浴室": [
      [
        [
          85.26645768025078,
          10.391849529780565
        ],
        [
          84.63949843260188,
          66.81818181818181
        ],
        [
          154.54545454545456,
          67.75862068965517
        ],
        [
          154.2319749216301,
          9.137931034482758
        ]
      ]
    ],
    "LDK": [
      [
        [
          14.106583072100314,
          94.40438871473354
        ],
        [
          14.106583072100314,
          237.3510971786834
        ],
        [
          211.91222570532915,
          237.9780564263323
        ],
        [
          212.53918495297805,
          95.3448275862069
        ]
      ]
    ],
    "廊下": [
      [
        [
          15.360501567398119,
          68.07210031347962
        ],
        [
          15.360501567398119,
          94.71786833855799
        ],
        [
          212.53918495297805,
          96.91222570532915
        ],
        [
          211.28526645768025,
          81.86520376175548
        ],
        [
          229.15360501567397,
          82.17868338557994
        ],
        [
          228.52664576802508,
          40.17241379310345
        ],
        [
          184.01253918495297,
          40.17241379310345
        ],
        [
          184.32601880877743,
          70.57993730407523
        ]
      ]
    ],
    "開戸": [
      [
        17.849462365591393,
        59.248323052549964,
        39.00630329996292,
        90.59139784946237
      ],
      [
        45.05258367883507,
        41.12903225806451,
        69.73118279569891,
        76.89672026157008
      ],
      [
        75.90420332355816,
        34.40860215053763,
        120.80645161290323,
        64.57831934472645
      ],
      [
        186.3417264974551,
        34.126133414231305,
        210.86021505376343,
        53.76344086021505
      ]
    ],
    "引戸": [
      [
        44.42815249266862,
        87.37216435770385,
        96.07526881720429,
        104.03225806451613
      ],
      [
        203.44827586206898,
        182.17868338557994,
        220.6896551724138,
        236.41065830721004
      ]
    ]
  }
}