{
  "labels": {
    "LDK": [
      [
        [
          34.400000000000006,
          32.0
        ],
        [
          32.0,
          505.6
        ],
        [
          140.0,
          505.6
        ],
        [
          137.6,
          557.6
        ],
        [
          276.0,
          556.8
        ],
        [
          277.6,
          504.0
        ],
        [
          352.8,
          501.6
        ],
        [
          352.8,
          454.4
        ],
        [
          243.2,
          454.4
        ],
        [
          244.8,
          30.4
        ]
      ]
    ],
    "浴室": [
      [
        [
          321.66153846153844,
          344.89230769230767
        ],
        [
          320.86153846153843,
          451.2923076923077
        ],
        [
          452.86153846153843,
          453.6923076923077
        ],
        [
          452.86153846153843,
          347.2923076923077
        ]
      ]
    ],
    "廊下": [
      [
        [
          278.4,
          502.4
        ],
        [
          276.0,
          556.8
        ],
        [
          323.2,
          557.6
        ],
        [
          323.2,
          586.4
        ],
        [
          454.4,
          587.2
        ],
        [
          453.6,
          505.6
        ]
      ]
    ],
    "開戸": [
      [
        265.66153846153844,
        507.6923076923077,
        334.7692307692307,
        554.4615384615385
      ],
      [
        293.23076923076917,
        453.8461538461538,
        364.7692307692307,
        501.53846153846155
      ],
      [
        226.0,
        245.3846153846154,
        294.7692307692307,
        294.55384615384617
      ],
      [
        338.30769230769226,
        330.61538461538464,
        384.7692307692307,
        398.46153846153845
      ]
    ],
    "折戸": [
      [
        214.76923076923077,
        350.7692307692308,
        258.9090909090909,
        448.05194805194805
      ]
    ],
    "引戸": [
      [
        231.16923076923075,
        88.46153846153845,
        260.15384615384613,
        188.27692307692305
      ],
      [
        354.7692307692307,
        231.2,
        450.4,
        256.15384615384613
      ],
      [
        174.76923076923077,
        548.4615384615385,
        271.6923076923076,
        569.2307692307692
      ]
    ]
  }
}