{
  "labels": {
    "洋室": [
      [
        [
          26.449438202247194,
          29.337078651685392
        ],
        [
          172.51685393258427,
          30.46067415730337
        ],
        [
          171.95505617977528,
          273.7191011235955
        ],
        [
          25.8876404494382,
          274.8426966292135
        ]
      ],
      [
        [
          389.3707865168539,
          29.337078651685392
        ],
        [
          462.40449438202245,
          29.89887640449438
        ],
        [
          462.96629213483146,
          123.71910112359551
        ],
        [
          389.3707865168539,
          123.15730337078651
        ]
      ],
      [
        [
          511.8426966292135,
          30.46067415730337
        ],
        [
          655.1011235955056,
          31.02247191011236
        ],
        [
          653.9775280898876,
          413.0449438202247
        ],
        [
          512.4044943820224,
          413.6067415730337
        ]
      ]
    ],
    "廊下": [
      [
        [
          174.7640449438202,
          129.3370786516854
        ],
        [
          296.1123595505618,
          127.65168539325842
        ],
        [
          296.6741573033708,
          32.146067415730336
        ],
        [
          386.56179775280896,
          32.146067415730336
        ],
        [
          387.12359550561797,
          129.3370786516854
        ],
        [
          509.59550561797755,
          129.3370786516854
        ],
        [
          510.71910112359546,
          314.7303370786517
        ],
        [
          463.5280898876404,
          314.1685393258427
        ],
        [
          463.5280898876404,
          174.8426966292135
        ],
        [
          175.32584269662922,
          175.40449438202248
        ]
      ]
    ],
    "引戸": [
      [
        376.2863849765258,
        36.15023474178404,
        401.1685393258427,
        122.03370786516854
      ],
      [
        200.97213387854006,
        110.72997122520067,
        287.09677419354836,
        140.1290322580645
      ]
    ],
    "折戸": [
      [
        498.92473118279565,
        33.677419354838705,
        539.370786516854,
        124.28089887640449
      ],
      [
        494.6236559139785,
        322.38709677419354,
        537.1235955056179,
        412.4831460674157
      ]
    ],
    "開戸": [
      [
        157.91011235955057,
        127.08988764044943,
        227.01123595505618,
        169.78651685393257
      ]
    ]
  }
}