{
  "labels": {
    "洋室": [
      [
        [
          7.72202166064983,
          38.98916967509025
        ],
        [
          96.8916967509025,
          40.7942238267148
        ],
        [
          94.72563176895306,
          138.26714801444044
        ],
        [
          58.985559566787,
          138.98916967509024
        ],
        [
          58.263537906137174,
          161.01083032490973
        ],
        [
          4.472924187725624,
          159.2057761732852
        ]
      ],
      [
        [
          95.08664259927798,
          40.43321299638989
        ],
        [
          181.00722021660647,
          41.15523465703971
        ],
        [
          178.48014440433212,
          163.5379061371841
        ],
        [
          126.1335740072202,
          162.8158844765343
        ],
        [
          126.85559566787003,
          138.62815884476535
        ],
        [
          93.2815884476534,
          138.62815884476535
        ]
      ],
      [
        [
          5.194945848375454,
          187.00361010830323
        ],
        [
          150.32129963898916,
          188.8086642599278
        ],
        [
          151.043321299639,
          214.4404332129964
        ],
        [
          177.7581227436823,
          215.1624548736462
        ],
        [
          177.39711191335738,
          284.115523465704
        ],
        [
          5.194945848375454,
          280.8664259927798
        ]
      ]
    ],
    "廊下": [
      [
        [
          61.51263537906138,
          136.8231046931408
        ],
        [
          126.49458483754512,
          138.98916967509024
        ],
        [
          126.1335740072202,
          161.73285198555956
        ],
        [
          117.46931407942236,
          161.73285198555956
        ],
        [
          117.83032490974728,
          186.64259927797835
        ],
        [
          58.985559566787,
          185.5595667870036
        ]
      ]
    ],
    "折戸": [
      [
        111.23595505617976,
        229.21348314606743,
        132.20973782771534,
        270.4119850187266
      ],
      [
        128.7823388634243,
        127.22454332806014,
        176.1947565543071,
        147.56554307116104
      ],
      [
        10.812923376465335,
        123.98896686001703,
        58.21722846441949,
        146.06741573033707
      ]
    ],
    "開戸": [
      [
        108.08303249097474,
        185.5595667870036,
        132.63176895306862,
        216.24548736462094
      ],
      [
        86.82395651644828,
        182.43215835800913,
        113.27340823970036,
        214.6067415730337
      ],
      [
        46.71119133574007,
        161.01083032490973,
        85.33935018050539,
        188.4476534296029
      ],
      [
        96.223759109777,
        112.22434051298693,
        119.64044943820227,
        146.81647940074907
      ],
      [
        63.83520599250937,
        111.23595505617978,
        90.05243445692884,
        145.3183520599251
      ]
    ]
  }
}