{
  "labels": {
    "廊下": [
      [
        [
          330.76623376623377,
          37.3116883116883
        ],
        [
          330.76623376623377,
          430.81818181818176
        ],
        [
          529.4675324675325,
          434.71428571428567
        ],
        [
          530.7662337662338,
          332.1168831168831
        ],
        [
          434.6623376623377,
          333.4155844155844
        ],
        [
          432.06493506493507,
          137.31168831168833
        ],
        [
          454.1428571428571,
          137.31168831168833
        ],
        [
          455.4415584415584,
          39.90909090909091
        ]
      ]
    ],
    "洋室": [
      [
        [
          35.96103896103896,
          41.20779220779221
        ],
        [
          39.857142857142854,
          733.4155844155844
        ],
        [
          334.6623376623377,
          732.1168831168831
        ],
        [
          335.961038961039,
          581.4675324675325
        ],
        [
          435.9610389610389,
          584.0649350649351
        ],
        [
          435.9610389610389,
          430.81818181818176
        ],
        [
          332.06493506493507,
          428.22077922077926
        ],
        [
          333.3636363636364,
          182.76623376623377
        ],
        [
          233.36363636363635,
          189.25974025974023
        ],
        [
          234.66233766233765,
          37.3116883116883
        ]
      ],
      [
        [
          528.1688311688312,
          333.4155844155844
        ],
        [
          922.974025974026,
          333.4155844155844
        ],
        [
          922.974025974026,
          734.7142857142857
        ],
        [
          528.1688311688312,
          734.7142857142857
        ]
      ]
    ],
    "開戸": [
      [
        496.4074074074074,
        343.8051948051948,
        612.5844155844155,
        426.77777777777777
      ],
      [
        640.8518518518518,
        260.68831168831167,
        713.8831168831168,
        365.66666666666663
      ],
      [
        333.9639639639639,
        409.8108108108108,
        425.57142857142856,
        511.3376623376623
      ],
      [
        368.42857142857144,
        50.2987012987013,
        489.92592592592587,
        128.62962962962962
      ]
    ],
    "折戸": [
      [
        201.81000481000484,
        45.84944684944685,
        256.3554593554594,
        182.21308321308322
      ],
      [
        735.6906906906905,
        305.70670670670665,
        914.0,
        374.9259259259259
      ],
      [
        291.8051948051948,
        589.09009009009,
        359.18918918918916,
        712.6363636363636
      ]
    ],
    "引戸": [
      [
        503.67388167388174,
        454.94035594035586,
        550.4271284271284,
        719.8754208754207
      ],
      [
        301.5315315315315,
        215.2162162162162,
        360.09009009009003,
        403.5045045045045
      ]
    ]
  }
}