{
  "labels": {
    "浴室": [
      [
        [
          372.88461538461536,
          42.26923076923077
        ],
        [
          520.9615384615385,
          42.26923076923077
        ],
        [
          520.9615384615385,
          191.3076923076923
        ],
        [
          372.88461538461536,
          191.3076923076923
        ]
      ]
    ],
    "LDK": [
      [
        [
          521.9230769230769,
          44.19230769230769
        ],
        [
          517.1153846153846,
          189.3846153846154
        ],
        [
          402.6923076923077,
          192.26923076923077
        ],
        [
          401.7307692307692,
          339.38461538461536
        ],
        [
          371.9230769230769,
          339.38461538461536
        ],
        [
          370.96153846153845,
          811.5
        ],
        [
          665.1923076923076,
          815.3461538461538
        ],
        [
          665.1923076923076,
          39.38461538461538
        ]
      ]
    ],
    "廊下": [
      [
        [
          46.836889521100034,
          190.25177809388336
        ],
        [
          43.328117591275486,
          408.67283072546223
        ],
        [
          172.27548601232814,
          407.7956377430061
        ],
        [
          170.5211000474158,
          264.8131816026552
        ],
        [
          398.59127548601225,
          263.9359886201991
        ],
        [
          398.59127548601225,
          189.37458511142722
        ]
      ]
    ],
    "折戸": [
      [
        329.43511450381675,
        238.28361714621252,
        385.245155607751,
        287.78625954198475
      ],
      [
        351.3443287679929,
        116.79389312977099,
        404.2442748091603,
        175.50853290166268
      ],
      [
        135.5352504589147,
        268.7022900763359,
        195.08396946564886,
        403.80769230769226
      ]
    ],
    "引戸": [
      [
        383.46153846153845,
        191.3076923076923,
        419.03846153846155,
        324.96153846153845
      ],
      [
        243.93893129770993,
        58.01526717557252,
        284.5087719298245,
        183.4381947234498
      ],
      [
        133.09009009009003,
        50.35135135135135,
        179.03603603603597,
        166.56756756756755
      ]
    ]
  }
}