{
  "labels": {
    "洋室": [
      [
        [
          12.707182320441989,
          84.74033149171271
        ],
        [
          139.77900552486187,
          85.29281767955801
        ],
        [
          139.77900552486187,
          236.67403314917127
        ],
        [
          12.707182320441989,
          236.67403314917127
        ]
      ],
      [
        [
          276.7955801104972,
          62.64088397790056
        ],
        [
          408.83977900552486,
          64.29834254143647
        ],
        [
          411.6022099447514,
          363.1933701657458
        ],
        [
          282.3204419889503,
          361.5359116022099
        ],
        [
          282.3204419889503,
          167.61325966850828
        ],
        [
          277.90055248618785,
          167.61325966850828
        ]
      ]
    ],
    "廊下": [
      [
        [
          148.61878453038673,
          150.48618784530387
        ],
        [
          184.5303867403315,
          151.03867403314916
        ],
        [
          185.08287292817678,
          174.79558011049724
        ],
        [
          275.1381215469613,
          177.00552486187846
        ],
        [
          275.1381215469613,
          257.6685082872928
        ],
        [
          238.12154696132595,
          256.56353591160223
        ],
        [
          237.01657458563534,
          212.9171270718232
        ],
        [
          148.61878453038673,
          212.3646408839779
        ]
      ]
    ],
    "開戸": [
      [
        238.67403314917127,
        173.13812154696132,
        288.3977900552486,
        214.5745856353591
      ],
      [
        237.01657458563534,
        216.232044198895,
        290.0552486187845,
        257.6685082872928
      ]
    ],
    "引戸": [
      [
        151.78515803939533,
        203.17224003664683,
        233.21621621621617,
        228.1081081081081
      ],
      [
        131.05405405405403,
        132.97297297297297,
        156.45945945945945,
        213.51351351351352
      ]
    ],
    "折戸": [
      [
        254.60869565217388,
        73.04347826086956,
        291.16022099447514,
        159.87845303867402
      ],
      [
        283.42541436464086,
        339.43646408839777,
        410.695652173913,
        371.73913043478257
      ]
    ]
  }
}