{
  "labels": {
    "洋室": [
      [
        [
          128.57142857142856,
          108.04761904761904
        ],
        [
          219.52380952380952,
          107.57142857142857
        ],
        [
          219.52380952380952,
          173.76190476190476
        ],
        [
          129.04761904761904,
          172.8095238095238
        ]
      ],
      [
        [
          271.90476190476187,
          107.57142857142857
        ],
        [
          339.04761904761904,
          108.04761904761904
        ],
        [
          339.5238095238095,
          199.47619047619048
        ],
        [
          271.42857142857144,
          198.04761904761904
        ]
      ],
      [
        [
          246.66666666666666,
          200.9047619047619
        ],
        [
          340.0,
          201.85714285714286
        ],
        [
          339.04761904761904,
          294.23809523809524
        ],
        [
          246.66666666666666,
          293.76190476190476
        ]
      ]
    ],
    "廊下": [
      [
        [
          172.85714285714286,
          178.52380952380952
        ],
        [
          268.57142857142856,
          178.04761904761904
        ],
        [
          270.0,
          198.52380952380952
        ],
        [
          198.09523809523807,
          199.0
        ],
        [
          197.14285714285714,
          247.57142857142856
        ],
        [
          174.76190476190476,
          245.66666666666666
        ]
      ]
    ],
    "引戸": [
      [
        246.60294117647055,
        191.17647058823528,
        294.85714285714283,
        208.0
      ]
    ],
    "開戸": [
      [
        262.0441176470588,
        177.94117647058823,
        290.95238095238096,
        200.9047619047619
      ],
      [
        165.7142857142857,
        176.14285714285714,
        195.7142857142857,
        201.85714285714286
      ],
      [
        194.76190476190476,
        154.23809523809524,
        221.60294117647055,
        186.3970588235294
      ]
    ],
    "折戸": [
      [
        208.57142857142856,
        104.23809523809523,
        227.14285714285714,
        129.0
      ],
      [
        266.1904761904762,
        140.9047619047619,
        281.42857142857144,
        164.7142857142857
      ],
      [
        240.28571428571428,
        259.42857142857144,
        256.76190476190476,
        286.6190476190476
      ]
    ]
  }
}