{
  "labels": {
    "洋室": [
      [
        [
          95.06172839506172,
          293.5432098765432
        ],
        [
          302.4691358024691,
          296.0123456790123
        ],
        [
          302.4691358024691,
          655.2716049382716
        ],
        [
          95.06172839506172,
          655.2716049382716
        ]
      ],
      [
        [
          312.34567901234567,
          363.91358024691357
        ],
        [
          659.2592592592592,
          366.3827160493827
        ],
        [
          660.4938271604938,
          572.5555555555555
        ],
        [
          312.34567901234567,
          571.3209876543209
        ]
      ],
      [
        [
          737.037037037037,
          219.4691358024691
        ],
        [
          983.9506172839506,
          221.93827160493828
        ],
        [
          982.7160493827159,
          571.3209876543209
        ],
        [
          740.7407407407406,
          571.3209876543209
        ]
      ],
      [
        [
          524.6913580246913,
          150.33333333333331
        ],
        [
          732.0987654320987,
          150.33333333333331
        ],
        [
          730.8641975308642,
          283.66666666666663
        ],
        [
          528.395061728395,
          283.66666666666663
        ]
      ]
    ],
    "廊下": [
      [
        [
          313.21524422973704,
          218.23456790123453
        ],
        [
          383.5856146001074,
          220.7037037037037
        ],
        [
          382.35104669887284,
          286.1358024691358
        ],
        [
          731.7337627482556,
          291.0740740740741
        ],
        [
          731.7337627482556,
          354.037037037037
        ],
        [
          311.98067632850245,
          352.8024691358024
        ]
      ]
    ],
    "引戸": [
      [
        524.3478260869565,
        339.99999999999994,
        645.8996655518395,
        386.17391304347825
      ],
      [
        557.2541806020066,
        266.26588628762545,
        682.6086956521739,
        308.695652173913
      ],
      [
        718.2608695652173,
        237.39130434782606,
        750.6172839506172,
        356.5061728395061
      ],
      [
        285.2173913043478,
        237.39130434782606,
        320.98765432098764,
        356.5061728395061
      ]
    ],
    "折戸": [
      [
        630.5246913580246,
        361.4444444444444,
        687.3148148148147,
        577.4938271604938
      ],
      [
        778.5802469135801,
        196.2901234567901,
        988.4567901234567,
        241.96913580246908
      ],
      [
        96.29629629629629,
        267.895061728395,
        307.4074074074074,
        314.8086419753086
      ]
    ]
  }
}