{
  "labels": {
    "LDK": [
      [
        [
          99.80851063829783,
          108.70212765957444
        ],
        [
          180.65957446808505,
          109.7659574468085
        ],
        [
          180.65957446808505,
          189.55319148936167
        ],
        [
          727.4680851063829,
          192.74468085106383
        ],
        [
          728.5319148936169,
          271.46808510638294
        ],
        [
          961.5106382978722,
          275.7234042553191
        ],
        [
          963.6382978723404,
          589.5531914893617
        ],
        [
          176.4042553191489,
          587.4255319148936
        ],
        [
          176.4042553191489,
          349.127659574468
        ],
        [
          97.68085106382978,
          351.2553191489361
        ]
      ]
    ],
    "浴室": [
      [
        [
          178.531914893617,
          31.04255319148936
        ],
        [
          337.04255319148933,
          33.170212765957444
        ],
        [
          333.8510638297872,
          190.61702127659572
        ],
        [
          179.59574468085106,
          188.4893617021276
        ]
      ]
    ],
    "廊下": [
      [
        [
          731.7234042553191,
          34.23404255319147
        ],
        [
          825.3404255319149,
          37.42553191489361
        ],
        [
          826.4042553191489,
          272.531914893617
        ],
        [
          727.4680851063829,
          270.4042553191489
        ]
      ]
    ],
    "開戸": [
      [
        733.0199468085106,
        242.61170212765956,
        815.625,
        357.03125
      ],
      [
        750.8723404255318,
        35.29787234042553,
        862.5744680851062,
        111.89361702127655
      ]
    ],
    "引戸": [
      [
        708.3191489361701,
        41.68085106382978,
        758.3191489361702,
        192.74468085106383
      ],
      [
        465.625,
        49.21875,
        525.406914893617,
        188.77194148936167
      ],
      [
        343.29255319148933,
        157.00664893617017,
        482.03125,
        218.75
      ]
    ],
    "折戸": [
      [
        306.1914893617021,
        104.44680851063828,
        362.57446808510633,
        186.36170212765956
      ],
      [
        651.1050531914893,
        243.45944148936167,
        728.0699300699301,
        309.979020979021
      ],
      [
        208.631993006993,
        430.6326486013986,
        259.9863813048654,
        506.1565847716114
      ]
    ]
  }
}