{
  "labels": {
    "廊下": [
      [
        [
          156.52380952380952,
          64.76190476190476
        ],
        [
          239.38095238095238,
          65.71428571428571
        ],
        [
          239.38095238095238,
          149.52380952380952
        ],
        [
          540.3333333333333,
          152.38095238095238
        ],
        [
          541.2857142857142,
          223.8095238095238
        ],
        [
          159.38095238095238,
          221.9047619047619
        ]
      ]
    ],
    "洋室": [
      [
        [
          551.7619047619047,
          60.95238095238095
        ],
        [
          803.1904761904761,
          62.857142857142854
        ],
        [
          802.2380952380952,
          353.3333333333333
        ],
        [
          553.6666666666666,
          352.38095238095235
        ]
      ],
      [
        [
          77.47619047619047,
          236.19047619047618
        ],
        [
          541.2857142857142,
          236.19047619047618
        ],
        [
          538.4285714285714,
          528.5714285714286
        ],
        [
          78.42857142857143,
          529.5238095238095
        ]
      ]
    ],
    "引戸": [
      [
        131.1025641025641,
        65.2014652014652,
        175.9230769230769,
        223.20879120879118
      ],
      [
        519.8205128205128,
        144.02930402930406,
        573.7252747252747,
        306.7252747252747
      ],
      [
        779.5274725274725,
        61.904761904761905,
        830.8681318681319,
        201.23076923076923
      ],
      [
        780.3186813186813,
        216.61538461538458,
        834.1648351648352,
        358.37362637362634
      ]
    ],
    "開戸": [
      [
        219.87912087912088,
        206.72527472527474,
        307.79120879120876,
        314.4175824175824
      ],
      [
        313.2857142857143,
        205.6263736263736,
        395.7032967032967,
        313.3186813186813
      ]
    ]
  }
}