{
  "labels": {
    "浴室": [
      [
        [
          32.32394366197184,
          40.140845070422536
        ],
        [
          141.47887323943664,
          38.02816901408451
        ],
        [
          142.1830985915493,
          145.77464788732394
        ],
        [
          29.507042253521135,
          145.07042253521126
        ]
      ]
    ],
    "廊下": [
      [
        [
          270.3521126760564,
          343.6619718309859
        ],
        [
          383.02816901408454,
          347.887323943662
        ],
        [
          383.7323943661972,
          214.08450704225353
        ],
        [
          324.5774647887324,
          211.26760563380282
        ],
        [
          326.69014084507046,
          140.84507042253523
        ],
        [
          268.943661971831,
          141.5492957746479
        ],
        [
          267.53521126760563,
          158.45070422535213
        ],
        [
          134.43661971830986,
          156.33802816901408
        ],
        [
          130.21126760563382,
          206.3380281690141
        ],
        [
          268.23943661971833,
          209.85915492957747
        ]
      ]
    ],
    "LDK": [
      [
        [
          389.3661971830986,
          33.098591549295776
        ],
        [
          745.7042253521128,
          37.32394366197183
        ],
        [
          744.2957746478874,
          258.4507042253521
        ],
        [
          683.0281690140846,
          259.85915492957747
        ],
        [
          683.0281690140846,
          515.4929577464789
        ],
        [
          431.6197183098592,
          516.1971830985916
        ],
        [
          429.50704225352115,
          335.2112676056338
        ],
        [
          386.54929577464793,
          336.6197183098592
        ]
      ]
    ],
    "折戸": [
      [
        287.2535211267606,
        346.4788732394366,
        323.8732394366197,
        438.02816901408454
      ],
      [
        423.16901408450707,
        331.69014084507046,
        453.4507042253521,
        421.1267605633803
      ],
      [
        421.7605633802817,
        426.056338028169,
        459.7887323943662,
        509.85915492957747
      ],
      [
        207.67605633802816,
        190.14084507042256,
        262.6056338028169,
        221.83098591549296
      ]
    ],
    "引戸": [
      [
        247.2855697056591,
        278.16901408450707,
        283.6287425149701,
        377.748502994012
      ],
      [
        27.993168592392692,
        260.2091591464958,
        142.311377245509,
        293.9161676646707
      ],
      [
        162.07185628742516,
        135.83233532934133,
        262.6706586826347,
        166.97005988023952
      ],
      [
        465.0658682634731,
        249.0059880239521,
        677.0419161676647,
        283.1377245508982
      ]
    ],
    "開戸": [
      [
        151.2934131736527,
        259.185628742515,
        202.04225352112678,
        303.5211267605634
      ],
      [
        266.1267605633803,
        127.46478873239437,
        330.21126760563385,
        189.43661971830986
      ],
      [
        111.90140845070422,
        154.22535211267606,
        183.0281690140845,
        210.56338028169014
      ],
      [
        78.80281690140845,
        90.14084507042254,
        159.08450704225353,
        149.29577464788733
      ],
      [
        374.5774647887324,
        213.38028169014086,
        440.77464788732397,
        273.23943661971833
      ],
      [
        376.69014084507046,
        278.16901408450707,
        443.59154929577466,
        329.5774647887324
      ]
    ]
  }
}