{
  "labels": {
    "洋室": [
      [
        [
          128.125,
          24.916666666666686
        ],
        [
          119.79166666666667,
          325.95833333333337
        ],
        [
          514.5833333333334,
          330.125
        ],
        [
          515.625,
          228.04166666666669
        ],
        [
          615.625,
          231.16666666666669
        ],
        [
          616.6666666666667,
          131.16666666666669
        ],
        [
          419.7916666666667,
          132.20833333333337
        ],
        [
          420.83333333333337,
          28.041666666666686
        ]
      ],
      [
        [
          1004.1666666666667,
          227.0
        ],
        [
          1000.0,
          530.125
        ],
        [
          1392.7083333333335,
          530.125
        ],
        [
          1398.9583333333335,
          33.25
        ],
        [
          1251.0416666666667,
          34.291666666666686
        ],
        [
          1250.0,
          134.29166666666669
        ],
        [
          1105.2083333333335,
          134.29166666666669
        ],
        [
          1102.0833333333335,
          231.16666666666669
        ]
      ],
      [
        [
          515.625,
          235.33333333333337
        ],
        [
          905.2083333333334,
          235.33333333333337
        ],
        [
          905.2083333333334,
          530.125
        ],
        [
          515.625,
          530.125
        ]
      ]
    ],
    "廊下": [
      [
        [
          614.5833333333334,
          135.33333333333337
        ],
        [
          1105.2083333333335,
          135.33333333333337
        ],
        [
          1105.2083333333335,
          229.08333333333337
        ],
        [
          614.5833333333334,
          229.08333333333337
        ]
      ]
    ],
    "開戸": [
      [
        581.90980095742,
        134.92592592592592,
        698.2345679012345,
        226.08138070042833
      ],
      [
        961.2748803224995,
        104.06172839506172,
        1034.037037037037,
        197.93827160493828
      ],
      [
        1069.8395061728395,
        136.2350718065004,
        1188.6117409926933,
        226.28395061728395
      ],
      [
        816.3265306122449,
        196.6029226505418,
        901.9382716049382,
        313.9382716049382
      ]
    ],
    "折戸": [
      [
        862.432098765432,
        329.98765432098764,
        936.5079365079365,
        520.3368606701941
      ],
      [
        1108.1632653061224,
        105.29629629629625,
        1241.4444444444443,
        172.59183673469386
      ],
      [
        425.0188964474679,
        99.39959687578732,
        609.3456790123456,
        174.43209876543204
      ],
      [
        916.753086419753,
        192.95061728395058,
        1001.0,
        267.9259259259259
      ]
    ]
  }
}