{
  "labels": {
    "浴室": [
      [
        [
          33.62068965517244,
          81.89655172413794
        ],
        [
          123.27586206896552,
          81.0344827586207
        ],
        [
          123.27586206896552,
          169.82758620689657
        ],
        [
          33.62068965517244,
          169.82758620689657
        ]
      ]
    ],
    "廊下": [
      [
        [
          129.31034482758622,
          21.551724137931036
        ],
        [
          173.27586206896552,
          22.413793103448278
        ],
        [
          174.1379310344828,
          96.55172413793105
        ],
        [
          222.4137931034483,
          99.13793103448276
        ],
        [
          224.1379310344828,
          214.6551724137931
        ],
        [
          198.27586206896552,
          216.3793103448276
        ],
        [
          198.27586206896552,
          270.68965517241384
        ],
        [
          131.89655172413796,
          270.68965517241384
        ]
      ]
    ],
    "LDK": [
      [
        [
          131.0344827586207,
          272.4137931034483
        ],
        [
          199.1379310344828,
          272.4137931034483
        ],
        [
          200.86206896551727,
          318.1034482758621
        ],
        [
          514.6551724137931,
          318.96551724137936
        ],
        [
          515.5172413793103,
          536.2068965517242
        ],
        [
          324.1379310344828,
          537.9310344827586
        ],
        [
          323.2758620689656,
          513.7931034482759
        ],
        [
          29.31034482758622,
          513.7931034482759
        ],
        [
          30.17241379310346,
          321.55172413793105
        ],
        [
          129.31034482758622,
          320.68965517241384
        ]
      ]
    ],
    "開戸": [
      [
        116.37931034482762,
        25.0,
        172.4137931034483,
        69.82758620689656
      ],
      [
        132.75862068965517,
        258.62068965517244,
        188.79310344827587,
        315.51724137931035
      ],
      [
        276.72413793103453,
        169.82758620689657,
        324.1379310344828,
        196.55172413793105
      ],
      [
        225.86206896551727,
        166.3793103448276,
        273.2758620689655,
        196.55172413793105
      ]
    ],
    "引戸": [
      [
        33.37106918238993,
        308.691823899371,
        131.0344827586207,
        330.10193016699196
      ],
      [
        34.628930817610055,
        164.66666666666666,
        126.25786163522014,
        183.71286055085665
      ],
      [
        232.75862068965517,
        84.48275862068967,
        305.6981132075471,
        104.91823899371069
      ],
      [
        115.191932335719,
        223.71502927781395,
        139.66037735849056,
        309.9496855345912
      ],
      [
        140.51724137931035,
        595.6896551724138,
        161.20689655172418,
        641.3793103448277
      ],
      [
        522.8095857731511,
        355.3133810453264,
        660.4150943396226,
        376.6163522012578
      ],
      [
        499.4088050314465,
        321.8993710691824,
        526.9789633485145,
        522.0180004337453
      ]
    ],
    "折戸": [
      [
        175.86206896551727,
        217.24137931034485,
        200.86206896551727,
        266.3793103448276
      ],
      [
        55.17241379310346,
        517.2413793103449,
        90.51724137931035,
        568.1034482758621
      ]
    ]
  }
}