{
  "labels": {
    "LDK": [
      [
        [
          62.06896551724138,
          119.51724137931035
        ],
        [
          388.1226053639847,
          120.28352490421457
        ],
        [
          388.1226053639847,
          272.39080459770116
        ],
        [
          62.45210727969349,
          272.00766283524905
        ]
      ]
    ],
    "浴室": [
      [
        [
          597.7011494252874,
          120.28352490421457
        ],
        [
          596.9348659003832,
          44.42145593869732
        ],
        [
          519.9233716475096,
          43.272030651341
        ],
        [
          520.6896551724138,
          119.51724137931035
        ]
      ]
    ],
    "洋室": [
      [
        [
          596.9348659003832,
          272.7739463601533
        ],
        [
          463.60153256704984,
          272.00766283524905
        ],
        [
          464.7509578544061,
          119.51724137931035
        ],
        [
          595.7854406130268,
          119.90038314176246
        ]
      ]
    ],
    "廊下": [
      [
        [
          255.17241379310346,
          81.96934865900384
        ],
        [
          424.5210727969349,
          82.73563218390805
        ],
        [
          426.0536398467433,
          119.13409961685824
        ],
        [
          254.78927203065135,
          120.28352490421457
        ]
      ]
    ],
    "引戸": [
      [
        140.62679425837322,
        107.64593301435411,
        210.00478468899524,
        130.61244019138758
      ],
      [
        241.10526315789474,
        56.92822966507177,
        267.4366166199196,
        117.8893471924325
      ],
      [
        294.4306953381364,
        110.41349978918038,
        366.9425837320574,
        132.04784688995215
      ],
      [
        508.61427340556196,
        48.17954499624193,
        532.9712918660288,
        115.77990430622012
      ]
    ],
    "開戸": [
      [
        413.35406698564594,
        85.15789473684211,
        459.3906396084255,
        116.74175511925057
      ],
      [
        430.3616931566115,
        123.82529468917855,
        476.03349282296654,
        155.01435406698567
      ]
    ]
  }
}