{
  "labels": {
    "LDK": [
      [
        [
          413.6470588235294,
          129.68627450980387
        ],
        [
          397.96078431372547,
          514.0
        ],
        [
          1313.6470588235293,
          521.8431372549019
        ],
        [
          1317.5686274509803,
          231.6470588235294
        ],
        [
          1125.4117647058824,
          233.60784313725492
        ],
        [
          1127.3725490196077,
          37.529411764705856
        ],
        [
          754.8235294117646,
          39.49019607843138
        ],
        [
          746.9803921568628,
          139.49019607843138
        ]
      ]
    ],
    "廊下": [
      [
        [
          315.0943396226415,
          29.264150943396203
        ],
        [
          311.3207547169811,
          227.37735849056605
        ],
        [
          286.79245283018867,
          223.60377358490564
        ],
        [
          283.0188679245283,
          329.2641509433962
        ],
        [
          409.4339622641509,
          331.15094339622635
        ],
        [
          413.2075471698113,
          133.03773584905662
        ],
        [
          483.01886792452825,
          133.03773584905662
        ],
        [
          484.90566037735846,
          31.150943396226353
        ]
      ]
    ],
    "浴室": [
      [
        [
          24.528301886792452,
          323.60377358490564
        ],
        [
          213.2075471698113,
          323.60377358490564
        ],
        [
          213.2075471698113,
          517.943396226415
        ],
        [
          24.528301886792452,
          517.943396226415
        ]
      ]
    ],
    "開戸": [
      [
        263.4074213081523,
        249.13084112149528,
        354.0426991340135,
        316.0742373479104
      ],
      [
        382.55165909285773,
        139.6326926467995,
        489.6314582965967,
        222.5767812741147
      ]
    ],
    "引戸": [
      [
        187.8504672897196,
        332.0855228354786,
        246.09416328689824,
        504.31775700934577
      ],
      [
        221.10091743119264,
        303.29357798165137,
        406.42201834862385,
        348.2477064220183
      ],
      [
        1105.6603773584905,
        50.01886792452831,
        1147.1698113207547,
        231.15094339622635
      ],
      [
        1128.3018867924527,
        214.16981132075466,
        1311.3207547169811,
        251.90566037735846
      ]
    ],
    "折戸": [
      [
        550.4587155963302,
        107.8807339449541,
        653.4444444444445,
        170.66666666666663
      ],
      [
        655.0458715596329,
        108.79816513761466,
        754.7777777777778,
        169.77777777777777
      ],
      [
        228.44036697247705,
        148.24770642201833,
        318.348623853211,
        192.28440366972472
      ]
    ]
  }
}