{
  "labels": {
    "LDK": [
      [
        [
          24.630541871921178,
          59.33004926108373
        ],
        [
          23.152709359605907,
          235.68472906403935
        ],
        [
          119.70443349753693,
          235.19211822660094
        ],
        [
          120.19704433497536,
          260.807881773399
        ],
        [
          303.44827586206895,
          259.33004926108373
        ],
        [
          303.043321299639,
          222.74368231046932
        ],
        [
          210.34482758620686,
          222.87684729064034
        ],
        [
          211.33004926108373,
          124.35467980295564
        ],
        [
          144.5595667870036,
          124.90974729241877
        ],
        [
          146.00361010830323,
          81.94945848375451
        ],
        [
          183.25123152709358,
          81.99014778325122
        ],
        [
          183.743842364532,
          58.34482758620689
        ]
      ]
    ],
    "廊下": [
      [
        [
          184.23645320197042,
          8.09852216748768
        ],
        [
          183.25123152709358,
          123.86206896551721
        ],
        [
          255.17241379310343,
          124.35467980295564
        ],
        [
          254.18719211822656,
          147.50738916256157
        ],
        [
          303.44827586206895,
          148.4926108374384
        ],
        [
          305.57039711191334,
          82.31046931407943
        ],
        [
          254.679802955665,
          81.49753694581278
        ],
        [
          254.18719211822656,
          94.79802955665022
        ],
        [
          206.40394088669947,
          96.2758620689655
        ],
        [
          207.38916256157634,
          9.576354679802947
        ]
      ]
    ],
    "浴室": [
      [
        [
          96.55172413793102,
          8.5911330049261
        ],
        [
          161.0837438423645,
          8.5911330049261
        ],
        [
          161.0837438423645,
          58.83743842364531
        ],
        [
          96.55172413793102,
          58.83743842364531
        ]
      ]
    ],
    "開戸": [
      [
        199.18016752325224,
        23.104693140794225,
        227.23104693140795,
        43.07389162561576
      ],
      [
        210.2772492041756,
        87.05141292169799,
        228.3140794223827,
        106.13718411552347
      ]
    ],
    "折戸": [
      [
        218.02742259607686,
        140.97540502569757,
        251.77978339350182,
        156.31768953068593
      ],
      [
        136.58480197755682,
        85.37084526328893,
        153.58483754512636,
        122.0216606498195
      ],
      [
        280.2996389891697,
        149.81949458483754,
        295.8231046931408,
        182.31046931407943
      ]
    ],
    "引戸": [
      [
        183.67626398250076,
        115.88447653429603,
        231.56317689530687,
        130.7248314986395
      ],
      [
        30.841155234657037,
        50.62844338532124,
        96.4201241308175,
        65.34296028880867
      ],
      [
        88.96389891696751,
        15.059095516707863,
        105.31735163877573,
        55.23465703971119
      ],
      [
        175.04223648876953,
        12.99638989169675,
        190.04693140794222,
        55.38916256157634
      ],
      [
        211.34657039711186,
        216.60649819494586,
        303.40433212996385,
        232.8519855595668
      ],
      [
        203.76534296028882,
        126.52430154185413,
        219.40744429229423,
        220.21660649819495
      ],
      [
        256.8339350180505,
        140.07220216606498,
        302.32129963898916,
        155.2346570397112
      ],
      [
        174.1624548736462,
        58.081627571979865,
        191.3286265583041,
        102.88808664259928
      ],
      [
        282.82671480144404,
        72.56317689530687,
        328.3140794223827,
        87.72563176895304
      ]
    ]
  }
}