{
  "labels": {
    "LDK": [
      [
        [
          495.8275862068966,
          231.75862068965517
        ],
        [
          495.8275862068966,
          374.86206896551727
        ],
        [
          245.82758620689657,
          374.0
        ],
        [
          244.96551724137936,
          662.7931034482759
        ],
        [
          853.5862068965517,
          666.2413793103449
        ],
        [
          855.3103448275863,
          444.68965517241384
        ],
        [
          782.0344827586207,
          445.55172413793105
        ],
        [
          780.3103448275863,
          231.75862068965517
        ]
      ]
    ],
    "浴室": [
      [
        [
          890.6551724137931,
          231.75862068965517
        ],
        [
          887.2068965517242,
          375.72413793103453
        ],
        [
          1032.896551724138,
          377.448275862069
        ],
        [
          1033.7586206896553,
          230.0344827586207
        ]
      ]
    ],
    "洋室": [
      [
        [
          922.7241379310345,
          375.3793103448276
        ],
        [
          924.448275862069,
          446.93103448275866
        ],
        [
          852.8965517241379,
          446.0689655172414
        ],
        [
          850.3103448275863,
          662.448275862069
        ],
        [
          1032.2068965517242,
          660.7241379310345
        ],
        [
          1035.655172413793,
          373.65517241379314
        ]
      ]
    ],
    "廊下": [
      [
        [
          318.2413793103449,
          230.89655172413794
        ],
        [
          373.4137931034483,
          230.89655172413794
        ],
        [
          371.7241379310345,
          305.51724137931035
        ],
        [
          444.1034482758621,
          305.0344827586207
        ],
        [
          443.2413793103449,
          375.72413793103453
        ],
        [
          314.7931034482759,
          375.72413793103453
        ]
      ]
    ],
    "開戸": [
      [
        319.7931034482759,
        351.4137931034483,
        382.0689655172414,
        431.7241379310345
      ],
      [
        933.7586206896553,
        427.79310344827593,
        1022.7586206896552,
        495.1724137931035
      ],
      [
        786.344827586207,
        390.72413793103453,
        849.6551724137931,
        467.58620689655174
      ]
    ],
    "引戸": [
      [
        381.3793103448276,
        282.0689655172414,
        489.65517241379314,
        324.82758620689657
      ],
      [
        831.0,
        461.2413793103449,
        879.3103448275863,
        586.2068965517242
      ]
    ],
    "折戸": [
      [
        419.448275862069,
        313.3103448275862,
        464.82758620689657,
        368.9655172413793
      ],
      [
        866.3448275862069,
        315.7241379310345,
        911.7241379310345,
        364.82758620689657
      ],
      [
        505.3103448275864,
        246.9310344827587,
        559.3103448275863,
        287.58620689655174
      ]
    ]
  }
}