{
  "labels": {
    "洋室": [
      [
        [
          17.69565217391304,
          105.07246376811594
        ],
        [
          93.42028985507244,
          106.88405797101449
        ],
        [
          93.05797101449275,
          235.50724637681157
        ],
        [
          16.608695652173907,
          236.9565217391304
        ]
      ],
      [
        [
          123.13043478260869,
          131.88405797101447
        ],
        [
          226.39130434782606,
          133.69565217391303
        ],
        [
          226.39130434782606,
          210.14492753623188
        ],
        [
          122.40579710144925,
          209.05797101449275
        ]
      ]
    ],
    "廊下": [
      [
        [
          69.50724637681158,
          80.43478260869564
        ],
        [
          120.231884057971,
          80.07246376811594
        ],
        [
          121.68115942028984,
          156.15942028985506
        ],
        [
          95.95652173913044,
          155.79710144927535
        ],
        [
          95.95652173913044,
          104.34782608695652
        ],
        [
          69.50724637681158,
          103.9855072463768
        ]
      ]
    ],
    "開戸": [
      [
        109.0,
        105.79710144927536,
        132.56484149855908,
        130.38040345821324
      ]
    ],
    "引戸": [
      [
        60.80691642651296,
        56.60518731988472,
        77.52161383285302,
        101.85014409221901
      ],
      [
        19.596541786743515,
        96.95100864553314,
        64.26512968299711,
        113.37752161383284
      ],
      [
        86.45533141210375,
        159.19884726224782,
        103.74639769452449,
        233.8386167146974
      ],
      [
        87.60806916426513,
        109.63112391930835,
        103.74639769452449,
        154.87608069164264
      ],
      [
        113.54466858789625,
        132.97406340057637,
        131.4121037463977,
        180.23631123919307
      ],
      [
        150.72046109510086,
        124.90489913544667,
        224.78386167146974,
        138.73775216138327
      ]
    ]
  }
}