{
  "labels": {
    "浴室": [
      [
        [
          92.80487804878047,
          97.56097560975608
        ],
        [
          154.99999999999997,
          98.17073170731706
        ],
        [
          157.43902439024387,
          159.7560975609756
        ],
        [
          92.1951219512195,
          161.58536585365852
        ]
      ]
    ],
    "LDK": [
      [
        [
          340.36585365853654,
          95.73170731707316
        ],
        [
          478.780487804878,
          97.56097560975608
        ],
        [
          478.780487804878,
          310.36585365853654
        ],
        [
          373.29268292682923,
          310.36585365853654
        ],
        [
          371.4634146341463,
          376.8292682926829
        ],
        [
          199.5121951219512,
          378.6585365853658
        ],
        [
          199.5121951219512,
          186.58536585365852
        ],
        [
          266.5853658536585,
          186.58536585365852
        ],
        [
          265.36585365853654,
          239.6341463414634
        ],
        [
          339.7560975609756,
          240.85365853658536
        ]
      ]
    ],
    "廊下": [
      [
        [
          125.73170731707316,
          202.4390243902439
        ],
        [
          193.41463414634143,
          200.60975609756096
        ],
        [
          193.41463414634143,
          289.6341463414634
        ],
        [
          143.41463414634146,
          289.6341463414634
        ],
        [
          143.41463414634146,
          235.36585365853657
        ],
        [
          125.12195121951217,
          235.36585365853657
        ]
      ]
    ],
    "開戸": [
      [
        159.87804878048777,
        168.90243902439022,
        198.45771144278604,
        216.91542288557213
      ],
      [
        178.55721393034824,
        237.31343283582086,
        227.5609756097561,
        272.5609756097561
      ]
    ],
    "折戸": [
      [
        127.81094527363183,
        187.0646766169154,
        159.87804878048777,
        217.0731707317073
      ],
      [
        305.42288557213925,
        224.87562189054725,
        341.5853658536585,
        251.8292682926829
      ]
    ],
    "引戸": [
      [
        111.88326659385996,
        170.1977915301541,
        137.26368159203977,
        236.81592039800992
      ],
      [
        147.22885572139302,
        100.49751243781091,
        173.58208955223878,
        164.17910447761193
      ],
      [
        216.3830845771144,
        91.54228855721394,
        247.21393034825866,
        162.18905472636814
      ],
      [
        288.5223880597014,
        91.04477611940295,
        317.363184079602,
        160.19900497512435
      ]
    ]
  }
}