{
  "labels": {
    "洋室": [
      [
        [
          16.816326530612244,
          158.16326530612244
        ],
        [
          353.55102040816325,
          159.69387755102042
        ],
        [
          353.55102040816325,
          383.6734693877551
        ],
        [
          17.836734693877553,
          383.6734693877551
        ]
      ],
      [
        [
          410.18367346938777,
          122.44897959183673
        ],
        [
          576.0,
          122.9591836734694
        ],
        [
          575.4897959183673,
          384.18367346938777
        ],
        [
          409.6734693877551,
          384.18367346938777
        ]
      ]
    ],
    "廊下": [
      [
        [
          246.9183673469388,
          72.95918367346938
        ],
        [
          405.5918367346939,
          73.9795918367347
        ],
        [
          406.10204081632656,
          185.71428571428572
        ],
        [
          356.10204081632656,
          185.71428571428572
        ],
        [
          355.59183673469386,
          154.08163265306123
        ],
        [
          133.6530612244898,
          153.57142857142858
        ],
        [
          134.16326530612244,
          108.6734693877551
        ],
        [
          245.8979591836735,
          107.6530612244898
        ]
      ]
    ],
    "引戸": [
      [
        155.2169896681607,
        90.10620120783621,
        242.46575342465755,
        113.42009132420091
      ],
      [
        395.2991452991453,
        72.22222222222223,
        421.3078070005663,
        186.6554841114528
      ]
    ],
    "開戸": [
      [
        299.5433789954338,
        139.44748858447488,
        358.14285714285717,
        208.67346938775512
      ],
      [
        128.76712328767124,
        140.36073059360731,
        189.26530612244898,
        212.75510204081633
      ]
    ]
  }
}