{
  "labels": {
    "LDK": [
      [
        [
          15.592592592592592,
          19.333333333333314
        ],
        [
          12.814814814814813,
          422.1111111111111
        ],
        [
          412.8148148148148,
          419.33333333333326
        ],
        [
          410.96296296296293,
          374.88888888888886
        ],
        [
          495.2222222222222,
          373.96296296296293
        ],
        [
          494.29629629629625,
          340.6296296296296
        ],
        [
          650.7777777777777,
          341.55555555555554
        ],
        [
          651.7037037037037,
          19.333333333333314
        ]
      ]
    ],
    "廊下": [
      [
        [
          494.29629629629625,
          339.7037037037037
        ],
        [
          493.3703703703703,
          423.03703703703695
        ],
        [
          571.1481481481482,
          424.8888888888888
        ],
        [
          572.074074074074,
          385.074074074074
        ],
        [
          648.9259259259259,
          382.29629629629625
        ],
        [
          649.8518518518518,
          340.6296296296296
        ]
      ]
    ],
    "浴室": [
      [
        [
          651.7037037037037,
          19.333333333333314
        ],
        [
          649.8518518518518,
          182.2962962962963
        ],
        [
          810.9629629629629,
          180.4444444444444
        ],
        [
          810.9629629629629,
          22.111111111111114
        ]
      ]
    ],
    "開戸": [
      [
        421.0936819172113,
        336.1764705882353,
        485.58169934640523,
        388.61437908496725
      ],
      [
        663.359477124183,
        106.53376906318081,
        732.4771241830066,
        204.15032679738562
      ]
    ],
    "引戸": [
      [
        633.2941176470588,
        186.50326797385623,
        667.9346405228758,
        335.52287581699346
      ],
      [
        659.437908496732,
        363.62745098039215,
        801.9215686274509,
        391.73202614379085
      ]
    ]
  }
}