{
  "labels": {
    "洋室": [
      [
        [
          27.555555555555543,
          129.0
        ],
        [
          128.66666666666669,
          129.0
        ],
        [
          129.77777777777777,
          315.1111111111111
        ],
        [
          27.555555555555543,
          314.55555555555554
        ]
      ],
      [
        [
          129.77777777777777,
          128.44444444444443
        ],
        [
          234.22222222222223,
          128.44444444444443
        ],
        [
          233.1111111111111,
          315.1111111111111
        ],
        [
          129.77777777777777,
          315.1111111111111
        ]
      ],
      [
        [
          234.22222222222223,
          130.11111111111111
        ],
        [
          325.33333333333337,
          129.0
        ],
        [
          324.7777777777777,
          91.77777777777777
        ],
        [
          438.1111111111111,
          92.88888888888889
        ],
        [
          440.33333333333337,
          186.22222222222223
        ],
        [
          402.55555555555554,
          186.22222222222223
        ],
        [
          403.1111111111111,
          280.1111111111111
        ],
        [
          234.22222222222223,
          280.6666666666667
        ]
      ]
    ],
    "廊下": [
      [
        [
          64.77777777777777,
          91.77777777777777
        ],
        [
          63.666666666666686,
          129.0
        ],
        [
          327.0,
          129.0
        ],
        [
          325.33333333333337,
          92.33333333333334
        ]
      ]
    ],
    "開戸": [
      [
        314.7777777777777,
        91.77777777777777,
        365.33333333333337,
        129.0
      ],
      [
        92.10486891385769,
        119.47565543071161,
        126.80649188514356,
        167.6953807740325
      ],
      [
        130.30711610486892,
        119.47565543071161,
        165.68289637952557,
        167.62047440699124
      ]
    ],
    "折戸": [
      [
        176.45692883895128,
        83.05742821473157,
        253.6791510611735,
        114.16853932584269
      ],
      [
        75.56429463171037,
        81.63420724094883,
        172.83895131086143,
        111.61048689138578
      ],
      [
        29.465667915106124,
        157.9138576779026,
        91.19101123595507,
        186.14232209737827
      ],
      [
        166.63670411985018,
        157.67790262172286,
        231.1136079900125,
        185.61672908863918
      ]
    ],
    "引戸": [
      [
        54.22222222222223,
        57.888888888888886,
        75.88888888888886,
        127.88888888888889
      ]
    ]
  }
}