{
  "labels": {
    "浴室": [
      [
        [
          351.75308641975306,
          27.160493827160494
        ],
        [
          448.0493827160493,
          27.160493827160494
        ],
        [
          448.0493827160493,
          122.22222222222221
        ],
        [
          354.2222222222222,
          120.98765432098764
        ]
      ]
    ],
    "LDK": [
      [
        [
          145.50787569178374,
          237.037037037037
        ],
        [
          445.5078756917837,
          237.037037037037
        ],
        [
          445.5078756917837,
          437.6543209876543
        ],
        [
          142.4214559386973,
          437.6543209876543
        ]
      ]
    ],
    "廊下": [
      [
        [
          40.02469135802468,
          235.80246913580245
        ],
        [
          136.320987654321,
          237.6543209876543
        ],
        [
          134.4691358024691,
          305.55555555555554
        ],
        [
          41.25925925925925,
          306.1728395061728
        ]
      ],
      [
        [
          248.66666666666663,
          130.86419753086417
        ],
        [
          340.641975308642,
          132.09876543209876
        ],
        [
          340.641975308642,
          174.07407407407408
        ],
        [
          291.8765432098765,
          174.07407407407408
        ],
        [
          291.8765432098765,
          230.2469135802469
        ],
        [
          248.66666666666663,
          229.62962962962962
        ]
      ]
    ],
    "引戸": [
      [
        120.0,
        56.896551724137936,
        241.25925925925924,
        91.75393784589185
      ],
      [
        221.3235294117647,
        84.11764705882352,
        256.61764705882354,
        184.1176470588235
      ],
      [
        249.25373134328356,
        111.94029850746267,
        340.44117647058823,
        148.97717295873565
      ],
      [
        246.20689655172416,
        217.58620689655174,
        336.55172413793105,
        252.75862068965517
      ],
      [
        124.13793103448276,
        227.24137931034483,
        158.48704663212436,
        329.01554404145077
      ],
      [
        143.44827586206898,
        217.58620689655174,
        237.93103448275863,
        252.0689655172414
      ]
    ],
    "折戸": [
      [
        331.02590673575133,
        73.57512953367876,
        374.59259259259255,
        126.5432098765432
      ]
    ],
    "開戸": [
      [
        297.4320987654321,
        129.01234567901233,
        367.18518518518516,
        178.39506172839506
      ]
    ]
  }
}