{
  "labels": {
    "LDK": [
      [
        [
          980.103896103896,
          508.09090909090907
        ],
        [
          608.6753246753246,
          505.49350649350646
        ],
        [
          608.6753246753246,
          1015.8831168831168
        ],
        [
          985.2987012987012,
          1018.4805194805194
        ]
      ]
    ],
    "廊下": [
      [
        [
          908.6753246753246,
          427.57142857142856
        ],
        [
          1050.2337662337661,
          431.46753246753246
        ],
        [
          1051.5324675324675,
          801.5974025974026
        ],
        [
          1069.7142857142858,
          802.8961038961039
        ],
        [
          1069.7142857142858,
          934.0649350649351
        ],
        [
          981.4025974025974,
          934.0649350649351
        ],
        [
          978.8051948051948,
          511.98701298701303
        ],
        [
          908.6753246753246,
          505.49350649350646
        ]
      ]
    ],
    "洋室": [
      [
        [
          978.8051948051948,
          209.3896103896104
        ],
        [
          1350.2337662337661,
          211.98701298701297
        ],
        [
          1345.038961038961,
          506.79220779220776
        ],
        [
          1047.6363636363635,
          504.19480519480516
        ],
        [
          1047.6363636363635,
          427.57142857142856
        ],
        [
          982.7012987012986,
          426.27272727272725
        ]
      ]
    ],
    "浴室": [
      [
        [
          1219.064935064935,
          657.4415584415584
        ],
        [
          1346.3376623376623,
          657.4415584415584
        ],
        [
          1348.935064935065,
          808.0909090909091
        ],
        [
          1219.064935064935,
          804.1948051948052
        ]
      ]
    ],
    "折戸": [
      [
        1008.0357142857142,
        233.92857142857142,
        1078.0746753246754,
        424.5681818181818
      ],
      [
        1178.8051948051948,
        724.974025974026,
        1250.2337662337661,
        805.4935064935065
      ]
    ],
    "開戸": [
      [
        1016.4675324675325,
        422.37662337662334,
        1119.064935064935,
        505.49350649350646
      ],
      [
        1217.7662337662337,
        437.9610389610389,
        1307.3766233766232,
        541.8571428571429
      ],
      [
        863.2207792207791,
        424.97402597402595,
        982.7012987012986,
        509.38961038961037
      ],
      [
        915.1785714285713,
        698.2142857142857,
        1007.142857142857,
        773.2142857142857
      ],
      [
        1157.2142857142856,
        584.7142857142857,
        1257.142857142857,
        657.1428571428571
      ]
    ],
    "引戸": [
      [
        880.3571428571428,
        291.07142857142856,
        936.840909090909,
        432.76623376623377
      ],
      [
        677.5064935064935,
        486.012987012987,
        913.3928571428571,
        528.5714285714286
      ],
      [
        1077.5064935064934,
        678.2207792207791,
        1219.642857142857,
        732.1428571428571
      ]
    ]
  }
}