{
  "labels": {
    "洋室": [
      [
        [
          9.061946902654824,
          80.65486725663716
        ],
        [
          187.82300884955748,
          81.09734513274336
        ],
        [
          188.70796460176985,
          232.8672566371681
        ],
        [
          113.92920353982299,
          232.8672566371681
        ],
        [
          112.60176991150439,
          196.58407079646017
        ],
        [
          9.061946902654824,
          196.58407079646017
        ]
      ],
      [
        [
          47.11504424778758,
          233.30973451327432
        ],
        [
          46.23008849557522,
          271.80530973451323
        ],
        [
          8.619469026548643,
          270.4778761061947
        ],
        [
          8.176991150442461,
          347.0265486725663
        ],
        [
          189.15044247787608,
          346.14159292035396
        ],
        [
          190.47787610619463,
          232.42477876106193
        ]
      ]
    ],
    "廊下": [
      [
        [
          68.35398230088492,
          197.46902654867253
        ],
        [
          69.23893805309729,
          231.53982300884954
        ],
        [
          113.04424778761057,
          232.8672566371681
        ],
        [
          112.60176991150439,
          197.91150442477874
        ]
      ]
    ],
    "折戸": [
      [
        115.50617283950618,
        179.42386831275718,
        187.95473251028807,
        205.3497942386831
      ],
      [
        37.318620488728584,
        272.5045340325576,
        64.90946502057614,
        345.679012345679
      ]
    ],
    "引戸": [
      [
        33.61316872427983,
        184.7736625514403,
        105.80072107505731,
        205.80509122692013
      ],
      [
        75.1769547325103,
        222.63374485596705,
        150.4855967078189,
        244.03292181069958
      ]
    ]
  }
}