{
  "labels": {
    "洋室": [
      [
        [
          466.0,
          555.0
        ],
        [
          565.0,
          555.0
        ],
        [
          567.0,
          502.0
        ],
        [
          664.0,
          502.0
        ],
        [
          668.0,
          703.0
        ],
        [
          467.0,
          701.0
        ]
      ]
    ],
    "浴室": [
      [
        [
          871.0,
          303.0
        ],
        [
          965.0,
          304.0
        ],
        [
          965.0,
          397.0
        ],
        [
          873.0,
          396.0
        ]
      ]
    ],
    "LDK": [
      [
        [
          768.0,
          425.0
        ],
        [
          968.0,
          427.0
        ],
        [
          968.0,
          450.0
        ],
        [
          1221.0,
          451.0
        ],
        [
          1220.0,
          655.0
        ],
        [
          842.0,
          652.0
        ],
        [
          841.0,
          501.0
        ],
        [
          768.0,
          501.0
        ]
      ]
    ],
    "廊下": [
      [
        [
          669.0,
          571.0
        ],
        [
          763.0,
          571.0
        ],
        [
          762.0,
          428.0
        ],
        [
          662.0,
          428.0
        ],
        [
          662.0,
          404.0
        ],
        [
          621.0,
          405.0
        ],
        [
          620.0,
          500.0
        ],
        [
          667.0,
          502.0
        ]
      ]
    ],
    "開戸": [
      [
        623.0,
        503.0,
        676.0,
        557.0
      ],
      [
        759.0,
        350.0,
        791.0,
        395.0
      ]
    ],
    "折戸": [
      [
        435.33333333333326,
        424.3333333333333,
        540.3333333333333,
        464.3333333333333
      ],
      [
        463.33333333333337,
        538.3333333333334,
        568.3333333333334,
        575.3333333333334
      ],
      [
        867.0,
        415.0,
        971.0,
        452.0
      ]
    ],
    "引戸": [
      [
        604.6666666666666,
        405.3333333333333,
        627.3333333333334,
        496.3333333333333
      ],
      [
        621.0,
        382.6666666666667,
        709.3333333333334,
        407.3333333333333
      ],
      [
        753.0,
        445.0,
        776.4044943820224,
        532.7528089887641
      ],
      [
        774.6666666666666,
        413.33333333333337,
        866.3333333333334,
        436.6666666666667
      ],
      [
        857.6666666666667,
        304.6666666666667,
        881.6666666666666,
        391.6666666666667
      ],
      [
        1000.3333333333334,
        302.6666666666667,
        1022.6666666666666,
        386.6666666666667
      ],
      [
        1010.3333333333334,
        438.0,
        1216.3333333333333,
        459.6666666666667
      ],
      [
        761.3333333333334,
        580.6666666666666,
        784.0,
        672.3333333333334
      ]
    ]
  }
}