{
  "labels": {
    "LDK": [
      [
        [
          136.06382978723406,
          287.2340425531915
        ],
        [
          543.1560283687944,
          287.2340425531915
        ],
        [
          543.8652482269504,
          439.7163120567376
        ],
        [
          592.0921985815603,
          440.42553191489367
        ],
        [
          592.8014184397164,
          491.48936170212767
        ],
        [
          136.06382978723406,
          486.5248226950355
        ]
      ]
    ],
    "浴室": [
      [
        [
          643.8652482269504,
          136.17021276595744
        ],
        [
          743.1560283687944,
          135.46099290780143
        ],
        [
          743.8652482269504,
          235.46099290780143
        ],
        [
          643.1560283687944,
          235.46099290780143
        ]
      ]
    ],
    "洋室": [
      [
        [
          593.5106382978723,
          289.3617021276596
        ],
        [
          643.1560283687944,
          288.65248226950354
        ],
        [
          643.1560283687944,
          313.4751773049646
        ],
        [
          745.2836879432624,
          313.4751773049646
        ],
        [
          746.7021276595746,
          490.07092198581563
        ],
        [
          592.0921985815603,
          490.78014184397165
        ]
      ]
    ],
    "廊下": [
      [
        [
          241.73758865248226,
          229.07801418439718
        ],
        [
          438.9007092198582,
          229.7872340425532
        ],
        [
          438.9007092198582,
          240.42553191489364
        ],
        [
          641.7375886524823,
          240.42553191489364
        ],
        [
          640.3191489361702,
          287.2340425531915
        ],
        [
          243.15602836879435,
          283.68794326241135
        ]
      ]
    ],
    "開戸": [
      [
        443.86524822695037,
        228.36879432624116,
        494.2198581560284,
        281.5602836879433
      ],
      [
        597.0567375886525,
        243.97163120567376,
        643.1560283687944,
        296.45390070921985
      ]
    ],
    "引戸": [
      [
        242.44680851063833,
        273.3314546052323,
        387.4172185430464,
        300.72185430463577
      ],
      [
        545.2836879432624,
        223.7800009393641,
        629.1390728476821,
        249.0662251655629
      ],
      [
        649.5859752947255,
        300.4696820252689,
        729.1390728476821,
        326.5496688741722
      ],
      [
        581.8766145319619,
        405.37316236907617,
        606.6225165562914,
        486.81456953642385
      ],
      [
        531.1258278145696,
        300.0596026490066,
        552.3758865248227,
        432.62411347517735
      ],
      [
        494.0319853459208,
        274.18157907096895,
        572.8476821192053,
        298.73509933774835
      ]
    ],
    "折戸": [
      [
        630.8597529472547,
        190.16485839086943,
        668.8741721854304,
        233.17218543046357
      ]
    ]
  }
}