{
  "labels": {
    "廊下": [
      [
        [
          127.93700787401573,
          285.40157480314963
        ],
        [
          128.7244094488189,
          337.37007874015745
        ],
        [
          199.59055118110234,
          336.5826771653543
        ],
        [
          196.44094488188978,
          448.39370078740154
        ],
        [
          250.77165354330708,
          449.18110236220474
        ],
        [
          252.34645669291336,
          283.03937007874015
        ]
      ]
    ],
    "洋室": [
      [
        [
          34.23622047244095,
          116.89763779527559
        ],
        [
          199.59055118110234,
          116.89763779527559
        ],
        [
          199.59055118110234,
          283.03937007874015
        ],
        [
          34.23622047244095,
          283.03937007874015
        ]
      ],
      [
        [
          193.29133858267716,
          60.204724409448815
        ],
        [
          414.5511811023622,
          60.204724409448815
        ],
        [
          414.5511811023622,
          285.40157480314963
        ],
        [
          193.29133858267716,
          285.40157480314963
        ]
      ],
      [
        [
          251.55905511811022,
          375.9527559055118
        ],
        [
          416.1259842519685,
          375.9527559055118
        ],
        [
          416.1259842519685,
          557.0551181102362
        ],
        [
          251.55905511811022,
          557.0551181102362
        ]
      ],
      [
        [
          30.2992125984252,
          391.7007874015748
        ],
        [
          203.5275590551181,
          391.7007874015748
        ],
        [
          203.5275590551181,
          612.1732283464567
        ],
        [
          30.2992125984252,
          612.1732283464567
        ]
      ]
    ],
    "開戸": [
      [
        200.37795275590548,
        266.503937007874,
        242.11023622047242,
        330.2834645669291
      ],
      [
        116.91338582677164,
        290.9133858267717,
        174.39370078740157,
        331.07086614173227
      ],
      [
        185.04748270102607,
        397.48484848484844,
        245.78787878787875,
        443.57981388690047
      ]
    ],
    "折戸": [
      [
        258.66666666666663,
        255.48031496062993,
        405.1023622047244,
        296.7272727272727
      ],
      [
        259.43307086614175,
        362.6363636363636,
        401.8484848484849,
        399.5748031496063
      ],
      [
        167.30708661417322,
        451.27272727272725,
        213.96969696969694,
        556.267716535433
      ]
    ],
    "引戸": [
      [
        240.53543307086613,
        392.48818897637796,
        265.4848484848485,
        498.2424242424242
      ],
      [
        79.11811023622047,
        270.4409448818898,
        198.01574803149606,
        294.06299212598424
      ]
    ]
  }
}