{
  "labels": {
    "廊下": [
      [
        [
          364.77777777777777,
          213.1111111111111
        ],
        [
          361.44444444444446,
          296.44444444444446
        ],
        [
          531.4444444444445,
          297.55555555555554
        ],
        [
          529.2222222222222,
          455.33333333333337
        ],
        [
          611.4444444444445,
          460.8888888888889
        ],
        [
          614.7777777777777,
          377.55555555555554
        ],
        [
          660.3333333333334,
          378.66666666666663
        ],
        [
          608.1111111111111,
          207.55555555555554
        ],
        [
          529.2222222222222,
          213.1111111111111
        ],
        [
          530.3333333333334,
          132.0
        ],
        [
          447.0,
          133.11111111111111
        ],
        [
          444.77777777777777,
          213.1111111111111
        ]
      ]
    ],
    "LDK": [
      [
        [
          33.666666666666664,
          460.8888888888889
        ],
        [
          779.2222222222222,
          460.8888888888889
        ],
        [
          779.2222222222222,
          793.1111111111111
        ],
        [
          33.666666666666664,
          793.1111111111111
        ]
      ]
    ],
    "浴室": [
      [
        [
          33.666666666666664,
          47.55555555555556
        ],
        [
          200.33333333333331,
          47.55555555555556
        ],
        [
          200.33333333333331,
          215.33333333333331
        ],
        [
          33.666666666666664,
          215.33333333333331
        ]
      ]
    ],
    "開戸": [
      [
        536.5555555555555,
        400.88888888888886,
        601.4444444444445,
        482.18518518518516
      ],
      [
        289.66666666666663,
        81.71428571428571,
        348.71428571428567,
        136.95238095238093
      ]
    ],
    "折戸": [
      [
        368.03703703703695,
        438.66666666666663,
        448.1111111111111,
        494.2222222222222
      ],
      [
        533.6666666666666,
        198.66666666666669,
        605.8888888888889,
        245.33333333333331
      ]
    ],
    "引戸": [
      [
        451.3703703703703,
        109.03703703703702,
        587.4814814814814,
        153.48148148148147
      ],
      [
        305.074074074074,
        190.5185185185185,
        435.62962962962956,
        236.8148148148148
      ],
      [
        182.55555555555554,
        70.14814814814814,
        217.1111111111111,
        198.66666666666669
      ],
      [
        334.7037037037037,
        216.44444444444443,
        379.22222222222223,
        385.3333333333333
      ],
      [
        67.11111111111109,
        445.8888888888888,
        363.6666666666667,
        483.1111111111111
      ],
      [
        97.66666666666663,
        221.07407407407405,
        140.25925925925924,
        368.29629629629625
      ]
    ]
  }
}