{
  "labels": {
    "LDK": [
      [
        [
          336.71257485029946,
          30.736526946107787
        ],
        [
          331.92215568862275,
          331.934131736527
        ],
        [
          409.1676646706587,
          334.3293413173653
        ],
        [
          407.97005988023955,
          538.5209580838324
        ],
        [
          125.93413173652698,
          535.5269461077845
        ],
        [
          132.52095808383234,
          27.1437125748503
        ]
      ]
    ],
    "浴室": [
      [
        [
          30.724550898203603,
          126.54491017964072
        ],
        [
          132.52095808383234,
          127.1437125748503
        ],
        [
          131.32335329341316,
          231.33532934131736
        ],
        [
          30.125748502994014,
          227.7425149700599
        ]
      ]
    ],
    "廊下": [
      [
        [
          336.1137724550898,
          231.33532934131736
        ],
        [
          409.1676646706587,
          233.7305389221557
        ],
        [
          407.97005988023955,
          334.92814371257487
        ],
        [
          331.3233532934132,
          333.1317365269461
        ]
      ]
    ],
    "開戸": [
      [
        395.39520958083835,
        244.50898203592814,
        439.70658682634735,
        284.0299401197605
      ]
    ],
    "引戸": [
      [
        339.151333696244,
        117.63545636000727,
        438.27272727272737,
        145.06060606060606
      ],
      [
        319.9315913627291,
        236.79713300671386,
        346.1515151515151,
        328.6969696969697
      ],
      [
        395.84848484848476,
        412.3333333333333,
        422.5151515151515,
        517.7878787878788
      ],
      [
        114.64398475775721,
        438.60079840319366,
        138.87878787878788,
        535.9696969696969
      ],
      [
        33.42424242424241,
        419.60606060606057,
        122.34131736526945,
        448.70059880239523
      ],
      [
        118.17873344220652,
        233.72328071130465,
        145.5454545454545,
        324.45454545454544
      ],
      [
        34.636363636363626,
        216.57575757575756,
        124.33333333333331,
        243.84848484848482
      ],
      [
        117.58718925784791,
        32.07203774269642,
        147.36363636363632,
        122.63636363636363
      ]
    ]
  }
}