{
  "labels": {
    "洋室": [
      [
        [
          111.38211382113822,
          31.902439024390247
        ],
        [
          112.19512195121952,
          447.349593495935
        ],
        [
          430.8943089430894,
          451.4146341463414
        ],
        [
          423.5772357723577,
          69.30081300813009
        ],
        [
          199.1869918699187,
          71.739837398374
        ],
        [
          194.3089430894309,
          31.089430894308947
        ]
      ]
    ],
    "浴室": [
      [
        [
          424.390243902439,
          33.52845528455285
        ],
        [
          577.2357723577236,
          33.52845528455285
        ],
        [
          577.2357723577236,
          217.2682926829268
        ],
        [
          424.390243902439,
          217.2682926829268
        ]
      ]
    ],
    "廊下": [
      [
        [
          44.45176884201274,
          286.34761590859154
        ],
        [
          106.2403867281916,
          286.34761590859154
        ],
        [
          106.2403867281916,
          356.2663150955834
        ],
        [
          44.45176884201274,
          356.2663150955834
        ]
      ]
    ],
    "開戸": [
      [
        429.1052631578947,
        151.57894736842104,
        497.52631578947364,
        237.36842105263156
      ],
      [
        91.00128369704751,
        278.9473684210526,
        170.68421052631578,
        339.02695763799744
      ],
      [
        44.89473684210526,
        283.9349593495935,
        105.6910569105691,
        364.7368421052631
      ]
    ],
    "引戸": [
      [
        403.31578947368416,
        228.42105263157893,
        447.52631578947364,
        357.36842105263156
      ]
    ],
    "折戸": [
      [
        92.2162162162162,
        34.87321467809274,
        143.89804438584926,
        92.97297297297297
      ]
    ]
  }
}