{
  "labels": {
    "洋室": [
      [
        [
          493.0,
          228.0
        ],
        [
          652.5,
          228.0
        ],
        [
          650.5,
          423.0
        ],
        [
          493.5,
          424.5
        ]
      ],
      [
        [
          296.5,
          50.0
        ],
        [
          413.0,
          51.5
        ],
        [
          413.5,
          71.5
        ],
        [
          497.0,
          73.0
        ],
        [
          498.5,
          187.5
        ],
        [
          295.5,
          190.0
        ]
      ]
    ],
    "廊下": [
      [
        [
          640.0,
          130.0
        ],
        [
          720.0,
          130.0
        ],
        [
          719.0,
          246.5
        ],
        [
          654.0,
          247.5
        ],
        [
          654.0,
          228.0
        ],
        [
          157.0,
          229.0
        ],
        [
          157.0,
          177.5
        ],
        [
          217.0,
          178.5
        ],
        [
          218.0,
          132.5
        ],
        [
          294.5,
          133.5
        ],
        [
          297.5,
          189.5
        ],
        [
          639.5,
          188.5
        ]
      ]
    ],
    "開戸": [
      [
        642.0560747663551,
        92.05607476635514,
        677.6214953271027,
        144.82710280373834
      ],
      [
        512.6168224299065,
        149.06542056074767,
        546.7616822429907,
        203.46728971962617
      ],
      [
        530.303738317757,
        214.36915887850466,
        562.6168224299065,
        266.3551401869159
      ],
      [
        299.5327102803738,
        151.4018691588785,
        333.8271028037383,
        204.45794392523362
      ],
      [
        116.82242990654206,
        192.05607476635512,
        171.02803738317755,
        225.23364485981307
      ],
      [
        316.822429906542,
        68.69158878504672,
        351.86915887850466,
        94.85981308411215
      ],
      [
        359.3457943925233,
        68.69158878504672,
        396.2616822429906,
        96.72897196261681
      ]
    ],
    "折戸": [
      [
        516.1308411214953,
        350.21495327102804,
        547.196261682243,
        423.3644859813084
      ],
      [
        514.9532710280373,
        232.71028037383175,
        551.0560747663551,
        344.2289719626168
      ],
      [
        573.8317757009346,
        203.73831775700933,
        649.0560747663551,
        236.15420560747663
      ],
      [
        422.8971962616822,
        145.79439252336448,
        479.5140186915888,
        171.56542056074767
      ]
    ],
    "引戸": [
      [
        377.10280373831773,
        217.28971962616822,
        490.6542056074766,
        241.58878504672896
      ],
      [
        220.64018691588785,
        216.0981308411215,
        371.02803738317755,
        242.05607476635512
      ],
      [
        360.803738317757,
        232.36448598130843,
        388.78504672897196,
        383.1775700934579
      ],
      [
        377.8411214953271,
        374.93457943925233,
        490.18691588785043,
        400.0
      ],
      [
        300.0,
        373.83177570093454,
        371.196261682243,
        398.4672897196262
      ],
      [
        203.33644859813083,
        231.96261682242988,
        231.77570093457942,
        382.7102803738318
      ]
    ]
  }
}