{
  "labels": {
    "洋室": [
      [
        [
          10.57142857142857,
          157.28571428571428
        ],
        [
          8.857142857142854,
          393.85714285714283
        ],
        [
          188.85714285714286,
          395.57142857142856
        ],
        [
          190.0,
          159.0
        ]
      ],
      [
        [
          246.57142857142856,
          275.0
        ],
        [
          244.85714285714283,
          484.7142857142857
        ],
        [
          338.0,
          485.2857142857143
        ],
        [
          335.14285714285717,
          423.57142857142856
        ],
        [
          425.42857142857144,
          423.57142857142856
        ],
        [
          426.57142857142856,
          273.85714285714283
        ]
      ],
      [
        [
          247.71428571428572,
          8.142857142857142
        ],
        [
          247.71428571428572,
          216.71428571428572
        ],
        [
          426.57142857142856,
          221.85714285714286
        ],
        [
          427.7142857142857,
          69.28571428571429
        ],
        [
          335.7142857142857,
          69.85714285714286
        ],
        [
          335.14285714285717,
          10.428571428571429
        ]
      ],
      [
        [
          187.14285714285714,
          278.42857142857144
        ],
        [
          186.0,
          398.42857142857144
        ],
        [
          244.85714285714283,
          400.7142857142857
        ],
        [
          247.71428571428572,
          278.42857142857144
        ]
      ]
    ],
    "廊下": [
      [
        [
          189.42857142857142,
          160.14285714285714
        ],
        [
          188.85714285714286,
          275.57142857142856
        ],
        [
          307.14285714285717,
          279.0
        ],
        [
          306.57142857142856,
          217.28571428571428
        ],
        [
          245.42857142857144,
          220.14285714285714
        ],
        [
          244.85714285714283,
          159.57142857142858
        ]
      ]
    ],
    "開戸": [
      [
        193.23076923076923,
        221.52747252747253,
        242.4285714285714,
        294.3846153846154
      ],
      [
        251.14285714285717,
        223.17582417582418,
        327.04395604395603,
        274.42857142857144
      ]
    ],
    "折戸": [
      [
        343.8901098901099,
        54.846153846153854,
        419.35164835164835,
        92.95604395604396
      ],
      [
        342.989010989011,
        401.74725274725273,
        417.7032967032967,
        443.6153846153846
      ]
    ],
    "引戸": [
      [
        230.8901098901099,
        106.14285714285714,
        265.5054945054945,
        211.0879120879121
      ],
      [
        169.3186813186813,
        162.93406593406593,
        204.5164835164835,
        267.13186813186815
      ],
      [
        251.4065934065934,
        258.8901098901099,
        344.6263736263736,
        293.48351648351655
      ]
    ]
  }
}