{
  "labels": {
    "洋室": [
      [
        [
          188.48502994011977,
          128.7425149700599
        ],
        [
          329.2035928143713,
          129.34131736526948
        ],
        [
          329.8023952095809,
          271.25748502994014
        ],
        [
          188.48502994011977,
          271.85628742514973
        ]
      ],
      [
        [
          367.5269461077845,
          273.05389221556885
        ],
        [
          367.5269461077845,
          343.7125748502994
        ],
        [
          402.85628742514973,
          344.311377245509
        ],
        [
          401.059880239521,
          416.1676646706587
        ],
        [
          259.1437125748503,
          414.37125748502996
        ],
        [
          259.1437125748503,
          272.4550898203593
        ]
      ],
      [
        [
          366.32934131736533,
          272.4550898203593
        ],
        [
          510.0419161676647,
          271.85628742514973
        ],
        [
          510.6407185628743,
          416.1676646706587
        ],
        [
          401.059880239521,
          415.56886227544913
        ],
        [
          402.85628742514973,
          344.9101796407186
        ],
        [
          366.32934131736533,
          343.7125748502994
        ]
      ]
    ],
    "廊下": [
      [
        [
          329.2035928143713,
          200.0
        ],
        [
          510.0419161676647,
          201.79640718562874
        ],
        [
          508.8443113772455,
          237.7245508982036
        ],
        [
          438.18562874251495,
          235.32934131736528
        ],
        [
          438.18562874251495,
          272.4550898203593
        ],
        [
          329.8023952095809,
          271.25748502994014
        ]
      ]
    ],
    "引戸": [
      [
        439.11801242236027,
        226.08695652173913,
        508.8443113772455,
        249.10179640718565
      ]
    ],
    "折戸": [
      [
        365.998326328709,
        185.20846505746272,
        405.1614906832298,
        215.527950310559
      ],
      [
        395.2726968423401,
        275.7838360545989,
        421.93167701863354,
        346.583850931677
      ],
      [
        353.8883847212408,
        346.2416781344144,
        381.5590062111801,
        416.7701863354037
      ],
      [
        178.30538922155688,
        164.67065868263472,
        199.8622754491018,
        201.79640718562874
      ]
    ],
    "開戸": [
      [
        401.65868263473055,
        240.71856287425152,
        440.5808383233533,
        287.4251497005988
      ],
      [
        330.40119760479047,
        237.125748502994,
        366.92814371257487,
        289.2215568862276
      ],
      [
        314.23353293413174,
        200.0,
        363.934131736527,
        235.32934131736528
      ]
    ]
  }
}