{
  "labels": {
    "LDK": [
      [
        [
          223.38461538461536,
          108.15384615384616
        ],
        [
          221.8461538461538,
          466.61538461538464
        ],
        [
          727.2307692307692,
          463.53846153846155
        ],
        [
          725.6923076923076,
          168.9230769230769
        ],
        [
          460.30769230769226,
          168.9230769230769
        ],
        [
          458.7692307692307,
          111.23076923076923
        ]
      ]
    ],
    "廊下": [
      [
        [
          725.6923076923076,
          296.6153846153846
        ],
        [
          817.2307692307692,
          297.38461538461536
        ],
        [
          819.5384615384615,
          405.0769230769231
        ],
        [
          727.2307692307692,
          405.0769230769231
        ]
      ]
    ],
    "浴室": [
      [
        [
          105.69230769230768,
          346.6153846153846
        ],
        [
          223.38461538461536,
          348.15384615384613
        ],
        [
          220.30769230769232,
          465.8461538461538
        ],
        [
          103.38461538461539,
          465.8461538461538
        ]
      ]
    ],
    "開戸": [
      [
        678.0286669851887,
        349.54419493549926,
        742.2360248447204,
        398.3602484472049
      ],
      [
        674.5074056378405,
        410.8437649307215,
        741.6149068322981,
        462.9565217391304
      ],
      [
        583.285104700397,
        361.082711391557,
        662.7329192546583,
        416.3726708074534
      ],
      [
        208.0286669851887,
        288.9230769230769,
        273.9130434782609,
        343.0807453416149
      ],
      [
        159.62732919254657,
        332.52173913043475,
        218.6335403726708,
        396.49689440993785
      ]
    ],
    "折戸": [
      [
        221.40181557572868,
        402.47300525561394,
        283.22981366459624,
        449.29192546583846
      ],
      [
        222.79216435738175,
        128.5074056378404,
        280.12422360248445,
        172.27329192546583
      ]
    ],
    "引戸": [
      [
        450.3105590062112,
        175.3788819875776,
        477.67291079734855,
        343.7396246931479
      ],
      [
        465.83850931677017,
        330.6583850931677,
        721.7391304347825,
        356.7453416149068
      ],
      [
        121.7391304347826,
        232.52173913043475,
        219.25465838509317,
        273.5155279503105
      ]
    ]
  }
}