{
  "labels": {
    "LDK": [
      [
        [
          336.6623376623377,
          254.64935064935065
        ],
        [
          330.16883116883116,
          546.8571428571429
        ],
        [
          927.5714285714286,
          555.9480519480519
        ],
        [
          927.5714285714286,
          179.3246753246753
        ],
        [
          558.7402597402597,
          179.3246753246753
        ],
        [
          557.4415584415584,
          252.05194805194805
        ]
      ]
    ],
    "浴室": [
      [
        [
          340.55844155844153,
          32.571428571428555
        ],
        [
          478.2207792207792,
          32.571428571428555
        ],
        [
          478.2207792207792,
          178.025974025974
        ],
        [
          340.55844155844153,
          178.025974025974
        ]
      ]
    ],
    "廊下": [
      [
        [
          184.71428571428572,
          176.7272727272727
        ],
        [
          328.87012987012986,
          176.7272727272727
        ],
        [
          328.87012987012986,
          328.67532467532465
        ],
        [
          184.71428571428572,
          328.67532467532465
        ]
      ]
    ],
    "開戸": [
      [
        269.12987012987014,
        126.92561983471074,
        317.58677685950414,
        199.63164108618653
      ],
      [
        570.1924439197165,
        118.6611570247934,
        626.6776859504132,
        201.40259740259742
      ]
    ],
    "折戸": [
      [
        538.1971664698938,
        184.99173553719007,
        584.9504132231405,
        251.2255017709563
      ],
      [
        687.2561983471074,
        42.585123966942135,
        729.9834710743802,
        169.900826446281
      ]
    ],
    "引戸": [
      [
        191.1404958677686,
        305.1806375442739,
        328.75206611570235,
        354.19834710743805
      ],
      [
        318.4805194805195,
        255.02479338842977,
        356.4297520661157,
        321.9456906729635
      ],
      [
        308.0909090909091,
        333.53719008264466,
        358.08264462809916,
        545.3223140495867
      ],
      [
        463.10861865407315,
        112.04958677685951,
        507.66942148760336,
        159.60802833530107
      ],
      [
        88.6611570247934,
        335.1900826446281,
        134.11570247933884,
        467.4214876033058
      ]
    ]
  }
}