{
  "labels": {
    "LDK": [
      [
        [
          42.10526315789473,
          211.4210526315789
        ],
        [
          38.94736842105263,
          576.6842105263157
        ],
        [
          618.9473684210526,
          580.8947368421052
        ],
        [
          615.7894736842105,
          282.99999999999994
        ],
        [
          332.6315789473684,
          288.2631578947368
        ],
        [
          333.6842105263158,
          208.26315789473682
        ]
      ]
    ],
    "廊下": [
      [
        [
          471.57894736842104,
          197.73684210526312
        ],
        [
          470.52631578947364,
          289.31578947368416
        ],
        [
          714.7368421052631,
          286.1578947368421
        ],
        [
          714.7368421052631,
          216.68421052631578
        ],
        [
          567.3684210526316,
          216.68421052631578
        ],
        [
          545.2631578947368,
          198.78947368421052
        ]
      ]
    ],
    "浴室": [
      [
        [
          616.8421052631578,
          433.52631578947364
        ],
        [
          757.8947368421052,
          433.52631578947364
        ],
        [
          757.8947368421052,
          579.8421052631578
        ],
        [
          616.8421052631578,
          579.8421052631578
        ]
      ]
    ],
    "折戸": [
      [
        635.6970128022759,
        411.1621621621622,
        684.1621621621622,
        458.71123755334276
      ],
      [
        334.83783783783787,
        260.4864864864865,
        397.6756756756757,
        324.6756756756757
      ]
    ],
    "引戸": [
      [
        625.3413940256045,
        265.2162162162162,
        738.2162162162163,
        312.91465149359885
      ],
      [
        482.13513513513516,
        268.0789473684211,
        610.6578947368421,
        312.51351351351354
      ],
      [
        453.9473684210525,
        202.3783783783784,
        497.0,
        281.9473684210526
      ],
      [
        596.8421052631579,
        305.1052631578947,
        635.3947368421052,
        426.63157894736844
      ],
      [
        690.918918918919,
        223.32432432432432,
        735.5544005544006,
        283.19958419958414
      ]
    ]
  }
}