{
  "labels": {
    "廊下": [
      [
        [
          114.6470588235294,
          352.52941176470586
        ],
        [
          116.6078431372549,
          429.0
        ],
        [
          186.2156862745098,
          429.98039215686276
        ],
        [
          185.23529411764704,
          501.5490196078431
        ],
        [
          396.01960784313724,
          501.5490196078431
        ],
        [
          400.921568627451,
          351.54901960784315
        ],
        [
          540.1372549019608,
          351.54901960784315
        ],
        [
          541.1176470588235,
          206.45098039215685
        ],
        [
          470.52941176470586,
          206.45098039215685
        ],
        [
          468.5686274509804,
          280.96078431372547
        ],
        [
          320.52941176470586,
          279.98039215686276
        ],
        [
          325.4313725490196,
          351.54901960784315
        ]
      ]
    ],
    "洋室": [
      [
        [
          468.5686274509804,
          61.35294117647058
        ],
        [
          470.52941176470586,
          207.4313725490196
        ],
        [
          535.2352941176471,
          199.58823529411762
        ],
        [
          542.0980392156863,
          578.0196078431372
        ],
        [
          755.8235294117646,
          576.0588235294117
        ],
        [
          747.9803921568628,
          55.470588235294116
        ]
      ],
      [
        [
          181.31372549019608,
          59.39215686274508
        ],
        [
          466.6078431372549,
          59.39215686274508
        ],
        [
          466.6078431372549,
          278.01960784313724
        ],
        [
          181.31372549019608,
          278.01960784313724
        ]
      ]
    ],
    "開戸": [
      [
        327.43835616438355,
        251.18640881009935,
        393.078431372549,
        346.63013698630135
      ],
      [
        472.6782164920763,
        205.95406929895245,
        569.2191780821918,
        275.3972602739726
      ],
      [
        473.32876712328766,
        279.201450443191,
        568.6357775987107,
        347.3150684931507
      ]
    ],
    "折戸": [
      [
        192.08460918614017,
        245.94520547945206,
        319.9041095890411,
        306.11522965350525
      ]
    ],
    "引戸": [
      [
        67.16438356164385,
        404.70507655116836,
        182.58957829707228,
        459.64383561643837
      ]
    ]
  }
}