{
  "labels": {
    "廊下": [
      [
        [
          160.3305785123967,
          38.32231404958678
        ],
        [
          278.5123966942149,
          38.04683195592287
        ],
        [
          277.68595041322317,
          67.79889807162535
        ],
        [
          160.3305785123967,
          67.52341597796143
        ]
      ]
    ],
    "開戸": [
      [
        158.44155844155844,
        33.44155844155844,
        189.28571428571428,
        64.85714285714285
      ],
      [
        217.85714285714286,
        132.7922077922078,
        255.6473829201102,
        162.28925619834712
      ],
      [
        98.94726485635577,
        38.04683195592287,
        130.84415584415584,
        67.20779220779221
      ]
    ],
    "引戸": [
      [
        158.67768595041323,
        59.36717827626917,
        218.83116883116884,
        75.0
      ],
      [
        116.55844155844156,
        98.37662337662337,
        132.5068870523416,
        160.36088154269973
      ],
      [
        28.925619834710744,
        39.14876033057851,
        42.42424242424242,
        97.0
      ],
      [
        28.65013774104684,
        99.65643447461629,
        42.857142857142854,
        158.44155844155844
      ]
    ]
  }
}