{
  "labels": {
    "浴室": [
      [
        [
          16.14925373134328,
          51.741293532338304
        ],
        [
          89.78109452736317,
          52.23880597014925
        ],
        [
          88.78606965174129,
          125.37313432835819
        ],
        [
          15.651741293532325,
          126.86567164179102
        ]
      ]
    ],
    "LDK": [
      [
        [
          182.31840796019898,
          50.74626865671641
        ],
        [
          342.51741293532336,
          51.741293532338304
        ],
        [
          343.51243781094524,
          177.1144278606965
        ],
        [
          511.67164179104475,
          178.60696517412933
        ],
        [
          510.1791044776119,
          337.81094527363183
        ],
        [
          183.31343283582086,
          336.8159203980099
        ]
      ]
    ],
    "廊下": [
      [
        [
          351.47263681592034,
          69.65174129353233
        ],
        [
          383.31343283582083,
          69.65174129353233
        ],
        [
          383.31343283582083,
          107.96019900497511
        ],
        [
          409.68159203980093,
          108.45771144278606
        ],
        [
          410.6766169154228,
          169.65174129353233
        ],
        [
          352.9651741293532,
          168.15920398009948
        ]
      ],
      [
        [
          54.457711442786064,
          176.1194029850746
        ],
        [
          175.35323383084574,
          177.1144278606965
        ],
        [
          176.34825870646765,
          210.94527363184076
        ],
        [
          54.955223880597,
          209.95024875621888
        ]
      ]
    ],
    "開戸": [
      [
        223.61194029850742,
        167.1641791044776,
        268.3880597014925,
        195.02487562189052
      ],
      [
        261.9203980099502,
        167.1641791044776,
        304.20895522388054,
        197.0149253731343
      ],
      [
        301.2238805970149,
        168.65671641791042,
        345.99999999999994,
        195.52238805970148
      ],
      [
        137.04477611940297,
        120.89552238805969,
        174.8557213930348,
        138.8059701492537
      ],
      [
        349.9800995024875,
        66.16915422885572,
        388.78606965174123,
        85.57213930348257
      ]
    ],
    "引戸": [
      [
        357.34368000634277,
        159.59445798893975,
        434.2629482071713,
        186.37450199203187
      ],
      [
        80.87649402390437,
        56.89243027888446,
        107.17131474103584,
        123.82470119521912
      ],
      [
        166.53386454183266,
        52.11155378486055,
        193.6254980079681,
        116.65338645418325
      ],
      [
        25.89641434262948,
        159.2828685258964,
        92.43027888446214,
        183.9840637450199
      ],
      [
        104.3824701195219,
        161.67330677290835,
        165.73705179282868,
        187.17131474103584
      ],
      [
        93.62549800796812,
        247.3306772908366,
        170.17791520485224,
        267.36635547362783
      ],
      [
        161.31783314503178,
        260.7976055975105,
        186.85258964143424,
        379.203187250996
      ],
      [
        167.72908366533864,
        179.203187250996,
        193.22709163346613,
        245.73705179282865
      ]
    ],
    "折戸": [
      [
        53.46268656716417,
        192.5373134328358,
        92.2686567164179,
        224.87562189054725
      ]
    ]
  }
}