{
  "labels": {
    "洋室": [
      [
        [
          75.17258883248729,
          207.10659898477158
        ],
        [
          194.96954314720813,
          208.12182741116752
        ],
        [
          194.96954314720813,
          281.21827411167516
        ],
        [
          74.15736040609136,
          280.20304568527916
        ]
      ],
      [
        [
          219.84263959390864,
          135.0253807106599
        ],
        [
          316.28934010152284,
          134.51776649746193
        ],
        [
          315.7817258883249,
          207.10659898477158
        ],
        [
          291.4162436548223,
          207.61421319796955
        ],
        [
          291.4162436548223,
          281.21827411167516
        ],
        [
          194.46192893401013,
          280.71065989847716
        ],
        [
          193.9543147208122,
          231.9796954314721
        ],
        [
          218.3197969543147,
          231.9796954314721
        ]
      ],
      [
        [
          74.66497461928935,
          86.29441624365482
        ],
        [
          171.11167512690355,
          87.30964467005076
        ],
        [
          171.11167512690355,
          159.39086294416245
        ],
        [
          75.17258883248729,
          159.39086294416245
        ]
      ]
    ],
    "廊下": [
      [
        [
          219.33502538071065,
          134.51776649746193
        ],
        [
          171.11167512690355,
          134.51776649746193
        ],
        [
          170.6040609137056,
          158.37563451776649
        ],
        [
          198.01522842639594,
          158.88324873096448
        ],
        [
          194.96954314720813,
          232.99492385786803
        ],
        [
          219.33502538071065,
          233.502538071066
        ]
      ]
    ],
    "折戸": [
      [
        205.5982038266302,
        232.04217102694258,
        231.69230769230768,
        283.5897435897436
      ],
      [
        118.87179487179489,
        199.4871794871795,
        148.61538461538464,
        220.51282051282053
      ],
      [
        277.84615384615387,
        171.7948717948718,
        304.5128205128205,
        211.2820512820513
      ],
      [
        192.20512820512823,
        125.12820512820512,
        219.8974358974359,
        146.15384615384616
      ]
    ],
    "開戸": [
      [
        198.52284263959393,
        207.10659898477158,
        228.97969543147207,
        231.9796954314721
      ],
      [
        167.55837563451774,
        205.58375634517768,
        206.13705583756348,
        234.01015228426397
      ],
      [
        245.02564102564105,
        121.53846153846155,
        288.1025641025641,
        142.05128205128204
      ],
      [
        209.63829233372383,
        134.5385916959521,
        240.9230769230769,
        159.4871794871795
      ],
      [
        171.69230769230768,
        124.61538461538461,
        195.28205128205127,
        156.4102564102564
      ],
      [
        145.2233502538071,
        130.96446700507613,
        178.7258883248731,
        159.39086294416245
      ]
    ]
  }
}