{
  "labels": {
    "LDK": [
      [
        [
          503.68965517241384,
          237.0689655172414
        ],
        [
          606.2758620689656,
          237.0689655172414
        ],
        [
          606.2758620689656,
          268.9655172413793
        ],
        [
          712.3103448275863,
          272.4137931034483
        ],
        [
          714.896551724138,
          416.3793103448276
        ],
        [
          676.9655172413794,
          414.65517241379314
        ],
        [
          679.551724137931,
          453.448275862069
        ],
        [
          642.4827586206898,
          455.1724137931035
        ],
        [
          641.6206896551724,
          491.3793103448276
        ],
        [
          503.68965517241384,
          493.1034482758621
        ]
      ]
    ],
    "浴室": [
      [
        [
          645.0689655172414,
          551.7241379310345
        ],
        [
          714.896551724138,
          554.3103448275863
        ],
        [
          714.0344827586207,
          624.1379310344828
        ],
        [
          644.2068965517242,
          624.1379310344828
        ]
      ]
    ],
    "廊下": [
      [
        [
          574.3793103448277,
          495.68965517241384
        ],
        [
          604.551724137931,
          495.68965517241384
        ],
        [
          606.2758620689656,
          593.1034482758621
        ],
        [
          572.6551724137931,
          593.1034482758621
        ]
      ]
    ],
    "引戸": [
      [
        644.7436564736499,
        255.38386467143795,
        710.6100628930817,
        281.6477987421384
      ],
      [
        645.9310344827587,
        538.9340707004989,
        713.754716981132,
        560.8930817610062
      ],
      [
        573.4250704836262,
        582.4333116460638,
        642.0566037735849,
        606.8050314465409
      ],
      [
        572.0262415961831,
        483.52851875948824,
        642.0566037735849,
        505.5471698113207
      ]
    ],
    "開戸": [
      [
        644.2068965517242,
        450.86206896551727,
        682.1379310344828,
        488.7931034482759
      ],
      [
        659.7241379310345,
        417.2413793103449,
        684.7241379310345,
        455.1724137931035
      ],
      [
        608.0,
        262.0689655172414,
        643.344827586207,
        289.65517241379314
      ]
    ]
  }
}