{
  "labels": {
    "洋室": [
      [
        [
          9.20289855072464,
          144.82125603864736
        ],
        [
          232.87439613526573,
          145.78743961352657
        ],
        [
          230.94202898550725,
          370.9082125603865
        ],
        [
          10.652173913043484,
          369.45893719806764
        ]
      ],
      [
        [
          231.90821256038652,
          203.2753623188406
        ],
        [
          523.6956521739131,
          204.24154589371983
        ],
        [
          526.1111111111112,
          371.8743961352657
        ],
        [
          230.94202898550725,
          370.4251207729469
        ]
      ]
    ],
    "廊下": [
      [
        [
          289.39613526570054,
          67.04347826086958
        ],
        [
          347.36714975845416,
          68.0096618357488
        ],
        [
          348.816425120773,
          145.30434782608697
        ],
        [
          408.2367149758455,
          146.7536231884058
        ],
        [
          408.7198067632851,
          120.66666666666669
        ],
        [
          465.7246376811595,
          121.6328502415459
        ],
        [
          469.58937198067633,
          204.24154589371983
        ],
        [
          230.45893719806764,
          203.75845410628023
        ],
        [
          230.94202898550725,
          145.30434782608697
        ],
        [
          288.9130434782609,
          145.78743961352657
        ]
      ]
    ],
    "開戸": [
      [
        411.93129143930065,
        146.93747188484033,
        477.5295029718322,
        206.3890085278663
      ],
      [
        418.2089628944393,
        206.2540857230959,
        480.8510638297872,
        255.9574468085106
      ],
      [
        277.165991902834,
        70.85020242914979,
        318.8147127228874,
        141.48936170212767
      ],
      [
        291.33603238866397,
        55.06072874493927,
        339.9259195451804,
        89.80187785338956
      ]
    ],
    "引戸": [
      [
        451.9148936170213,
        259.36170212765956,
        482.6102374344743,
        369.4486586493988
      ],
      [
        286.8960426755354,
        192.7297628068844,
        405.5060728744939,
        219.8380566801619
      ],
      [
        215.1262888238885,
        148.76616301778188,
        242.75303643724692,
        253.44129554655868
      ],
      [
        54.46808510638298,
        149.5744680851064,
        80.80971659919028,
        251.41700404858298
      ],
      [
        56.63975725979719,
        259.1063829787234,
        79.59514170040485,
        367.61133603238864
      ]
    ]
  }
}