{
  "labels": {
    "浴室": [
      [
        [
          695.2857142857143,
          95.95918367346938
        ],
        [
          827.9387755102041,
          95.95918367346938
        ],
        [
          828.9591836734694,
          223.51020408163265
        ],
        [
          695.2857142857143,
          224.53061224489795
        ]
      ]
    ],
    "LDK": [
      [
        [
          203.44897959183675,
          711.265306122449
        ],
        [
          203.44897959183675,
          643.9183673469388
        ],
        [
          154.46938775510205,
          644.9387755102041
        ],
        [
          150.38775510204084,
          283.7142857142857
        ],
        [
          219.77551020408163,
          283.7142857142857
        ],
        [
          221.81632653061223,
          232.69387755102042
        ],
        [
          557.530612244898,
          229.6326530612245
        ],
        [
          562.6326530612245,
          710.2448979591837
        ]
      ]
    ],
    "廊下": [
      [
        [
          564.6734693877551,
          373.51020408163265
        ],
        [
          690.1836734693878,
          372.48979591836735
        ],
        [
          690.1836734693878,
          509.2244897959184
        ],
        [
          759.5714285714286,
          509.2244897959184
        ],
        [
          758.5510204081633,
          603.1020408163265
        ],
        [
          634.0612244897959,
          601.0612244897959
        ],
        [
          633.0408163265306,
          470.44897959183675
        ],
        [
          564.6734693877551,
          470.44897959183675
        ]
      ]
    ],
    "折戸": [
      [
        734.8945578231292,
        645.6700680272108,
        786.1666666666667,
        703.6666666666667
      ],
      [
        158.44897959183675,
        261.01020408163265,
        215.33333333333337,
        311.1666666666667
      ],
      [
        183.66666666666669,
        648.6666666666667,
        235.33333333333337,
        707.8333333333334
      ]
    ],
    "引戸": [
      [
        743.0748299319728,
        509.4965986394558,
        783.6666666666667,
        634.5
      ],
      [
        676.5612244897959,
        376.0952380952381,
        715.3333333333334,
        496.1666666666667
      ],
      [
        696.3061224489796,
        356.16326530612247,
        825.1538461538462,
        385.1794871794872
      ],
      [
        674.4353741496598,
        241.9795918367347,
        716.1666666666667,
        360.33333333333337
      ],
      [
        701.765306122449,
        211.92857142857144,
        822.8333333333334,
        251.16666666666669
      ],
      [
        539.5544217687075,
        240.2278911564626,
        580.3333333333334,
        362.83333333333337
      ],
      [
        540.7619047619048,
        376.09523809523813,
        582.0,
        497.0
      ]
    ]
  }
}