{
  "labels": {
    "LDK": [
      [
        [
          174.5,
          160.5
        ],
        [
          448.3636363636364,
          162.77272727272728
        ],
        [
          451.77272727272725,
          449.1363636363636
        ],
        [
          525.6363636363636,
          450.27272727272725
        ],
        [
          523.3636363636364,
          726.4090909090909
        ],
        [
          176.77272727272725,
          726.4090909090909
        ]
      ]
    ],
    "洋室": [
      [
        [
          529.0454545454545,
          525.2727272727273
        ],
        [
          738.1363636363636,
          521.8636363636364
        ],
        [
          735.8636363636364,
          728.6818181818181
        ],
        [
          531.3181818181819,
          727.5454545454545
        ]
      ]
    ],
    "浴室": [
      [
        [
          602.9090909090909,
          305.95454545454544
        ],
        [
          734.7272727272727,
          308.22727272727275
        ],
        [
          735.8636363636364,
          436.6363636363636
        ],
        [
          606.3181818181819,
          435.5
        ]
      ]
    ],
    "廊下": [
      [
        [
          748.3636363636364,
          219.5909090909091
        ],
        [
          842.6818181818181,
          220.72727272727272
        ],
        [
          841.5454545454545,
          295.72727272727275
        ],
        [
          824.5,
          294.59090909090907
        ],
        [
          825.6363636363636,
          411.6363636363636
        ],
        [
          843.8181818181819,
          413.90909090909093
        ],
        [
          844.9545454545455,
          512.7727272727273
        ],
        [
          747.2272727272727,
          511.6363636363636
        ]
      ]
    ],
    "開戸": [
      [
        679.0454545454545,
        449.1363636363636,
        762.0,
        519.5909090909091
      ],
      [
        464.27272727272725,
        267.3181818181818,
        526.7727272727273,
        307.09090909090907
      ],
      [
        596.0909090909091,
        195.72727272727272,
        667.6818181818181,
        235.5
      ],
      [
        526.7727272727273,
        437.77272727272725,
        601.7727272727273,
        479.8181818181818
      ]
    ],
    "引戸": [
      [
        836.0190365190365,
        384.8978243978244,
        949.1367521367522,
        420.3162393162393
      ],
      [
        832.4448329448329,
        164.03535353535352,
        867.0854700854701,
        292.965811965812
      ],
      [
        718.5073815073815,
        166.31779331779336,
        754.2649572649573,
        293.8205128205128
      ],
      [
        532.7459207459207,
        501.39937839937835,
        732.8974358974359,
        537.4102564102565
      ],
      [
        510.5625485625485,
        520.4553224553224,
        549.1367521367522,
        726.2991452991454
      ],
      [
        431.85236985236986,
        165.73504273504273,
        469.6495726495727,
        292.11111111111114
      ]
    ],
    "折戸": [
      [
        591.5454545454545,
        288.90909090909093,
        671.0909090909091,
        335.5
      ],
      [
        741.5454545454545,
        205.95454545454547,
        849.5,
        243.45454545454547
      ],
      [
        705.1818181818181,
        519.5909090909091,
        761.1025641025642,
        617.7521367521368
      ]
    ]
  }
}