{
  "labels": {
    "洋室": [
      [
        [
          21.953488372093034,
          141.86046511627907
        ],
        [
          130.09302325581393,
          140.69767441860466
        ],
        [
          130.67441860465118,
          286.04651162790697
        ],
        [
          23.116279069767444,
          286.04651162790697
        ]
      ],
      [
        [
          134.16279069767444,
          26.74418604651163
        ],
        [
          280.093023255814,
          26.74418604651163
        ],
        [
          281.83720930232556,
          136.04651162790697
        ],
        [
          135.90697674418607,
          136.62790697674419
        ]
      ],
      [
        [
          174.8604651162791,
          251.74418604651163
        ],
        [
          281.25581395348837,
          253.48837209302326
        ],
        [
          283.0,
          436.6279069767442
        ],
        [
          175.4418604651163,
          436.04651162790697
        ]
      ]
    ],
    "廊下": [
      [
        [
          172.53488372093022,
          140.11627906976744
        ],
        [
          205.09302325581393,
          140.69767441860466
        ],
        [
          206.83720930232556,
          249.41860465116278
        ],
        [
          174.27906976744185,
          249.41860465116278
        ],
        [
          173.11627906976747,
          229.65116279069767
        ],
        [
          134.74418604651163,
          230.2325581395349
        ],
        [
          134.74418604651163,
          197.09302325581396
        ],
        [
          171.95348837209303,
          197.67441860465118
        ]
      ]
    ],
    "開戸": [
      [
        170.78059071729956,
        124.0506329113924,
        208.0,
        169.7674418604651
      ],
      [
        99.27906976744185,
        196.51162790697674,
        141.13953488372096,
        232.55813953488374
      ],
      [
        130.67441860465118,
        208.13953488372093,
        166.13953488372096,
        241.27906976744185
      ],
      [
        173.11627906976747,
        218.02325581395348,
        207.4186046511628,
        263.37209302325584
      ]
    ],
    "折戸": [
      [
        210.44303797468353,
        238.39662447257382,
        284.74418604651163,
        270.3488372093023
      ],
      [
        117.30232558139534,
        138.37209302325581,
        145.46413502109704,
        194.0928270042194
      ],
      [
        207.4186046511628,
        120.34883720930233,
        281.3291139240506,
        151.89873417721518
      ]
    ]
  }
}