{
  "labels": {
    "廊下": [
      [
        [
          348.64864864864865,
          173.30630630630628
        ],
        [
          349.53475935828874,
          253.475935828877
        ],
        [
          555.8558558558558,
          257.09009009009003
        ],
        [
          562.1621621621621,
          341.77477477477476
        ],
        [
          600.9009009009009,
          341.77477477477476
        ],
        [
          599.099099099099,
          258.8918918918919
        ],
        [
          639.6396396396395,
          255.28828828828824
        ],
        [
          643.2432432432432,
          211.1441441441441
        ],
        [
          472.07207207207205,
          210.24324324324323
        ],
        [
          477.4774774774774,
          169.70270270270265
        ]
      ]
    ],
    "LDK": [
      [
        [
          52.25225225225225,
          255.28828828828824
        ],
        [
          556.7567567567567,
          255.28828828828824
        ],
        [
          556.7567567567567,
          426.45945945945937
        ],
        [
          52.25225225225225,
          426.45945945945937
        ]
      ]
    ],
    "浴室": [
      [
        [
          557.6576576576576,
          403.93693693693695
        ],
        [
          684.6846846846846,
          403.93693693693695
        ],
        [
          684.6846846846846,
          486.8198198198197
        ],
        [
          557.6576576576576,
          486.8198198198197
        ]
      ]
    ],
    "洋室": [
      [
        [
          515.3153153153153,
          43.57657657657657
        ],
        [
          682.8828828828828,
          43.57657657657657
        ],
        [
          682.8828828828828,
          210.24324324324323
        ],
        [
          515.3153153153153,
          210.24324324324323
        ]
      ]
    ],
    "開戸": [
      [
        561.8342245989304,
        297.351206821795,
        596.9022498434263,
        349.7326203208556
      ],
      [
        42.67615968163163,
        46.40902872777018,
        95.61733615221986,
        86.51598059942793
      ]
    ],
    "折戸": [
      [
        42.2315363491834,
        343.13953488372096,
        77.48837209302326,
        423.75675675675666
      ],
      [
        42.604651162790695,
        259.41567148543885,
        78.4936098889587,
        339.06976744186045
      ],
      [
        504.8139534883721,
        50.116279069767444,
        536.036036036036,
        127.36036036036035
      ],
      [
        504.2325581395349,
        128.6046511627907,
        540.5405405405405,
        211.1441441441441
      ]
    ],
    "引戸": [
      [
        557.6576576576576,
        388.7700534759358,
        639.3743315508021,
        414.74774774774767
      ],
      [
        474.6684491978609,
        241.71122994652404,
        554.8823529411765,
        266.8449197860962
      ],
      [
        545.045045045045,
        201.23423423423418,
        644.1441441441441,
        222.85585585585585
      ],
      [
        338.73873873873873,
        168.98395721925132,
        359.6951871657754,
        246.27927927927925
      ],
      [
        333.3333333333333,
        259.89304812834223,
        358.62566844919786,
        381.4144144144144
      ],
      [
        227.07486631016042,
        242.42515777809894,
        343.8358144240498,
        263.6363636363636
      ],
      [
        47.747747747747745,
        244.47747747747746,
        221.6216216216216,
        268.8018018018018
      ],
      [
        587.3627658251461,
        256.7777639597065,
        609.4651162790698,
        312.90697674418607
      ],
      [
        96.59358288770053,
        75.40106951871657,
        177.87700534759358,
        98.39572192513369
      ],
      [
        265.04278074866306,
        113.90374331550802,
        344.7219251336898,
        140.10695187165774
      ],
      [
        206.75401069518716,
        132.08556149732618,
        234.0267379679144,
        252.40641711229944
      ]
    ]
  }
}