{
  "labels": {
    "LDK": [
      [
        [
          767.8571428571428,
          389.4285714285714
        ],
        [
          636.4285714285714,
          389.4285714285714
        ],
        [
          636.4285714285714,
          372.2857142857143
        ],
        [
          493.57142857142856,
          370.38095238095235
        ],
        [
          493.57142857142856,
          171.33333333333331
        ],
        [
          185.9523809523809,
          168.47619047619048
        ],
        [
          184.04761904761904,
          748.4761904761905
        ],
        [
          492.6190476190476,
          751.3333333333333
        ],
        [
          493.57142857142856,
          463.7142857142857
        ],
        [
          769.7619047619048,
          460.85714285714283
        ]
      ]
    ],
    "浴室": [
      [
        [
          706.9047619047618,
          171.33333333333331
        ],
        [
          852.6190476190475,
          173.23809523809524
        ],
        [
          852.6190476190475,
          318.95238095238096
        ],
        [
          706.9047619047618,
          318.0
        ]
      ]
    ],
    "廊下": [
      [
        [
          851.6666666666665,
          392.2857142857143
        ],
        [
          769.7619047619048,
          391.3333333333333
        ],
        [
          765.952380952381,
          602.7619047619047
        ],
        [
          705.0,
          603.7142857142857
        ],
        [
          705.952380952381,
          642.7619047619047
        ],
        [
          851.6666666666665,
          644.6666666666666
        ]
      ]
    ],
    "開戸": [
      [
        427.916353704336,
        250.35233868214408,
        482.7586206896552,
        315.86206896551727
      ],
      [
        637.673950153636,
        320.7722772277228,
        701.3793103448276,
        405.51724137931035
      ],
      [
        706.1683168316831,
        433.64356435643566,
        754.4578029231494,
        470.95615275813293
      ]
    ],
    "折戸": [
      [
        688.3465346534654,
        248.4950495049505,
        735.2121640735502,
        315.8689297501179
      ],
      [
        667.9472109772553,
        517.7167894129316,
        719.3103448275863,
        602.7586206896552
      ],
      [
        567.5862068965517,
        308.2758620689655,
        633.7931034482759,
        364.1379310344828
      ]
    ],
    "引戸": [
      [
        712.3234811165846,
        371.3333333333333,
        848.5139573070608,
        402.76190476190476
      ],
      [
        749.4130127298444,
        395.4068835454974,
        782.7586206896552,
        541.3793103448276
      ],
      [
        494.90099009900996,
        451.86138613861385,
        701.2178217821782,
        484.13861386138615
      ],
      [
        480.814953909184,
        469.13007852509384,
        506.2068965517241,
        593.1034482758621
      ]
    ]
  }
}