{
  "labels": {
    "廊下": [
      [
        [
          344.57894736842104,
          78.28947368421052
        ],
        [
          342.0,
          505.6578947368421
        ],
        [
          488.0,
          503.6578947368421
        ],
        [
          485.0,
          217.65789473684208
        ],
        [
          413.0,
          218.65789473684208
        ],
        [
          415.0,
          76.65789473684208
        ]
      ]
    ],
    "洋室": [
      [
        [
          63.0,
          220.0
        ],
        [
          346.0,
          220.0
        ],
        [
          346.0,
          500.0
        ],
        [
          63.0,
          500.0
        ]
      ],
      [
        [
          486.0,
          76.0
        ],
        [
          704.0,
          76.0
        ],
        [
          704.0,
          287.0
        ],
        [
          486.0,
          287.0
        ]
      ],
      [
        [
          488.0,
          366.0
        ],
        [
          705.0,
          366.0
        ],
        [
          705.0,
          573.0
        ],
        [
          488.0,
          573.0
        ]
      ]
    ],
    "開戸": [
      [
        283.39473684210526,
        221.71052631578948,
        365.10526315789474,
        283.73684210526324
      ],
      [
        469.18421052631584,
        219.73684210526315,
        554.4473684210526,
        277.4473684210526
      ]
    ],
    "折戸": [
      [
        601.1052631578947,
        257.2368421052632,
        697.2105263157895,
        308.2105263157894
      ],
      [
        495.9473684210526,
        342.10526315789474,
        588.0,
        390.3157894736842
      ]
    ],
    "引戸": [
      [
        477.47368421052636,
        367.4210526315789,
        504.2894736842105,
        496.7105263157895
      ],
      [
        65.44736842105263,
        202.6315789473684,
        195.89473684210526,
        233.02631578947367
      ],
      [
        405.86842105263156,
        80.28947368421052,
        431.86842105263156,
        215.28947368421052
      ]
    ]
  }
}