{
  "labels": {
    "廊下": [
      [
        [
          215.44736842105263,
          37.36842105263159
        ],
        [
          214.78947368421052,
          65.65789473684211
        ],
        [
          181.89473684210526,
          66.31578947368422
        ],
        [
          178.60526315789474,
          102.5
        ],
        [
          317.42105263157896,
          102.5
        ],
        [
          317.16417910447757,
          70.62686567164178
        ],
        [
          250.9736842105263,
          72.23684210526315
        ],
        [
          249.25373134328356,
          37.7910447761194
        ]
      ]
    ],
    "洋室": [
      [
        [
          245.71052631578948,
          103.81578947368422
        ],
        [
          249.0,
          128.1578947368421
        ],
        [
          181.89473684210526,
          129.4736842105263
        ],
        [
          183.21052631578948,
          240.0
        ],
        [
          384.5263157894737,
          239.34210526315792
        ],
        [
          381.2368421052632,
          127.5
        ],
        [
          313.4736842105263,
          124.21052631578948
        ],
        [
          312.8157894736842,
          107.10526315789474
        ]
      ],
      [
        [
          45.71052631578947,
          99.86842105263159
        ],
        [
          183.21052631578948,
          99.86842105263159
        ],
        [
          183.21052631578948,
          238.0263157894737
        ],
        [
          45.71052631578947,
          238.0263157894737
        ]
      ]
    ],
    "開戸": [
      [
        247.02631578947367,
        99.86842105263159,
        280.57894736842104,
        134.07894736842104
      ],
      [
        282.45141700404855,
        93.4412955465587,
        312.6153846153846,
        131.9230769230769
      ],
      [
        290.7914979757085,
        73.11740890688259,
        329.53846153846155,
        96.92307692307692
      ],
      [
        170.3076923076923,
        73.40080971659917,
        209.8603238866397,
        99.61538461538461
      ]
    ],
    "折戸": [
      [
        182.86533929542568,
        121.84890325699439,
        251.92307692307688,
        141.86107921928817
      ],
      [
        183.27125506072872,
        54.230769230769226,
        213.76923076923077,
        77.82388663967612
      ],
      [
        316.07692307692304,
        118.84615384615385,
        380.3076923076923,
        143.07692307692307
      ]
    ]
  }
}