{
  "labels": {
    "廊下": [
      [
        [
          340.3529411764706,
          376.7647058823529
        ],
        [
          335.64705882352945,
          639.1176470588235
        ],
        [
          506.2352941176471,
          639.1176470588235
        ],
        [
          512.1176470588235,
          461.47058823529414
        ],
        [
          590.9411764705883,
          466.17647058823536
        ],
        [
          590.9411764705883,
          185.0
        ],
        [
          502.7058823529412,
          187.3529411764706
        ],
        [
          506.2352941176471,
          295.5882352941177
        ],
        [
          470.94117647058823,
          293.2352941176471
        ],
        [
          468.5882352941177,
          374.4117647058824
        ]
      ]
    ],
    "洋室": [
      [
        [
          42.70588235294118,
          209.70588235294116
        ],
        [
          336.8235294117647,
          209.70588235294116
        ],
        [
          336.8235294117647,
          677.9411764705883
        ],
        [
          42.70588235294118,
          677.9411764705883
        ]
      ],
      [
        [
          590.9411764705883,
          37.94117647058823
        ],
        [
          849.7647058823529,
          37.94117647058823
        ],
        [
          849.7647058823529,
          382.64705882352945
        ],
        [
          590.9411764705883,
          382.64705882352945
        ]
      ],
      [
        [
          509.7647058823529,
          465.0
        ],
        [
          846.2352941176471,
          465.0
        ],
        [
          846.2352941176471,
          712.0588235294118
        ],
        [
          509.7647058823529,
          712.0588235294118
        ]
      ]
    ],
    "開戸": [
      [
        515.3451327433628,
        161.6892243623113,
        584.7699115044247,
        258.29203539823004
      ]
    ],
    "折戸": [
      [
        602.4039562727746,
        436.6814159292036,
        713.9734513274335,
        492.80530973451323
      ],
      [
        726.2457053617908,
        350.32743362831854,
        836.9823008849556,
        403.8547631441957
      ]
    ],
    "引戸": [
      [
        565.0484122852682,
        220.2389380530973,
        619.2831858407079,
        370.2785007808433
      ],
      [
        257.1566892243623,
        180.4159292035398,
        413.08849557522115,
        230.9135866736075
      ],
      [
        478.57522123893796,
        470.9552316501822,
        533.8875585632483,
        620.2389380530973
      ],
      [
        313.0884955752212,
        382.34513274336285,
        365.98542425819886,
        536.1681415929203
      ]
    ]
  }
}