{
  "labels": {
    "LDK": [
      [
        [
          39.301369863013704,
          9.95890410958904
        ],
        [
          35.87671232876713,
          219.54794520547946
        ],
        [
          405.05479452054794,
          222.2876712328767
        ],
        [
          406.4246575342466,
          12.698630136986301
        ],
        [
          272.17808219178085,
          13.383561643835616
        ],
        [
          274.2328767123288,
          85.3013698630137
        ],
        [
          194.0958904109589,
          88.04109589041096
        ],
        [
          196.83561643835617,
          18.863013698630137
        ]
      ],
      [
        [
          191.35616438356166,
          363.3835616438356
        ],
        [
          185.87671232876713,
          588.7260273972603
        ],
        [
          407.79452054794524,
          590.7808219178082
        ],
        [
          407.79452054794524,
          323.6575342465753
        ],
        [
          258.47945205479454,
          322.972602739726
        ],
        [
          259.8493150684932,
          361.32876712328766
        ]
      ]
    ],
    "廊下": [
      [
        [
          187.24657534246575,
          217.49315068493152
        ],
        [
          260.5342465753425,
          217.49315068493152
        ],
        [
          260.5342465753425,
          361.32876712328766
        ],
        [
          187.24657534246575,
          361.32876712328766
        ]
      ]
    ],
    "開戸": [
      [
        196.0,
        318.17808219178085,
        253.0,
        374.3421052631579
      ]
    ],
    "引戸": [
      [
        137.9230769230769,
        200.36986301369865,
        255.73972602739724,
        232.69230769230768
      ],
      [
        245.46575342465752,
        244.87179487179486,
        273.1794871794872,
        321.6027397260274
      ],
      [
        329.7123287671233,
        205.76923076923077,
        402.66666666666663,
        232.56164383561645
      ],
      [
        332.45205479452056,
        309.2739726027397,
        411.2191780821918,
        340.09589041095893
      ]
    ]
  }
}