{
  "labels": {
    "洋室": [
      [
        [
          624.8181818181819,
          776.1363636363636
        ],
        [
          816.8636363636363,
          779.5454545454545
        ],
        [
          819.1363636363637,
          1192.0454545454545
        ],
        [
          562.3181818181819,
          1194.3181818181818
        ],
        [
          560.0454545454545,
          1065.909090909091
        ],
        [
          623.6818181818181,
          1064.7727272727273
        ]
      ],
      [
        [
          305.5,
          998.8636363636364
        ],
        [
          563.4545454545455,
          998.8636363636364
        ],
        [
          561.1818181818181,
          1196.590909090909
        ],
        [
          306.6363636363636,
          1195.4545454545455
        ]
      ],
      [
        [
          561.1818181818181,
          682.9545454545455
        ],
        [
          305.5,
          681.8181818181819
        ],
        [
          305.5,
          998.8636363636364
        ],
        [
          561.1818181818181,
          1003.4090909090909
        ]
      ]
    ],
    "廊下": [
      [
        [
          718.0,
          718.1818181818181
        ],
        [
          721.409090909091,
          779.5454545454545
        ],
        [
          625.9545454545455,
          780.6818181818181
        ],
        [
          623.6818181818181,
          1067.0454545454545
        ],
        [
          564.5909090909091,
          1067.0454545454545
        ],
        [
          564.5909090909091,
          653.4090909090909
        ],
        [
          690.7272727272727,
          653.4090909090909
        ],
        [
          688.4545454545455,
          714.7727272727273
        ]
      ]
    ],
    "開戸": [
      [
        603.7307692307692,
        1004.8076923076923,
        687.0559440559441,
        1062.7622377622376
      ],
      [
        495.0769230769231,
        1005.7692307692307,
        588.2797202797203,
        1068.1818181818182
      ],
      [
        602.5279720279719,
        820.541958041958,
        685.4615384615385,
        886.5384615384615
      ]
    ],
    "引戸": [
      [
        536.4230769230769,
        814.4230769230769,
        585.0454545454545,
        939.7727272727273
      ]
    ]
  }
}