{
  "labels": {
    "洋室": [
      [
        [
          24.211267605633793,
          67.60563380281691
        ],
        [
          136.1830985915493,
          68.30985915492958
        ],
        [
          134.07042253521126,
          235.9154929577465
        ],
        [
          23.50704225352115,
          235.9154929577465
        ]
      ],
      [
        [
          136.887323943662,
          66.19718309859155
        ],
        [
          243.92957746478874,
          66.90140845070422
        ],
        [
          245.33802816901414,
          204.22535211267606
        ],
        [
          181.95774647887328,
          202.81690140845072
        ],
        [
          182.66197183098592,
          237.32394366197184
        ],
        [
          135.47887323943667,
          238.0281690140845
        ]
      ],
      [
        [
          22.098591549295804,
          277.46478873239437
        ],
        [
          203.08450704225356,
          278.8732394366197
        ],
        [
          203.08450704225356,
          372.53521126760563
        ],
        [
          161.53521126760563,
          371.1267605633803
        ],
        [
          160.830985915493,
          455.63380281690144
        ],
        [
          22.80281690140845,
          456.3380281690141
        ]
      ]
    ],
    "廊下": [
      [
        [
          95.33802816901408,
          235.9154929577465
        ],
        [
          95.33802816901408,
          278.8732394366197
        ],
        [
          194.63380281690144,
          276.7605633802817
        ],
        [
          193.92957746478874,
          236.61971830985917
        ]
      ]
    ],
    "折戸": [
      [
        27.50819200919804,
        222.1270480022995,
        79.36734693877548,
        252.6530612244898
      ],
      [
        189.0,
        192.25352112676057,
        239.70422535211276,
        214.08450704225353
      ]
    ],
    "開戸": [
      [
        97.734693877551,
        205.30612244897958,
        131.86450911725638,
        251.74483758000244
      ],
      [
        138.29577464788736,
        202.81690140845072,
        170.79591836734693,
        252.24489795918365
      ],
      [
        133.47784084047817,
        264.9244052650646,
        166.71428571428567,
        312.2448979591837
      ]
    ]
  }
}