{
  "labels": {
    "洋室": [
      [
        [
          103.15315315315314,
          115.46846846846846
        ],
        [
          220.7207207207207,
          115.01801801801801
        ],
        [
          220.27027027027026,
          232.58558558558556
        ],
        [
          104.05405405405405,
          232.58558558558556
        ]
      ],
      [
        [
          220.7207207207207,
          180.78378378378378
        ],
        [
          352.70270270270265,
          182.58558558558556
        ],
        [
          352.70270270270265,
          214.1171171171171
        ],
        [
          318.9189189189189,
          213.66666666666666
        ],
        [
          319.81981981981977,
          282.1351351351351
        ],
        [
          220.27027027027026,
          281.68468468468467
        ]
      ],
      [
        [
          354.054054054054,
          182.13513513513513
        ],
        [
          485.58558558558553,
          179.88288288288285
        ],
        [
          486.03603603603597,
          282.1351351351351
        ],
        [
          387.8378378378378,
          281.68468468468467
        ],
        [
          386.036036036036,
          215.46846846846844
        ],
        [
          354.9549549549549,
          215.018018018018
        ]
      ]
    ],
    "廊下": [
      [
        [
          221.6216216216216,
          149.70270270270268
        ],
        [
          417.56756756756755,
          148.35135135135133
        ],
        [
          418.018018018018,
          177.6306306306306
        ],
        [
          222.5225225225225,
          178.08108108108107
        ]
      ]
    ],
    "引戸": [
      [
        208.73362445414847,
        125.00873362445415,
        231.25614697667098,
        176.7710374129588
      ],
      [
        407.0183720838742,
        122.13670876116291,
        429.69432314410477,
        177.84716157205239
      ],
      [
        230.85487233958847,
        135.4535190212046,
        283.4061135371179,
        159.94323144104803
      ]
    ],
    "開戸": [
      [
        355.85585585585585,
        174.027027027027,
        387.8378378378378,
        211.86486486486484
      ],
      [
        321.6216216216216,
        172.22522522522522,
        353.6036036036036,
        211.4144144144144
      ]
    ],
    "折戸": [
      [
        305.8007789448837,
        216.16283095322396,
        331.87772925764193,
        280.0305676855895
      ],
      [
        374.6134781069278,
        215.80876509697472,
        401.7467248908297,
        280.0305676855895
      ]
    ]
  }
}