{
  "labels": {
    "LDK": [
      [
        [
          23.12269938650303,
          27.22085889570552
        ],
        [
          283.8588957055215,
          26.607361963190183
        ],
        [
          283.8588957055215,
          136.42331288343559
        ],
        [
          206.55828220858893,
          136.42331288343559
        ],
        [
          207.78527607361963,
          287.9570552147239
        ],
        [
          23.736196319018404,
          287.9570552147239
        ]
      ]
    ],
    "浴室": [
      [
        [
          211.46625766871165,
          274.4601226993865
        ],
        [
          283.24539877300606,
          273.84662576687117
        ],
        [
          283.8588957055215,
          343.17177914110425
        ],
        [
          211.46625766871165,
          341.33128834355824
        ]
      ]
    ],
    "廊下": [
      [
        [
          174.65644171779138,
          292.2515337423313
        ],
        [
          209.01226993865026,
          293.47852760736197
        ],
        [
          208.39877300613495,
          346.23926380368096
        ],
        [
          248.88957055214718,
          349.30674846625766
        ],
        [
          248.88957055214718,
          381.82208588957053
        ],
        [
          174.65644171779138,
          379.9815950920245
        ]
      ]
    ],
    "引戸": [
      [
        196.1111111111111,
        143.55555555555554,
        222.33333333333331,
        211.55555555555554
      ]
    ],
    "開戸": [
      [
        197.44444444444446,
        215.55555555555554,
        247.04907975460117,
        248.07975460122697
      ],
      [
        171.22222222222223,
        255.11111111111111,
        211.5289706884799,
        300.2706203135651
      ],
      [
        223.8888888888889,
        346.88888888888886,
        259.6666666666667,
        376.44444444444446
      ]
    ],
    "折戸": [
      [
        213.13769597818668,
        259.20449897750507,
        251.22222222222223,
        288.44444444444446
      ],
      [
        234.77914110429447,
        400.22699386503064,
        258.7055214723926,
        440.10429447852755
      ]
    ]
  }
}