{
  "labels": {
    "洋室": [
      [
        [
          18.081632653061234,
          17.346938775510203
        ],
        [
          149.71428571428572,
          17.857142857142858
        ],
        [
          149.20408163265307,
          129.08163265306123
        ],
        [
          18.591836734693885,
          129.08163265306123
        ]
      ],
      [
        [
          156.0340975896532,
          177.0408163265306
        ],
        [
          288.1769547325103,
          177.0408163265306
        ],
        [
          288.68715881414295,
          311.73469387755097
        ],
        [
          154.50348534475518,
          311.2244897959183
        ]
      ],
      [
        [
          16.551020408163268,
          177.55102040816328
        ],
        [
          148.18367346938777,
          176.53061224489795
        ],
        [
          149.71428571428572,
          310.7142857142857
        ],
        [
          18.081632653061234,
          310.2040816326531
        ]
      ]
    ],
    "廊下": [
      [
        [
          98.18367346938777,
          135.71428571428572
        ],
        [
          155.83673469387753,
          136.22448979591837
        ],
        [
          156.34693877551018,
          98.9795918367347
        ],
        [
          287.9795918367347,
          99.48979591836735
        ],
        [
          287.46938775510205,
          130.6122448979592
        ],
        [
          208.8979591836735,
          132.14285714285714
        ],
        [
          208.38775510204084,
          171.9387755102041
        ],
        [
          97.67346938775512,
          170.91836734693877
        ]
      ]
    ],
    "開戸": [
      [
        171.32921810699588,
        82.71604938271605,
        212.9795918367347,
        131.12244897959184
      ],
      [
        170.917695473251,
        139.50617283950618,
        213.5716805240615,
        185.8801545309482
      ],
      [
        91.0408163265306,
        138.26530612244898,
        138.48979591836735,
        184.18367346938777
      ]
    ],
    "引戸": [
      [
        80.81481481481481,
        120.16460905349794,
        155.32653061224488,
        142.85714285714286
      ]
    ],
    "折戸": [
      [
        16.040816326530617,
        165.81632653061226,
        91.0408163265306,
        194.89795918367346
      ],
      [
        212.9795918367347,
        165.3061224489796,
        293.0816326530612,
        195.40816326530611
      ]
    ]
  }
}