{
  "labels": {
    "LDK": [
      [
        [
          8.48076923076923,
          257.21153846153845
        ],
        [
          4.634615384615383,
          419.71153846153845
        ],
        [
          232.51923076923077,
          420.6730769230769
        ],
        [
          232.51923076923077,
          327.40384615384613
        ],
        [
          140.98148148148147,
          326.85185185185185
        ],
        [
          140.69230769230768,
          220.19230769230768
        ],
        [
          98.86538461538461,
          218.26923076923077
        ],
        [
          99.82692307692307,
          260.0961538461538
        ]
      ]
    ],
    "廊下": [
      [
        [
          100.3076923076923,
          99.03846153846153
        ],
        [
          100.78846153846153,
          216.82692307692307
        ],
        [
          138.76923076923077,
          220.6730769230769
        ],
        [
          138.76923076923077,
          164.4230769230769
        ],
        [
          234.44230769230768,
          166.82692307692307
        ],
        [
          233.48076923076923,
          124.03846153846153
        ],
        [
          219.53846153846152,
          123.07692307692307
        ],
        [
          218.57692307692307,
          96.15384615384615
        ]
      ]
    ],
    "浴室": [
      [
        [
          6.076923076923077,
          99.03846153846153
        ],
        [
          59.44230769230769,
          99.03846153846153
        ],
        [
          59.44230769230769,
          162.5
        ],
        [
          6.076923076923077,
          162.5
        ]
      ]
    ],
    "洋室": [
      [
        [
          221.46153846153845,
          2.8846153846153846
        ],
        [
          326.75,
          2.8846153846153846
        ],
        [
          326.75,
          123.07692307692307
        ],
        [
          221.46153846153845,
          123.07692307692307
        ]
      ]
    ],
    "折戸": [
      [
        91.44444444444443,
        221.59900284900283,
        108.67663817663819,
        257.4074074074074
      ]
    ],
    "引戸": [
      [
        14.129629629629619,
        251.13960113960115,
        52.87179487179485,
        267.59259259259255
      ],
      [
        96.46153846153845,
        166.82692307692307,
        108.96153846153845,
        218.75
      ],
      [
        94.52065527065527,
        115.27777777777777,
        109.49999999999997,
        162.9273504273504
      ],
      [
        167.93589743589746,
        89.35185185185185,
        211.35185185185185,
        105.11039886039886
      ],
      [
        213.00356125356123,
        79.62962962962962,
        229.87037037037032,
        123.61111111111111
      ],
      [
        102.83618233618232,
        211.1111111111111,
        152.55555555555554,
        227.06552706552705
      ],
      [
        130.1153846153846,
        245.6730769230769,
        148.8653846153846,
        329.8076923076923
      ],
      [
        141.4444444444444,
        316.84472934472933,
        209.35327635327636,
        337.5
      ],
      [
        52.09259259259258,
        114.2806267806268,
        68.38105413105414,
        163.42592592592592
      ],
      [
        37.74074074074073,
        211.57407407407405,
        80.33333333333331,
        226.38888888888889
      ],
      [
        51.62962962962962,
        157.4074074074074,
        97.46296296296296,
        172.68518518518516
      ],
      [
        212.74074074074076,
        23.611111111111107,
        227.0925925925926,
        62.49999999999999
      ]
    ],
    "開戸": [
      [
        188.1386386386386,
        237.6376376376376,
        218.29629629629625,
        264.35185185185185
      ],
      [
        198.92442442442444,
        291.0785785785786,
        224.77777777777777,
        324.0740740740741
      ],
      [
        221.97247247247248,
        12.024524524524523,
        246.07407407407408,
        35.18518518518518
      ],
      [
        89.74024024024021,
        261.7367367367367,
        113.66666666666666,
        286.5740740740741
      ],
      [
        90.14064064064061,
        287.2997997997998,
        112.74074074074073,
        312.96296296296293
      ],
      [
        91.57957957957956,
        313.038038038038,
        112.74074074074073,
        337.037037037037
      ]
    ]
  }
}