{
  "labels": {
    "廊下": [
      [
        [
          115.06878306878306,
          104.23280423280423
        ],
        [
          187.026455026455,
          105.82010582010581
        ],
        [
          187.026455026455,
          177.24867724867724
        ],
        [
          116.12698412698413,
          177.24867724867724
        ]
      ]
    ],
    "浴室": [
      [
        [
          191.25925925925924,
          26.455026455026452
        ],
        [
          266.9206349206349,
          26.98412698412698
        ],
        [
          267.44973544973544,
          100.52910052910052
        ],
        [
          191.7883597883598,
          102.11640211640211
        ]
      ]
    ],
    "LDK": [
      [
        [
          192.3174603174603,
          143.38624338624336
        ],
        [
          308.19047619047615,
          142.85714285714286
        ],
        [
          307.1322751322751,
          105.29100529100529
        ],
        [
          497.6084656084656,
          106.87830687830687
        ],
        [
          498.13756613756607,
          295.76719576719574
        ],
        [
          191.7883597883598,
          296.8253968253968
        ]
      ]
    ],
    "開戸": [
      [
        153.16402116402114,
        76.19047619047619,
        186.16450216450215,
        113.85281385281385
      ],
      [
        310.4030784030784,
        72.43867243867243,
        346.3819143819143,
        114.76671476671476
      ]
    ],
    "折戸": [
      [
        257.16017316017314,
        67.0995670995671,
        280.1038961038961,
        98.26839826839827
      ],
      [
        373.79894179894177,
        27.513227513227513,
        395.49206349206344,
        103.17460317460316
      ],
      [
        297.60846560846556,
        105.29100529100529,
        316.1269841269841,
        139.68253968253967
      ]
    ],
    "引戸": [
      [
        128.15584415584416,
        169.6969696969697,
        186.5454545454545,
        194.37229437229433
      ],
      [
        179.0899470899471,
        179.99037999037995,
        203.48051948051946,
        289.1774891774892
      ],
      [
        180.96969696969697,
        124.67532467532467,
        200.25396825396825,
        178.83597883597884
      ],
      [
        67.97883597883597,
        184.65608465608463,
        87.02645502645501,
        257.1428571428571
      ]
    ]
  }
}