{
  "labels": {
    "洋室": [
      [
        [
          319.60714285714283,
          249.10714285714283
        ],
        [
          198.1785714285714,
          248.2142857142857
        ],
        [
          198.1785714285714,
          283.9285714285714
        ],
        [
          219.60714285714283,
          283.48214285714283
        ],
        [
          219.16071428571428,
          319.19642857142856
        ],
        [
          318.71428571428567,
          319.19642857142856
        ]
      ],
      [
        [
          103.63612209589715,
          248.25908304498265
        ],
        [
          198.72540781018287,
          250.04479733069692
        ],
        [
          199.17183638161143,
          284.41979733069695
        ],
        [
          218.8146935244686,
          284.8662259021255
        ],
        [
          219.26112209589715,
          319.68765447355406
        ],
        [
          103.18969352446857,
          320.58051161641123
        ]
      ],
      [
        [
          198.62499999999994,
          154.4642857142857
        ],
        [
          199.07142857142856,
          224.55357142857142
        ],
        [
          294.60714285714283,
          224.55357142857142
        ],
        [
          294.60714285714283,
          154.01785714285714
        ]
      ]
    ],
    "廊下": [
      [
        [
          134.78571428571428,
          152.67857142857142
        ],
        [
          175.85714285714283,
          152.23214285714283
        ],
        [
          175.85714285714283,
          224.10714285714283
        ],
        [
          223.1785714285714,
          225.44642857142856
        ],
        [
          223.1785714285714,
          247.7678571428571
        ],
        [
          152.6428571428571,
          248.66071428571425
        ],
        [
          151.3035714285714,
          175.44642857142856
        ],
        [
          134.33928571428567,
          175.89285714285714
        ]
      ]
    ],
    "折戸": [
      [
        186.60899653979237,
        282.69896193771626,
        204.39458724666335,
        319.5192782995551
      ],
      [
        224.20582056351947,
        241.26143104300544,
        295.25951557093424,
        263.66782006920414
      ],
      [
        213.9935739001483,
        154.6326618882847,
        234.0138408304498,
        199.30795847750863
      ]
    ],
    "開戸": [
      [
        151.99561295106275,
        227.4669426594167,
        176.22837370242215,
        255.7093425605536
      ],
      [
        200.41071428571428,
        238.3928571428571,
        223.1785714285714,
        270.98214285714283
      ],
      [
        197.67653237765694,
        201.22806475531385,
        223.63321799307957,
        225.60553633217992
      ]
    ],
    "引戸": [
      [
        167.82142857142856,
        154.01785714285714,
        187.0178571428571,
        200.8928571428571
      ]
    ]
  }
}