{
  "labels": {
    "洋室": [
      [
        [
          13.818181818181813,
          13.636363636363637
        ],
        [
          300.18181818181813,
          15.909090909090908
        ],
        [
          298.47727272727275,
          206.8181818181818
        ],
        [
          201.3181818181818,
          204.54545454545453
        ],
        [
          202.45454545454544,
          167.04545454545453
        ],
        [
          107.0,
          165.3409090909091
        ],
        [
          109.27272727272725,
          205.11363636363637
        ],
        [
          12.681818181818187,
          204.54545454545453
        ]
      ],
      [
        [
          97.90909090909093,
          301.70454545454544
        ],
        [
          299.0454545454545,
          300.5681818181818
        ],
        [
          297.3409090909091,
          446.59090909090907
        ],
        [
          10.409090909090935,
          444.3181818181818
        ],
        [
          12.113636363636374,
          378.97727272727275
        ],
        [
          96.20454545454544,
          380.1136363636364
        ]
      ]
    ],
    "廊下": [
      [
        [
          109.27272727272725,
          166.47727272727272
        ],
        [
          109.27272727272725,
          205.6818181818182
        ],
        [
          95.63636363636363,
          205.6818181818182
        ],
        [
          96.77272727272725,
          301.1363636363636
        ],
        [
          190.52272727272725,
          301.70454545454544
        ],
        [
          191.09090909090907,
          253.97727272727272
        ],
        [
          210.97727272727275,
          255.11363636363637
        ],
        [
          212.6818181818182,
          207.95454545454547
        ],
        [
          203.59090909090907,
          207.95454545454547
        ],
        [
          203.02272727272725,
          167.04545454545453
        ]
      ]
    ],
    "引戸": [
      [
        101.58754208754206,
        288.733164983165,
        187.37037037037038,
        316.29629629629625
      ]
    ],
    "開戸": [
      [
        84.36952861952864,
        211.11111111111111,
        143.66666666666666,
        250.37037037037035
      ],
      [
        160.2323232323232,
        153.80050505050505,
        201.4444444444444,
        212.2222222222222
      ],
      [
        111.31818181818181,
        155.3577441077441,
        152.18518518518516,
        211.1111111111111
      ]
    ],
    "折戸": [
      [
        18.755050505050548,
        142.38636363636363,
        101.81481481481481,
        174.07407407407408
      ],
      [
        207.82239057239053,
        144.14141414141415,
        295.1481481481481,
        175.18518518518516
      ]
    ]
  }
}