{
  "labels": {
    "廊下": [
      [
        [
          34.40860215053763,
          252.11827956989248
        ],
        [
          37.634408602150536,
          344.59139784946234
        ],
        [
          441.94202898550725,
          345.1014492753623
        ],
        [
          441.93548387096774,
          271.47311827956986
        ],
        [
          371.65217391304344,
          271.9130434782609
        ],
        [
          369.4782608695652,
          148.7246376811594
        ],
        [
          308.6086956521739,
          148.0
        ],
        [
          304.3010752688172,
          276.84946236559136
        ],
        [
          169.89247311827955,
          275.7741935483871
        ],
        [
          169.89247311827955,
          256.41935483870964
        ]
      ]
    ],
    "LDK": [
      [
        [
          444.0860215053763,
          84.3763440860215
        ],
        [
          735.483870967742,
          84.3763440860215
        ],
        [
          735.483870967742,
          626.3118279569892
        ],
        [
          444.0860215053763,
          626.3118279569892
        ]
      ]
    ],
    "浴室": [
      [
        [
          32.25806451612903,
          84.3763440860215
        ],
        [
          167.74193548387095,
          84.3763440860215
        ],
        [
          167.74193548387095,
          255.34408602150535
        ],
        [
          32.25806451612903,
          255.34408602150535
        ]
      ]
    ],
    "開戸": [
      [
        417.34351145038164,
        294.05376344086017,
        507.5268817204301,
        350.14503816793894
      ],
      [
        317.2043010752688,
        130.6457358614463,
        362.381679389313,
        200.5267175572519
      ]
    ],
    "折戸": [
      [
        148.0423540999754,
        154.72026594434868,
        189.97783797094314,
        206.33316917015514
      ]
    ],
    "引戸": [
      [
        417.2043010752688,
        478.64936886395503,
        454.83870967741933,
        606.6063581112669
      ],
      [
        236.4274809160305,
        331.85185185185185,
        363.14814814814815,
        374.57251908396944
      ],
      [
        287.6213183730715,
        148.38849929873768,
        325.74045801526717,
        267.7022900763359
      ],
      [
        212.76335877862596,
        357.77862595419845,
        263.14503816793894,
        614.267175572519
      ]
    ]
  }
}