{
  "labels": {
    "廊下": [
      [
        [
          300.0,
          133.59375
        ],
        [
          835.9375,
          139.0625
        ],
        [
          833.59375,
          285.15625
        ],
        [
          725.78125,
          281.25
        ],
        [
          729.6875,
          208.59375
        ],
        [
          511.71875,
          207.8125
        ],
        [
          510.15625,
          282.8125
        ],
        [
          295.3125,
          281.25
        ]
      ]
    ],
    "洋室": [
      [
        [
          439.84375,
          280.46875
        ],
        [
          511.71875,
          281.25
        ],
        [
          512.5,
          210.15625
        ],
        [
          617.96875,
          209.375
        ],
        [
          618.75,
          571.09375
        ],
        [
          435.9375,
          569.53125
        ]
      ],
      [
        [
          620.3125,
          281.25
        ],
        [
          796.875,
          283.59375
        ],
        [
          796.09375,
          427.34375
        ],
        [
          865.625,
          428.125
        ],
        [
          865.625,
          571.09375
        ],
        [
          616.40625,
          571.875
        ]
      ],
      [
        [
          834.375,
          211.71875
        ],
        [
          906.25,
          214.0625
        ],
        [
          904.6875,
          282.8125
        ],
        [
          1085.15625,
          286.71875
        ],
        [
          1078.90625,
          575.78125
        ],
        [
          866.40625,
          572.65625
        ],
        [
          866.40625,
          429.6875
        ],
        [
          796.09375,
          425.78125
        ],
        [
          795.3125,
          282.03125
        ],
        [
          831.25,
          284.375
        ]
      ]
    ],
    "開戸": [
      [
        445.92524509803917,
        256.43382352941177,
        503.84313725490193,
        339.84313725490193
      ],
      [
        733.6243872549019,
        259.35968137254906,
        792.0784313725491,
        342.78431372549016
      ],
      [
        810.125612745098,
        217.60110294117646,
        890.1176470588235,
        275.1372549019608
      ],
      [
        772.4705882352941,
        139.84313725490196,
        857.6133578431372,
        204.05943627450978
      ]
    ],
    "折戸": [
      [
        518.5814950980392,
        256.43382352941177,
        609.7254901960785,
        313.37254901960785
      ],
      [
        623.4509803921569,
        185.92156862745097,
        721.4613970588235,
        232.39889705882354
      ],
      [
        768.4283088235294,
        433.3026960784314,
        827.3725490196078,
        564.3529411764706
      ]
    ]
  }
}