{
  "labels": {
    "廊下": [
      [
        [
          170.75098814229247,
          94.67193675889327
        ],
        [
          170.75098814229247,
          180.0474308300395
        ],
        [
          212.25296442687744,
          181.23320158102766
        ],
        [
          211.0671936758893,
          139.73122529644266
        ],
        [
          250.197628458498,
          142.89328063241106
        ],
        [
          250.197628458498,
          97.4387351778656
        ]
      ]
    ],
    "洋室": [
      [
        [
          12.648221343873516,
          177.67588932806322
        ],
        [
          12.648221343873516,
          295.4624505928853
        ],
        [
          170.75098814229247,
          298.62450592885375
        ],
        [
          170.35573122529644,
          219.57312252964425
        ],
        [
          212.25296442687744,
          219.57312252964425
        ],
        [
          211.8577075098814,
          180.44268774703556
        ]
      ],
      [
        [
          211.0671936758893,
          140.12648221343872
        ],
        [
          326.48221343873513,
          140.12648221343872
        ],
        [
          326.48221343873513,
          297.8339920948616
        ],
        [
          211.0671936758893,
          297.8339920948616
        ]
      ],
      [
        [
          12.252964426877469,
          23.92094861660079
        ],
        [
          169.56521739130434,
          23.92094861660079
        ],
        [
          169.56521739130434,
          140.9169960474308
        ],
        [
          12.252964426877469,
          140.9169960474308
        ]
      ]
    ],
    "開戸": [
      [
        176.7993697621667,
        80.21993127147765,
        208.82817869415805,
        124.74226804123711
      ],
      [
        173.70658625701205,
        166.00833978512145,
        206.42268041237114,
        211.340206185567
      ],
      [
        218.79381443298968,
        128.52233676975945,
        246.97250859106526,
        172.85223367697594
      ],
      [
        141.82796137076727,
        105.49828178694158,
        183.7422680412371,
        134.71377151162
      ]
    ],
    "折戸": [
      [
        254.94071146245057,
        126.60353422164266,
        326.0103092783505,
        161.85567010309276
      ],
      [
        152.81443298969072,
        222.680412371134,
        185.64850658082392,
        295.6689078141341
      ]
    ],
    "引戸": [
      [
        17.872132349944998,
        126.46048109965635,
        89.9278350515464,
        152.73938850630915
      ],
      [
        96.39107344172338,
        128.1786941580756,
        167.5910652920962,
        153.083031117993
      ]
    ]
  }
}