{
  "labels": {
    "洋室": [
      [
        [
          252.0,
          112.6
        ],
        [
          444.79999999999995,
          114.2
        ],
        [
          445.6,
          141.4
        ],
        [
          376.8,
          142.2
        ],
        [
          377.6,
          212.6
        ],
        [
          254.39999999999998,
          211.0
        ]
      ],
      [
        [
          136.0,
          353.4
        ],
        [
          244.8,
          354.2
        ],
        [
          244.8,
          452.6
        ],
        [
          136.0,
          453.4
        ]
      ]
    ],
    "LDK": [
      [
        [
          172.0,
          215.8
        ],
        [
          419.20000000000005,
          218.2
        ],
        [
          419.20000000000005,
          249.4
        ],
        [
          445.6,
          251.8
        ],
        [
          444.0,
          351.0
        ],
        [
          171.2,
          347.8
        ]
      ]
    ],
    "浴室": [
      [
        [
          376.0,
          460.6
        ],
        [
          443.20000000000005,
          461.4
        ],
        [
          442.4,
          524.6
        ],
        [
          376.8,
          524.6
        ]
      ]
    ],
    "廊下": [
      [
        [
          275.2,
          357.4
        ],
        [
          340.0,
          356.6
        ],
        [
          340.8,
          403.0
        ],
        [
          276.0,
          403.0
        ]
      ]
    ],
    "開戸": [
      [
        405.61797752808985,
        217.96179775280902,
        432.8179775280899,
        248.36179775280903
      ]
    ],
    "引戸": [
      [
        281.9865168539325,
        340.2584269662921,
        338.97752808988764,
        363.4831460674157
      ],
      [
        366.1438202247191,
        357.485393258427,
        387.29213483146066,
        416.29213483146066
      ],
      [
        377.923595505618,
        447.0674157303371,
        435.6067415730337,
        466.29213483146066
      ],
      [
        173.60000000000002,
        341.3820224719101,
        227.74157303370788,
        364.60674157303373
      ],
      [
        164.94831460674163,
        202.4202247191011,
        223.80898876404495,
        224.1573033707865
      ],
      [
        275.52359550561795,
        204.4292134831461,
        333.92134831460675,
        224.1573033707865
      ],
      [
        379.3707865168539,
        379.79999999999995,
        435.6067415730337,
        398.31460674157296
      ]
    ],
    "折戸": [
      [
        230.39999999999998,
        355.0,
        256.8,
        386.2
      ],
      [
        230.39999999999998,
        388.6,
        253.60000000000002,
        456.6
      ],
      [
        210.39999999999998,
        148.6,
        232.0,
        213.4
      ],
      [
        366.4,
        143.0,
        391.2247191011236,
        183.14606741573033
      ]
    ]
  }
}