{
  "labels": {
    "洋室": [
      [
        [
          121.5151515151515,
          94.94949494949495
        ],
        [
          373.030303030303,
          97.97979797979798
        ],
        [
          375.0505050505051,
          289.8989898989899
        ],
        [
          118.4848484848485,
          286.8686868686869
        ]
      ],
      [
        [
          373.030303030303,
          368.6868686868687
        ],
        [
          524.5454545454545,
          371.7171717171717
        ],
        [
          523.5353535353536,
          408.0808080808081
        ],
        [
          681.1111111111111,
          412.1212121212121
        ],
        [
          681.1111111111111,
          658.5858585858585
        ],
        [
          373.030303030303,
          656.5656565656566
        ]
      ],
      [
        [
          299.29292929292933,
          367.67676767676767
        ],
        [
          373.030303030303,
          369.6969696969697
        ],
        [
          372.0202020202021,
          658.5858585858585
        ],
        [
          120.50505050505052,
          653.5353535353536
        ],
        [
          119.49494949494948,
          424.24242424242425
        ],
        [
          297.27272727272725,
          423.2323232323232
        ]
      ]
    ],
    "廊下": [
      [
        [
          260.90909090909093,
          293.93939393939394
        ],
        [
          377.07070707070704,
          293.93939393939394
        ],
        [
          376.0606060606061,
          265.65656565656565
        ],
        [
          451.81818181818187,
          267.67676767676767
        ],
        [
          453.83838383838383,
          221.21212121212122
        ],
        [
          525.5555555555555,
          221.21212121212122
        ],
        [
          521.5151515151515,
          370.7070707070707
        ],
        [
          261.9191919191919,
          364.64646464646466
        ]
      ]
    ],
    "折戸": [
      [
        562.3504273504274,
        381.18277449046684,
        640.7070707070707,
        437.27212957982186
      ],
      [
        125.59829059829065,
        397.1591058514136,
        297.27272727272725,
        456.04566373797144
      ]
    ],
    "開戸": [
      [
        231.9526627218935,
        311.2426035502959,
        311.4858645627877,
        364.9931265315881
      ],
      [
        280.4733727810651,
        224.2603550295858,
        350.7781961628115,
        314.13543721236033
      ],
      [
        450.2958579881657,
        339.64497041420117,
        523.0341880341881,
        436.60683760683764
      ],
      [
        296.7288267288268,
        341.1033411033411,
        370.0427350427351,
        434.04273504273505
      ]
    ]
  }
}