{
  "labels": {
    "洋室": [
      [
        [
          124.63636363636363,
          19.77922077922078
        ],
        [
          296.06493506493507,
          20.428571428571427
        ],
        [
          297.3636363636364,
          247.7012987012987
        ],
        [
          125.28571428571428,
          248.35064935064935
        ]
      ]
    ],
    "浴室": [
      [
        [
          8.402597402597394,
          133.41558441558442
        ],
        [
          124.63636363636363,
          134.06493506493507
        ],
        [
          122.68831168831167,
          247.7012987012987
        ],
        [
          9.701298701298697,
          247.7012987012987
        ]
      ]
    ],
    "廊下": [
      [
        [
          125.33766233766232,
          251.64935064935065
        ],
        [
          180.53246753246754,
          252.94805194805195
        ],
        [
          181.18181818181813,
          534.7662337662338
        ],
        [
          125.33766233766232,
          536.7142857142857
        ]
      ]
    ],
    "折戸": [
      [
        109.40909090909088,
        52.65584415584416,
        147.5,
        103.0
      ],
      [
        244.5,
        224.0,
        291.11688311688306,
        265.17532467532465
      ],
      [
        160.55194805194805,
        253.25974025974025,
        193.0,
        303.0
      ],
      [
        71.5,
        223.0,
        120.68181818181819,
        259.8246753246753
      ]
    ],
    "引戸": [
      [
        131.5,
        230.0,
        235.72077922077926,
        261.7792207792208
      ],
      [
        108.95454545454544,
        252.1103896103896,
        139.5,
        352.5
      ]
    ],
    "開戸": [
      [
        65.0,
        308.0,
        110.744966442953,
        359.06040268456377
      ],
      [
        114.0,
        373.5,
        165.29220779220776,
        416.33116883116884
      ]
    ]
  }
}