{
  "labels": {
    "LDK": [
      [
        [
          7.0,
          93.13888888888889
        ],
        [
          9.777777777777771,
          339.6666666666667
        ],
        [
          116.72222222222229,
          340.36111111111114
        ],
        [
          118.11111111111109,
          473.0
        ],
        [
          159.08333333333337,
          472.3055555555556
        ],
        [
          159.08333333333337,
          95.22222222222223
        ]
      ]
    ],
    "洋室": [
      [
        [
          7.694444444444457,
          340.36111111111114
        ],
        [
          8.388888888888914,
          500.77777777777777
        ],
        [
          79.22222222222229,
          500.08333333333337
        ],
        [
          79.22222222222229,
          470.9166666666667
        ],
        [
          117.41666666666674,
          468.83333333333337
        ],
        [
          116.02777777777783,
          341.05555555555554
        ]
      ]
    ],
    "廊下": [
      [
        [
          117.41666666666674,
          475.08333333333337
        ],
        [
          118.11111111111109,
          588.9722222222223
        ],
        [
          159.08333333333337,
          588.9722222222223
        ],
        [
          159.77777777777783,
          474.3888888888889
        ]
      ]
    ],
    "浴室": [
      [
        [
          7.694444444444457,
          502.1666666666667
        ],
        [
          7.0,
          556.3333333333334
        ],
        [
          78.52777777777783,
          556.3333333333334
        ],
        [
          79.22222222222229,
          502.1666666666667
        ]
      ]
    ],
    "引戸": [
      [
        42.60176991150439,
        327.43362831858406,
        103.98869223205509,
        358.16470009832847
      ],
      [
        102.77876106194685,
        345.575221238938,
        130.98598820059,
        470.09931170108166
      ],
      [
        108.20452310717803,
        473.7128810226156,
        131.09734513274333,
        530.9734513274336
      ]
    ],
    "折戸": [
      [
        23.13274336283183,
        449.1150442477876,
        81.55137659783679,
        473.3687315634219
      ],
      [
        25.0555555555556,
        560.4569813176008,
        49.681415929203524,
        592.4778761061947
      ],
      [
        37.5555555555556,
        530.6388888888889,
        82.0,
        563.9722222222223
      ]
    ],
    "開戸": [
      [
        118.16101278269423,
        437.9705014749263,
        155.87610619469024,
        480.0884955752212
      ],
      [
        104.0993117010816,
        553.8751229105212,
        152.33628318584067,
        592.0353982300884
      ]
    ]
  }
}