{
  "labels": {
    "洋室": [
      [
        [
          21.088669950738904,
          78.31034482758619
        ],
        [
          215.6699507389162,
          77.32512315270932
        ],
        [
          216.65517241379308,
          225.1083743842364
        ],
        [
          20.59605911330047,
          226.09359605911328
        ]
      ],
      [
        [
          216.65517241379308,
          30.527093596059103
        ],
        [
          412.22167487684726,
          30.03448275862067
        ],
        [
          411.72906403940874,
          178.80295566502457
        ],
        [
          214.68472906403935,
          178.31034482758616
        ]
      ]
    ],
    "廊下": [
      [
        [
          149.66009852216746,
          32.99014778325122
        ],
        [
          148.18226600985219,
          78.31034482758619
        ],
        [
          217.1477832512315,
          77.32512315270932
        ],
        [
          217.1477832512315,
          30.03448275862067
        ]
      ]
    ],
    "開戸": [
      [
        203.92225315913467,
        34.41443563932319,
        257.4534161490683,
        73.5031055900621
      ],
      [
        169.56521739130434,
        65.11801242236024,
        212.45727136431782,
        118.24394945384448
      ]
    ],
    "折戸": [
      [
        150.93167701863354,
        154.24844720496893,
        181.6369672306703,
        221.5101734846862
      ],
      [
        247.8931248661383,
        107.98479331762687,
        279.81366459627327,
        172.26086956521738
      ]
    ]
  }
}