{
  "labels": {
    "廊下": [
      [
        [
          243.24324324324326,
          129.48648648648648
        ],
        [
          243.24324324324326,
          178.8108108108108
        ],
        [
          296.6216216216216,
          178.13513513513513
        ],
        [
          298.64864864864865,
          326.1081081081081
        ],
        [
          194.5945945945946,
          326.1081081081081
        ],
        [
          196.6216216216216,
          375.43243243243245
        ],
        [
          344.5945945945946,
          374.0810810810811
        ],
        [
          343.2432432432432,
          125.43243243243242
        ]
      ]
    ],
    "洋室": [
      [
        [
          344.5945945945946,
          128.8108108108108
        ],
        [
          343.9189189189189,
          325.43243243243245
        ],
        [
          392.56756756756755,
          324.0810810810811
        ],
        [
          392.56756756756755,
          291.64864864864865
        ],
        [
          489.1891891891892,
          292.3243243243243
        ],
        [
          489.1891891891892,
          127.45945945945945
        ]
      ],
      [
        [
          342.56756756756755,
          325.43243243243245
        ],
        [
          345.94594594594594,
          522.7297297297297
        ],
        [
          491.2162162162162,
          524.7567567567568
        ],
        [
          491.2162162162162,
          358.5405405405405
        ],
        [
          391.8918918918919,
          358.5405405405405
        ],
        [
          392.56756756756755,
          326.7837837837838
        ]
      ],
      [
        [
          24.324324324324326,
          324.0810810810811
        ],
        [
          197.2972972972973,
          324.0810810810811
        ],
        [
          197.2972972972973,
          524.7567567567568
        ],
        [
          24.324324324324326,
          524.7567567567568
        ]
      ]
    ],
    "開戸": [
      [
        154.36305732484072,
        329.9363057324841,
        216.56050955414014,
        371.0125667068342
      ],
      [
        330.2332587364435,
        331.3198485109313,
        384.936305732484,
        367.51592356687894
      ],
      [
        331.4684110862455,
        280.89171974522293,
        384.936305732484,
        318.83060767774145
      ]
    ],
    "折戸": [
      [
        396.35049061800646,
        345.72422103632294,
        484.29936305732485,
        378.9808917197452
      ],
      [
        395.86847994491313,
        270.70063694267515,
        485.5732484076433,
        303.5009468066793
      ],
      [
        201.67843002237908,
        308.67825787571013,
        242.8980891719745,
        343.312101910828
      ]
    ],
    "引戸": [
      [
        226.97452229299364,
        132.33333333333331,
        264.9892473118279,
        213.37579617834393
      ]
    ]
  }
}