{
  "labels": {
    "洋室": [
      [
        [
          28.158590308370037,
          19.823788546255507
        ],
        [
          186.30837004405288,
          17.621145374449338
        ],
        [
          186.30837004405288,
          217.1806167400881
        ],
        [
          29.48017621145374,
          216.29955947136563
        ]
      ]
    ],
    "廊下": [
      [
        [
          185.4273127753304,
          176.65198237885463
        ],
        [
          374.41409691629957,
          175.33039647577093
        ],
        [
          373.9735682819383,
          214.5374449339207
        ],
        [
          462.07929515418505,
          214.5374449339207
        ],
        [
          461.1982378854625,
          135.24229074889868
        ],
        [
          303.488986784141,
          135.6828193832599
        ],
        [
          303.0484581497797,
          96.91629955947137
        ],
        [
          262.9603524229075,
          97.3568281938326
        ],
        [
          262.51982378854626,
          137.0044052863436
        ],
        [
          184.5462555066079,
          137.44493392070484
        ]
      ]
    ],
    "引戸": [
      [
        346.7766126863974,
        120.90753035097516,
        419.7699530516432,
        149.76525821596246
      ],
      [
        329.8048851109595,
        20.98819052346384,
        356.85915492957747,
        132.8638497652582
      ]
    ],
    "開戸": [
      [
        269.6489421108147,
        82.84833819362578,
        298.17370892018783,
        125.82159624413146
      ],
      [
        152.1643192488263,
        138.96713615023475,
        202.96159334863808,
        173.27873260118716
      ],
      [
        388.78403755868544,
        200.46948356807513,
        421.6478873239437,
        234.7417840375587
      ]
    ],
    "折戸": [
      [
        169.0925937415979,
        21.753428057330765,
        199.58215962441315,
        53.9906103286385
      ],
      [
        188.06427995284486,
        161.96355814771152,
        242.30516431924883,
        189.20187793427232
      ]
    ]
  }
}