{
  "labels": {
    "洋室": [
      [
        [
          81.04838709677419,
          93.25806451612904
        ],
        [
          195.56451612903226,
          93.66129032258064
        ],
        [
          195.16129032258064,
          245.67741935483872
        ],
        [
          81.45161290322581,
          245.27419354838707
        ]
      ],
      [
        [
          233.46774193548387,
          94.06451612903226
        ],
        [
          347.5806451612903,
          94.87096774193549
        ],
        [
          345.16129032258067,
          246.48387096774195
        ],
        [
          232.66129032258064,
          245.27419354838707
        ]
      ],
      [
        [
          346.3709677419355,
          56.564516129032256
        ],
        [
          401.2096774193548,
          56.564516129032256
        ],
        [
          401.61290322580646,
          95.6774193548387
        ],
        [
          493.9516129032258,
          96.08064516129032
        ],
        [
          494.758064516129,
          245.67741935483872
        ],
        [
          345.9677419354839,
          244.8709677419355
        ]
      ]
    ],
    "廊下": [
      [
        [
          156.0483870967742,
          17.85483870967742
        ],
        [
          200.80645161290323,
          17.451612903225808
        ],
        [
          201.20967741935485,
          54.95161290322581
        ],
        [
          344.35483870967744,
          57.37096774193549
        ],
        [
          343.9516129032258,
          94.87096774193549
        ],
        [
          156.4516129032258,
          92.85483870967742
        ]
      ]
    ],
    "開戸": [
      [
        129.71887550200802,
        44.93574297188755,
        154.03225806451613,
        77.12903225806451
      ],
      [
        159.83935742971886,
        80.27710843373492,
        193.95161290322582,
        127.53225806451613
      ],
      [
        234.67741935483872,
        84.79032258064517,
        270.16129032258067,
        125.91935483870967
      ],
      [
        311.6465863453815,
        42.52610441767068,
        343.14516129032256,
        71.48387096774194
      ],
      [
        315.3225806451613,
        59.38709677419355,
        355.0488599348534,
        90.69706840390879
      ]
    ],
    "折戸": [
      [
        347.7911646586345,
        43.73092369477911,
        400.40322580645164,
        68.25806451612904
      ],
      [
        174.59677419354838,
        92.84836118668224,
        199.19354838709677,
        168.25158699313386
      ],
      [
        224.59677419354838,
        169.06451612903226,
        249.59677419354838,
        245.67741935483872
      ]
    ],
    "引戸": [
      [
        417.26907630522084,
        83.48995983935741,
        485.6677524429967,
        107.4389545151289
      ]
    ]
  }
}