{
  "labels": {
    "洋室": [
      [
        [
          25.886075949367083,
          148.36708860759492
        ],
        [
          134.1139240506329,
          148.36708860759492
        ],
        [
          133.48101265822783,
          92.67088607594937
        ],
        [
          394.2405063291139,
          93.30379746835443
        ],
        [
          393.60759493670884,
          296.46835443037975
        ],
        [
          27.15189873417721,
          295.83544303797464
        ]
      ]
    ],
    "廊下": [
      [
        [
          184.11392405063287,
          299.0
        ],
        [
          334.746835443038,
          303.43037974683546
        ],
        [
          335.37974683544303,
          343.9367088607595
        ],
        [
          183.48101265822783,
          343.3037974683544
        ]
      ]
    ],
    "開戸": [
      [
        282.8481012658228,
        294.56962025316454,
        335.37974683544303,
        345.83544303797464
      ]
    ],
    "折戸": [
      [
        335.37974683544303,
        278.1139240506329,
        395.50632911392404,
        305.3291139240506
      ],
      [
        21.45569620253164,
        274.3164556962025,
        179.05063291139237,
        302.79746835443035
      ]
    ],
    "引戸": [
      [
        183.03656821378337,
        284.3080168776371,
        290.0,
        309.77777777777777
      ]
    ]
  }
}