{
  "labels": {
    "洋室": [
      [
        [
          241.19417475728153,
          488.26213592233006
        ],
        [
          242.1650485436893,
          551.3689320388349
        ],
        [
          177.11650485436894,
          550.3980582524272
        ],
        [
          180.02912621359224,
          739.7184466019418
        ],
        [
          365.46601941747576,
          739.7184466019418
        ],
        [
          368.37864077669906,
          549.4271844660194
        ],
        [
          304.30097087378635,
          550.3980582524272
        ],
        [
          303.3300970873786,
          485.34951456310677
        ]
      ],
      [
        [
          85.85436893203882,
          302.8252427184466
        ],
        [
          246.04854368932035,
          302.8252427184466
        ],
        [
          246.04854368932035,
          549.4271844660194
        ],
        [
          85.85436893203882,
          549.4271844660194
        ]
      ],
      [
        [
          85.85436893203882,
          112.53398058252426
        ],
        [
          305.2718446601941,
          112.53398058252426
        ],
        [
          305.2718446601941,
          302.8252427184466
        ],
        [
          85.85436893203882,
          302.8252427184466
        ]
      ]
    ],
    "廊下": [
      [
        [
          237.31067961165047,
          299.9126213592233
        ],
        [
          305.2718446601941,
          299.9126213592233
        ],
        [
          305.2718446601941,
          489.2330097087378
        ],
        [
          237.31067961165047,
          489.2330097087378
        ]
      ]
    ],
    "開戸": [
      [
        249.00190101160973,
        468.0638875687419,
        299.18181818181824,
        545.4545454545455
      ],
      [
        249.5857831488899,
        248.25174825174827,
        298.48251748251755,
        325.2775476950234
      ]
    ],
    "折戸": [
      [
        283.6071016362278,
        118.18181818181819,
        322.25874125874134,
        232.9970126960418
      ],
      [
        90.79020979020981,
        527.972027972028,
        174.7062937062937,
        565.034965034965
      ],
      [
        312.4685314685315,
        537.7622377622378,
        362.1188811188812,
        577.6223776223776
      ],
      [
        281.6993006993007,
        435.6643356643357,
        320.16083916083915,
        483.91608391608395
      ]
    ],
    "引戸": [
      [
        223.71844660194176,
        308.6504854368932,
        262.8181818181818,
        420.979020979021
      ]
    ]
  }
}