{
  "labels": {
    "LDK": [
      [
        [
          130.91603053435114,
          10.19083969465649
        ],
        [
          132.44274809160305,
          33.854961832061065
        ],
        [
          146.94656488549617,
          33.854961832061065
        ],
        [
          148.4732824427481,
          128.5114503816794
        ],
        [
          101.5267175572519,
          129.27480916030532
        ],
        [
          101.5267175572519,
          200.64885496183206
        ],
        [
          241.22137404580153,
          199.8854961832061
        ],
        [
          240.0763358778626,
          10.19083969465649
        ]
      ]
    ],
    "廊下": [
      [
        [
          54.19847328244275,
          58.2824427480916
        ],
        [
          148.4732824427481,
          58.2824427480916
        ],
        [
          148.4732824427481,
          81.5648854961832
        ],
        [
          54.19847328244275,
          81.5648854961832
        ]
      ],
      [
        [
          120.22900763358778,
          106.75572519083968
        ],
        [
          148.85496183206106,
          106.75572519083968
        ],
        [
          148.85496183206106,
          127.74809160305344
        ],
        [
          120.22900763358778,
          127.74809160305344
        ]
      ]
    ],
    "浴室": [
      [
        [
          9.16030534351145,
          11.717557251908389
        ],
        [
          53.05343511450381,
          11.717557251908389
        ],
        [
          53.05343511450381,
          54.847328244274806
        ],
        [
          9.16030534351145,
          54.847328244274806
        ]
      ]
    ],
    "洋室": [
      [
        [
          6.488549618320611,
          128.89312977099235
        ],
        [
          102.29007633587786,
          128.89312977099235
        ],
        [
          102.29007633587786,
          199.8854961832061
        ],
        [
          6.488549618320611,
          199.8854961832061
        ]
      ]
    ],
    "開戸": [
      [
        59.62528216704289,
        49.79485525760921,
        77.57738198595986,
        73.58916478555305
      ]
    ],
    "折戸": [
      [
        102.13992114755476,
        73.7350054525627,
        144.12465397198224,
        85.185387131952
      ],
      [
        10.415349887133184,
        123.25056433408578,
        76.17397869306267,
        135.7398708162067
      ],
      [
        141.79173918287867,
        35.89164785553048,
        156.46501128668172,
        56.92804094222252
      ]
    ],
    "引戸": [
      [
        94.37733703237812,
        131.376199748419,
        107.48081264108353,
        175.16930022573365
      ],
      [
        141.8378762519165,
        59.556640092800535,
        154.4334085778781,
        103.16027088036118
      ],
      [
        122.4065934065934,
        125.07633587786259,
        148.85496183206106,
        134.06593406593407
      ],
      [
        49.467268623024836,
        58.836437888787415,
        60.41217927730773,
        102.03160270880362
      ],
      [
        9.923664122137405,
        49.45054945054945,
        50.31868131868133,
        60.202583675866116
      ]
    ]
  }
}