{
  "labels": {
    "LDK": [
      [
        [
          5.694444444444457,
          103.86111111111111
        ],
        [
          153.6111111111111,
          104.55555555555556
        ],
        [
          155.69444444444446,
          351.08333333333337
        ],
        [
          46.66666666666674,
          350.3888888888889
        ],
        [
          45.27777777777783,
          480.94444444444446
        ],
        [
          5.0,
          483.02777777777777
        ]
      ]
    ],
    "洋室": [
      [
        [
          156.3888888888889,
          349.69444444444446
        ],
        [
          44.58333333333337,
          348.30555555555554
        ],
        [
          45.27777777777783,
          476.77777777777777
        ],
        [
          82.77777777777783,
          478.1666666666667
        ],
        [
          83.47222222222229,
          509.4166666666667
        ],
        [
          154.30555555555554,
          510.8055555555556
        ]
      ]
    ],
    "浴室": [
      [
        [
          82.77777777777783,
          509.4166666666667
        ],
        [
          154.30555555555554,
          509.4166666666667
        ],
        [
          155.0,
          564.9722222222223
        ],
        [
          84.86111111111109,
          564.9722222222223
        ]
      ]
    ],
    "廊下": [
      [
        [
          3.6111111111111427,
          483.02777777777777
        ],
        [
          43.888888888888914,
          483.72222222222223
        ],
        [
          47.361111111111086,
          599.0
        ],
        [
          3.6111111111111427,
          598.3055555555555
        ]
      ]
    ],
    "引戸": [
      [
        58.99933065595718,
        337.1107764390897,
        122.07228915662648,
        362.6506024096385
      ],
      [
        33.062248995983964,
        351.76941097724233,
        64.24096385542168,
        475.9036144578313
      ],
      [
        8.016064257028091,
        441.7670682730923,
        45.93875502008032,
        489.1439089692102
      ],
      [
        37.73493975903614,
        479.5180722891566,
        58.07061579651949,
        540.3403614457834
      ]
    ],
    "折戸": [
      [
        81.40495314591698,
        461.5334672021419,
        144.96385542168673,
        488.75502008032123
      ],
      [
        87.5341365461847,
        540.1606425702811,
        124.19344042838014,
        570.6449129852746
      ],
      [
        114.44176706827307,
        565.4618473895582,
        139.47121820615803,
        598.0210843373494
      ]
    ],
    "開戸": [
      [
        8.417670682730886,
        562.2489959839357,
        59.62449799196787,
        598.7489959839359
      ]
    ]
  }
}