{
  "labels": {
    "洋室": [
      [
        [
          120.15328467153284,
          96.81021897810218
        ],
        [
          336.941605839416,
          96.08029197080292
        ],
        [
          334.02189781021895,
          385.8613138686131
        ],
        [
          120.88321167883208,
          384.40145985401455
        ]
      ],
      [
        [
          550.0802919708028,
          169.0729927007299
        ],
        [
          548.6204379562043,
          599.0
        ],
        [
          767.5985401459853,
          599.7299270072992
        ],
        [
          765.4087591240875,
          239.8759124087591
        ],
        [
          692.4160583941605,
          239.8759124087591
        ],
        [
          690.956204379562,
          170.53284671532845
        ]
      ]
    ],
    "廊下": [
      [
        [
          621.6131386861314,
          97.54014598540145
        ],
        [
          478.5474452554744,
          94.62043795620437
        ],
        [
          480.00729927007296,
          312.13868613138686
        ],
        [
          334.7518248175182,
          313.5985401459854
        ],
        [
          334.7518248175182,
          385.13138686131384
        ],
        [
          480.00729927007296,
          385.8613138686131
        ],
        [
          477.81751824817513,
          490.24087591240874
        ],
        [
          407.74452554744516,
          488.7810218978102
        ],
        [
          407.74452554744516,
          597.5401459854014
        ],
        [
          549.3503649635036,
          597.5401459854014
        ],
        [
          549.3503649635036,
          168.34306569343065
        ],
        [
          623.8029197080291,
          168.34306569343065
        ]
      ]
    ],
    "開戸": [
      [
        530.6487502764874,
        245.09599646095998,
        610.3333333333333,
        313.3939393939394
      ],
      [
        455.3280247732803,
        102.14089803140898,
        534.5757575757575,
        158.0909090909091
      ],
      [
        315.6363636363636,
        315.66666666666663,
        397.3320061933199,
        377.80446803804466
      ]
    ],
    "引戸": [
      [
        554.9022340190223,
        220.8978102189781,
        689.1212121212121,
        259.60606060606057
      ],
      [
        287.24242424242425,
        367.1818181818182,
        403.652510506525,
        402.6496350364963
      ]
    ],
    "折戸": [
      [
        455.78787878787875,
        211.1212121212121,
        507.69696969696963,
        278.5454545454545
      ],
      [
        306.93939393939394,
        203.54545454545453,
        354.1833665118336,
        275.4764432647644
      ],
      [
        380.90311877903116,
        390.2021676620216,
        427.75757575757575,
        490.66666666666663
      ]
    ]
  }
}