{
  "labels": {
    "洋室": [
      [
        [
          325.40909090909093,
          248.29545454545453
        ],
        [
          468.02272727272725,
          249.4318181818182
        ],
        [
          465.75,
          356.25
        ],
        [
          328.25,
          353.40909090909093
        ]
      ],
      [
        [
          324.27272727272725,
          356.25
        ],
        [
          464.6136363636364,
          358.52272727272725
        ],
        [
          465.18181818181813,
          572.1590909090909
        ],
        [
          324.27272727272725,
          569.8863636363636
        ]
      ]
    ],
    "廊下": [
      [
        [
          465.18181818181813,
          321.59090909090907
        ],
        [
          502.68181818181813,
          322.15909090909093
        ],
        [
          500.4090909090909,
          429.54545454545456
        ],
        [
          573.7045454545455,
          429.54545454545456
        ],
        [
          573.7045454545455,
          465.34090909090907
        ],
        [
          499.8409090909091,
          464.20454545454544
        ],
        [
          499.8409090909091,
          500.5681818181818
        ],
        [
          464.6136363636364,
          500.5681818181818
        ]
      ]
    ],
    "開戸": [
      [
        471.43181818181813,
        319.3181818181818,
        509.5,
        356.8181818181818
      ],
      [
        445.8636363636364,
        268.5155122655122,
        473.968253968254,
        305.3492063492063
      ],
      [
        430.31746031746036,
        320.42857142857144,
        468.02272727272725,
        356.8181818181818
      ],
      [
        429.5238095238095,
        357.73015873015873,
        473.7045454545455,
        393.75
      ],
      [
        464.6136363636364,
        490.34090909090907,
        507.22727272727275,
        535.7954545454545
      ],
      [
        420.8636363636364,
        462.5,
        471.43181818181813,
        503.40909090909093
      ]
    ],
    "折戸": [
      [
        502.53968253968253,
        442.6507936507937,
        569.0508658008657,
        472.27633477633475
      ],
      [
        414.19047619047615,
        398.2063492063492,
        442.923520923521,
        465.24170274170274
      ],
      [
        411.8629148629149,
        501.7947330447331,
        445.1428571428571,
        573.6031746031746
      ]
    ]
  }
}