{
  "labels": {
    "洋室": [
      [
        [
          179.63945578231295,
          235.37414965986395
        ],
        [
          324.5374149659864,
          235.37414965986395
        ],
        [
          324.5374149659864,
          342.17687074829934
        ],
        [
          178.9591836734694,
          342.17687074829934
        ]
      ],
      [
        [
          178.9591836734694,
          110.20408163265306
        ],
        [
          323.8571428571429,
          110.20408163265306
        ],
        [
          323.8571428571429,
          233.33333333333334
        ],
        [
          144.94557823129253,
          235.37414965986395
        ],
        [
          144.26530612244898,
          184.35374149659864
        ],
        [
          180.31972789115645,
          146.25850340136054
        ]
      ]
    ],
    "廊下": [
      [
        [
          324.5374149659864,
          146.9387755102041
        ],
        [
          393.9251700680272,
          147.61904761904762
        ],
        [
          393.24489795918373,
          253.06122448979593
        ],
        [
          357.1904761904762,
          253.06122448979593
        ],
        [
          358.55102040816325,
          361.2244897959184
        ],
        [
          325.21768707482994,
          359.18367346938777
        ]
      ]
    ],
    "引戸": [
      [
        338.45977011494256,
        134.7014545824433,
        392.92035398230087,
        157.0796460176991
      ]
    ],
    "開戸": [
      [
        293.2448979591837,
        200.68027210884355,
        335.39823008849555,
        230.0884955752212
      ],
      [
        294.6054421768708,
        239.45578231292518,
        334.0612244897959,
        270.7482993197279
      ]
    ],
    "折戸": [
      [
        170.24808861597737,
        274.3543435073144,
        192.6970682078141,
        341.0210101739811
      ],
      [
        146.98639455782313,
        221.7687074829932,
        177.87610619469024,
        249.11504424778758
      ],
      [
        145.0900608030823,
        156.70037926675096,
        175.66371681415927,
        182.3008849557522
      ]
    ]
  }
}