{
  "labels": {
    "洋室": [
      [
        [
          116.62068965517241,
          106.89655172413794
        ],
        [
          253.17241379310343,
          107.58620689655173
        ],
        [
          253.17241379310343,
          244.82758620689657
        ],
        [
          113.86206896551724,
          242.75862068965517
        ]
      ],
      [
        [
          115.24137931034483,
          283.44827586206895
        ],
        [
          215.24137931034483,
          288.2758620689655
        ],
        [
          215.24137931034483,
          424.1379310344828
        ],
        [
          115.24137931034483,
          422.0689655172414
        ]
      ],
      [
        [
          224.20689655172413,
          286.2068965517241
        ],
        [
          360.0689655172414,
          288.9655172413793
        ],
        [
          358.6896551724138,
          393.1034482758621
        ],
        [
          223.51724137931035,
          391.0344827586207
        ]
      ]
    ],
    "廊下": [
      [
        [
          188.34482758620692,
          251.0344827586207
        ],
        [
          360.0689655172414,
          253.79310344827587
        ],
        [
          360.0689655172414,
          282.0689655172414
        ],
        [
          188.34482758620692,
          280.0
        ]
      ]
    ],
    "開戸": [
      [
        218.68965517241378,
        217.93103448275863,
        256.62068965517244,
        259.3103448275862
      ],
      [
        184.57303370786514,
        273.1573033707865,
        216.46153846153848,
        316.4825174825175
      ],
      [
        222.77528089887642,
        274.8426966292135,
        255.9310344827586,
        316.55172413793105
      ],
      [
        330.64044943820227,
        239.4494382022472,
        365.58620689655174,
        280.0
      ]
    ],
    "折戸": [
      [
        115.24137931034483,
        275.17241379310343,
        183.51724137931035,
        301.3793103448276
      ],
      [
        220.0689655172414,
        374.48275862068965,
        293.86206896551727,
        402.7586206896552
      ]
    ]
  }
}