{
  "labels": {
    "洋室": [
      [
        [
          18.5402298850575,
          18.96551724137931
        ],
        [
          181.75862068965523,
          18.39080459770115
        ],
        [
          184.63218390804593,
          182.75862068965517
        ],
        [
          67.9655172413793,
          183.33333333333334
        ],
        [
          67.9655172413793,
          230.45977011494253
        ],
        [
          19.68965517241378,
          230.45977011494253
        ]
      ],
      [
        [
          67.9655172413793,
          278.1609195402299
        ],
        [
          67.39080459770116,
          322.41379310344826
        ],
        [
          24.28735632183907,
          322.98850574712645
        ],
        [
          22.563218390804593,
          507.4712643678161
        ],
        [
          189.80459770114942,
          507.4712643678161
        ],
        [
          184.63218390804593,
          278.735632183908
        ]
      ]
    ],
    "廊下": [
      [
        [
          66.81609195402297,
          181.60919540229884
        ],
        [
          115.09195402298849,
          182.183908045977
        ],
        [
          115.09195402298849,
          277.01149425287355
        ],
        [
          69.68965517241378,
          276.4367816091954
        ]
      ]
    ],
    "折戸": [
      [
        142.88622754491018,
        311.5748502994012,
        184.2949273866061,
        344.82758620689657
      ],
      [
        96.1796407185629,
        228.94011976047906,
        122.80067451304285,
        271.9560878243512
      ],
      [
        22.526946107784454,
        166.66467065868264,
        61.42687039713678,
        196.55172413793105
      ]
    ],
    "開戸": [
      [
        66.24137931034483,
        265.51724137931035,
        113.94252873563221,
        316.6666666666667
      ],
      [
        69.11494252873564,
        145.59501686282604,
        108.75449101796409,
        200.19760479041918
      ]
    ]
  }
}