{
  "labels": {
    "LDK": [
      [
        [
          503.0534351145038,
          336.34408602150535
        ],
        [
          499.8276286628909,
          601.9354838709677
        ],
        [
          768.6448329639661,
          608.3870967741935
        ],
        [
          766.4942953295575,
          469.67741935483866
        ],
        [
          964.343757695149,
          469.67741935483866
        ],
        [
          966.4942953295575,
          70.75268817204301
        ],
        [
          700.9028974800951,
          75.0537634408602
        ],
        [
          699.8276286628909,
          333.1182795698924
        ]
      ]
    ],
    "廊下": [
      [
        [
          334.4086021505376,
          203.01075268817203
        ],
        [
          332.258064516129,
          335.26881720430106
        ],
        [
          695.6989247311827,
          334.19354838709677
        ],
        [
          695.6989247311827,
          271.8279569892473
        ],
        [
          481.72043010752685,
          270.752688172043
        ],
        [
          477.41935483870964,
          204.08602150537632
        ]
      ]
    ],
    "浴室": [
      [
        [
          429.0322580645161,
          69.67741935483869
        ],
        [
          566.6666666666666,
          69.67741935483869
        ],
        [
          566.6666666666666,
          206.2365591397849
        ],
        [
          429.0322580645161,
          206.2365591397849
        ]
      ]
    ],
    "開戸": [
      [
        503.64171231487114,
        313.6981132075471,
        556.377358490566,
        391.5784134712923
      ],
      [
        637.5094339622641,
        247.12588218349418,
        689.3530174276249,
        325.9622641509434
      ],
      [
        676.1526717557251,
        274.0754716981132,
        754.4905660377358,
        332.17557251908397
      ],
      [
        384.6792452830189,
        178.74045801526717,
        428.0610687022901,
        248.60377358490564
      ],
      [
        566.2290076335878,
        250.49618320610688,
        599.0534351145038,
        290.9541984732824
      ]
    ],
    "折戸": [
      [
        540.8602150537635,
        134.45283018867923,
        579.9622641509434,
        191.18279569892474
      ]
    ],
    "引戸": [
      [
        369.58490566037733,
        313.0916030534351,
        486.07633587786256,
        356.1509433962264
      ],
      [
        474.62595419847327,
        345.91603053435114,
        519.6641221374045,
        595.5343511450382
      ],
      [
        675.7963075674578,
        80.67924528301887,
        720.5283018867924,
        201.36741732602962
      ],
      [
        277.6793893129771,
        341.3358778625954,
        322.7175572519084,
        465.0
      ]
    ]
  }
}