{
  "labels": {
    "洋室": [
      [
        [
          201.51685393258424,
          392.50561797752806
        ],
        [
          479.0449438202247,
          395.87640449438203
        ],
        [
          477.9213483146067,
          674.5280898876405
        ],
        [
          201.51685393258424,
          674.5280898876405
        ]
      ],
      [
        [
          631.8539325842696,
          176.7752808988764
        ],
        [
          909.3820224719102,
          180.14606741573033
        ],
        [
          907.1348314606741,
          383.51685393258424
        ],
        [
          631.8539325842696,
          382.39325842696627
        ]
      ],
      [
        [
          668.9325842696629,
          446.438202247191
        ],
        [
          912.752808988764,
          450.9325842696629
        ],
        [
          909.3820224719102,
          672.2808988764045
        ],
        [
          667.8089887640449,
          670.0337078651685
        ]
      ]
    ],
    "廊下": [
      [
        [
          490.28089887640454,
          321.7191011235955
        ],
        [
          623.9887640449438,
          320.59550561797755
        ],
        [
          620.6179775280899,
          394.75280898876406
        ],
        [
          659.943820224719,
          397.0
        ],
        [
          658.8202247191011,
          528.4606741573034
        ],
        [
          491.40449438202245,
          528.4606741573034
        ]
      ]
    ],
    "開戸": [
      [
        465.56179775280896,
        318.34831460674155,
        538.5955056179776,
        382.39325842696627
      ],
      [
        421.7415730337078,
        393.6292134831461,
        501.51685393258424,
        461.0449438202247
      ],
      [
        652.0786516853932,
        444.19101123595505,
        726.2359550561797,
        513.8539325842696
      ]
    ],
    "引戸": [
      [
        607.9935142048049,
        267.70430254864345,
        647.6585365853658,
        384.9918699186992
      ]
    ],
    "折戸": [
      [
        662.191011235955,
        346.438202247191,
        805.3821138211382,
        402.8780487804878
      ],
      [
        810.260162601626,
        424.0162601626016,
        921.7415730337079,
        474.5280898876404
      ],
      [
        229.60674157303367,
        376.7752808988764,
        348.70786516853934,
        425.08988764044943
      ]
    ]
  }
}