{
  "labels": {
    "洋室": [
      [
        [
          129.03225806451616,
          112.70967741935483
        ],
        [
          237.90322580645164,
          112.70967741935483
        ],
        [
          237.0967741935484,
          257.8709677419355
        ],
        [
          130.64516129032256,
          256.258064516129
        ]
      ],
      [
        [
          237.90322580645164,
          111.90322580645162
        ],
        [
          343.54838709677415,
          112.70967741935483
        ],
        [
          342.741935483871,
          257.8709677419355
        ],
        [
          239.51612903225805,
          257.8709677419355
        ]
      ],
      [
        [
          129.03225806451616,
          365.1290322580645
        ],
        [
          271.7741935483871,
          366.741935483871
        ],
        [
          272.58064516129036,
          487.7096774193548
        ],
        [
          129.83870967741933,
          490.1290322580645
        ]
      ]
    ],
    "廊下": [
      [
        [
          344.0178706648493,
          261.0967741935484
        ],
        [
          346.43722550355903,
          324.0
        ],
        [
          380.3081932454945,
          323.19354838709677
        ],
        [
          379.50174163259123,
          361.9032258064516
        ],
        [
          239.17916098742992,
          361.0967741935484
        ],
        [
          238.37270937452675,
          291.741935483871
        ],
        [
          194.82432227775254,
          290.93548387096774
        ],
        [
          192.40496743904285,
          255.4516129032258
        ]
      ]
    ],
    "開戸": [
      [
        241.1290322580645,
        226.41935483870967,
        272.58064516129036,
        267.5483870967742
      ],
      [
        200.80645161290323,
        224.80645161290323,
        234.67741935483872,
        266.741935483871
      ],
      [
        183.55399061032864,
        261.5023474178404,
        218.7528396183553,
        286.77071028320455
      ],
      [
        240.32258064516128,
        357.06451612903226,
        272.58064516129036,
        396.5806451612903
      ]
    ],
    "折戸": [
      [
        293.006966530365,
        215.20096925639862,
        342.23943661971833,
        244.60093896713616
      ],
      [
        132.25806451612902,
        218.82432227775251,
        179.3286384976526,
        240.3755868544601
      ]
    ],
    "引戸": [
      [
        134.72972972972974,
        352.7027027027027,
        197.63849765258217,
        377.9342723004695
      ]
    ]
  }
}