{
  "labels": {
    "浴室": [
      [
        [
          647.8695652173913,
          45.95652173913043
        ],
        [
          782.6521739130434,
          45.95652173913043
        ],
        [
          782.6521739130434,
          179.86956521739128
        ],
        [
          646.9999999999999,
          178.99999999999997
        ]
      ]
    ],
    "LDK": [
      [
        [
          109.60869565217388,
          249.43478260869563
        ],
        [
          511.3478260869565,
          249.43478260869563
        ],
        [
          511.3478260869565,
          318.13043478260863
        ],
        [
          781.782608695652,
          318.13043478260863
        ],
        [
          781.782608695652,
          588.5652173913043
        ],
        [
          106.99999999999997,
          585.9565217391304
        ]
      ]
    ],
    "廊下": [
      [
        [
          109.60869565217388,
          171.17391304347825
        ],
        [
          304.39130434782606,
          173.78260869565216
        ],
        [
          306.13043478260863,
          243.3478260869565
        ],
        [
          110.47826086956519,
          240.73913043478257
        ]
      ]
    ],
    "開戸": [
      [
        589.6086956521739,
        170.30434782608694,
        642.6521739130434,
        232.04347826086953
      ],
      [
        261.78260869565213,
        181.60869565217388,
        326.99999999999994,
        239.86956521739128
      ]
    ],
    "折戸": [
      [
        697.5272895467159,
        516.391304347826,
        741.005550416281,
        587.695652173913
      ],
      [
        472.21739130434776,
        43.347826086956516,
        529.6086956521739,
        181.60869565217388
      ],
      [
        92.21739130434781,
        246.82608695652172,
        134.82608695652172,
        316.39130434782606
      ],
      [
        569.6086956521739,
        185.0869565217391,
        608.7391304347825,
        246.82608695652172
      ]
    ],
    "引戸": [
      [
        209.22016651248842,
        48.565217391304344,
        239.95744680851064,
        164.24822695035462
      ],
      [
        108.25809435707674,
        229.68763490595128,
        232.15602836879435,
        262.12056737588654
      ],
      [
        380.3829787234042,
        231.62411347517732,
        507.1603453592352,
        258.5189639222941
      ],
      [
        656.8859081097748,
        168.97841504779524,
        775.4184397163122,
        198.29078014184398
      ],
      [
        632.1560283687944,
        189.0709219858156,
        661.850447116867,
        312.7526981190255
      ],
      [
        582.627505396238,
        300.2827628738822,
        705.2056737588653,
        332.33333333333337
      ]
    ]
  }
}