{
  "labels": {
    "洋室": [
      [
        [
          128.0,
          161.0
        ],
        [
          346.0,
          163.0
        ],
        [
          346.0,
          452.0
        ],
        [
          127.0,
          452.0
        ]
      ],
      [
        [
          126.0,
          454.0
        ],
        [
          414.0,
          452.0
        ],
        [
          415.0,
          669.0
        ],
        [
          128.0,
          668.0
        ]
      ],
      [
        [
          629.0,
          273.1666666666667
        ],
        [
          700.0,
          273.1666666666667
        ],
        [
          701.0,
          310.1666666666667
        ],
        [
          842.0,
          310.1666666666667
        ],
        [
          844.0,
          599.1666666666667
        ],
        [
          628.0,
          596.1666666666667
        ]
      ]
    ],
    "廊下": [
      [
        [
          347.0,
          166.0
        ],
        [
          620.0,
          168.0
        ],
        [
          621.0,
          341.0
        ],
        [
          412.0,
          341.0
        ],
        [
          411.0,
          445.0
        ],
        [
          348.0,
          446.0
        ]
      ]
    ],
    "開戸": [
      [
        347.0,
        426.8333333333333,
        413.6666666666667,
        518.3333333333334
      ],
      [
        271.0,
        377.0,
        367.0,
        448.33333333333337
      ]
    ],
    "引戸": [
      [
        608.1666666666667,
        281.0,
        647.8333333333334,
        405.83333333333337
      ]
    ]
  }
}