{
  "labels": {
    "洋室": [
      [
        [
          68.28834355828221,
          194.0920245398773
        ],
        [
          219.82208588957053,
          194.0920245398773
        ],
        [
          219.82208588957053,
          454.2147239263803
        ],
        [
          68.28834355828221,
          454.2147239263803
        ]
      ],
      [
        [
          273.1963190184049,
          89.1840490797546
        ],
        [
          430.2515337423313,
          89.1840490797546
        ],
        [
          430.2515337423313,
          297.7730061349693
        ],
        [
          273.1963190184049,
          297.7730061349693
        ]
      ],
      [
        [
          220.43558282208585,
          295.9325153374233
        ],
        [
          327.1840490797546,
          295.9325153374233
        ],
        [
          327.1840490797546,
          454.2147239263803
        ],
        [
          220.43558282208585,
          454.2147239263803
        ]
      ]
    ],
    "廊下": [
      [
        [
          220.43558282208585,
          194.0920245398773
        ],
        [
          273.8098159509202,
          194.0920245398773
        ],
        [
          273.8098159509202,
          297.159509202454
        ],
        [
          220.43558282208585,
          297.159509202454
        ]
      ]
    ],
    "開戸": [
      [
        260.47947958536065,
        256.89655172413796,
        312.7586206896552,
        293.04749312460336
      ],
      [
        183.87931034482762,
        199.5689655172414,
        234.87656018616457,
        236.1588745504548
      ],
      [
        226.71863761370844,
        286.1668077004442,
        262.32758620689657,
        333.18965517241384
      ]
    ],
    "折戸": [
      [
        330.0849375925534,
        274.1379310344828,
        423.1034482758621,
        310.00856780198853
      ]
    ]
  }
}