{
  "labels": {
    "廊下": [
      [
        [
          285.2105263157895,
          460.1578947368421
        ],
        [
          467.31578947368416,
          461.2105263157894
        ],
        [
          466.26315789473676,
          604.3684210526316
        ],
        [
          405.2105263157895,
          601.2105263157895
        ],
        [
          401.0,
          564.3684210526316
        ],
        [
          285.2105263157895,
          567.5263157894736
        ]
      ]
    ],
    "浴室": [
      [
        [
          87.31578947368416,
          619.1052631578947
        ],
        [
          229.4210526315789,
          615.9473684210526
        ],
        [
          230.4736842105263,
          764.3684210526316
        ],
        [
          84.15789473684208,
          765.4210526315788
        ]
      ]
    ],
    "LDK": [
      [
        [
          281.0,
          55.94736842105263
        ],
        [
          712.5789473684209,
          55.94736842105263
        ],
        [
          710.4736842105262,
          379.1052631578947
        ],
        [
          479.9473684210526,
          379.1052631578947
        ],
        [
          477.8421052631578,
          451.7368421052631
        ],
        [
          82.05263157894734,
          452.7894736842105
        ],
        [
          84.15789473684208,
          55.94736842105263
        ],
        [
          216.78947368421046,
          55.94736842105263
        ],
        [
          217.84210526315786,
          134.89473684210526
        ],
        [
          281.0,
          135.94736842105263
        ]
      ]
    ],
    "開戸": [
      [
        309.42105263157896,
        385.4210526315789,
        401.0,
        469.6315789473684
      ],
      [
        272.57894736842104,
        59.10526315789473,
        322.0526315789473,
        132.78947368421052
      ],
      [
        163.7272727272727,
        585.6060606060606,
        235.73684210526312,
        682.2631578947368
      ],
      [
        396.7894736842105,
        547.5263157894736,
        471.52631578947364,
        625.421052631579
      ]
    ],
    "引戸": [
      [
        558.8947368421052,
        587.0239234449759,
        704.6363636363636,
        629.5454545454545
      ],
      [
        89.95534290271132,
        431.8245614035087,
        233.42424242424244,
        469.6969696969697
      ]
    ]
  }
}