{
  "labels": {
    "廊下": [
      [
        [
          134.86206896551724,
          148.0689655172414
        ],
        [
          135.02439024390242,
          183.58536585365852
        ],
        [
          352.0975609756097,
          184.80487804878044
        ],
        [
          351.4137931034483,
          107.37931034482759
        ],
        [
          208.1951219512195,
          104.3170731707317
        ],
        [
          205.89655172413794,
          147.3793103448276
        ]
      ]
    ],
    "浴室": [
      [
        [
          719.170731707317,
          36.02439024390242
        ],
        [
          870.390243902439,
          36.02439024390242
        ],
        [
          870.390243902439,
          177.48780487804873
        ],
        [
          719.170731707317,
          177.48780487804873
        ]
      ]
    ],
    "LDK": [
      [
        [
          239.90243902439022,
          184.80487804878044
        ],
        [
          867.951219512195,
          184.80487804878044
        ],
        [
          867.951219512195,
          483.58536585365846
        ],
        [
          239.90243902439022,
          483.58536585365846
        ]
      ]
    ],
    "開戸": [
      [
        250.65475781518373,
        160.22535211267606,
        313.7887323943662,
        247.08588114050153
      ]
    ],
    "折戸": [
      [
        700.8780487804878,
        111.6341463414634,
        760.6341463414634,
        182.36585365853654
      ],
      [
        327.2142857142857,
        41.261904761904766,
        376.61904761904765,
        101.38095238095238
      ],
      [
        68.88095238095238,
        236.5,
        167.6904761904762,
        275.1904761904762
      ]
    ],
    "引戸": [
      [
        499.6585365853658,
        160.9047619047619,
        643.2857142857143,
        203.09756097560972
      ],
      [
        798.047619047619,
        262.6904761904762,
        832.8028169014085,
        474.30985915492965
      ],
      [
        556.9761904761905,
        44.833333333333336,
        594.1354679802956,
        176.3448275862069
      ],
      [
        457.4507042253521,
        89.09859154929578,
        567.8489558037883,
        134.43613404565323
      ],
      [
        225.42857142857144,
        188.8809523809524,
        264.7142857142857,
        472.80952380952385
      ]
    ]
  }
}