{
  "labels": {
    "LDK": [
      [
        [
          68.62162162162161,
          297.97297297297297
        ],
        [
          490.91891891891896,
          296.6216216216216
        ],
        [
          490.91891891891896,
          464.8648648648649
        ],
        [
          68.62162162162161,
          462.1621621621622
        ]
      ]
    ],
    "浴室": [
      [
        [
          401.72972972972974,
          35.13513513513514
        ],
        [
          488.21621621621625,
          34.45945945945946
        ],
        [
          488.21621621621625,
          100.67567567567568
        ],
        [
          401.05405405405406,
          97.97297297297297
        ]
      ]
    ],
    "開戸": [
      [
        337.5405405405405,
        121.62162162162163,
        385.51351351351354,
        164.86486486486487
      ]
    ],
    "引戸": [
      [
        299.695652173913,
        122.82608695652173,
        333.4864864864865,
        220.94594594594594
      ],
      [
        369.95828437132786,
        164.3213866039953,
        395.89130434782606,
        245.65217391304347
      ],
      [
        388.0546415981198,
        282.021151586369,
        488.28260869565213,
        305.4347826086956
      ]
    ]
  }
}