{
  "labels": {
    "洋室": [
      [
        [
          494.5054945054945,
          239.01098901098902
        ],
        [
          492.30769230769226,
          323.6263736263736
        ],
        [
          868.1318681318681,
          329.1208791208791
        ],
        [
          868.1318681318681,
          48.90109890109889
        ],
        [
          563.7362637362637,
          50.0
        ],
        [
          567.032967032967,
          231.31868131868129
        ]
      ],
      [
        [
          40.65934065934066,
          281.86813186813185
        ],
        [
          40.65934065934066,
          697.2527472527472
        ],
        [
          406.5934065934066,
          702.7472527472527
        ],
        [
          404.3956043956044,
          331.3186813186813
        ],
        [
          218.6813186813187,
          330.2197802197802
        ],
        [
          224.17582417582418,
          282.96703296703294
        ]
      ],
      [
        [
          407.6923076923077,
          333.5164835164835
        ],
        [
          404.3956043956044,
          699.4505494505494
        ],
        [
          684.6153846153846,
          704.945054945055
        ],
        [
          683.5164835164835,
          398.35164835164835
        ],
        [
          492.30769230769226,
          401.64835164835165
        ],
        [
          495.60439560439556,
          325.8241758241758
        ]
      ]
    ],
    "廊下": [
      [
        [
          221.97802197802196,
          232.41758241758242
        ],
        [
          497.8021978021978,
          232.41758241758242
        ],
        [
          497.8021978021978,
          330.2197802197802
        ],
        [
          221.97802197802196,
          330.2197802197802
        ]
      ]
    ],
    "開戸": [
      [
        468.3516483516483,
        246.57142857142856,
        577.3809523809523,
        318.20512820512823
      ],
      [
        414.5238095238095,
        302.0879120879121,
        489.96336996337,
        409.4285714285714
      ],
      [
        323.9560439560439,
        302.82051282051276,
        398.33333333333326,
        412.2857142857143
      ],
      [
        231.66666666666663,
        211.02564102564102,
        307.32600732600736,
        318.95238095238096
      ]
    ],
    "折戸": [
      [
        503.36996336996344,
        375.05494505494505,
        669.7619047619047,
        446.57142857142856
      ],
      [
        543.6630036630036,
        64.66666666666666,
        611.6666666666666,
        230.0
      ]
    ],
    "引戸": [
      [
        67.85714285714286,
        260.85714285714283,
        214.52380952380952,
        309.4285714285714
      ]
    ]
  }
}