{
  "labels": {
    "廊下": [
      [
        [
          140.23364485981307,
          142.92523364485982
        ],
        [
          140.23364485981307,
          282.1775700934579
        ],
        [
          245.84112149532706,
          280.30841121495325
        ],
        [
          243.9719626168224,
          414.8878504672897
        ],
        [
          316.86915887850466,
          416.75700934579436
        ],
        [
          315.93457943925233,
          210.21495327102804
        ],
        [
          215.0,
          210.21495327102804
        ],
        [
          215.0,
          140.1214953271028
        ]
      ]
    ],
    "洋室": [
      [
        [
          178.55140186915884,
          350.40186915887847
        ],
        [
          177.6168224299065,
          418.626168224299
        ],
        [
          35.560747663551396,
          415.822429906542
        ],
        [
          38.364485981308405,
          701.8037383177569
        ],
        [
          247.71028037383178,
          701.8037383177569
        ],
        [
          244.90654205607473,
          349.46728971962614
        ]
      ],
      [
        [
          215.0,
          39.18691588785047
        ],
        [
          490.70093457943926,
          39.18691588785047
        ],
        [
          490.70093457943926,
          209.28037383177568
        ],
        [
          215.0,
          209.28037383177568
        ]
      ],
      [
        [
          248.6448598130841,
          418.626168224299
        ],
        [
          494.4392523364486,
          418.626168224299
        ],
        [
          494.4392523364486,
          701.8037383177569
        ],
        [
          248.6448598130841,
          701.8037383177569
        ]
      ]
    ],
    "開戸": [
      [
        251.4485981308411,
        395.4912280701754,
        309.7192982456139,
        474.7009345794392
      ],
      [
        189.54385964912274,
        349.8771929824561,
        270.09919658960473,
        418.74094113789147
      ],
      [
        220.0,
        153.38596491228068,
        276.38596491228066,
        231.33333333333334
      ],
      [
        129.01869158878503,
        143.85981308411215,
        205.65420560747663,
        201.803738317757
      ]
    ],
    "折戸": [
      [
        340.0,
        183.11214953271028,
        467.3364485981308,
        235.33333333333334
      ],
      [
        340.23364485981307,
        397.24561403508767,
        415.8596491228069,
        444.7943925233645
      ],
      [
        45.84112149532709,
        394.61403508771923,
        170.24561403508767,
        449.46728971962614
      ],
      [
        151.33333333333331,
        116.66666666666667,
        206.0,
        168.0
      ]
    ]
  }
}