{
  "labels": {
    "洋室": [
      [
        [
          10.389830508474574,
          133.93220338983053
        ],
        [
          109.54237288135596,
          133.08474576271186
        ],
        [
          109.11864406779665,
          261.47457627118644
        ],
        [
          10.81355932203391,
          261.8983050847458
        ]
      ],
      [
        [
          202.7627118644068,
          133.08474576271186
        ],
        [
          108.27118644067798,
          133.08474576271186
        ],
        [
          108.27118644067798,
          223.33898305084745
        ],
        [
          204.0338983050848,
          222.49152542372883
        ]
      ],
      [
        [
          202.7627118644068,
          132.66101694915255
        ],
        [
          290.8983050847458,
          131.38983050847457
        ],
        [
          292.5932203389831,
          222.06779661016952
        ],
        [
          203.61016949152543,
          222.91525423728814
        ]
      ]
    ],
    "廊下": [
      [
        [
          84.11864406779662,
          108.9322033898305
        ],
        [
          132.0,
          108.5084745762712
        ],
        [
          132.84745762711867,
          84.35593220338984
        ],
        [
          193.0169491525424,
          83.08474576271186
        ],
        [
          193.864406779661,
          94.9491525423729
        ],
        [
          218.864406779661,
          96.22033898305085
        ],
        [
          218.864406779661,
          83.08474576271186
        ],
        [
          243.4406779661017,
          84.35593220338984
        ],
        [
          243.86440677966107,
          133.08474576271186
        ],
        [
          84.96610169491527,
          133.5084745762712
        ]
      ]
    ],
    "折戸": [
      [
        243.68714486911762,
        123.71050458938373,
        288.8452722063037,
        142.40687679083095
      ],
      [
        112.06896216793746,
        144.9491525423729,
        156.7535816618911,
        163.6103151862464
      ],
      [
        33.56986061871693,
        125.4697683453936,
        83.1862464183381,
        146.9914040114613
      ]
    ],
    "開戸": [
      [
        204.0460395318343,
        123.94847263367492,
        227.59885386819485,
        155.01432664756447
      ],
      [
        174.87679083094554,
        123.49570200573065,
        200.7326987518819,
        154.9328832985285
      ],
      [
        85.3898305084746,
        120.37288135593221,
        109.96610169491527,
        156.38983050847457
      ]
    ],
    "引戸": [
      [
        86.26647564469914,
        101.71919770773638,
        130.39255014326648,
        117.19197707736389
      ]
    ]
  }
}