{
  "labels": {
    "洋室": [
      [
        [
          30.54901960784312,
          76.47058823529412
        ],
        [
          353.09803921568624,
          76.47058823529412
        ],
        [
          353.09803921568624,
          275.4901960784314
        ],
        [
          30.54901960784312,
          275.4901960784314
        ]
      ],
      [
        [
          98.19607843137254,
          267.6470588235294
        ],
        [
          288.3921568627451,
          267.6470588235294
        ],
        [
          288.3921568627451,
          528.4313725490196
        ],
        [
          98.19607843137254,
          528.4313725490196
        ]
      ],
      [
        [
          95.25490196078431,
          593.1372549019608
        ],
        [
          353.09803921568624,
          593.1372549019608
        ],
        [
          353.09803921568624,
          783.3333333333334
        ],
        [
          95.25490196078431,
          783.3333333333334
        ]
      ]
    ],
    "廊下": [
      [
        [
          284.4705882352941,
          276.4705882352941
        ],
        [
          352.11764705882354,
          276.4705882352941
        ],
        [
          352.11764705882354,
          593.1372549019608
        ],
        [
          284.4705882352941,
          593.1372549019608
        ]
      ]
    ],
    "開戸": [
      [
        304.47887323943655,
        340.071803369235,
        372.8450704225353,
        392.2535211267606
      ]
    ],
    "折戸": [
      [
        328.7401270367302,
        119.01408450704226,
        372.14084507042253,
        238.73239436619716
      ],
      [
        103.98100586087321,
        504.2253521126761,
        219.32394366197184,
        540.2121881616497
      ],
      [
        329.5686274509804,
        661.2676056338029,
        374.9577464788732,
        775.4901960784314
      ],
      [
        272.8301574150787,
        534.5070422535211,
        310.87323943661977,
        584.4103838718586
      ]
    ],
    "引戸": [
      [
        270.02816901408454,
        277.02292184479427,
        304.4988186197798,
        390.84507042253523
      ],
      [
        241.15492957746483,
        251.40077940409338,
        348.92715333394693,
        290.14084507042253
      ],
      [
        229.887323943662,
        570.4225352112676,
        345.3802816901409,
        608.4507042253522
      ]
    ]
  }
}