{
  "labels": {
    "浴室": [
      [
        [
          55.58139534883719,
          72.09302325581395
        ],
        [
          145.50387596899225,
          73.64341085271317
        ],
        [
          147.05426356589146,
          160.46511627906978
        ],
        [
          57.90697674418601,
          158.13953488372093
        ]
      ]
    ],
    "LDK": [
      [
        [
          152.48062015503876,
          70.54263565891473
        ],
        [
          241.62790697674416,
          72.86821705426357
        ],
        [
          241.62790697674416,
          49.61240310077519
        ],
        [
          375.7364341085271,
          51.93798449612403
        ],
        [
          377.2868217054263,
          403.1007751937984
        ],
        [
          152.48062015503876,
          396.8992248062015
        ]
      ]
    ],
    "廊下": [
      [
        [
          105.19379844961242,
          403.87596899224803
        ],
        [
          190.46511627906978,
          405.4263565891473
        ],
        [
          189.68992248062017,
          455.8139534883721
        ],
        [
          104.41860465116275,
          453.48837209302326
        ]
      ]
    ],
    "折戸": [
      [
        151.70542635658916,
        67.44186046511628,
        243.95348837209303,
        92.24806201550388
      ],
      [
        172.63565891472865,
        400.0,
        203.64341085271315,
        441.08527131782944
      ],
      [
        230.0,
        451.1627906976744,
        260.23255813953483,
        538.7596899224806
      ]
    ],
    "開戸": [
      [
        100.54263565891472,
        122.48062015503875,
        149.37984496124028,
        178.29457364341084
      ],
      [
        141.62790697674416,
        355.8139534883721,
        195.89147286821702,
        418.6046511627907
      ]
    ],
    "引戸": [
      [
        59.53164556962025,
        233.81012658227846,
        143.82592483563923,
        259.3268570307133
      ],
      [
        133.87596899224803,
        247.28682170542635,
        165.2278481012658,
        339.50632911392404
      ],
      [
        62.063291139240505,
        289.50632911392404,
        150.1550387596899,
        318.6046511627907
      ],
      [
        242.40310077519382,
        387.67539986262386,
        374.08860759493666,
        417.98734177215186
      ]
    ]
  }
}