{
  "labels": {
    "LDK": [
      [
        [
          12.637362637362637,
          69.32967032967032
        ],
        [
          14.285714285714285,
          306.1428571428571
        ],
        [
          303.8461538461538,
          307.79120879120876
        ],
        [
          303.2967032967033,
          365.4835164835165
        ],
        [
          394.5054945054945,
          367.13186813186815
        ],
        [
          395.05494505494505,
          132.5164835164835
        ],
        [
          367.5824175824176,
          131.96703296703296
        ],
        [
          363.1868131868132,
          72.07692307692307
        ]
      ]
    ],
    "廊下": [
      [
        [
          304.3956043956044,
          10.538461538461533
        ],
        [
          361.53846153846155,
          10.538461538461533
        ],
        [
          361.53846153846155,
          73.17582417582418
        ],
        [
          304.3956043956044,
          73.17582417582418
        ]
      ]
    ],
    "開戸": [
      [
        313.1934156378601,
        23.175824175824175,
        357.1428571428571,
        94.23868312757202
      ]
    ],
    "引戸": [
      [
        79.12087912087912,
        56.8,
        185.39999999999998,
        81.42197802197805
      ],
      [
        20.87912087912088,
        59.43956043956044,
        65.38461538461539,
        84.16483516483515
      ]
    ]
  }
}