{
  "labels": {
    "LDK": [
      [
        [
          497.8461538461538,
          77.46153846153845
        ],
        [
          567.0769230769231,
          77.46153846153845
        ],
        [
          570.9230769230769,
          619.0
        ],
        [
          350.9230769230769,
          618.2307692307692
        ],
        [
          353.23076923076917,
          182.84615384615384
        ],
        [
          497.8461538461538,
          182.07692307692307
        ]
      ]
    ],
    "浴室": [
      [
        [
          187.8461538461538,
          79.0
        ],
        [
          304.0,
          78.23076923076923
        ],
        [
          304.0,
          182.84615384615384
        ],
        [
          188.61538461538458,
          182.07692307692307
        ]
      ]
    ],
    "廊下": [
      [
        [
          257.0769230769231,
          235.9230769230769
        ],
        [
          350.9230769230769,
          235.9230769230769
        ],
        [
          350.9230769230769,
          291.3076923076923
        ],
        [
          255.53846153846155,
          289.0
        ]
      ],
      [
        [
          350.1538461538462,
          454.38461538461536
        ],
        [
          270.9230769230769,
          455.9230769230769
        ],
        [
          269.38461538461536,
          506.6923076923077
        ],
        [
          239.38461538461536,
          508.2307692307692
        ],
        [
          238.61538461538458,
          551.3076923076923
        ],
        [
          353.23076923076917,
          552.0769230769231
        ]
      ]
    ],
    "開戸": [
      [
        263.4146341463414,
        130.48780487804876,
        319.7504690431519,
        180.69793621013133
      ],
      [
        297.1801125703564,
        457.37711069418384,
        366.4634146341463,
        507.31707317073165
      ]
    ],
    "折戸": [
      [
        306.98161350844276,
        162.16923076923078,
        352.8585365853659,
        198.0
      ],
      [
        308.17035647279545,
        226.26679174484053,
        349.99999999999994,
        257.92682926829264
      ],
      [
        195.8461538461538,
        426.2,
        240.39999999999998,
        458.8
      ]
    ],
    "引戸": [
      [
        350.21538461538466,
        169.9230769230769,
        445.6,
        195.3076923076923
      ],
      [
        418.0,
        78.8,
        449.99999999999994,
        178.04878048780486
      ],
      [
        227.60000000000002,
        278.8,
        319.6,
        309.73846153846154
      ],
      [
        330.79999999999995,
        294.8,
        367.0769230769231,
        453.6153846153846
      ]
    ]
  }
}