{
  "labels": {
    "廊下": [
      [
        [
          223.2258064516129,
          289.8709677419355
        ],
        [
          221.93548387096774,
          362.7741935483871
        ],
        [
          283.22580645161287,
          364.06451612903226
        ],
        [
          285.80645161290323,
          469.22580645161287
        ],
        [
          342.5806451612903,
          473.09677419354836
        ],
        [
          341.93548387096774,
          288.5806451612903
        ]
      ]
    ],
    "洋室": [
      [
        [
          41.935483870967744,
          107.93548387096774
        ],
        [
          223.8709677419355,
          107.93548387096774
        ],
        [
          223.8709677419355,
          351.1612903225806
        ],
        [
          41.935483870967744,
          351.1612903225806
        ]
      ],
      [
        [
          224.51612903225805,
          107.93548387096774
        ],
        [
          462.5806451612903,
          107.93548387096774
        ],
        [
          462.5806451612903,
          291.1612903225806
        ],
        [
          224.51612903225805,
          291.1612903225806
        ]
      ]
    ],
    "開戸": [
      [
        167.45901639344262,
        295.2296844702979,
        240.90957165520888,
        346.448087431694
      ],
      [
        228.7361184558434,
        236.61202185792348,
        277.2950819672131,
        306.90957165520894
      ],
      [
        230.8231976026794,
        318.0327868852459,
        269.6448087431694,
        374.69028732592983
      ],
      [
        313.3606557377049,
        355.13097126740706,
        356.2876784769963,
        401.09289617486337
      ]
    ],
    "折戸": [
      [
        346.95222986074384,
        261.74863387978144,
        456.53005464480873,
        303.6767142605323
      ]
    ],
    "引戸": [
      [
        57.07650273224044,
        333.3333333333333,
        163.08743169398906,
        361.2021857923497
      ]
    ]
  }
}