{
  "labels": {
    "浴室": [
      [
        [
          430.75862068965523,
          110.3448275862069
        ],
        [
          498.0,
          112.06896551724138
        ],
        [
          498.0,
          175.86206896551727
        ],
        [
          430.75862068965523,
          175.0
        ]
      ]
    ],
    "LDK": [
      [
        [
          360.9310344827586,
          197.41379310344828
        ],
        [
          392.8275862068966,
          197.41379310344828
        ],
        [
          393.68965517241384,
          181.0344827586207
        ],
        [
          499.72413793103453,
          180.17241379310346
        ],
        [
          500.58620689655174,
          502.58620689655174
        ],
        [
          357.48275862068965,
          503.448275862069
        ]
      ]
    ],
    "廊下": [
      [
        [
          323.0,
          183.6206896551724
        ],
        [
          300.58620689655174,
          237.0689655172414
        ],
        [
          323.0,
          238.79310344827587
        ],
        [
          323.8620689655173,
          354.3103448275862
        ],
        [
          354.896551724138,
          355.1724137931035
        ],
        [
          355.75862068965523,
          184.48275862068968
        ]
      ]
    ],
    "開戸": [
      [
        256.59154929577466,
        383.80281690140845,
        290.2413793103449,
        425.86206896551727
      ],
      [
        360.0689655172414,
        191.3793103448276,
        397.1379310344828,
        218.1034482758621
      ],
      [
        316.9655172413793,
        288.7931034482759,
        354.896551724138,
        324.1379310344828
      ]
    ],
    "引戸": [
      [
        345.32394366197184,
        213.38028169014086,
        369.9718309859155,
        283.80281690140845
      ],
      [
        417.13550267119956,
        115.32297231665859,
        443.2112676056338,
        178.16901408450704
      ],
      [
        285.9310344827586,
        385.3448275862069,
        357.48275862068965,
        403.448275862069
      ],
      [
        349.72413793103453,
        394.82758620689657,
        367.8275862068966,
        504.3103448275862
      ],
      [
        345.7294803302574,
        324.05293831957266,
        370.67605633802816,
        394.3661971830986
      ],
      [
        324.72413793103453,
        168.96551724137933,
        393.2112676056338,
        192.25352112676057
      ]
    ]
  }
}