{
  "labels": {
    "洋室": [
      [
        [
          41.623188405797094,
          173.65217391304344
        ],
        [
          394.52173913043475,
          169.30434782608694
        ],
        [
          395.24637681159413,
          124.37681159420288
        ],
        [
          574.231884057971,
          125.10144927536228
        ],
        [
          575.6811594202898,
          431.623188405797
        ],
        [
          42.3478260869565,
          435.9710144927536
        ]
      ]
    ],
    "廊下": [
      [
        [
          572.7826086956521,
          124.37681159420288
        ],
        [
          751.0434782608695,
          123.65217391304347
        ],
        [
          751.0434782608695,
          211.33333333333331
        ],
        [
          573.5072463768115,
          214.231884057971
        ]
      ]
    ],
    "開戸": [
      [
        495.24637681159413,
        125.82608695652172,
        597.4202898550724,
        214.231884057971
      ]
    ],
    "引戸": [
      [
        128.27748364995327,
        143.56119588913108,
        310.1378955492667,
        188.17065431781148
      ]
    ]
  }
}