{
  "labels": {
    "洋室": [
      [
        [
          977.8181818181819,
          166.0909090909091
        ],
        [
          1210.7727272727273,
          167.22727272727272
        ],
        [
          1213.0454545454545,
          399.04545454545456
        ],
        [
          1150.5454545454545,
          399.04545454545456
        ],
        [
          1153.9545454545455,
          569.5
        ],
        [
          1093.7272727272727,
          568.3636363636364
        ],
        [
          1090.3181818181818,
          455.8636363636364
        ],
        [
          975.5454545454545,
          454.72727272727275
        ]
      ],
      [
        [
          890.2807192807192,
          453.6283716283717
        ],
        [
          981.1898101898101,
          453.6283716283717
        ],
        [
          978.9170829170829,
          163.85564435564444
        ],
        [
          968.6898101898101,
          163.85564435564444
        ]
      ]
    ],
    "開戸": [
      [
        1148.2727272727273,
        514.9545454545455,
        1226.6818181818182,
        575.1818181818181
      ]
    ],
    "引戸": [
      [
        1131.4895104895104,
        405.2767232767234,
        1163.032967032967,
        510.63736263736257
      ],
      [
        958.6498501498501,
        287.2447552447552,
        991.6043956043956,
        396.35164835164835
      ]
    ]
  }
}