{
  "labels": {
    "LDK": [
      [
        [
          72.81818181818181,
          175.84848484848482
        ],
        [
          62.212121212121204,
          645.5454545454545
        ],
        [
          769.7878787878788,
          651.6060606060605
        ],
        [
          778.8787878787879,
          360.69696969696963
        ],
        [
          687.9696969696969,
          371.30303030303025
        ],
        [
          677.3636363636364,
          84.93939393939394
        ],
        [
          441.0,
          86.45454545454544
        ],
        [
          448.57575757575756,
          174.33333333333331
        ]
      ]
    ],
    "廊下": [
      [
        [
          689.4848484848485,
          269.78787878787875
        ],
        [
          680.3939393939394,
          371.30303030303025
        ],
        [
          1060.6969696969697,
          369.78787878787875
        ],
        [
          1057.6666666666665,
          422.81818181818176
        ],
        [
          1242.5151515151515,
          421.30303030303025
        ],
        [
          1244.030303030303,
          272.81818181818176
        ]
      ]
    ],
    "浴室": [
      [
        [
          1056.151515151515,
          80.39393939393938
        ],
        [
          1244.030303030303,
          80.39393939393938
        ],
        [
          1244.030303030303,
          269.78787878787875
        ],
        [
          1056.151515151515,
          269.78787878787875
        ]
      ]
    ],
    "折戸": [
      [
        364.8332227383322,
        154.51470913514703,
        440.87591240875906,
        213.13868613138683
      ],
      [
        1031.3868613138686,
        178.10218978102188,
        1116.058394160584,
        259.1240875912409
      ]
    ],
    "引戸": [
      [
        80.84737889847378,
        154.74452554744525,
        243.06569343065692,
        197.9564255695642
      ],
      [
        689.772395487724,
        337.956204379562,
        832.8467153284671,
        378.98938287989375
      ],
      [
        707.2992700729926,
        257.6666666666667,
        844.9150630391506,
        305.10948905109484
      ],
      [
        879.0557398805572,
        241.6058394160584,
        1051.0948905109487,
        284.9393939393939
      ],
      [
        757.5560716655607,
        372.0993143109932,
        800.7299270072992,
        640.8759124087591
      ],
      [
        878.1021897810218,
        350.3649635036496,
        1053.2846715328467,
        391.970802919708
      ]
    ],
    "開戸": [
      [
        982.4817518248175,
        565.6934306569343,
        1089.7810218978102,
        637.956204379562
      ]
    ]
  }
}