{
  "labels": {
    "洋室": [
      [
        [
          244.0677966101695,
          191.98305084745763
        ],
        [
          399.5762711864407,
          193.2542372881356
        ],
        [
          400.8474576271187,
          297.0677966101695
        ],
        [
          244.49152542372883,
          296.22033898305085
        ]
      ],
      [
        [
          435.1694915254238,
          73.33898305084746
        ],
        [
          573.728813559322,
          74.61016949152543
        ],
        [
          576.271186440678,
          191.135593220339
        ],
        [
          433.47457627118644,
          191.98305084745763
        ]
      ],
      [
        [
          575.8474576271187,
          297.0677966101695
        ],
        [
          400.42372881355936,
          296.64406779661016
        ],
        [
          400.8474576271187,
          191.98305084745763
        ],
        [
          574.5762711864407,
          192.40677966101697
        ]
      ]
    ],
    "廊下": [
      [
        [
          322.4576271186441,
          124.18644067796612
        ],
        [
          320.3389830508475,
          192.83050847457628
        ],
        [
          433.8983050847458,
          191.98305084745763
        ],
        [
          434.7457627118644,
          160.6271186440678
        ],
        [
          400.42372881355936,
          159.77966101694915
        ],
        [
          400.0,
          135.20338983050848
        ],
        [
          366.52542372881356,
          135.20338983050848
        ],
        [
          366.10169491525426,
          122.91525423728814
        ]
      ]
    ],
    "引戸": [
      [
        250.32275132275132,
        109.72486772486772,
        312.2881355932204,
        134.35593220338984
      ],
      [
        324.9259259259259,
        110.78306878306879,
        364.1960362299345,
        136.47906017397545
      ]
    ],
    "開戸": [
      [
        370.95767195767195,
        127.18518518518516,
        398.94404089319346,
        160.736974262398
      ],
      [
        366.7248677248677,
        176.39153439153438,
        400.42372881355936,
        222.91525423728814
      ],
      [
        402.11864406779665,
        176.3050847457627,
        434.3220338983051,
        222.49152542372883
      ],
      [
        421.6101694915254,
        161.47233431979197,
        474.1322751322751,
        190.67724867724866
      ]
    ],
    "折戸": [
      [
        447.2446417361672,
        77.78477266612862,
        474.1322751322751,
        141.47089947089947
      ],
      [
        410.6985920545242,
        230.8562460765851,
        442.38624338624334,
        294.38095238095235
      ],
      [
        360.05963590709354,
        230.64326069410816,
        390.005291005291,
        295.9682539682539
      ]
    ]
  }
}