{
  "labels": {
    "洋室": [
      [
        [
          100.05128205128204,
          126.15384615384615
        ],
        [
          249.79487179487182,
          127.17948717948717
        ],
        [
          248.25641025641028,
          212.82051282051282
        ],
        [
          103.12820512820514,
          210.25641025641025
        ]
      ],
      [
        [
          250.30769230769232,
          127.17948717948718
        ],
        [
          338.5128205128205,
          127.6923076923077
        ],
        [
          340.05128205128204,
          269.2307692307692
        ],
        [
          250.82051282051282,
          270.2564102564103
        ]
      ],
      [
        [
          132.87179487179486,
          291.28205128205127
        ],
        [
          170.82051282051282,
          291.28205128205127
        ],
        [
          171.84615384615387,
          272.3076923076923
        ],
        [
          339.53846153846155,
          272.3076923076923
        ],
        [
          340.05128205128204,
          368.71794871794873
        ],
        [
          131.84615384615387,
          368.71794871794873
        ]
      ]
    ],
    "廊下": [
      [
        [
          39.53846153846155,
          191.7948717948718
        ],
        [
          98.51282051282053,
          190.76923076923077
        ],
        [
          98.0,
          214.8717948717949
        ],
        [
          207.74358974358972,
          215.8974358974359
        ],
        [
          208.25641025641028,
          234.35897435897436
        ],
        [
          249.79487179487182,
          233.33333333333334
        ],
        [
          250.30769230769232,
          268.20512820512823
        ],
        [
          173.8974358974359,
          268.20512820512823
        ],
        [
          173.38461538461542,
          250.25641025641025
        ],
        [
          76.46153846153845,
          249.74358974358975
        ],
        [
          58.0,
          212.30769230769232
        ],
        [
          40.051282051282044,
          212.30769230769232
        ]
      ]
    ],
    "開戸": [
      [
        139.53846153846155,
        224.6153846153846,
        171.84615384615387,
        259.4871794871795
      ],
      [
        211.33333333333331,
        229.74358974358975,
        249.28205128205127,
        253.33333333333334
      ]
    ],
    "引戸": [
      [
        240.90097629009767,
        205.58309194292463,
        256.69874476987445,
        268.2008368200837
      ],
      [
        173.0069735006973,
        260.84969423881563,
        235.77824267782427,
        281.5899581589958
      ],
      [
        142.8406823302221,
        203.92661731573867,
        211.51046025104603,
        221.7573221757322
      ]
    ]
  }
}