{
  "labels": {
    "LDK": [
      [
        [
          89.87845303867402,
          53.591160220994475
        ],
        [
          93.19337016574585,
          225.41436464088397
        ],
        [
          72.75138121546962,
          224.30939226519337
        ],
        [
          72.1988950276243,
          374.585635359116
        ],
        [
          219.16022099447514,
          376.2430939226519
        ],
        [
          219.16022099447514,
          244.7513812154696
        ],
        [
          247.33701657458562,
          245.3038674033149
        ],
        [
          247.33701657458562,
          53.03867403314917
        ]
      ]
    ],
    "浴室": [
      [
        [
          16.950276243093924,
          15.469613259668508
        ],
        [
          90.98342541436463,
          15.469613259668508
        ],
        [
          90.98342541436463,
          92.81767955801105
        ],
        [
          16.950276243093924,
          92.81767955801105
        ]
      ]
    ],
    "廊下": [
      [
        [
          18.607734806629836,
          319.3370165745856
        ],
        [
          73.30386740331491,
          319.3370165745856
        ],
        [
          73.30386740331491,
          374.585635359116
        ],
        [
          18.607734806629836,
          374.585635359116
        ]
      ]
    ],
    "開戸": [
      [
        62.78756476683941,
        330.939226519337,
        104.79558011049724,
        358.5492227979275
      ],
      [
        95.20831979200526,
        43.38502673796791,
        125.62032085561498,
        85.10059975773333
      ],
      [
        58.240641711229955,
        139.6417112299465,
        87.56090314913843,
        180.57040998217468
      ],
      [
        43.58229352346996,
        195.89067142008318,
        79.63101604278074,
        222.52941176470586
      ]
    ],
    "折戸": [
      [
        48.614973262032066,
        75.7792418825893,
        87.70396194640583,
        103.81283422459893
      ],
      [
        61.449197860962556,
        228.17679558011048,
        89.87845303867402,
        277.60962566844916
      ],
      [
        58.12435233160625,
        396.8911917098446,
        84.54922279792748,
        429.5336787564767
      ],
      [
        21.336787564766837,
        154.9222797927461,
        49.83419689119171,
        175.12953367875647
      ],
      [
        20.272727272727252,
        179.74866310160428,
        53.411265966584466,
        203.67681693496993
      ]
    ],
    "引戸": [
      [
        81.77005347593581,
        136.2694300518135,
        103.20207253886014,
        201.13903743315507
      ],
      [
        78.68691464531565,
        361.0320855614973,
        215.45989304812832,
        386.304876056855
      ]
    ]
  }
}