{
  "labels": {
    "洋室": [
      [
        [
          114.91411042944785,
          222.08588957055213
        ],
        [
          268.9018404907975,
          222.69938650306747
        ],
        [
          268.2883435582822,
          450.30674846625766
        ],
        [
          115.52760736196319,
          449.6932515337423
        ]
      ],
      [
        [
          269.5153374233129,
          260.12269938650303
        ],
        [
          460.9263803680981,
          260.7361963190184
        ],
        [
          459.0858895705521,
          451.5337423312883
        ],
        [
          268.9018404907975,
          450.30674846625766
        ]
      ],
      [
        [
          306.93865030674846,
          69.93865030674846
        ],
        [
          460.31288343558276,
          70.5521472392638
        ],
        [
          460.9263803680981,
          258.8957055214724
        ],
        [
          307.5521472392638,
          259.5092024539877
        ]
      ]
    ],
    "廊下": [
      [
        [
          192.21472392638034,
          144.78527607361963
        ],
        [
          231.47852760736197,
          145.39877300613495
        ],
        [
          230.25153374233128,
          158.28220858895705
        ],
        [
          270.1288343558282,
          158.28220858895705
        ],
        [
          270.1288343558282,
          165.03067484662574
        ],
        [
          308.1656441717791,
          166.25766871165644
        ],
        [
          308.1656441717791,
          258.8957055214724
        ],
        [
          268.9018404907975,
          260.12269938650303
        ],
        [
          270.1288343558282,
          222.08588957055213
        ],
        [
          192.8282208588957,
          222.08588957055213
        ]
      ]
    ],
    "開戸": [
      [
        296.38554216867465,
        187.14859437751002,
        341.36546184738955,
        218.07228915662648
      ],
      [
        265.83435582822085,
        247.8527607361963,
        310.0061349693251,
        297.5460122699386
      ],
      [
        219.2085889570552,
        203.06748466257667,
        270.7423312883435,
        258.282208588957
      ],
      [
        197.99196787148594,
        131.32530120481925,
        222.89156626506022,
        169.0763052208835
      ]
    ],
    "引戸": [
      [
        350.2008032128514,
        210.8433734939759,
        454.61847389558227,
        233.73493975903614
      ],
      [
        350.6024096385542,
        286.7469879518072,
        456.62650602409633,
        308.83534136546183
      ]
    ],
    "折戸": [
      [
        310.3535368467736,
        289.1467711336142,
        340.1606425702811,
        312.85140562248995
      ],
      [
        140.1606425702811,
        213.65461847389557,
        168.2730923694779,
        236.54618473895582
      ]
    ]
  }
}