{
  "labels": {
    "廊下": [
      [
        [
          774.3589743589744,
          291.3162393162393
        ],
        [
          774.3589743589744,
          384.4786324786325
        ],
        [
          941.0256410256411,
          384.4786324786325
        ],
        [
          940.2857142857142,
          340.57142857142856
        ],
        [
          1032.4786324786326,
          340.8888888888889
        ],
        [
          1031.7142857142856,
          246.28571428571422
        ],
        [
          855.9999999999999,
          244.85714285714278
        ],
        [
          855.9999999999999,
          290.57142857142856
        ]
      ]
    ],
    "浴室": [
      [
        [
          340.2857142857143,
          37.714285714285666
        ],
        [
          513.1428571428571,
          37.714285714285666
        ],
        [
          513.1428571428571,
          211.99999999999994
        ],
        [
          340.2857142857143,
          211.99999999999994
        ]
      ]
    ],
    "LDK": [
      [
        [
          75.70695970695957,
          289.43589743589746
        ],
        [
          771.4212454212452,
          289.43589743589746
        ],
        [
          771.4212454212452,
          645.150183150183
        ],
        [
          75.70695970695957,
          645.150183150183
        ]
      ]
    ],
    "開戸": [
      [
        432.8009768009768,
        128.92307692307693,
        530.7692307692308,
        189.16727716727712
      ]
    ],
    "折戸": [
      [
        600.5787545787546,
        260.046398046398,
        742.7350427350427,
        317.8119658119658
      ],
      [
        732.7737226277371,
        40.87591240875912,
        772.9197080291971,
        104.37956204379562
      ]
    ],
    "引戸": [
      [
        866.8669108669108,
        230.63247863247864,
        1022.2222222222223,
        275.6752136752136
      ],
      [
        751.7142857142857,
        209.17948717948718,
        785.9999999999999,
        376.32234432234435
      ],
      [
        101.15262515262515,
        261.4017094017094,
        318.8034188034188,
        309.6923076923077
      ],
      [
        520.5128205128206,
        183.62393162393164,
        676.923076923077,
        229.77777777777777
      ]
    ]
  }
}