{
  "labels": {
    "洋室": [
      [
        [
          163.23529411764707,
          169.41176470588235
        ],
        [
          307.94117647058823,
          169.41176470588235
        ],
        [
          307.94117647058823,
          207.05882352941177
        ],
        [
          270.88235294117646,
          207.05882352941177
        ],
        [
          270.88235294117646,
          276.47058823529414
        ],
        [
          163.8235294117647,
          275.88235294117646
        ]
      ],
      [
        [
          309.11764705882354,
          241.76470588235296
        ],
        [
          414.4117647058823,
          241.76470588235296
        ],
        [
          414.4117647058823,
          384.70588235294116
        ],
        [
          307.3529411764706,
          383.5294117647059
        ]
      ]
    ],
    "廊下": [
      [
        [
          309.70588235294116,
          98.23529411764706
        ],
        [
          377.3529411764706,
          98.82352941176471
        ],
        [
          376.7647058823529,
          166.47058823529412
        ],
        [
          340.88235294117646,
          167.64705882352942
        ],
        [
          342.05882352941177,
          240.58823529411765
        ],
        [
          310.88235294117646,
          240.58823529411765
        ]
      ]
    ],
    "開戸": [
      [
        273.2352941176471,
        169.41176470588235,
        320.29411764705884,
        201.76470588235296
      ],
      [
        276.7647058823529,
        207.64705882352942,
        319.70588235294116,
        240.0
      ],
      [
        309.3204868154158,
        230.18255578093306,
        340.0,
        270.3448275862069
      ]
    ],
    "引戸": [
      [
        370.3861386138613,
        99.990099009901,
        388.838089691322,
        167.80430984274898
      ],
      [
        297.1188118811881,
        99.990099009901,
        317.38206173558535,
        167.43156668608037
      ],
      [
        167.25152129817445,
        264.68559837728196,
        227.58620689655174,
        287.9310344827586
      ]
    ]
  }
}