{
  "labels": {
    "引戸": [
      [
        269.5714285714285,
        468.99999999999994,
        312.31034482758633,
        573.0640394088674
      ],
      [
        407.42857142857133,
        147.57142857142856,
        488.8571428571428,
        182.57142857142856
      ]
    ],
    "折戸": [
      [
        303.8571428571428,
        501.8571428571429,
        485.2857142857142,
        539.7142857142857
      ]
    ],
    "開戸": [
      [
        276.12807881773404,
        163.2857142857143,
        335.2857142857142,
        244.7142857142857
      ],
      [
        279.5714285714285,
        116.85714285714285,
        332.87684729064034,
        160.256157635468
      ]
    ]
  }
}