{
  "labels": {
    "浴室": [
      [
        [
          85.9230769230769,
          425.0
        ],
        [
          177.26923076923077,
          426.9230769230769
        ],
        [
          176.30769230769232,
          510.57692307692304
        ],
        [
          87.84615384615381,
          511.53846153846155
        ]
      ]
    ],
    "LDK": [
      [
        [
          424.38461538461536,
          374.03846153846155
        ],
        [
          562.8461538461538,
          372.1153846153846
        ],
        [
          561.8846153846154,
          418.2692307692308
        ],
        [
          586.8846153846154,
          419.2307692307692
        ],
        [
          587.8461538461538,
          514.4230769230769
        ],
        [
          544.5769230769231,
          516.3461538461538
        ],
        [
          543.6153846153846,
          705.7692307692307
        ],
        [
          183.03846153846155,
          709.6153846153846
        ],
        [
          181.11538461538458,
          420.1923076923077
        ],
        [
          378.23076923076917,
          418.2692307692308
        ],
        [
          378.23076923076917,
          438.46153846153845
        ],
        [
          426.30769230769226,
          440.38461538461536
        ]
      ]
    ],
    "廊下": [
      [
        [
          546.5,
          614.4230769230769
        ],
        [
          585.9230769230769,
          616.3461538461538
        ],
        [
          587.8461538461538,
          706.7307692307692
        ],
        [
          548.4230769230769,
          704.8076923076923
        ]
      ],
      [
        [
          168.61538461538458,
          375.96153846153845
        ],
        [
          273.4230769230769,
          375.96153846153845
        ],
        [
          274.38461538461536,
          419.2307692307692
        ],
        [
          170.53846153846155,
          421.15384615384613
        ]
      ]
    ],
    "引戸": [
      [
        529.0,
        608.0,
        562.0,
        705.0
      ],
      [
        168.61538461538458,
        626.9230769230769,
        195.0,
        710.0
      ],
      [
        575.3225806451613,
        208.06451612903226,
        659.0,
        235.0
      ],
      [
        551.0,
        222.0,
        584.0,
        322.0
      ]
    ],
    "折戸": [
      [
        582.0769230769231,
        514.4230769230769,
        615.7307692307692,
        609.6153846153846
      ],
      [
        554.1923076923076,
        370.1923076923077,
        576.3076923076923,
        415.38461538461536
      ],
      [
        228.23076923076923,
        32.69230769230769,
        258.03846153846155,
        76.92307692307692
      ]
    ],
    "開戸": [
      [
        326.6178660049627,
        403.6290322580645,
        374.51612903225805,
        442.741935483871
      ],
      [
        297.46153846153845,
        369.2307692307692,
        339.8387096774194,
        415.3225806451613
      ],
      [
        153.23076923076923,
        371.15384615384613,
        212.8461538461538,
        417.3076923076923
      ],
      [
        134.96153846153845,
        472.1153846153846,
        180.15384615384613,
        524.0384615384615
      ],
      [
        272.46153846153845,
        95.1923076923077,
        330.1538461538462,
        155.76923076923077
      ]
    ]
  }
}