{
  "labels": {
    "洋室": [
      [
        [
          73.54585152838428,
          75.9825327510917
        ],
        [
          74.85589519650654,
          151.52838427947597
        ],
        [
          173.9825327510917,
          151.52838427947597
        ],
        [
          173.9825327510917,
          76.85589519650655
        ]
      ],
      [
        [
          147.34497816593887,
          174.235807860262
        ],
        [
          146.03493449781658,
          273.7991266375546
        ],
        [
          271.3624454148472,
          274.67248908296943
        ],
        [
          270.0524017467249,
          175.54585152838428
        ]
      ],
      [
        [
          198.0,
          100.43668122270742
        ],
        [
          268.3056768558952,
          102.62008733624454
        ],
        [
          268.3056768558952,
          173.7991266375546
        ],
        [
          198.0,
          172.92576419213972
        ]
      ]
    ],
    "廊下": [
      [
        [
          173.10917030567686,
          125.76419213973799
        ],
        [
          196.25327510917032,
          126.2008733624454
        ],
        [
          197.12663755458516,
          173.36244541484717
        ],
        [
          75.29257641921396,
          173.7991266375546
        ],
        [
          73.9825327510917,
          149.7816593886463
        ],
        [
          173.54585152838428,
          150.65502183406113
        ]
      ]
    ],
    "折戸": [
      [
        143.5768031095542,
        78.39147751811507,
        162.74725274725273,
        124.45054945054945
      ],
      [
        167.41758241758242,
        201.9230769230769,
        185.02672872978548,
        233.99755266567493
      ],
      [
        167.98176495993087,
        238.11843178655405,
        185.54945054945054,
        270.05494505494505
      ],
      [
        198.3383079802294,
        95.69677047842985,
        221.26373626373626,
        111.53846153846153
      ]
    ],
    "開戸": [
      [
        146.66176470588232,
        166.91176470588235,
        175.72925764192138,
        195.19650655021834
      ],
      [
        175.70588235294116,
        119.11764705882352,
        195.37991266375548,
        143.23144104803492
      ],
      [
        192.7598253275109,
        150.65502183406113,
        218.52401746724888,
        172.92576419213972
      ],
      [
        149.010989010989,
        129.67032967032966,
        173.13235294117646,
        155.88235294117646
      ]
    ]
  }
}