{
  "labels": {
    "洋室": [
      [
        [
          40.60283687943263,
          34.04255319148936
        ],
        [
          185.2836879432624,
          34.04255319148936
        ],
        [
          182.44680851063833,
          135.46099290780143
        ],
        [
          234.92907801418443,
          136.8794326241135
        ],
        [
          234.2198581560284,
          264.5390070921986
        ],
        [
          38.47517730496455,
          265.95744680851067
        ]
      ],
      [
        [
          384.57446808510645,
          100.0
        ],
        [
          511.5248226950355,
          101.41843971631207
        ],
        [
          508.6879432624114,
          472.34042553191495
        ],
        [
          310.81560283687946,
          475.177304964539
        ],
        [
          312.9432624113475,
          207.80141843971631
        ],
        [
          381.73758865248226,
          206.38297872340428
        ]
      ],
      [
        [
          139.1843971631206,
          276.59574468085106
        ],
        [
          302.30496453900713,
          275.88652482269504
        ],
        [
          303.72340425531917,
          476.5957446808511
        ],
        [
          37.76595744680853,
          475.88652482269504
        ],
        [
          37.76595744680853,
          329.7872340425532
        ],
        [
          139.8936170212766,
          329.7872340425532
        ]
      ]
    ],
    "廊下": [
      [
        [
          244.8581560283688,
          97.1631205673759
        ],
        [
          306.5602836879433,
          98.58156028368795
        ],
        [
          305.8510638297873,
          266.6666666666667
        ],
        [
          245.56737588652487,
          265.95744680851067
        ]
      ]
    ],
    "開戸": [
      [
        284.439183372279,
        206.82982822941008,
        371.7225433526012,
        269.9421965317919
      ],
      [
        239.9715082195712,
        246.27967039724513,
        309.29479768786126,
        334.6820809248555
      ],
      [
        179.23699421965318,
        204.04624277456648,
        261.4612798753741,
        271.55331447546405
      ]
    ],
    "折戸": [
      [
        380.39306358381504,
        73.41040462427746,
        513.6524822695036,
        127.65957446808511
      ],
      [
        162.535358504489,
        32.62411347517731,
        209.29479768786132,
        133.52601156069363
      ],
      [
        35.30635838150289,
        301.7341040462428,
        134.92907801418443,
        353.9007092198582
      ]
    ]
  }
}