{
  "labels": {
    "LDK": [
      [
        [
          97.96296296296293,
          217.28395061728395
        ],
        [
          99.19753086419752,
          451.85185185185185
        ],
        [
          246.72839506172835,
          406.1728395061728
        ],
        [
          244.25925925925924,
          217.9012345679012
        ]
      ],
      [
        [
          427.5925925925925,
          181.48148148148147
        ],
        [
          279.4444444444444,
          182.71604938271605
        ],
        [
          279.4444444444444,
          233.9506172839506
        ],
        [
          315.8641975308642,
          234.5679012345679
        ],
        [
          317.71604938271605,
          384.5679012345679
        ],
        [
          459.69135802469134,
          338.88888888888886
        ],
        [
          457.8395061728395,
          199.3827160493827
        ],
        [
          427.5925925925925,
          198.76543209876542
        ]
      ]
    ],
    "浴室": [
      [
        [
          349.8148148148148,
          104.93827160493827
        ],
        [
          421.41975308641975,
          104.93827160493827
        ],
        [
          422.6543209876543,
          180.86419753086417
        ],
        [
          350.4320987654321,
          180.2469135802469
        ]
      ]
    ],
    "廊下": [
      [
        [
          243.02469135802465,
          180.86419753086417
        ],
        [
          278.2098765432098,
          182.09876543209876
        ],
        [
          281.29629629629625,
          264.8148148148148
        ],
        [
          244.25925925925924,
          264.8148148148148
        ]
      ]
    ],
    "折戸": [
      [
        125.38869598765427,
        220.22087191358023,
        151.953125,
        282.421875
      ],
      [
        121.484375,
        367.1875,
        149.48688271604937,
        401.8132716049382
      ],
      [
        124.21875,
        407.89930555555554,
        152.93981481481478,
        441.015625
      ],
      [
        268.3333333333333,
        233.82523148148147,
        285.9375,
        268.359375
      ],
      [
        429.6923076923076,
        311.53846153846155,
        455.33333333333326,
        337.1794871794872
      ],
      [
        281.6153846153846,
        201.28205128205127,
        311.7435897435897,
        227.56410256410257
      ]
    ],
    "引戸": [
      [
        231.04552469135797,
        283.88792438271605,
        252.734375,
        357.8125
      ],
      [
        340.234375,
        116.40625,
        363.3564814814814,
        175.40991512345678
      ],
      [
        287.7199074074074,
        171.50366512345678,
        350.065586419753,
        199.28144290123456
      ],
      [
        246.484375,
        166.40625,
        279.4685570987654,
        194.6952160493827
      ]
    ],
    "開戸": [
      [
        219.921875,
        217.96875,
        274.71836419753083,
        263.93229166666663
      ]
    ]
  }
}