{
  "labels": {
    "洋室": [
      [
        [
          99.5440414507772,
          30.145077720207254
        ],
        [
          171.04663212435236,
          30.145077720207254
        ],
        [
          172.08290155440415,
          148.7979274611399
        ],
        [
          104.72538860103629,
          149.05699481865287
        ],
        [
          104.72538860103629,
          126.51813471502592
        ],
        [
          99.80310880829018,
          126.77720207253887
        ]
      ],
      [
        [
          6.538860103626945,
          55.53367875647669
        ],
        [
          78.30051813471502,
          55.53367875647669
        ],
        [
          79.07772020725389,
          107.60621761658032
        ],
        [
          6.538860103626945,
          107.60621761658032
        ]
      ],
      [
        [
          6.538860103626945,
          108.12435233160622
        ],
        [
          99.28497409326425,
          107.0880829015544
        ],
        [
          99.0259067357513,
          126.77720207253887
        ],
        [
          104.98445595854923,
          126.25906735751295
        ],
        [
          104.46632124352331,
          196.20725388601036
        ],
        [
          7.0569948186528535,
          196.20725388601036
        ]
      ]
    ],
    "廊下": [
      [
        [
          78.559585492228,
          28.590673575129536
        ],
        [
          99.5440414507772,
          29.3678756476684
        ],
        [
          99.0259067357513,
          107.34715025906735
        ],
        [
          78.30051813471502,
          107.34715025906735
        ]
      ]
    ],
    "折戸": [
      [
        11.477331606217618,
        120.59543856402667,
        40.63392857142857,
        137.05357142857142
      ],
      [
        43.673390081421175,
        119.39956513693562,
        72.99999999999999,
        136.83035714285714
      ],
      [
        101.34821428571428,
        41.51785714285714,
        133.0631939304219,
        56.964331976313844
      ],
      [
        136.16043671354552,
        41.651600666173216,
        167.6428571428571,
        57.14285714285714
      ],
      [
        23.59335677276094,
        9.854552183567726,
        43.75892857142857,
        35.26785714285714
      ]
    ],
    "開戸": [
      [
        78.81865284974094,
        102.42487046632125,
        98.50777202072538,
        129.62694300518135
      ],
      [
        93.37037379718728,
        58.54302368615839,
        119.42857142857142,
        76.78571428571428
      ]
    ],
    "引戸": [
      [
        69.38466876387861,
        31.420753145817912,
        86.16964285714283,
        56.47321428571428
      ]
    ]
  }
}