{
  "labels": {
    "洋室": [
      [
        [
          219.4736842105263,
          185.52631578947367
        ],
        [
          220.52631578947367,
          345.52631578947364
        ],
        [
          339.4736842105263,
          343.9473684210526
        ],
        [
          340.0,
          212.89473684210523
        ],
        [
          258.4210526315789,
          216.05263157894734
        ],
        [
          258.4210526315789,
          183.94736842105263
        ]
      ],
      [
        [
          24.210526315789473,
          106.57894736842104
        ],
        [
          25.789473684210524,
          231.84210526315786
        ],
        [
          101.57894736842104,
          232.36842105263156
        ],
        [
          101.57894736842104,
          265.0
        ],
        [
          141.05263157894737,
          263.4210526315789
        ],
        [
          141.57894736842104,
          106.57894736842104
        ]
      ],
      [
        [
          142.6315789473684,
          27.105263157894733
        ],
        [
          300.0,
          27.105263157894733
        ],
        [
          300.0,
          186.57894736842104
        ],
        [
          142.6315789473684,
          186.57894736842104
        ]
      ]
    ],
    "廊下": [
      [
        [
          143.15789473684208,
          182.36842105263156
        ],
        [
          219.99999999999997,
          182.36842105263156
        ],
        [
          219.99999999999997,
          265.52631578947364
        ],
        [
          143.15789473684208,
          265.52631578947364
        ]
      ]
    ],
    "開戸": [
      [
        146.72016460905348,
        152.2633744855967,
        178.81893004115227,
        196.29629629629628
      ],
      [
        103.68421052631578,
        229.21810699588477,
        154.12757201646087,
        260.7894736842105
      ],
      [
        209.68312757201642,
        184.99999999999997,
        252.6315789473684,
        222.63374485596705
      ]
    ],
    "折戸": [
      [
        26.555555555555543,
        215.52631578947367,
        105.26315789473684,
        245.26748971193413
      ],
      [
        265.65020576131684,
        202.880658436214,
        337.36842105263156,
        233.4210526315789
      ]
    ]
  }
}