{
  "labels": {
    "LDK": [
      [
        [
          153.15789473684208,
          696.9473684210526
        ],
        [
          1134.7368421052633,
          702.2105263157895
        ],
        [
          1129.4736842105262,
          802.2105263157895
        ],
        [
          1342.6315789473683,
          802.2105263157895
        ],
        [
          1347.8947368421054,
          1928.5263157894738
        ],
        [
          950.5263157894738,
          1939.0526315789473
        ],
        [
          950.5263157894738,
          1891.6842105263158
        ],
        [
          547.8947368421052,
          1889.0526315789473
        ],
        [
          553.1578947368421,
          1949.578947368421
        ],
        [
          163.68421052631584,
          1946.9473684210527
        ]
      ]
    ],
    "廊下": [
      [
        [
          734.7368421052633,
          391.6842105263158
        ],
        [
          1140.0,
          391.6842105263158
        ],
        [
          1140.0,
          494.31578947368416
        ],
        [
          1340.0,
          499.57894736842104
        ],
        [
          1347.8947368421054,
          681.1578947368421
        ],
        [
          740.0,
          678.5263157894736
        ]
      ]
    ],
    "浴室": [
      [
        [
          547.8947368421052,
          1883.7894736842104
        ],
        [
          945.2631578947367,
          1883.7894736842104
        ],
        [
          942.6315789473683,
          2278.5263157894738
        ],
        [
          545.2631578947369,
          2278.5263157894738
        ]
      ]
    ],
    "開戸": [
      [
        949.5135135135133,
        630.6486486486486,
        1128.9758179231867,
        864.4438122332858
      ],
      [
        1167.162162162162,
        430.64864864864865,
        1355.7894736842104,
        649.578947368421
      ]
    ],
    "折戸": [
      [
        1059.0611664295875,
        992.4665718349929,
        1186.0810810810813,
        1284.7027027027027
      ],
      [
        877.6244665718355,
        2070.062588904694,
        1005.0,
        2263.0810810810813
      ]
    ],
    "引戸": [
      [
        964.3954480796583,
        1874.8278805120908,
        1310.4054054054054,
        2009.027027027027
      ]
    ]
  }
}