{
  "labels": {
    "洋室": [
      [
        [
          706.978021978022,
          396.4835164835165
        ],
        [
          1015.7692307692307,
          396.4835164835165
        ],
        [
          1011.3736263736264,
          621.7582417582418
        ],
        [
          627.8571428571428,
          625.054945054945
        ],
        [
          626.7582417582418,
          549.2307692307692
        ],
        [
          708.0769230769231,
          549.2307692307692
        ]
      ],
      [
        [
          706.978021978022,
          12.967032967032964
        ],
        [
          1012.4725274725274,
          14.065934065934044
        ],
        [
          1009.1758241758241,
          244.83516483516485
        ],
        [
          705.8791208791208,
          244.83516483516485
        ]
      ],
      [
        [
          324.5604395604396,
          12.967032967032964
        ],
        [
          632.2527472527472,
          14.065934065934044
        ],
        [
          631.1538461538461,
          475.60439560439556
        ],
        [
          323.46153846153845,
          472.30769230769226
        ]
      ]
    ],
    "廊下": [
      [
        [
          320.16483516483515,
          472.30769230769226
        ],
        [
          632.2527472527472,
          474.5054945054944
        ],
        [
          632.2527472527472,
          148.13186813186815
        ],
        [
          704.7802197802198,
          149.23076923076923
        ],
        [
          710.2747252747251,
          550.3296703296703
        ],
        [
          324.5604395604396,
          548.1318681318681
        ]
      ]
    ],
    "引戸": [
      [
        862.4123295144572,
        379.09506663549223,
        992.9078014184398,
        421.8794326241135
      ],
      [
        678.4153846153846,
        283.3054945054945,
        721.8,
        418.0
      ],
      [
        302.6,
        415.6,
        345.8,
        547.6
      ],
      [
        687.9978021978022,
        405.3714285714285,
        745.1406593406595,
        548.2285714285714
      ],
      [
        325.0,
        206.8,
        629.8,
        267.6
      ]
    ],
    "開戸": [
      [
        686.4574078403864,
        169.50978099914272,
        774.468085106383,
        236.77304964539007
      ],
      [
        628.9560439560439,
        120.9788792767516,
        698.581560283688,
        221.17021276595747
      ],
      [
        564.5390070921986,
        174.36170212765958,
        651.6742108954876,
        238.52002182214946
      ],
      [
        561.8,
        251.60000000000002,
        638.1252747252747,
        320.15824175824173
      ]
    ],
    "折戸": [
      [
        773.1303094069052,
        15.842880523731594,
        817.0212765957447,
        165.85106382978725
      ],
      [
        516.3120567375887,
        313.36879432624113,
        570.2127659574469,
        472.9432624113475
      ],
      [
        516.3120567375887,
        20.46099290780142,
        567.3758865248227,
        159.468085106383
      ]
    ]
  }
}