{
  "labels": {
    "洋室": [
      [
        [
          73.8627450980392,
          69.01960784313725
        ],
        [
          154.25490196078428,
          69.01960784313725
        ],
        [
          154.25490196078428,
          117.6470588235294
        ],
        [
          173.078431372549,
          118.4313725490196
        ],
        [
          173.078431372549,
          141.17647058823528
        ],
        [
          73.47058823529412,
          140.39215686274508
        ]
      ],
      [
        [
          173.078431372549,
          118.4313725490196
        ],
        [
          190.7254901960784,
          118.8235294117647
        ],
        [
          191.9019607843137,
          68.23529411764706
        ],
        [
          271.1176470588235,
          69.01960784313725
        ],
        [
          270.3333333333333,
          140.7843137254902
        ],
        [
          174.6470588235294,
          141.17647058823528
        ]
      ],
      [
        [
          147.98039215686273,
          167.84313725490193
        ],
        [
          294.6470588235294,
          167.05882352941174
        ],
        [
          295.0392156862745,
          239.6078431372549
        ],
        [
          147.19607843137254,
          239.21568627450978
        ]
      ]
    ],
    "廊下": [
      [
        [
          124.84313725490193,
          144.70588235294116
        ],
        [
          271.9019607843137,
          143.92156862745097
        ],
        [
          271.9019607843137,
          163.52941176470586
        ],
        [
          124.84313725490193,
          163.13725490196077
        ]
      ]
    ],
    "開戸": [
      [
        113.48562300319486,
        146.3471778487753,
        140.93660339535174,
        166.3471778487753
      ],
      [
        148.37254901960782,
        121.56862745098037,
        171.56869009584665,
        153.35463258785944
      ],
      [
        173.8627450980392,
        120.78431372549018,
        197.7667731629393,
        151.75718849840257
      ],
      [
        171.5098039215686,
        156.8627450980392,
        197.39215686274508,
        189.41176470588232
      ]
    ],
    "折戸": [
      [
        184.05882352941174,
        70.19607843137254,
        204.84313725490193,
        119.21568627450979
      ],
      [
        142.88235294117644,
        70.19607843137254,
        158.96078431372547,
        118.4313725490196
      ],
      [
        142.09803921568624,
        179.6078431372549,
        160.52941176470586,
        227.05882352941174
      ]
    ]
  }
}