{
  "labels": {
    "廊下": [
      [
        [
          277.936170212766,
          281.2695035460993
        ],
        [
          278.64539007092196,
          508.9290780141844
        ],
        [
          343.1843971631206,
          510.34751773049646
        ],
        [
          342.4751773049645,
          318.8581560283688
        ],
        [
          412.6879432624114,
          317.43971631205676
        ],
        [
          411.97872340425533,
          281.97872340425533
        ]
      ]
    ],
    "浴室": [
      [
        [
          485.0283687943263,
          210.34751773049646
        ],
        [
          485.0283687943263,
          259.9929078014185
        ],
        [
          553.113475177305,
          262.12056737588654
        ],
        [
          554.5319148936171,
          209.63829787234044
        ]
      ]
    ],
    "開戸": [
      [
        138.27472527472526,
        267.032967032967,
        182.99033590522959,
        309.1979580702985
      ],
      [
        411.2695035460994,
        334.4609929078014,
        446.02127659574467,
        379.8510638297873
      ],
      [
        326.1631205673759,
        333.0425531914894,
        372.26241134751774,
        371.3404255319149
      ],
      [
        321.19858156028374,
        453.6099290780142,
        375.0992907801419,
        494.74468085106383
      ],
      [
        243.43379315719744,
        465.1873587405503,
        286.07692307692304,
        500.0
      ],
      [
        242.47517730496452,
        333.0425531914894,
        292.1205673758866,
        369.92198581560285
      ],
      [
        289.9230769230769,
        270.3296703296703,
        328.29078014184404,
        319.5673758865248
      ],
      [
        332.93578053152527,
        280.79019561998285,
        381.1318681318681,
        317.032967032967
      ]
    ],
    "引戸": [
      [
        154.6722001402853,
        268.07489673447117,
        179.4835164835165,
        373.6263736263736
      ],
      [
        219.1470588235294,
        386.5,
        242.24050896954532,
        451.24760116812683
      ],
      [
        70.27503701971793,
        357.25734549138804,
        133.32967032967034,
        389.56043956043953
      ]
    ],
    "折戸": [
      [
        481.13186813186815,
        217.58241758241758,
        509.5315252123763,
        262.82978723404256
      ]
    ]
  }
}