{
  "labels": {
    "LDK": [
      [
        [
          65.17647058823529,
          37.23529411764706
        ],
        [
          62.23529411764706,
          266.6470588235294
        ],
        [
          12.235294117647058,
          267.8235294117647
        ],
        [
          10.470588235294116,
          443.70588235294116
        ],
        [
          238.11764705882354,
          446.05882352941177
        ],
        [
          239.29411764705884,
          292.5294117647059
        ],
        [
          264.5882352941177,
          292.5294117647059
        ],
        [
          264.5882352941177,
          49.588235294117645
        ],
        [
          216.3529411764706,
          50.1764705882353
        ],
        [
          215.76470588235293,
          39.588235294117645
        ]
      ]
    ],
    "廊下": [
      [
        [
          262.2352941176471,
          191.94117647058823
        ],
        [
          262.2352941176471,
          341.94117647058823
        ],
        [
          341.05882352941177,
          344.88235294117646
        ],
        [
          340.47058823529414,
          296.05882352941177
        ],
        [
          311.64705882352945,
          294.88235294117646
        ],
        [
          313.4117647058824,
          241.3529411764706
        ],
        [
          327.5294117647059,
          240.76470588235296
        ],
        [
          326.94117647058823,
          193.7058823529412
        ]
      ]
    ],
    "浴室": [
      [
        [
          314.0,
          91.3529411764706
        ],
        [
          415.7647058823529,
          91.3529411764706
        ],
        [
          415.7647058823529,
          192.52941176470588
        ],
        [
          314.0,
          192.52941176470588
        ]
      ]
    ],
    "開戸": [
      [
        300.3728813559322,
        302.82485875706215,
        360.2598870056497,
        341.80790960451975
      ],
      [
        305.45762711864404,
        97.82352941176471,
        362.2352941176471,
        141.24293785310735
      ],
      [
        252.91525423728814,
        299.0,
        291.64705882352945,
        338.9830508474576
      ],
      [
        218.8753738783649,
        40.385842472582254,
        259.12994350282486,
        71.75141242937853
      ]
    ],
    "引戸": [
      [
        253.41176470588238,
        193.7058823529412,
        268.70588235294116,
        291.94117647058823
      ],
      [
        251.17514124293785,
        66.17514124293785,
        279.4104353605849,
        163.82220006646725
      ],
      [
        268.73446327683615,
        331.638418079096,
        360.82485875706215,
        355.36723163841805
      ]
    ]
  }
}