{
  "labels": {
    "浴室": [
      [
        [
          622.4137931034483,
          159.34482758620692
        ],
        [
          708.0459770114943,
          159.91954022988506
        ],
        [
          707.471264367816,
          229.45977011494256
        ],
        [
          620.6896551724138,
          228.31034482758622
        ]
      ]
    ],
    "廊下": [
      [
        [
          387.35632183908046,
          120.83908045977012
        ],
        [
          619.5402298850574,
          120.26436781609195
        ],
        [
          618.3908045977012,
          164.51724137931035
        ],
        [
          390.2298850574713,
          164.51724137931035
        ]
      ]
    ],
    "引戸": [
      [
        374.99999999999994,
        92.7222222222222,
        402.3148148148148,
        165.87037037037038
      ],
      [
        405.55555555555554,
        106.14814814814812,
        483.3333333333333,
        130.68518518518516
      ],
      [
        505.01773049645385,
        106.11071710007877,
        577.7029156816391,
        129.25886524822693
      ],
      [
        407.4074074074074,
        153.37037037037035,
        485.6481481481481,
        181.6111111111111
      ]
    ],
    "開戸": [
      [
        579.8850574712644,
        122.5632183908046,
        635.6321839080459,
        159.91954022988506
      ],
      [
        625.0,
        148.27777777777777,
        664.9425287356322,
        197.85057471264366
      ]
    ]
  }
}