{
  "labels": {
    "浴室": [
      [
        [
          12.285714285714285,
          390.42857142857133
        ],
        [
          11.392857142857142,
          518.9999999999999
        ],
        [
          139.07142857142856,
          520.7857142857142
        ],
        [
          139.07142857142856,
          392.21428571428567
        ]
      ]
    ],
    "廊下": [
      [
        [
          9.607142857142856,
          262.74999999999994
        ],
        [
          9.607142857142856,
          327.9285714285714
        ],
        [
          264.96428571428567,
          331.49999999999994
        ],
        [
          263.1785714285714,
          264.5357142857142
        ]
      ],
      [
        [
          580.1428571428571,
          187.74999999999994
        ],
        [
          577.4642857142857,
          266.32142857142856
        ],
        [
          703.3571428571428,
          267.21428571428567
        ],
        [
          703.3571428571428,
          230.60714285714283
        ]
      ]
    ],
    "LDK": [
      [
        [
          202.4642857142857,
          10.071428571428555
        ],
        [
          197.10714285714283,
          264.5357142857142
        ],
        [
          327.46428571428567,
          263.6428571428571
        ],
        [
          327.46428571428567,
          516.3214285714286
        ],
        [
          578.3571428571428,
          518.1071428571428
        ],
        [
          577.4642857142857,
          11.857142857142833
        ]
      ]
    ],
    "開戸": [
      [
        233.12466307277626,
        275.62893081761007,
        283.2767295597484,
        322.99820305480677
      ],
      [
        17.867924528301884,
        41.0377358490566,
        134.8490566037736,
        108.33333333333331
      ]
    ],
    "引戸": [
      [
        118.49685534591194,
        400.78616352201254,
        153.71698113207546,
        508.33333333333326
      ],
      [
        22.270440251572325,
        312.10691823899367,
        131.0754716981132,
        346.6981132075471
      ],
      [
        144.2830188679245,
        310.8490566037736,
        253.71698113207546,
        347.95597484276726
      ],
      [
        180.76100628930817,
        81.91823899371069,
        219.75471698113208,
        260.5345911949685
      ],
      [
        139.02439024390242,
        247.95597484276726,
        257.49056603773585,
        291.1463414634146
      ],
      [
        566.75,
        144.81132075471697,
        606.5471698113207,
        260.96428571428567
      ],
      [
        649.314465408805,
        93.86792452830188,
        760.0062893081761,
        135.37735849056602
      ]
    ]
  }
}