{
  "labels": {
    "LDK": [
      [
        [
          78.97297297297297,
          14.864864864864863
        ],
        [
          313.65765765765764,
          16.216216216216214
        ],
        [
          311.40540540540536,
          132.43243243243242
        ],
        [
          485.7297297297297,
          132.88288288288288
        ],
        [
          485.7297297297297,
          370.27027027027026
        ],
        [
          75.36936936936935,
          370.7207207207207
        ]
      ]
    ],
    "浴室": [
      [
        [
          485.2792792792792,
          250.45045045045043
        ],
        [
          602.3963963963963,
          251.8018018018018
        ],
        [
          601.9459459459459,
          370.7207207207207
        ],
        [
          486.63063063063055,
          369.81981981981977
        ]
      ]
    ],
    "廊下": [
      [
        [
          428.5225225225225,
          14.864864864864863
        ],
        [
          486.1801801801802,
          15.315315315315313
        ],
        [
          487.08108108108104,
          73.87387387387386
        ],
        [
          509.6036036036036,
          74.32432432432432
        ],
        [
          508.7027027027027,
          132.88288288288288
        ],
        [
          310.9549549549549,
          131.98198198198196
        ],
        [
          312.7567567567567,
          73.87387387387386
        ],
        [
          428.5225225225225,
          73.42342342342342
        ]
      ]
    ],
    "引戸": [
      [
        340.9928876244665,
        57.07043075464128,
        424.29149797570847,
        91.90283400809716
      ]
    ],
    "開戸": [
      [
        316.75427654375017,
        78.59539701644965,
        365.58704453441294,
        146.96356275303643
      ],
      [
        467.4272166903745,
        138.77338877338877,
        541.7004048582995,
        188.663967611336
      ],
      [
        276.41206030150755,
        314.62311557788945,
        328.1708542713568,
        364.3718592964824
      ]
    ],
    "折戸": [
      [
        498.4225845278477,
        238.36853047379364,
        546.9635627530364,
        281.37651821862346
      ]
    ]
  }
}