{
  "labels": {
    "LDK": [
      [
        [
          422.87387387387383,
          22.342342342342334
        ],
        [
          426.027027027027,
          227.2972972972973
        ],
        [
          353.9549549549549,
          156.57657657657657
        ],
        [
          141.79279279279277,
          157.47747747747746
        ],
        [
          141.34234234234233,
          20.090090090090087
        ]
      ]
    ],
    "洋室": [
      [
        [
          17.918918918918916,
          20.540540540540533
        ],
        [
          140.89189189189187,
          20.540540540540533
        ],
        [
          142.6936936936937,
          156.57657657657657
        ],
        [
          18.369369369369366,
          157.9279279279279
        ]
      ]
    ],
    "廊下": [
      [
        [
          423.77477477477476,
          157.027027027027
        ],
        [
          537.7387387387387,
          158.37837837837836
        ],
        [
          539.09009009009,
          247.56756756756755
        ],
        [
          485.03603603603597,
          247.56756756756755
        ],
        [
          484.58558558558553,
          202.97297297297297
        ],
        [
          426.9279279279279,
          201.6216216216216
        ]
      ]
    ],
    "浴室": [
      [
        [
          426.47747747747746,
          247.11711711711706
        ],
        [
          426.9279279279279,
          202.07207207207205
        ],
        [
          484.58558558558553,
          201.6216216216216
        ],
        [
          485.03603603603597,
          247.11711711711706
        ]
      ]
    ],
    "開戸": [
      [
        119.21927587965322,
        132.59221485636579,
        149.37106918238993,
        154.0880503144654
      ],
      [
        450.1473737888832,
        152.23355430902598,
        468.55345911949684,
        177.35849056603772
      ],
      [
        459.4708482066972,
        81.77630460649328,
        491.50943396226415,
        102.51572327044025
      ]
    ],
    "引戸": [
      [
        492.7701852796191,
        240.47934727180012,
        535.2201257861635,
        254.0880503144654
      ],
      [
        417.2955974842767,
        83.9622641509434,
        433.2342342342342,
        119.84361720210774
      ],
      [
        104.40251572327044,
        116.0377358490566,
        139.29406765255814,
        131.266360700323
      ]
    ],
    "折戸": [
      [
        463.52201257861634,
        237.42138364779873,
        482.66479687234397,
        252.6670066292708
      ],
      [
        530.188679245283,
        249.0566037735849,
        546.7987421383648,
        278.2831888492265
      ]
    ]
  }
}