{
  "labels": {
    "廊下": [
      [
        [
          118.4015748031496,
          311.6456692913386
        ],
        [
          497.14173228346453,
          310.07086614173227
        ],
        [
          498.7165354330708,
          366.76377952755905
        ],
        [
          167.2204724409449,
          369.1259842519685
        ],
        [
          168.00787401574803,
          404.5590551181102
        ],
        [
          117.61417322834646,
          404.5590551181102
        ]
      ]
    ],
    "LDK": [
      [
        [
          349.1102362204724,
          369.9133858267717
        ],
        [
          432.5748031496063,
          369.9133858267717
        ],
        [
          434.14960629921256,
          436.84251968503935
        ],
        [
          347.53543307086613,
          437.6299212598425
        ]
      ]
    ],
    "開戸": [
      [
        104.22834645669292,
        316.7228061424448,
        145.24886877828055,
        347.05882352941177
      ],
      [
        118.87187800619944,
        373.6152420992625,
        148.86877828054298,
        413.1221719457014
      ],
      [
        272.4151850928136,
        359.8125556703602,
        300.4524886877828,
        396.8325791855204
      ],
      [
        269.5826771653543,
        445.3044144368832,
        304.9773755656109,
        471.49321266968326
      ],
      [
        388.4803149606299,
        443.14173228346453,
        428.95927601809956,
        470.13574660633486
      ],
      [
        392.4173228346457,
        479.3622047244094,
        429.4251968503937,
        501.40944881889766
      ],
      [
        437.1994513129298,
        409.63619196921655,
        466.51583710407243,
        449.3212669683258
      ]
    ],
    "折戸": [
      [
        455.1742972173727,
        367.3338440161043,
        481.9004524886878,
        433.0316742081448
      ]
    ],
    "引戸": [
      [
        87.33031674208145,
        176.47058823529412,
        106.50860441087399,
        307.3559340150355
      ],
      [
        255.40944881889766,
        88.81102362204724,
        273.5196850393701,
        306.1338582677165
      ],
      [
        296.8246339117113,
        295.5449103929882,
        361.99095022624437,
        319.00452488687785
      ],
      [
        164.6587451455446,
        295.7800619945131,
        229.41176470588235,
        319.00452488687785
      ]
    ]
  }
}