{
  "labels": {
    "LDK": [
      [
        [
          169.4805194805195,
          134.07792207792207
        ],
        [
          168.83116883116884,
          287.97402597402595
        ],
        [
          478.57142857142856,
          286.67532467532465
        ],
        [
          479.87012987012986,
          95.76623376623377
        ],
        [
          285.7142857142857,
          95.11688311688312
        ],
        [
          287.012987012987,
          134.07792207792207
        ]
      ]
    ],
    "廊下": [
      [
        [
          93.5064935064935,
          91.2207792207792
        ],
        [
          169.4805194805195,
          91.2207792207792
        ],
        [
          169.4805194805195,
          168.49350649350652
        ],
        [
          93.5064935064935,
          168.49350649350652
        ]
      ]
    ],
    "浴室": [
      [
        [
          169.4805194805195,
          13.94805194805194
        ],
        [
          247.4025974025974,
          13.94805194805194
        ],
        [
          247.4025974025974,
          92.51948051948051
        ],
        [
          169.4805194805195,
          92.51948051948051
        ]
      ]
    ],
    "開戸": [
      [
        135.4978354978355,
        65.8008658008658,
        162.98268398268397,
        103.34199134199136
      ],
      [
        291.987012987013,
        62.64935064935065,
        321.42857142857144,
        105.62770562770562
      ]
    ],
    "折戸": [
      [
        237.00865800865802,
        59.74025974025974,
        261.25108225108227,
        82.68398268398268
      ],
      [
        351.2943722943723,
        21.645021645021643,
        375.53679653679654,
        89.17748917748918
      ],
      [
        276.69294271619884,
        91.07359307359307,
        299.61240310077517,
        133.34883720930233
      ]
    ],
    "引戸": [
      [
        158.2207792207792,
        172.6060606060606,
        182.25108225108224,
        278.35497835497836
      ],
      [
        97.18181818181817,
        159.83549783549782,
        167.74891774891773,
        182.6839826839827
      ],
      [
        161.90476190476187,
        98.7012987012987,
        181.16450216450215,
        165.03030303030306
      ],
      [
        45.23376623376623,
        175.75757575757575,
        67.74458874458874,
        243.7229437229437
      ]
    ]
  }
}