{
  "labels": {
    "洋室": [
      [
        [
          11.398963730569948,
          71.26424870466322
        ],
        [
          120.20725388601036,
          71.78238341968913
        ],
        [
          119.94818652849742,
          150.53886010362694
        ],
        [
          12.694300518134716,
          151.05699481865287
        ]
      ],
      [
        [
          123.05699481865285,
          71.26424870466322
        ],
        [
          202.8497409326425,
          70.2279792746114
        ],
        [
          203.3678756476684,
          149.76165803108807
        ],
        [
          123.83419689119171,
          150.7979274611399
        ]
      ],
      [
        [
          234.97409326424872,
          69.19170984455958
        ],
        [
          315.0259067357513,
          69.45077720207254
        ],
        [
          315.0259067357513,
          149.76165803108807
        ],
        [
          235.49222797927462,
          149.50259067357513
        ]
      ]
    ],
    "廊下": [
      [
        [
          96.37305699481865,
          42.5077720207254
        ],
        [
          284.9740932642487,
          41.47150259067358
        ],
        [
          284.9740932642487,
          64.78756476683938
        ],
        [
          96.1139896373057,
          65.30569948186529
        ]
      ]
    ],
    "開戸": [
      [
        93.52331606217616,
        64.01036269430053,
        122.7979274611399,
        94.58031088082902
      ]
    ],
    "引戸": [
      [
        145.48872180451127,
        61.55813776866408,
        205.51378446115288,
        75.54135338345864
      ],
      [
        231.38935421455196,
        61.01972547950187,
        291.4786967418546,
        75.79197994987469
      ],
      [
        280.5878332194122,
        11.320802005012531,
        297.24310776942355,
        67.52130325814535
      ]
    ],
    "折戸": [
      [
        228.49740932642487,
        69.45077720207254,
        248.4455958549223,
        110.12435233160622
      ],
      [
        189.89637305699483,
        110.38341968911917,
        209.84455958549225,
        150.7979274611399
      ]
    ]
  }
}