{
  "labels": {
    "洋室": [
      [
        [
          889.6017699115043,
          134.70796460176987
        ],
        [
          892.2566371681415,
          311.6991150442477
        ],
        [
          1010.8407079646017,
          311.6991150442477
        ],
        [
          1009.9557522123894,
          373.646017699115
        ],
        [
          1169.2477876106193,
          376.30088495575217
        ],
        [
          1169.2477876106193,
          130.28318584070794
        ]
      ],
      [
        [
          929.4247787610618,
          373.646017699115
        ],
        [
          928.5398230088495,
          463.91150442477874
        ],
        [
          881.6371681415928,
          463.91150442477874
        ],
        [
          878.9823008849556,
          552.4070796460177
        ],
        [
          1168.362831858407,
          552.4070796460177
        ],
        [
          1166.5929203539822,
          374.5309734513274
        ]
      ],
      [
        [
          640.0442477876105,
          370.9911504424778
        ],
        [
          929.4247787610618,
          374.5309734513274
        ],
        [
          929.4247787610618,
          464.7964601769911
        ],
        [
          881.6371681415928,
          464.7964601769911
        ],
        [
          882.5221238938052,
          552.4070796460177
        ],
        [
          640.9292035398229,
          550.6371681415928
        ]
      ]
    ],
    "廊下": [
      [
        [
          640.9292035398229,
          204.61946902654864
        ],
        [
          751.5486725663716,
          204.61946902654864
        ],
        [
          752.4336283185839,
          255.06194690265482
        ],
        [
          701.1061946902654,
          253.29203539823004
        ],
        [
          701.9911504424778,
          310.81415929203536
        ],
        [
          1010.8407079646017,
          314.3539823008849
        ],
        [
          1009.0707964601768,
          371.87610619469024
        ],
        [
          643.5840707964601,
          373.646017699115
        ]
      ]
    ],
    "折戸": [
      [
        851.0,
        374.8,
        887.0,
        461.2
      ],
      [
        927.0,
        465.20000000000005,
        956.6,
        545.2
      ]
    ],
    "引戸": [
      [
        651.8,
        190.8,
        748.6,
        221.2
      ],
      [
        1019.8,
        307.6,
        1161.4,
        337.2
      ],
      [
        871.0,
        143.6,
        910.2,
        223.60000000000002
      ],
      [
        729.4,
        354.0,
        831.0,
        394.8
      ],
      [
        899.0,
        296.4,
        1003.0,
        330.8
      ],
      [
        941.4,
        357.2,
        1040.6,
        394.0
      ]
    ],
    "開戸": [
      [
        656.6,
        208.39999999999998,
        721.4,
        248.39999999999998
      ]
    ]
  }
}