{
  "labels": {
    "洋室": [
      [
        [
          167.80645161290317,
          386.2365591397849
        ],
        [
          454.9032258064516,
          386.2365591397849
        ],
        [
          453.82795698924724,
          675.483870967742
        ],
        [
          167.80645161290317,
          675.483870967742
        ]
      ],
      [
        [
          634.4731182795698,
          436.7741935483871
        ],
        [
          778.5591397849462,
          435.6989247311828
        ],
        [
          777.483870967742,
          386.2365591397849
        ],
        [
          885.010752688172,
          386.2365591397849
        ],
        [
          888.236559139785,
          677.6344086021505
        ],
        [
          634.4731182795698,
          675.483870967742
        ]
      ],
      [
        [
          600.0645161290322,
          170.10752688172042
        ],
        [
          885.010752688172,
          170.10752688172042
        ],
        [
          888.236559139785,
          385.1612903225806
        ],
        [
          776.4086021505375,
          388.38709677419354
        ],
        [
          774.258064516129,
          438.92473118279565
        ],
        [
          636.6236559139785,
          438.92473118279565
        ],
        [
          632.3225806451612,
          386.2365591397849
        ],
        [
          594.6881720430107,
          386.2365591397849
        ]
      ]
    ],
    "廊下": [
      [
        [
          453.82795698924724,
          315.26881720430106
        ],
        [
          596.8387096774193,
          318.494623655914
        ],
        [
          596.8387096774193,
          385.1612903225806
        ],
        [
          630.1720430107526,
          385.1612903225806
        ],
        [
          632.3225806451612,
          533.5483870967741
        ],
        [
          450.6021505376343,
          531.3978494623656
        ]
      ]
    ],
    "折戸": [
      [
        779.8260406685829,
        427.8313637815393,
        882.1980198019801,
        470.2970297029703
      ],
      [
        633.6831683168317,
        354.45544554455444,
        775.5356116256785,
        400.21505376344084
      ],
      [
        198.58469072713723,
        372.73714468221016,
        312.8910891089109,
        422.7722772277228
      ]
    ],
    "開戸": [
      [
        620.4626849781752,
        441.89502821249863,
        700.019801980198,
        504.9504950495049
      ],
      [
        392.42052592356004,
        392.2623230064942,
        469.3267326732673,
        463.36633663366337
      ],
      [
        432.3225806451612,
        321.72043010752685,
        514.0430107526881,
        381.93548387096774
      ]
    ]
  }
}