{
  "labels": {
    "洋室": [
      [
        [
          9.317460317460318,
          18.285714285714292
        ],
        [
          14.873015873015873,
          503.20634920634916
        ],
        [
          230.74603174603175,
          502.41269841269843
        ],
        [
          225.984126984127,
          229.39682539682542
        ],
        [
          279.1587301587302,
          231.77777777777777
        ],
        [
          277.57142857142856,
          176.22222222222223
        ],
        [
          237.88888888888889,
          175.42857142857144
        ],
        [
          239.47619047619048,
          13.523809523809518
        ]
      ],
      [
        [
          488.6825396825397,
          121.46031746031747
        ],
        [
          489.4761904761905,
          307.968253968254
        ],
        [
          703.7619047619047,
          307.968253968254
        ],
        [
          701.3809523809524,
          119.87301587301587
        ]
      ]
    ],
    "廊下": [
      [
        [
          275.1904761904762,
          97.97446129289705
        ],
        [
          278.36507936507934,
          232.89509621353196
        ],
        [
          436.3015873015873,
          229.72049303892877
        ],
        [
          436.3015873015873,
          194.0062073246431
        ],
        [
          487.88888888888886,
          190.8316041500399
        ],
        [
          487.0952380952381,
          73.37128668972244
        ],
        [
          502.1746031746032,
          71.78398510242084
        ],
        [
          504.55555555555554,
          10.672873991309743
        ],
        [
          430.74603174603175,
          13.84747716591292
        ],
        [
          427.57142857142856,
          94.79985811829386
        ]
      ]
    ],
    "開戸": [
      [
        279.7173893766073,
        77.9558393189678,
        325.7491354083533,
        143.82885519198368
      ],
      [
        483.1269841269841,
        120.66666666666666,
        536.8715083798883,
        168.94972067039106
      ],
      [
        230.0144541988117,
        180.07519730424758,
        294.41340782122904,
        224.25698324022346
      ]
    ],
    "折戸": [
      [
        471.50837988826817,
        75.13594040968341,
        501.7932960893855,
        115.87709497206704
      ],
      [
        546.8850758180369,
        104.20395495255829,
        695.5307262569833,
        147.72067039106145
      ],
      [
        213.96648044692736,
        19.787709497206702,
        257.6459164671455,
        171.93030061186482
      ],
      [
        443.0167597765363,
        173.16733173716418,
        483.1269841269841,
        208.0558659217877
      ]
    ]
  }
}