{
  "labels": {
    "廊下": [
      [
        [
          332.65346534653463,
          333.6732673267327
        ],
        [
          329.68316831683165,
          486.1485148514852
        ],
        [
          477.2079207920792,
          486.1485148514852
        ],
        [
          477.2079207920792,
          560.4059405940594
        ],
        [
          550.4752475247525,
          562.3861386138614
        ],
        [
          553.4455445544554,
          482.18811881188117
        ],
        [
          625.7832167832169,
          482.51748251748256
        ],
        [
          625.7832167832169,
          507.69230769230774
        ],
        [
          698.990099009901,
          506.94059405940595
        ],
        [
          698.990099009901,
          338.6237623762376
        ]
      ]
    ],
    "洋室": [
      [
        [
          37.603960396039604,
          337.63366336633663
        ],
        [
          33.64356435643565,
          634.6633663366337
        ],
        [
          331.66336633663366,
          629.7128712871287
        ],
        [
          327.7029702970297,
          409.91089108910893
        ],
        [
          184.13861386138615,
          407.9306930693069
        ],
        [
          182.15841584158414,
          333.6732673267327
        ]
      ],
      [
        [
          188.0990099009901,
          38.623762376237636
        ],
        [
          702.950495049505,
          38.623762376237636
        ],
        [
          702.950495049505,
          339.61386138613864
        ],
        [
          188.0990099009901,
          339.61386138613864
        ]
      ]
    ],
    "開戸": [
      [
        338.9259259259259,
        317.11294462779614,
        402.9578291162449,
        404.18518518518516
      ],
      [
        483.14118078474513,
        315.29629629629625,
        550.7777777777777,
        406.43454345434543
      ],
      [
        315.5724239090576,
        416.77777777777777,
        399.66666666666663,
        480.2079207920792
      ],
      [
        416.7037037037037,
        430.70297029702965,
        471.53135313531357,
        507.1481481481481
      ],
      [
        487.074074074074,
        524.2563256325633,
        546.038137147048,
        579.0
      ]
    ],
    "引戸": [
      [
        157.40594059405942,
        111.59259259259258,
        207.07407407407408,
        261.3960396039604
      ]
    ],
    "折戸": [
      [
        287.1089108910891,
        490.10891089108907,
        334.63366336633663,
        622.7821782178218
      ],
      [
        194.48148148148147,
        303.970297029703,
        322.7524752475247,
        361.96296296296293
      ]
    ]
  }
}