{
  "labels": {
    "廊下": [
      [
        [
          241.86046511627907,
          88.90697674418604
        ],
        [
          245.34883720930233,
          295.8837209302326
        ],
        [
          554.6511627906976,
          285.4186046511628
        ],
        [
          548.8372093023256,
          191.2325581395349
        ],
        [
          343.0232558139535,
          192.39534883720933
        ],
        [
          346.51162790697674,
          83.09302325581396
        ]
      ]
    ],
    "洋室": [
      [
        [
          347.6744186046512,
          291.2325581395349
        ],
        [
          345.3488372093023,
          688.9069767441861
        ],
        [
          846.5116279069767,
          693.5581395348837
        ],
        [
          840.6976744186047,
          381.93023255813955
        ],
        [
          545.3488372093024,
          386.5813953488372
        ],
        [
          547.6744186046511,
          291.2325581395349
        ]
      ],
      [
        [
          539.6666666666666,
          91.96296296296293
        ],
        [
          837.1975308641975,
          91.96296296296293
        ],
        [
          837.1975308641975,
          388.25925925925924
        ],
        [
          539.6666666666666,
          388.25925925925924
        ]
      ],
      [
        [
          39.66666666666666,
          293.1975308641975
        ],
        [
          343.3703703703703,
          293.1975308641975
        ],
        [
          343.3703703703703,
          688.2592592592592
        ],
        [
          39.66666666666666,
          688.2592592592592
        ]
      ]
    ],
    "開戸": [
      [
        512.6073669297713,
        298.81967213114757,
        634.2950819672132,
        381.28698643999195
      ]
    ],
    "引戸": [
      [
        361.45375430074887,
        170.95081967213116,
        531.016393442623,
        205.5735681036227
      ],
      [
        362.26330702286987,
        267.672131147541,
        532.6557377049181,
        317.8686500708358
      ],
      [
        165.90629427241453,
        277.50819672131144,
        338.39344262295083,
        319.5383525602104
      ]
    ]
  }
}