{
  "labels": {
    "洋室": [
      [
        [
          78.94444444444446,
          41.0
        ],
        [
          263.6666666666667,
          41.0
        ],
        [
          262.97222222222223,
          200.0277777777778
        ],
        [
          77.55555555555557,
          199.33333333333334
        ]
      ],
      [
        [
          372.0,
          40.30555555555556
        ],
        [
          556.7222222222223,
          41.0
        ],
        [
          558.8055555555555,
          200.0277777777778
        ],
        [
          375.4722222222223,
          199.33333333333334
        ]
      ],
      [
        [
          131.72222222222223,
          255.58333333333337
        ],
        [
          290.0555555555556,
          255.58333333333337
        ],
        [
          292.1388888888889,
          415.3055555555556
        ],
        [
          130.33333333333337,
          414.61111111111114
        ]
      ],
      [
        [
          373.3888888888889,
          256.27777777777777
        ],
        [
          558.1111111111111,
          256.97222222222223
        ],
        [
          556.0277777777778,
          412.52777777777777
        ],
        [
          374.08333333333337,
          411.83333333333337
        ]
      ]
    ],
    "廊下": [
      [
        [
          132.41666666666669,
          204.88888888888889
        ],
        [
          458.1111111111111,
          204.88888888888889
        ],
        [
          458.1111111111111,
          248.6388888888889
        ],
        [
          132.41666666666669,
          247.94444444444446
        ]
      ]
    ],
    "開戸": [
      [
        372.9402985074626,
        154.72636815920396,
        420.49709784411283,
        215.11898839137643
      ],
      [
        426.47761194029846,
        204.29809286898842,
        478.91044776119395,
        243.78109452736317
      ],
      [
        377.06840796019907,
        236.70895522388065,
        417.7164179104477,
        295.0248756218905
      ],
      [
        213.23880597014923,
        158.20895522388057,
        264.4825870646766,
        216.91542288557213
      ],
      [
        136.29311774461027,
        238.49170812603649,
        179.9054726368159,
        297.0149253731343
      ]
    ],
    "折戸": [
      [
        285.8888888888889,
        193.08333333333334,
        344.22222222222223,
        225.72222222222223
      ],
      [
        356.0899668325042,
        284.65671641791045,
        399.3084577114427,
        383.58208955223876
      ]
    ]
  }
}