{
  "labels": {
    "廊下": [
      [
        [
          176.20168067226894,
          276.9915966386555
        ],
        [
          177.0420168067227,
          333.29411764705884
        ],
        [
          118.218487394958,
          333.29411764705884
        ],
        [
          119.89915966386556,
          394.6386554621849
        ],
        [
          350.9915966386555,
          387.07563025210084
        ],
        [
          353.51260504201684,
          271.9495798319328
        ]
      ]
    ],
    "洋室": [
      [
        [
          29.14285714285714,
          38.33613445378151
        ],
        [
          230.8235294117647,
          38.33613445378151
        ],
        [
          230.8235294117647,
          276.9915966386555
        ],
        [
          29.14285714285714,
          276.9915966386555
        ]
      ],
      [
        [
          294.68907563025215,
          39.1764705882353
        ],
        [
          474.5210084033614,
          39.1764705882353
        ],
        [
          474.5210084033614,
          271.10924369747903
        ],
        [
          294.68907563025215,
          271.10924369747903
        ]
      ],
      [
        [
          229.14285714285717,
          391.2773109243698
        ],
        [
          467.79831932773106,
          391.2773109243698
        ],
        [
          467.79831932773106,
          619.8487394957983
        ],
        [
          229.14285714285717,
          619.8487394957983
        ]
      ]
    ],
    "開戸": [
      [
        297.5760368663594,
        223.19354838709677,
        345.67741935483866,
        302.96747085931145
      ],
      [
        237.44456492274327,
        378.03523990241257,
        287.61290322580646,
        443.35483870967744
      ],
      [
        183.5806451612903,
        457.6638655462185,
        260.533477907292,
        505.4516129032258
      ]
    ],
    "折戸": [
      [
        202.25210084033614,
        47.207102195717,
        257.7741935483871,
        153.83870967741936
      ],
      [
        274.99539170506915,
        163.34291135809164,
        316.17186229330446,
        270.9059365681757
      ]
    ],
    "引戸": [
      [
        136.0,
        255.380048793711,
        230.8235294117647,
        291.741935483871
      ],
      [
        327.02846299810255,
        280.4516129032258,
        371.48387096774195,
        384.5546218487395
      ]
    ]
  }
}