{
  "labels": {
    "廊下": [
      [
        [
          223.07692307692307,
          85.46153846153845
        ],
        [
          224.03846153846152,
          219.11538461538458
        ],
        [
          561.5384615384615,
          225.8461538461538
        ],
        [
          561.5384615384615,
          151.80769230769232
        ],
        [
          358.65384615384613,
          155.65384615384613
        ],
        [
          355.7692307692308,
          87.38461538461536
        ]
      ]
    ],
    "浴室": [
      [
        [
          562.5,
          19.115384615384613
        ],
        [
          701.9230769230769,
          19.115384615384613
        ],
        [
          701.9230769230769,
          155.65384615384613
        ],
        [
          562.5,
          155.65384615384613
        ]
      ]
    ],
    "洋室": [
      [
        [
          497.1153846153846,
          222.96153846153845
        ],
        [
          698.0769230769231,
          222.96153846153845
        ],
        [
          698.0769230769231,
          434.5
        ],
        [
          497.1153846153846,
          434.5
        ]
      ],
      [
        [
          276.9230769230769,
          222.0
        ],
        [
          497.1153846153846,
          222.0
        ],
        [
          497.1153846153846,
          423.9230769230769
        ],
        [
          276.9230769230769,
          423.9230769230769
        ]
      ],
      [
        [
          18.26923076923077,
          157.57692307692304
        ],
        [
          226.9230769230769,
          157.57692307692304
        ],
        [
          226.9230769230769,
          429.6923076923076
        ],
        [
          18.26923076923077,
          429.6923076923076
        ]
      ]
    ],
    "引戸": [
      [
        26.745664739884393,
        134.12322274881518,
        210.5876777251185,
        177.65317919075144
      ],
      [
        432.4927266252089,
        137.1907514450867,
        539.4624277456647,
        175.35545023696685
      ],
      [
        340.3734993330369,
        41.81502890173411,
        379.9248554913295,
        149.30658070253443
      ]
    ],
    "開戸": [
      [
        167.45971563981044,
        159.97041339068022,
        245.82080924855492,
        218.6936416184971
      ],
      [
        433.33649289099526,
        203.3175355450237,
        495.1923076923077,
        283.53846153846155
      ],
      [
        499.57803468208095,
        200.06803023566027,
        558.6371720764785,
        285.1676300578035
      ],
      [
        192.5781990521327,
        361.61137440758296,
        240.1129943502825,
        425.70621468926555
      ]
    ],
    "折戸": [
      [
        549.9241706161138,
        87.38461538461536,
        600.0,
        146.91943127962085
      ]
    ]
  }
}