{
  "labels": {
    "洋室": [
      [
        [
          87.5598086124402,
          96.79425837320575
        ],
        [
          183.73205741626796,
          96.31578947368422
        ],
        [
          182.7751196172249,
          190.0956937799043
        ],
        [
          87.5598086124402,
          189.6172248803828
        ]
      ],
      [
        [
          212.44019138755982,
          96.79425837320575
        ],
        [
          281.3397129186603,
          97.27272727272728
        ],
        [
          282.29665071770336,
          189.13875598086125
        ],
        [
          212.44019138755982,
          190.0956937799043
        ]
      ],
      [
        [
          286.60287081339715,
          96.79425837320575
        ],
        [
          355.98086124401914,
          97.27272727272728
        ],
        [
          356.4593301435407,
          188.66028708133973
        ],
        [
          287.0813397129187,
          189.6172248803828
        ]
      ]
    ],
    "廊下": [
      [
        [
          185.64593301435409,
          168.08612440191388
        ],
        [
          208.61244019138758,
          168.08612440191388
        ],
        [
          209.56937799043064,
          194.88038277511964
        ],
        [
          318.66028708133973,
          195.35885167464116
        ],
        [
          319.1387559808613,
          215.45454545454547
        ],
        [
          187.08133971291866,
          214.4976076555024
        ]
      ]
    ],
    "折戸": [
      [
        88.51674641148325,
        180.5263157894737,
        132.05741626794259,
        197.27272727272728
      ]
    ],
    "引戸": [
      [
        137.9097209215209,
        184.96705205264863,
        183.62989323843416,
        198.7900355871886
      ],
      [
        175.5112465732432,
        147.912104752337,
        190.7473309608541,
        189.1814946619217
      ]
    ],
    "開戸": [
      [
        303.82775119617224,
        193.92344497607658,
        331.10047846889955,
        214.0191387559809
      ],
      [
        284.2105263157895,
        185.311004784689,
        307.177033492823,
        215.45454545454547
      ],
      [
        255.98086124401917,
        185.78947368421055,
        284.688995215311,
        215.45454545454547
      ]
    ]
  }
}