{
  "labels": {
    "洋室": [
      [
        [
          142.83850931677017,
          179.12422360248445
        ],
        [
          270.78881987577637,
          180.3664596273292
        ],
        [
          270.167701863354,
          392.167701863354
        ],
        [
          141.59627329192546,
          391.54658385093165
        ]
      ],
      [
        [
          275.1366459627329,
          267.94409937888196
        ],
        [
          442.2173913043478,
          268.5652173913043
        ],
        [
          442.83850931677017,
          307.695652173913
        ],
        [
          411.1614906832298,
          307.695652173913
        ],
        [
          408.67701863354034,
          394.0310559006211
        ],
        [
          273.2732919254658,
          394.65217391304344
        ]
      ],
      [
        [
          446.5652173913043,
          225.08695652173913
        ],
        [
          486.9378881987577,
          226.32919254658384
        ],
        [
          487.5590062111801,
          259.24844720496895
        ],
        [
          574.5155279503106,
          259.8695652173913
        ],
        [
          572.031055900621,
          395.2732919254658
        ],
        [
          449.04968944099375,
          393.4099378881987
        ]
      ]
    ],
    "廊下": [
      [
        [
          273.2732919254658,
          215.7701863354037
        ],
        [
          398.73913043478257,
          217.01242236024842
        ],
        [
          398.73913043478257,
          226.9503105590062
        ],
        [
          442.83850931677017,
          225.08695652173913
        ],
        [
          442.83850931677017,
          264.2173913043478
        ],
        [
          273.89440993788816,
          264.2173913043478
        ]
      ]
    ],
    "開戸": [
      [
        272.0310559006211,
        200.18258062252167,
        311.864406779661,
        249.99435028248587
      ],
      [
        230.75653577569568,
        223.78857423588445,
        287.27827490613043,
        264.1612450433379
      ],
      [
        404.32919254658384,
        258.62732919254654,
        443.45962732919253,
        308.31677018633536
      ],
      [
        437.2484472049689,
        224.46583850931677,
        486.31677018633536,
        267.3229813664596
      ]
    ],
    "折戸": [
      [
        390.8330350563217,
        308.9378881987577,
        423.728813559322,
        390.67231638418076
      ],
      [
        488.18012422360243,
        246.54184651015896,
        574.5762711864406,
        280.50282485875704
      ],
      [
        186.93788819875775,
        166.92293925676384,
        268.361581920904,
        200.2768361581921
      ],
      [
        143.63157525353546,
        166.75450047373408,
        180.22598870056498,
        198.0169491525424
      ],
      [
        315.50931677018633,
        202.55476015019124,
        356.49717514124296,
        230.78531073446328
      ]
    ]
  }
}