{
  "labels": {
    "洋室": [
      [
        [
          86.48780487804879,
          84.9918699186992
        ],
        [
          283.2357723577236,
          83.3658536585366
        ],
        [
          285.6747967479675,
          352.4715447154472
        ],
        [
          85.67479674796749,
          353.2845528455285
        ]
      ],
      [
        [
          294.6178861788618,
          83.3658536585366
        ],
        [
          388.9268292682927,
          83.3658536585366
        ],
        [
          390.5528455284553,
          215.8861788617886
        ],
        [
          297.0569105691057,
          216.6991869918699
        ]
      ],
      [
        [
          88.92682926829269,
          364.6666666666667
        ],
        [
          633.6422764227642,
          362.2276422764228
        ],
        [
          633.6422764227642,
          560.6016260162602
        ],
        [
          142.58536585365854,
          565.479674796748
        ],
        [
          145.02439024390245,
          425.6422764227642
        ],
        [
          88.11382113821139,
          428.0813008130081
        ]
      ]
    ],
    "廊下": [
      [
        [
          291.3658536585366,
          292.3089430894309
        ],
        [
          708.439024390244,
          292.3089430894309
        ],
        [
          709.2520325203252,
          223.20325203252034
        ],
        [
          769.4146341463414,
          223.20325203252034
        ],
        [
          770.2276422764228,
          349.219512195122
        ],
        [
          291.3658536585366,
          350.8455284552846
        ]
      ]
    ],
    "折戸": [
      [
        127.95121951219514,
        427.2682926829268,
        185.6747967479675,
        563.040650406504
      ],
      [
        307.04379753474956,
        264.57749803304483,
        377.3548387096774,
        317.0322580645161
      ]
    ],
    "開戸": [
      [
        221.8709677419355,
        289.2903225806451,
        314.0776291633884,
        352.6393915552059
      ],
      [
        293.97272488853923,
        337.0768423813271,
        358.0,
        420.9032258064516
      ],
      [
        502.5801206399161,
        335.64489902963544,
        568.3225806451612,
        422.83870967741933
      ]
    ],
    "引戸": [
      [
        373.2488853920797,
        82.88853920797274,
        412.83870967741933,
        174.4516129032258
      ]
    ]
  }
}