{
  "labels": {
    "洋室": [
      [
        [
          10.62311557788945,
          101.50753768844221
        ],
        [
          63.1356783919598,
          102.01005025125629
        ],
        [
          63.386934673366824,
          122.8643216080402
        ],
        [
          86.0,
          123.61809045226131
        ],
        [
          85.74874371859298,
          213.81909547738692
        ],
        [
          10.371859296482413,
          214.07035175879398
        ]
      ],
      [
        [
          151.32663316582915,
          124.37185929648241
        ],
        [
          86.25125628140702,
          123.61809045226131
        ],
        [
          85.74874371859298,
          213.81909547738692
        ],
        [
          151.0753768844221,
          214.321608040201
        ]
      ]
    ],
    "LDK": [
      [
        [
          106.60301507537687,
          12.311557788944723
        ],
        [
          107.60804020100502,
          124.37185929648241
        ],
        [
          63.386934673366824,
          123.86934673366834
        ],
        [
          63.1356783919598,
          101.25628140703517
        ],
        [
          10.874371859296488,
          101.00502512562814
        ],
        [
          11.628140703517587,
          11.055276381909549
        ]
      ]
    ],
    "開戸": [
      [
        108.66226694831863,
        27.253762284004882,
        127.58746736292429,
        50.130548302872064
      ],
      [
        87.00502512562815,
        115.32663316582915,
        107.356783919598,
        144.2211055276382
      ],
      [
        66.22976501305482,
        106.78851174934725,
        85.00481519870894,
        133.91959798994975
      ],
      [
        126.95477386934672,
        56.030150753768844,
        147.5577889447236,
        79.39698492462311
      ]
    ],
    "折戸": [
      [
        11.322434627445332,
        118.1199732343178,
        54.21932114882506,
        136.0313315926893
      ]
    ],
    "引戸": [
      [
        77.71801566579634,
        126.10966057441253,
        92.60052219321148,
        212.01044386422976
      ]
    ]
  }
}