{
  "labels": {
    "洋室": [
      [
        [
          183.29752066115702,
          165.0
        ],
        [
          702.305785123967,
          165.82644628099175
        ],
        [
          703.1322314049587,
          481.5289256198347
        ],
        [
          189.9090909090909,
          481.5289256198347
        ]
      ]
    ],
    "LDK": [
      [
        [
          710.5702479338843,
          165.82644628099175
        ],
        [
          897.3471074380166,
          165.0
        ],
        [
          898.1735537190083,
          350.1239669421488
        ],
        [
          712.2231404958678,
          351.77685950413223
        ]
      ]
    ],
    "引戸": [
      [
        172.55371900826447,
        172.43801652892563,
        198.2,
        290.2
      ],
      [
        171.0,
        364.6,
        199.0,
        479.0
      ],
      [
        694.8942148760332,
        241.72727272727275,
        718.0347107438017,
        357.4297520661157
      ]
    ],
    "開戸": [
      [
        747.7603305785124,
        345.1652892561984,
        803.1322314049587,
        403.8429752066116
      ],
      [
        806.4380165289257,
        343.5123966942149,
        856.8512396694215,
        403.8429752066116
      ]
    ]
  }
}