{
  "labels": {
    "洋室": [
      [
        [
          370.0,
          111.0
        ],
        [
          591.0,
          112.0
        ],
        [
          593.0,
          331.0
        ],
        [
          370.0,
          331.0
        ]
      ],
      [
        [
          75.0,
          629.0
        ],
        [
          150.0,
          629.0
        ],
        [
          149.0,
          702.0
        ],
        [
          370.0,
          705.0
        ],
        [
          371.0,
          778.0
        ],
        [
          300.0,
          777.0
        ],
        [
          297.0,
          928.0
        ],
        [
          76.0,
          931.0
        ]
      ]
    ],
    "廊下": [
      [
        [
          457.0,
          480.0
        ],
        [
          456.0,
          706.0
        ],
        [
          297.0,
          705.0
        ],
        [
          297.0,
          628.0
        ],
        [
          370.0,
          628.0
        ],
        [
          371.0,
          480.0
        ]
      ]
    ],
    "引戸": [
      [
        434.20833333333337,
        678.0416666666666,
        594.2083333333334,
        738.0416666666666
      ],
      [
        338.125,
        775.125,
        392.70833333333337,
        921.6666666666667
      ],
      [
        132.0,
        551.0,
        187.0,
        689.0
      ],
      [
        464.75,
        570.9583333333334,
        587.6666666666667,
        597.0
      ]
    ],
    "開戸": [
      [
        297.0,
        635.0,
        371.0,
        719.0
      ],
      [
        226.08333333333337,
        690.6666666666667,
        293.33333333333337,
        750.125
      ],
      [
        72.0,
        676.0,
        149.0,
        751.0
      ],
      [
        73.54166666666669,
        479.2916666666667,
        156.04166666666663,
        563.5416666666665
      ],
      [
        295.41666666666674,
        481.375,
        385.45833333333337,
        551.2916666666665
      ],
      [
        361.625,
        103.25,
        438.70833333333337,
        185.54166666666669
      ]
    ]
  }
}