{
  "labels": {
    "浴室": [
      [
        [
          33.372549019607845,
          99.96078431372548
        ],
        [
          180.4313725490196,
          98.98039215686275
        ],
        [
          180.4313725490196,
          243.09803921568627
        ],
        [
          31.411764705882348,
          245.05882352941177
        ]
      ]
    ],
    "LDK": [
      [
        [
          32.3921568627451,
          244.078431372549
        ],
        [
          754.9411764705882,
          247.01960784313724
        ],
        [
          752.9803921568628,
          534.2745098039215
        ],
        [
          33.372549019607845,
          532.313725490196
        ]
      ]
    ],
    "廊下": [
      [
        [
          756.9019607843137,
          105.84313725490196
        ],
        [
          822.5882352941177,
          107.80392156862744
        ],
        [
          818.6666666666666,
          209.76470588235293
        ],
        [
          840.2352941176471,
          212.70588235294116
        ],
        [
          840.2352941176471,
          311.72549019607845
        ],
        [
          757.8823529411765,
          311.72549019607845
        ]
      ]
    ],
    "洋室": [
      [
        [
          753.9607843137255,
          389.1764705882353
        ],
        [
          966.7058823529411,
          391.1372549019608
        ],
        [
          968.6666666666666,
          671.5294117647059
        ],
        [
          757.8823529411765,
          670.5490196078431
        ]
      ]
    ],
    "開戸": [
      [
        687.5521155830752,
        243.97523219814238,
        772.8462332301341,
        312.60268317853456
      ],
      [
        530.4313725490196,
        233.2941176470588,
        615.7254901960785,
        285.2549019607843
      ],
      [
        430.4313725490196,
        176.4313725490196,
        482.3921568627451,
        245.05882352941177
      ]
    ],
    "引戸": [
      [
        302.50877192982455,
        106.49122807017542,
        341.2156862745098,
        244.078431372549
      ],
      [
        323.5686274509804,
        228.39215686274508,
        458.6491228070175,
        259.99999999999994
      ],
      [
        734.9649122807016,
        124.03508771929822,
        768.3570691434468,
        245.9360165118679
      ],
      [
        737.9133126934984,
        392.11764705882354,
        772.6842105263157,
        584.5614035087718
      ]
    ],
    "折戸": [
      [
        148.078431372549,
        176.4313725490196,
        198.078431372549,
        242.11764705882354
      ],
      [
        759.843137254902,
        284.27450980392155,
        827.4901960784314,
        328.3921568627451
      ],
      [
        829.4509803921568,
        375.45098039215685,
        970.6274509803922,
        429.37254901960785
      ]
    ]
  }
}