{
  "labels": {
    "LDK": [
      [
        [
          344.7435897435898,
          166.15384615384616
        ],
        [
          344.2307692307692,
          200.0
        ],
        [
          380.1282051282052,
          201.53846153846155
        ],
        [
          381.1538461538462,
          148.2051282051282
        ],
        [
          451.9230769230769,
          149.23076923076923
        ],
        [
          449.8717948717949,
          346.6666666666667
        ],
        [
          411.9230769230769,
          345.64102564102564
        ],
        [
          411.9230769230769,
          417.43589743589746
        ],
        [
          269.87179487179486,
          416.4102564102564
        ],
        [
          272.43589743589746,
          343.5897435897436
        ],
        [
          129.35897435897436,
          344.61538461538464
        ],
        [
          130.38461538461542,
          200.51282051282053
        ],
        [
          275.5128205128205,
          202.05128205128204
        ],
        [
          276.02564102564105,
          165.12820512820514
        ]
      ]
    ],
    "浴室": [
      [
        [
          382.1794871794872,
          58.97435897435898
        ],
        [
          454.48717948717945,
          60.0
        ],
        [
          451.9230769230769,
          147.6923076923077
        ],
        [
          382.1794871794872,
          147.6923076923077
        ]
      ]
    ],
    "廊下": [
      [
        [
          203.71794871794873,
          110.76923076923077
        ],
        [
          236.53846153846155,
          111.28205128205128
        ],
        [
          237.5641025641026,
          129.23076923076923
        ],
        [
          308.84615384615387,
          129.74358974358975
        ],
        [
          308.33333333333337,
          164.6153846153846
        ],
        [
          204.23076923076923,
          164.6153846153846
        ]
      ],
      [
        [
          131.9230769230769,
          129.23076923076923
        ],
        [
          183.20512820512823,
          128.2051282051282
        ],
        [
          183.71794871794873,
          201.02564102564102
        ],
        [
          131.9230769230769,
          201.53846153846155
        ]
      ]
    ],
    "折戸": [
      [
        373.63344051446944,
        110.61093247588425,
        398.58974358974365,
        146.15384615384616
      ]
    ],
    "開戸": [
      [
        346.0990188803694,
        166.99645477780527,
        385.85209003215436,
        198.7138263665595
      ],
      [
        306.7948717948718,
        128.71794871794873,
        341.6666666666667,
        165.64102564102564
      ],
      [
        273.974358974359,
        114.35897435897436,
        305.7692307692308,
        158.46153846153845
      ],
      [
        219.42410751092422,
        90.76923076923077,
        245.65916398713827,
        128.61736334405145
      ],
      [
        215.5128205128205,
        54.871794871794876,
        247.82051282051282,
        94.35897435897436
      ],
      [
        161.66666666666669,
        89.74358974358975,
        194.4871794871795,
        128.71794871794873
      ],
      [
        161.1538461538462,
        127.6923076923077,
        195.0,
        166.66666666666666
      ],
      [
        161.66666666666669,
        161.02564102564102,
        199.61538461538464,
        202.56410256410257
      ],
      [
        203.71794871794873,
        142.56410256410257,
        240.64102564102564,
        174.87179487179486
      ]
    ],
    "引戸": [
      [
        146.79487179487182,
        192.30769230769232,
        216.53846153846155,
        212.30769230769232
      ],
      [
        235.0,
        153.84615384615384,
        316.53846153846155,
        173.84615384615384
      ],
      [
        276.53846153846155,
        404.61538461538464,
        412.04651162790697,
        429.8139534883721
      ]
    ]
  }
}