{
  "labels": {
    "廊下": [
      [
        [
          278.95081967213116,
          141.62295081967213
        ],
        [
          278.95081967213116,
          196.54098360655738
        ],
        [
          224.85245901639342,
          198.18032786885246
        ],
        [
          224.85245901639342,
          250.63934426229508
        ],
        [
          173.21311475409834,
          251.45901639344262
        ],
        [
          169.93442622950818,
          357.1967213114754
        ],
        [
          224.0327868852459,
          358.016393442623
        ],
        [
          222.39344262295083,
          467.8524590163934
        ],
        [
          333.04918032786884,
          467.0327868852459
        ],
        [
          333.04918032786884,
          412.93442622950823
        ],
        [
          279.7704918032787,
          411.29508196721315
        ],
        [
          282.2295081967213,
          248.18032786885246
        ],
        [
          387.9672131147541,
          248.18032786885246
        ],
        [
          387.1475409836066,
          144.08196721311475
        ]
      ]
    ],
    "洋室": [
      [
        [
          62.55737704918033,
          37.52459016393443
        ],
        [
          225.672131147541,
          37.52459016393443
        ],
        [
          225.672131147541,
          249.81967213114754
        ],
        [
          62.55737704918033,
          249.81967213114754
        ]
      ],
      [
        [
          67.47540983606558,
          466.2131147540984
        ],
        [
          278.95081967213116,
          466.2131147540984
        ],
        [
          278.95081967213116,
          680.1475409836065
        ],
        [
          67.47540983606558,
          680.1475409836065
        ]
      ]
    ],
    "開戸": [
      [
        177.29133858267716,
        200.5425325932619,
        240.07125338840837,
        250.39370078740157
      ],
      [
        225.32283464566933,
        452.755905511811,
        280.59016393442624,
        523.5901639344262
      ],
      [
        157.6062992125984,
        308.8360655737705,
        220.75409836065575,
        355.90551181102364
      ],
      [
        230.04724409448818,
        184.60087775913257,
        275.7689428165742,
        219.68503937007873
      ]
    ],
    "折戸": [
      [
        211.73770491803282,
        394.08196721311475,
        250.26229508196724,
        433.42622950819674
      ],
      [
        68.29508196721312,
        221.95081967213116,
        164.19672131147541,
        256.3770491803279
      ]
    ]
  }
}