{
  "labels": {
    "廊下": [
      [
        [
          112.33757961783436,
          78.61783439490445
        ],
        [
          14.885350318471296,
          78.61783439490445
        ],
        [
          14.885350318471296,
          413.6496815286624
        ],
        [
          81.76433121019107,
          411.7388535031847
        ],
        [
          80.49044585987258,
          146.13375796178343
        ],
        [
          115.52229299363057,
          146.77070063694268
        ]
      ]
    ],
    "洋室": [
      [
        [
          281.764331210191,
          144.85987261146497
        ],
        [
          79.21656050955414,
          146.77070063694268
        ],
        [
          81.12738853503186,
          346.77070063694265
        ],
        [
          147.36942675159236,
          346.77070063694265
        ],
        [
          146.73248407643308,
          378.61783439490443
        ],
        [
          279.21656050955414,
          379.89171974522293
        ]
      ],
      [
        [
          281.12738853503186,
          614.2866242038216
        ],
        [
          278.57961783439487,
          380.52866242038215
        ],
        [
          147.36942675159236,
          381.16560509554137
        ],
        [
          146.73248407643308,
          414.28662420382165
        ],
        [
          84.312101910828,
          413.6496815286624
        ],
        [
          81.76433121019107,
          610.4649681528662
        ]
      ]
    ],
    "開戸": [
      [
        18.28671086268895,
        56.4114996316998,
        71.14285714285717,
        128.93197278911566
      ],
      [
        92.15308375005628,
        86.45325944947515,
        166.3809523809524,
        142.5374149659864
      ],
      [
        85.42857142857144,
        292.8775510204082,
        138.10559382988862,
        367.0228779409853
      ],
      [
        85.25235062177734,
        388.85224663113655,
        136.44897959183675,
        462.94557823129253
      ]
    ],
    "折戸": [
      [
        154.49484164526734,
        410.9025093481101,
        274.3623913141415,
        449.9753570302293
      ],
      [
        158.32241890724322,
        305.22753003002356,
        267.7414965986395,
        342.5374149659864
      ]
    ]
  }
}