{
  "labels": {
    "洋室": [
      [
        [
          11.465648854961813,
          190.83969465648855
        ],
        [
          221.38931297709922,
          191.6030534351145
        ],
        [
          219.8625954198473,
          402.29007633587787
        ],
        [
          9.938931297709928,
          401.5267175572519
        ]
      ],
      [
        [
          400.0152671755725,
          130.53435114503816
        ],
        [
          641.236641221374,
          130.53435114503816
        ],
        [
          640.4732824427481,
          368.7022900763359
        ],
        [
          400.0152671755725,
          365.64885496183206
        ]
      ]
    ],
    "引戸": [
      [
        174.0864197530864,
        83.5679012345679,
        206.44727169918008,
        184.08255583828102
      ]
    ],
    "折戸": [
      [
        403.8320610687023,
        118.57977570445763,
        456.8024691358024,
        155.17283950617283
      ]
    ],
    "開戸": [
      [
        393.1450381679389,
        131.29770992366412,
        428.2595419847328,
        174.8091603053435
      ],
      [
        339.70992366412213,
        190.83969465648855,
        415.2824427480916,
        249.61832061068702
      ],
      [
        160.3206106870229,
        192.36641221374046,
        243.5267175572519,
        248.0916030534351
      ],
      [
        194.67175572519085,
        117.55725190839694,
        252.68702290076334,
        178.62595419847327
      ]
    ]
  }
}