{
  "labels": {
    "洋室": [
      [
        [
          2.2219020172910575,
          2.1815561959654133
        ],
        [
          98.47550432276657,
          1.6051873198847204
        ],
        [
          99.62824207492795,
          142.81556195965416
        ],
        [
          3.086455331412097,
          141.66282420749278
        ]
      ],
      [
        [
          153.23054755043228,
          2.757925072046106
        ],
        [
          156.0,
          142.0
        ],
        [
          237.6685878962536,
          142.52737752161383
        ],
        [
          237.3804034582132,
          1.8933717579250668
        ]
      ]
    ],
    "廊下": [
      [
        [
          98.47550432276657,
          1.8933717579250668
        ],
        [
          154.38328530259366,
          2.1815561959654133
        ],
        [
          154.95965417867433,
          112.26801152737752
        ],
        [
          127.87031700288182,
          111.97982708933716
        ],
        [
          126.71757925072046,
          31.576368876080693
        ],
        [
          97.89913544668588,
          31.576368876080693
        ]
      ]
    ],
    "折戸": [
      [
        155.4699537750385,
        95.61016949152543,
        183.7780979827089,
        115.14985590778096
      ],
      [
        73.03543913713405,
        97.15100154083204,
        100.49279538904898,
        116.87896253602304
      ]
    ],
    "引戸": [
      [
        90.56042326256753,
        3.3285213784896186,
        107.85824345146378,
        57.705701078582436
      ],
      [
        147.2155725337357,
        5.916955017301037,
        163.020030816641,
        83.7457627118644
      ]
    ],
    "開戸": [
      [
        129.27580893682588,
        89.29275808936825,
        153.74808292532134,
        120.50869040615058
      ]
    ]
  }
}