{
  "labels": {
    "浴室": [
      [
        [
          90.60759493670884,
          66.35443037974683
        ],
        [
          224.78481012658227,
          66.35443037974683
        ],
        [
          226.05063291139237,
          198.0
        ],
        [
          94.40506329113924,
          200.53164556962025
        ]
      ]
    ],
    "LDK": [
      [
        [
          520.9873417721519,
          66.35443037974683
        ],
        [
          798.2025316455696,
          68.88607594936708
        ],
        [
          798.2025316455696,
          705.5949367088607
        ],
        [
          446.30379746835445,
          704.3291139240506
        ],
        [
          441.24050632911394,
          420.7848101265823
        ],
        [
          517.1898734177215,
          422.05063291139237
        ]
      ]
    ],
    "廊下": [
      [
        [
          186.81012658227849,
          315.72151898734177
        ],
        [
          365.29113924050625,
          315.72151898734177
        ],
        [
          367.82278481012656,
          348.63291139240505
        ],
        [
          512.126582278481,
          356.2278481012658
        ],
        [
          512.126582278481,
          414.4556962025316
        ],
        [
          309.59493670886076,
          418.253164556962
        ],
        [
          308.3291139240506,
          379.0126582278481
        ],
        [
          188.07594936708858,
          373.9493670886076
        ]
      ]
    ],
    "折戸": [
      [
        187.5,
        130.88235294117646,
        241.24050632911388,
        196.73417721518987
      ],
      [
        267.82278481012656,
        304.3291139240506,
        369.08860759493666,
        343.56962025316454
      ]
    ],
    "開戸": [
      [
        441.24050632911394,
        347.3670886075949,
        538.7088607594936,
        419.5189873417721
      ],
      [
        503.2658227848101,
        264.35331347728965,
        573.5294117647059,
        326.4705882352941
      ]
    ],
    "引戸": [
      [
        155.40655249441545,
        306.98175725986596,
        199.26470588235293,
        414.70588235294116
      ],
      [
        136.02941176470588,
        287.5,
        246.3235294117647,
        332.35294117647055
      ],
      [
        349.2647058823529,
        70.58823529411764,
        393.38235294117646,
        186.76470588235293
      ],
      [
        493.3823529411764,
        73.52941176470588,
        539.7058823529411,
        188.97058823529412
      ]
    ]
  }
}