{
  "labels": {
    "洋室": [
      [
        [
          148.09433962264148,
          166.86792452830187
        ],
        [
          289.60377358490564,
          169.69811320754715
        ],
        [
          290.5471698113207,
          305.5471698113207
        ],
        [
          149.03773584905656,
          306.49056603773585
        ]
      ]
    ],
    "廊下": [
      [
        [
          238.66037735849056,
          133.8490566037736
        ],
        [
          288.66037735849056,
          137.62264150943395
        ],
        [
          291.4905660377358,
          164.9811320754717
        ],
        [
          238.66037735849056,
          164.0377358490566
        ]
      ]
    ],
    "開戸": [
      [
        253.754716981132,
        152.71698113207546,
        290.5471698113207,
        202.71698113207546
      ],
      [
        275.83561643835617,
        132.24657534246575,
        326.39622641509436,
        165.9245283018868
      ]
    ],
    "折戸": [
      [
        342.95890410958907,
        154.16438356164383,
        418.84905660377353,
        190.45283018867923
      ]
    ]
  }
}