{
  "labels": {
    "廊下": [
      [
        [
          95.3089005235602,
          100.52356020942408
        ],
        [
          123.05759162303661,
          99.99999999999999
        ],
        [
          123.5811518324607,
          225.130890052356
        ],
        [
          96.35602094240835,
          225.130890052356
        ]
      ]
    ],
    "洋室": [
      [
        [
          129.34031413612564,
          65.96858638743456
        ],
        [
          256.0418848167539,
          67.01570680628272
        ],
        [
          257.0890052356021,
          228.2722513089005
        ],
        [
          129.86387434554973,
          228.2722513089005
        ]
      ],
      [
        [
          96.35602094240835,
          231.93717277486908
        ],
        [
          258.1361256544502,
          234.5549738219895
        ],
        [
          256.565445026178,
          328.2722513089005
        ],
        [
          129.86387434554973,
          328.2722513089005
        ],
        [
          129.34031413612564,
          260.7329842931937
        ],
        [
          96.35602094240835,
          260.7329842931937
        ]
      ]
    ],
    "開戸": [
      [
        95.3089005235602,
        70.15706806282722,
        131.43455497382195,
        103.1413612565445
      ],
      [
        92.16753926701568,
        221.46596858638742,
        126.19895287958116,
        259.68586387434556
      ]
    ],
    "引戸": [
      [
        119.31578947368419,
        71.49122807017542,
        144.2509505703422,
        132.69961977186313
      ],
      [
        112.49879561244597,
        160.77678020424818,
        137.73684210526312,
        222.36842105263156
      ]
    ]
  }
}