{
  "labels": {
    "浴室": [
      [
        [
          323.9327731092437,
          30.252100840336137
        ],
        [
          433.17647058823536,
          31.092436974789916
        ],
        [
          431.4957983193277,
          136.9747899159664
        ],
        [
          327.2941176470589,
          134.45378151260505
        ]
      ]
    ],
    "LDK": [
      [
        [
          21.411764705882376,
          196.6386554621849
        ],
        [
          317.2100840336135,
          201.68067226890759
        ],
        [
          310.48739495798327,
          610.9243697478992
        ],
        [
          15.529411764705912,
          605.8823529411765
        ]
      ]
    ],
    "廊下": [
      [
        [
          322.2521008403362,
          292.436974789916
        ],
        [
          371.8319327731093,
          294.11764705882354
        ],
        [
          368.47058823529414,
          397.47899159663865
        ],
        [
          430.65546218487395,
          400.0
        ],
        [
          427.2941176470589,
          449.5798319327731
        ],
        [
          406.28571428571433,
          448.73949579831935
        ],
        [
          405.44537815126057,
          463.8655462184874
        ],
        [
          320.57142857142856,
          462.18487394957987
        ]
      ]
    ],
    "開戸": [
      [
        317.0958904109589,
        273.28767123287673,
        381.07563025210084,
        341.1764705882353
      ],
      [
        25.613445378151255,
        403.36134453781517,
        78.73972602739724,
        452.7397260273973
      ]
    ],
    "引戸": [
      [
        36.27397260273972,
        178.76712328767124,
        198.60273972602738,
        213.6986301369863
      ],
      [
        202.71232876712332,
        182.1917808219178,
        314.3561643835617,
        215.75342465753425
      ],
      [
        302.02739726027403,
        145.8904109589041,
        336.95890410958907,
        248.63013698630138
      ],
      [
        360.93150684931504,
        291.7808219178082,
        393.80821917808225,
        398.63013698630135
      ],
      [
        297.917808219178,
        319.1780821917808,
        332.8493150684932,
        438.35616438356163
      ]
    ],
    "折戸": [
      [
        319.7310924369748,
        110.92436974789916,
        380.79452054794524,
        158.9041095890411
      ]
    ]
  }
}