{
  "labels": {
    "洋室": [
      [
        [
          9.178743961352657,
          116.35265700483092
        ],
        [
          167.1497584541063,
          116.35265700483092
        ],
        [
          167.1497584541063,
          274.32367149758454
        ],
        [
          9.178743961352657,
          274.32367149758454
        ]
      ],
      [
        [
          167.1497584541063,
          117.80193236714976
        ],
        [
          379.22705314009664,
          117.80193236714976
        ],
        [
          379.22705314009664,
          273.84057971014494
        ],
        [
          167.1497584541063,
          273.84057971014494
        ]
      ]
    ],
    "廊下": [
      [
        [
          106.28019323671498,
          61.7632850241546
        ],
        [
          221.73913043478262,
          61.7632850241546
        ],
        [
          221.73913043478262,
          116.83574879227055
        ],
        [
          106.28019323671498,
          116.83574879227055
        ]
      ]
    ],
    "開戸": [
      [
        84.89674576631097,
        69.96336996336997,
        149.8131868131868,
        111.8561872909699
      ],
      [
        120.48627700801616,
        101.63162924032488,
        163.73260073260073,
        165.56776556776558
      ]
    ],
    "引戸": [
      [
        171.51351064394544,
        104.02930402930403,
        254.20879120879118,
        132.62382544991243
      ],
      [
        203.90189520624307,
        21.978021978021978,
        234.06227106227107,
        114.9033816425121
      ]
    ]
  }
}