{
  "labels": {
    "洋室": [
      [
        [
          261.4736842105263,
          95.28947368421052
        ],
        [
          264.10526315789474,
          315.6842105263158
        ],
        [
          182.5263157894737,
          315.6842105263158
        ],
        [
          182.5263157894737,
          259.7631578947368
        ],
        [
          97.0,
          260.42105263157896
        ],
        [
          96.34210526315792,
          94.63157894736842
        ]
      ],
      [
        [
          318.05263157894734,
          259.10526315789474
        ],
        [
          539.1052631578947,
          260.42105263157896
        ],
        [
          539.1052631578947,
          424.2368421052632
        ],
        [
          318.7105263157895,
          424.2368421052632
        ]
      ],
      [
        [
          97.0,
          261.7368421052632
        ],
        [
          100.9473684210526,
          479.5
        ],
        [
          267.39473684210526,
          481.47368421052636
        ],
        [
          266.07894736842104,
          315.6842105263158
        ],
        [
          181.21052631578948,
          315.6842105263158
        ],
        [
          181.86842105263156,
          261.07894736842104
        ]
      ]
    ],
    "廊下": [
      [
        [
          262.13157894736844,
          191.3421052631579
        ],
        [
          318.05263157894734,
          192.0
        ],
        [
          318.7105263157895,
          423.57894736842104
        ],
        [
          266.07894736842104,
          424.89473684210526
        ]
      ]
    ],
    "開戸": [
      [
        305.55263157894734,
        263.7105263157895,
        356.2105263157895,
        311.7368421052632
      ],
      [
        265.42105263157896,
        176.8684210526316,
        313.4473684210526,
        234.10526315789474
      ],
      [
        267.52147239263803,
        398.7730061349693,
        317.0032289312237,
        434.3716499838553
      ],
      [
        219.36842105263156,
        315.6842105263158,
        275.2894736842105,
        365.0263157894737
      ]
    ],
    "折戸": [
      [
        100.0368098159509,
        303.680981595092,
        178.5644171779141,
        336.8098159509202
      ],
      [
        182.85889570552143,
        236.8098159509202,
        260.7794639974168,
        271.16935744268653
      ]
    ],
    "引戸": [
      [
        246.51533742331281,
        149.079754601227,
        275.4969325153374,
        250.92024539877298
      ]
    ]
  }
}