{
  "labels": {
    "浴室": [
      [
        [
          86.4,
          92.0
        ],
        [
          220.8,
          91.2
        ],
        [
          219.2,
          195.2
        ],
        [
          88.8,
          196.0
        ]
      ]
    ],
    "洋室": [
      [
        [
          85.6,
          324.8
        ],
        [
          307.2,
          327.2
        ],
        [
          307.2,
          371.2
        ],
        [
          265.6,
          372.8
        ],
        [
          264.0,
          487.2
        ],
        [
          84.0,
          491.2
        ]
      ],
      [
        [
          316.0,
          319.2
        ],
        [
          480.8,
          320.0
        ],
        [
          483.2,
          488.0
        ],
        [
          316.0,
          486.4
        ]
      ],
      [
        [
          489.6,
          147.2
        ],
        [
          537.6,
          148.0
        ],
        [
          540.8,
          203.2
        ],
        [
          708.8,
          204.8
        ],
        [
          708.8,
          425.6
        ],
        [
          488.8,
          428.8
        ]
      ]
    ],
    "廊下": [
      [
        [
          318.4,
          143.2
        ],
        [
          484.0,
          144.8
        ],
        [
          484.8,
          197.6
        ],
        [
          364.8,
          196.8
        ],
        [
          365.6,
          313.6
        ],
        [
          258.4,
          314.4
        ],
        [
          257.6,
          201.6
        ],
        [
          317.6,
          203.2
        ]
      ]
    ],
    "開戸": [
      [
        165.6,
        153.6,
        223.2,
        209.6
      ],
      [
        433.6,
        311.2,
        480.0,
        342.4
      ]
    ],
    "引戸": [
      [
        209.375,
        312.125,
        307.2,
        332.175
      ],
      [
        244.8,
        202.4,
        266.0807453416149,
        299.83229813664593
      ],
      [
        296.5155279503105,
        101.69565217391303,
        321.6,
        196.8
      ],
      [
        473.75,
        140.875,
        495.625,
        247.125
      ],
      [
        309.375,
        305.25,
        425.0,
        330.875
      ]
    ],
    "折戸": [
      [
        80.0,
        260.8,
        164.8,
        291.2
      ],
      [
        462.4,
        429.6,
        492.8,
        486.4
      ],
      [
        232.0,
        370.4,
        279.2,
        484.0
      ]
    ]
  }
}