{
  "labels": {
    "浴室": [
      [
        [
          412.51612903225805,
          13.32258064516129
        ],
        [
          544.7741935483871,
          14.935483870967744
        ],
        [
          548.0,
          148.0
        ],
        [
          413.3225806451613,
          147.19354838709677
        ]
      ]
    ],
    "LDK": [
      [
        [
          72.19354838709677,
          148.0
        ],
        [
          681.8709677419355,
          148.0
        ],
        [
          682.6774193548387,
          522.1935483870968
        ],
        [
          70.58064516129032,
          525.4193548387096
        ]
      ]
    ],
    "廊下": [
      [
        [
          684.2903225806451,
          289.93548387096774
        ],
        [
          817.3548387096774,
          291.5483870967742
        ],
        [
          816.5483870967741,
          383.48387096774195
        ],
        [
          684.2903225806451,
          385.90322580645164
        ]
      ],
      [
        [
          688.3225806451613,
          87.51612903225806
        ],
        [
          745.5806451612904,
          86.70967741935483
        ],
        [
          744.7741935483871,
          279.4516129032258
        ],
        [
          686.7096774193549,
          282.6774193548387
        ]
      ]
    ],
    "開戸": [
      [
        806.8709677419355,
        287.51612903225805,
        881.0645161290323,
        343.9677419354839
      ],
      [
        672.1935483870968,
        18.161290322580644,
        718.9677419354839,
        78.64516129032258
      ],
      [
        675.4193548387096,
        85.90322580645162,
        748.0,
        141.5483870967742
      ],
      [
        267.35483870967744,
        152.83870967741936,
        317.35483870967744,
        212.51612903225808
      ]
    ],
    "引戸": [
      [
        803.5163073521283,
        359.5163073521282,
        831.3333333333333,
        480.96296296296293
      ],
      [
        400.96296296296293,
        17.259259259259252,
        429.1111111111111,
        138.74074074074073
      ],
      [
        278.3823178016727,
        129.58303464755076,
        397.25925925925924,
        159.48148148148147
      ],
      [
        224.59498207885306,
        22.15173237753882,
        255.037037037037,
        140.2222222222222
      ],
      [
        108.35244922341697,
        133.40023894862605,
        232.8148148148148,
        162.44444444444443
      ],
      [
        668.5555555555555,
        290.2819593787336,
        695.7777777777778,
        436.5185185185185
      ],
      [
        823.8064516129033,
        67.35483870967742,
        948.8064516129033,
        90.74193548387098
      ],
      [
        737.5818399044207,
        151.16009557945043,
        761.7753882915174,
        283.4181600955795
      ]
    ],
    "折戸": [
      [
        96.38709677419355,
        414.93548387096774,
        129.4516129032258,
        522.1935483870968
      ],
      [
        168.96774193548387,
        39.12903225806452,
        231.8709677419355,
        79.45161290322581
      ]
    ]
  }
}