{
  "labels": {
    "洋室": [
      [
        [
          113.28571428571428,
          132.92857142857144
        ],
        [
          302.57142857142856,
          132.33333333333334
        ],
        [
          306.14285714285717,
          388.8809523809524
        ],
        [
          111.5,
          391.26190476190476
        ]
      ],
      [
        [
          368.04761904761904,
          132.33333333333334
        ],
        [
          622.2142857142858,
          131.14285714285714
        ],
        [
          619.2380952380953,
          385.9047619047619
        ],
        [
          368.64285714285717,
          388.2857142857143
        ]
      ]
    ],
    "廊下": [
      [
        [
          178.16666666666669,
          74.0
        ],
        [
          363.8809523809524,
          71.02380952380953
        ],
        [
          363.2857142857143,
          387.6904761904762
        ],
        [
          307.33333333333337,
          387.09523809523813
        ],
        [
          306.73809523809524,
          129.35714285714286
        ],
        [
          178.76190476190476,
          128.16666666666669
        ]
      ]
    ],
    "引戸": [
      [
        376.3809523809524,
        119.23809523809524,
        488.35820895522386,
        151.24378109452735
      ],
      [
        496.0238095238095,
        118.04761904761905,
        614.3646408839779,
        148.95580110497238
      ],
      [
        96.81592039800992,
        263.681592039801,
        129.65174129353233,
        383.58208955223876
      ]
    ],
    "開戸": [
      [
        239.77900552486187,
        109.7292817679558,
        302.2099447513812,
        192.60220994475137
      ],
      [
        353.76190476190476,
        134.11904761904762,
        427.5714285714286,
        197.21428571428572
      ]
    ]
  }
}