{
  "labels": {
    "廊下": [
      [
        [
          457.695652173913,
          266.6086956521739
        ],
        [
          572.9130434782609,
          426.391304347826
        ],
        [
          706.6086956521739,
          327.4782608695652
        ],
        [
          651.1739130434783,
          256.82608695652175
        ],
        [
          583.7826086956521,
          307.9130434782609
        ],
        [
          520.4516129032259,
          220.96774193548387
        ]
      ]
    ],
    "洋室": [
      [
        [
          302.2608695652174,
          194.8695652173913
        ],
        [
          104.43478260869564,
          335.0869565217391
        ],
        [
          246.82608695652172,
          552.4782608695651
        ],
        [
          521.8260869565217,
          356.8260869565217
        ],
        [
          469.65217391304344,
          288.3478260869565
        ],
        [
          396.82608695652175,
          339.4347826086956
        ]
      ],
      [
        [
          516.391304347826,
          356.8260869565217
        ],
        [
          249.0,
          550.3043478260869
        ],
        [
          388.1304347826087,
          751.391304347826
        ],
        [
          664.2173913043478,
          560.0869565217391
        ]
      ]
    ],
    "開戸": [
      [
        434.8119658119658,
        286.1794871794872,
        512.0976013234077,
        360.5665839536807
      ],
      [
        486.16018748276815,
        356.83760683760687,
        570.7094017094017,
        432.33333333333337
      ],
      [
        617.3705541770057,
        294.4995864350703,
        699.7692307692308,
        375.92307692307696
      ]
    ],
    "引戸": [
      [
        321.1923076923076,
        170.15384615384616,
        427.9230769230769,
        326.88461538461536
      ],
      [
        559.6538461538461,
        418.2307692307692,
        673.1153846153846,
        565.3461538461538
      ]
    ]
  }
}