{
  "labels": {
    "洋室": [
      [
        [
          596.0169491525425,
          142.91525423728814
        ],
        [
          805.3389830508476,
          143.76271186440678
        ],
        [
          809.5762711864407,
          337.8305084745763
        ],
        [
          548.5593220338983,
          339.52542372881356
        ],
        [
          547.7118644067797,
          273.42372881355936
        ],
        [
          596.8644067796611,
          273.42372881355936
        ]
      ],
      [
        [
          546.8644067796611,
          342.0677966101695
        ],
        [
          807.8813559322034,
          343.7627118644068
        ],
        [
          808.7288135593221,
          539.5254237288136
        ],
        [
          591.7796610169491,
          540.3728813559322
        ],
        [
          591.7796610169491,
          405.6271186440678
        ],
        [
          546.0169491525425,
          405.6271186440678
        ]
      ],
      [
        [
          154.49152542372883,
          270.03389830508473
        ],
        [
          478.22033898305085,
          270.03389830508473
        ],
        [
          478.22033898305085,
          540.3728813559322
        ],
        [
          151.9491525423729,
          537.8305084745763
        ]
      ]
    ],
    "廊下": [
      [
        [
          479.9152542372882,
          149.6949152542373
        ],
        [
          542.6271186440679,
          150.54237288135593
        ],
        [
          540.0847457627119,
          403.08474576271186
        ],
        [
          484.1525423728814,
          403.93220338983053
        ]
      ]
    ],
    "開戸": [
      [
        417.2033898305085,
        274.271186440678,
        504.49152542372883,
        339.52542372881356
      ],
      [
        521.9528106328497,
        279.35593220338984,
        606.6985733447142,
        336.98305084745766
      ],
      [
        522.9770759663456,
        340.5009145226192,
        608.6330935251798,
        398.3884892086331
      ],
      [
        489.2372881355933,
        361.5593220338983,
        542.4460431654676,
        440.115107913669
      ],
      [
        150.2542372881356,
        206.47457627118646,
        220.86330935251797,
        296.2302158273381
      ]
    ],
    "折戸": [
      [
        575.8547738080722,
        140.50091452261918,
        628.0575539568345,
        271.0503597122302
      ],
      [
        575.4706743080113,
        404.9076941836361,
        627.3381294964029,
        529.3237410071941
      ]
    ]
  }
}