{
  "labels": {
    "洋室": [
      [
        [
          4.014492753623188,
          147.82608695652172
        ],
        [
          193.86956521739125,
          148.55072463768116
        ],
        [
          192.42028985507244,
          380.4347826086956
        ],
        [
          4.739130434782567,
          380.4347826086956
        ]
      ],
      [
        [
          238.79710144927532,
          6.521739130434782
        ],
        [
          378.6521739130434,
          5.797101449275361
        ],
        [
          377.927536231884,
          193.4782608695652
        ],
        [
          239.52173913043475,
          194.20289855072463
        ]
      ],
      [
        [
          238.07246376811588,
          191.30434782608694
        ],
        [
          380.10144927536226,
          193.4782608695652
        ],
        [
          381.5507246376811,
          286.95652173913044
        ],
        [
          238.79710144927532,
          287.6811594202898
        ]
      ],
      [
        [
          239.52173913043475,
          287.6811594202898
        ],
        [
          380.10144927536226,
          288.40579710144925
        ],
        [
          378.6521739130434,
          434.0579710144927
        ],
        [
          310.5362318840579,
          434.78260869565213
        ],
        [
          310.5362318840579,
          473.9130434782608
        ],
        [
          240.24637681159413,
          473.9130434782608
        ]
      ]
    ],
    "廊下": [
      [
        [
          193.86956521739125,
          99.99999999999999
        ],
        [
          235.89855072463763,
          100.72463768115941
        ],
        [
          235.89855072463763,
          378.2608695652174
        ],
        [
          196.76811594202894,
          378.98550724637676
        ]
      ]
    ],
    "開戸": [
      [
        191.695652173913,
        86.231884057971,
        240.24637681159413,
        136.231884057971
      ],
      [
        225.6335648743675,
        194.46874196038075,
        277.80747791784574,
        237.94700282994597
      ]
    ],
    "引戸": [
      [
        226.0323299888517,
        290.5797101449275,
        252.92899408284023,
        376.5147928994083
      ],
      [
        179.1967241231455,
        195.53640339593514,
        206.18343195266272,
        282.4319526627219
      ],
      [
        225.04184889803616,
        105.342594974702,
        253.52071005917162,
        187.75739644970415
      ]
    ],
    "折戸": [
      [
        307.3668639053255,
        30.952662721893493,
        380.82608695652164,
        62.31884057971014
      ],
      [
        307.63768115942025,
        417.39130434782606,
        378.96449704142015,
        451.07100591715977
      ]
    ]
  }
}