{
  "labels": {
    "廊下": [
      [
        [
          120.61165048543688,
          251.39805825242718
        ],
        [
          117.69902912621359,
          362.0776699029126
        ],
        [
          468.1844660194174,
          366.93203883495147
        ],
        [
          463.3300970873786,
          307.70873786407765
        ],
        [
          490.5145631067961,
          311.5922330097087
        ],
        [
          495.36893203883494,
          248.48543689320388
        ],
        [
          406.04854368932035,
          246.54368932038835
        ],
        [
          407.9902912621359,
          304.79611650485435
        ],
        [
          179.83495145631068,
          305.7669902912621
        ],
        [
          177.89320388349515,
          250.4271844660194
        ]
      ]
    ],
    "洋室": [
      [
        [
          491.4854368932039,
          250.4271844660194
        ],
        [
          488.5728155339806,
          307.70873786407765
        ],
        [
          465.2718446601941,
          307.70873786407765
        ],
        [
          459.44660194174753,
          538.7766990291262
        ],
        [
          687.6019417475728,
          542.6601941747573
        ],
        [
          690.5145631067961,
          310.62135922330094
        ],
        [
          573.0388349514562,
          301.88349514563106
        ],
        [
          574.9805825242719,
          245.5728155339806
        ]
      ],
      [
        [
          63.33009708737863,
          361.1067961165048
        ],
        [
          240.02912621359224,
          361.1067961165048
        ],
        [
          240.02912621359224,
          538.7766990291262
        ],
        [
          63.33009708737863,
          538.7766990291262
        ]
      ],
      [
        [
          285.6601941747573,
          366.93203883495147
        ],
        [
          456.53398058252424,
          366.93203883495147
        ],
        [
          456.53398058252424,
          536.8349514563107
        ],
        [
          285.6601941747573,
          536.8349514563107
        ]
      ]
    ],
    "折戸": [
      [
        581.4137555575718,
        291.4942382723891,
        677.3271028037383,
        334.4485981308411
      ]
    ],
    "引戸": [
      [
        467.03212049723254,
        231.6448598130841,
        570.7850467289719,
        263.9105344342619
      ],
      [
        369.85046728971963,
        232.57943925233644,
        460.34488703384443,
        260.8527356864168
      ],
      [
        290.3330913710189,
        355.0093457943925,
        453.9626168224298,
        384.1900009073587
      ],
      [
        67.2135922330097,
        352.20560747663546,
        237.14018691588785,
        382.39343072316484
      ],
      [
        103.13592233009709,
        254.07476635514018,
        136.20560747663552,
        361.1067961165048
      ],
      [
        231.5327102803738,
        368.08438435713634,
        257.96760729516376,
        445.66355140186914
      ],
      [
        274.83540513565015,
        454.4921513474276,
        298.13637600943656,
        533.1329280464566
      ]
    ]
  }
}