{
  "labels": {
    "廊下": [
      [
        [
          256.98198198198196,
          294.49549549549545
        ],
        [
          378.6036036036036,
          294.49549549549545
        ],
        [
          378.6036036036036,
          351.2522522522522
        ],
        [
          257.8828828828828,
          349.45045045045043
        ]
      ],
      [
        [
          518.2432432432432,
          164.76576576576576
        ],
        [
          637.1621621621621,
          167.46846846846844
        ],
        [
          638.0630630630629,
          353.054054054054
        ],
        [
          588.5135135135134,
          351.2522522522522
        ],
        [
          586.7117117117117,
          286.3873873873874
        ],
        [
          519.1441441441441,
          285.48648648648646
        ]
      ]
    ],
    "浴室": [
      [
        [
          647.9729729729729,
          99.9009009009009
        ],
        [
          765.9909909909909,
          99.9009009009009
        ],
        [
          764.1891891891892,
          204.4054054054054
        ],
        [
          650.6756756756756,
          205.30630630630628
        ]
      ]
    ],
    "LDK": [
      [
        [
          258.78378378378375,
          352.15315315315314
        ],
        [
          772.2972972972972,
          357.5585585585585
        ],
        [
          769.5945945945945,
          580.9819819819819
        ],
        [
          263.28828828828824,
          577.3783783783783
        ]
      ]
    ],
    "開戸": [
      [
        587.6126126126126,
        150.35135135135133,
        638.0630630630629,
        214.3153153153153
      ],
      [
        647.9729729729729,
        153.05405405405403,
        705.6306306306305,
        214.3153153153153
      ]
    ],
    "引戸": [
      [
        262.3873873873874,
        337.8806614834012,
        380.1917808219178,
        367.6164383561644
      ],
      [
        369.30457855115384,
        230.09959274342836,
        398.68493150684935,
        337.47945205479454
      ],
      [
        234.30136986301372,
        423.09589041095893,
        258.78378378378375,
        579.1801801801802
      ],
      [
        533.5770702209057,
        338.0596075527583,
        636.3561643835617,
        372.4109589041096
      ],
      [
        622.3466617302233,
        216.35159817351592,
        656.9041095890411,
        314.1917808219178
      ]
    ],
    "折戸": [
      [
        153.37837837837833,
        411.61261261261257,
        252.47747747747746,
        443.1441441441441
      ],
      [
        711.036036036036,
        349.45045045045043,
        770.4954954954954,
        380.08108108108104
      ],
      [
        651.5765765765765,
        289.99099099099095,
        703.8288288288287,
        335.9369369369369
      ]
    ]
  }
}