{
  "labels": {
    "廊下": [
      [
        [
          143.97590361445782,
          17.3734939759036
        ],
        [
          143.97590361445782,
          78.2168674698795
        ],
        [
          81.92771084337349,
          80.02409638554215
        ],
        [
          81.92771084337349,
          110.14457831325299
        ],
        [
          140.96385542168673,
          111.95180722891564
        ],
        [
          142.16867469879517,
          175.2048192771084
        ],
        [
          173.49397590361446,
          175.80722891566262
        ],
        [
          174.69879518072287,
          48.69879518072288
        ],
        [
          269.2771084337349,
          48.09638554216866
        ],
        [
          268.6746987951807,
          80.62650602409639
        ],
        [
          430.1204819277108,
          80.02409638554215
        ],
        [
          426.5060240963855,
          16.168674698795172
        ]
      ]
    ],
    "洋室": [
      [
        [
          20.481927710843372,
          110.7469879518072
        ],
        [
          16.867469879518072,
          236.0481927710843
        ],
        [
          53.01204819277108,
          300.5060240963855
        ],
        [
          144.57831325301203,
          299.9036144578313
        ],
        [
          142.77108433734938,
          113.15662650602408
        ]
      ],
      [
        [
          175.3012048192771,
          80.62650602409639
        ],
        [
          271.6867469879518,
          80.62650602409639
        ],
        [
          271.6867469879518,
          177.01204819277106
        ],
        [
          175.3012048192771,
          177.01204819277106
        ]
      ],
      [
        [
          143.3734939759036,
          175.2048192771084
        ],
        [
          210.8433734939759,
          175.2048192771084
        ],
        [
          210.8433734939759,
          298.69879518072287
        ],
        [
          143.3734939759036,
          298.69879518072287
        ]
      ]
    ],
    "開戸": [
      [
        74.09638554216866,
        82.43373493975903,
        101.20481927710843,
        104.72289156626505
      ],
      [
        146.20432951317463,
        146.34146341463415,
        173.34959349593495,
        184.06010103130288
      ]
    ],
    "折戸": [
      [
        179.25396825396825,
        35.714285714285715,
        220.1269841269841,
        57.53968253968254
      ],
      [
        225.6825396825397,
        72.22222222222223,
        268.6746987951807,
        90.86746987951807
      ]
    ],
    "引戸": [
      [
        87.95180722891565,
        68.65079365079366,
        141.55555555555554,
        88.62038630713327
      ],
      [
        166.55555555555554,
        83.6528973034997,
        185.91030789825967,
        144.04761904761904
      ],
      [
        87.17073170731707,
        100.35811072396439,
        141.1490514905149,
        122.76422764227642
      ]
    ]
  }
}