{
  "labels": {
    "洋室": [
      [
        [
          5.295977011494244,
          8.99425287356322
        ],
        [
          98.62931034482756,
          8.99425287356322
        ],
        [
          98.62931034482756,
          78.18965517241378
        ],
        [
          5.295977011494244,
          78.18965517241378
        ]
      ],
      [
        [
          6.862068965517238,
          125.28735632183907
        ],
        [
          100.88505747126436,
          125.28735632183907
        ],
        [
          100.88505747126436,
          196.78160919540227
        ],
        [
          6.862068965517238,
          196.78160919540227
        ]
      ]
    ],
    "廊下": [
      [
        [
          75.59770114942528,
          79.08045977011493
        ],
        [
          99.50574712643677,
          79.08045977011493
        ],
        [
          99.50574712643677,
          125.97701149425286
        ],
        [
          75.59770114942528,
          125.97701149425286
        ]
      ]
    ],
    "開戸": [
      [
        7.25663716814158,
        57.112068965517246,
        29.67241379310346,
        84.07079646017698
      ],
      [
        6.172413793103445,
        119.18103448275863,
        30.103448275862092,
        146.20689655172413
      ]
    ],
    "引戸": [
      [
        50.54022988505746,
        119.18103448275862,
        97.77586206896552,
        129.64080459770113
      ],
      [
        52.60919540229884,
        71.98275862068967,
        99.50000000000003,
        82.42816091954022
      ]
    ]
  }
}