{
  "labels": {
    "浴室": [
      [
        [
          77.17733990147781,
          258.128078817734
        ],
        [
          137.2758620689655,
          258.6206896551724
        ],
        [
          135.79802955665022,
          333.0049261083743
        ],
        [
          76.68472906403937,
          333.4975369458128
        ]
      ]
    ],
    "LDK": [
      [
        [
          142.69458128078816,
          218.71921182266007
        ],
        [
          255.0098522167487,
          222.16748768472902
        ],
        [
          256.98029556650243,
          180.78817733990147
        ],
        [
          370.77339901477825,
          181.7733990147783
        ],
        [
          371.7586206896551,
          332.5123152709359
        ],
        [
          141.21674876847288,
          334.4827586206896
        ]
      ]
    ],
    "廊下": [
      [
        [
          161.90640394088666,
          98.52216748768471
        ],
        [
          213.13793103448273,
          98.52216748768471
        ],
        [
          214.69879518072287,
          217.26907630522086
        ],
        [
          140.4016064257028,
          217.26907630522086
        ],
        [
          142.69458128078816,
          183.743842364532
        ],
        [
          180.62561576354676,
          183.25123152709358
        ],
        [
          180.62561576354676,
          139.40886699507388
        ],
        [
          162.39901477832507,
          137.9310344827586
        ]
      ]
    ],
    "開戸": [
      [
        145.2289156626506,
        102.40963855421685,
        196.3891625615763,
        139.40886699507388
      ],
      [
        190.3492393218192,
        180.91677053039743,
        220.39850040556303,
        217.36997250084076
      ],
      [
        251.56157635467974,
        182.26600985221674,
        278.6551724137931,
        220.19704433497535
      ],
      [
        97.83935742971886,
        242.9718875502008,
        139.24630541871917,
        295.5665024630542
      ],
      [
        309.6896551724137,
        140.39408866995072,
        342.2019704433497,
        178.81773399014776
      ]
    ],
    "引戸": [
      [
        124.40862959226061,
        182.88721388015114,
        152.05622489959836,
        251.80722891566262
      ],
      [
        141.2048192771084,
        206.82730923694777,
        213.90361445783128,
        234.93975903614455
      ],
      [
        202.99093912596197,
        101.51542129107563,
        230.77108433734935,
        177.51004016064255
      ],
      [
        258.73114131402457,
        165.76849268997168,
        331.574297188755,
        193.574297188755
      ]
    ]
  }
}