{
  "labels": {
    "洋室": [
      [
        [
          104.72972972972974,
          107.02702702702702
        ],
        [
          320.94594594594594,
          107.56756756756756
        ],
        [
          321.48648648648646,
          176.2162162162162
        ],
        [
          250.1351351351351,
          178.37837837837836
        ],
        [
          247.97297297297297,
          250.8108108108108
        ],
        [
          106.89189189189187,
          250.27027027027026
        ]
      ],
      [
        [
          213.3783783783784,
          248.1081081081081
        ],
        [
          214.45945945945942,
          282.7027027027027
        ],
        [
          250.67567567567568,
          284.3243243243243
        ],
        [
          247.97297297297297,
          393.5135135135135
        ],
        [
          105.27027027027026,
          393.5135135135135
        ],
        [
          105.27027027027026,
          250.27027027027026
        ]
      ],
      [
        [
          249.054054054054,
          284.3243243243243
        ],
        [
          318.78378378378375,
          285.4054054054054
        ],
        [
          319.3243243243243,
          177.2972972972973
        ],
        [
          391.7567567567568,
          177.2972972972973
        ],
        [
          393.37837837837833,
          392.97297297297297
        ],
        [
          249.59459459459458,
          391.8918918918919
        ]
      ]
    ],
    "廊下": [
      [
        [
          319.86486486486484,
          252.43243243243242
        ],
        [
          214.45945945945942,
          247.56756756756755
        ],
        [
          213.9189189189189,
          283.2432432432432
        ],
        [
          320.40540540540536,
          285.4054054054054
        ]
      ]
    ],
    "開戸": [
      [
        251.23747342848463,
        274.78590950501064,
        283.3370786516854,
        310.1123595505618
      ],
      [
        186.70786516853934,
        248.31460674157302,
        224.602186456119,
        289.18918918918916
      ],
      [
        211.4269662921348,
        221.91011235955057,
        246.30883692681442,
        260.80473732159123
      ]
    ],
    "折戸": [
      [
        342.8876404494382,
        163.48314606741573,
        370.97752808988764,
        193.82022471910113
      ]
    ]
  }
}