{
  "labels": {
    "廊下": [
      [
        [
          396.19819819819816,
          184.6306306306306
        ],
        [
          395.29729729729723,
          307.15315315315314
        ],
        [
          207.009009009009,
          305.3513513513513
        ],
        [
          212.4144144144144,
          336.8828828828828
        ],
        [
          92.59459459459458,
          337.78378378378375
        ],
        [
          88.09009009009009,
          426.9729729729729
        ],
        [
          517.8198198198198,
          427.87387387387383
        ],
        [
          516.9189189189188,
          365.7117117117117
        ],
        [
          578.1801801801802,
          366.61261261261257
        ],
        [
          579.081081081081,
          306.2522522522522
        ],
        [
          512.4144144144144,
          306.2522522522522
        ],
        [
          513.3153153153153,
          249.49549549549545
        ],
        [
          639.4414414414414,
          247.69369369369366
        ],
        [
          636.7387387387387,
          182.82882882882882
        ]
      ]
    ],
    "洋室": [
      [
        [
          88.99099099099098,
          429.6756756756756
        ],
        [
          240.34234234234233,
          429.6756756756756
        ],
        [
          240.34234234234233,
          672.9189189189188
        ],
        [
          88.99099099099098,
          672.9189189189188
        ]
      ]
    ],
    "LDK": [
      [
        [
          242.14414414414412,
          428.77477477477476
        ],
        [
          396.19819819819816,
          428.77477477477476
        ],
        [
          396.19819819819816,
          669.3153153153153
        ],
        [
          242.14414414414412,
          669.3153153153153
        ]
      ]
    ],
    "折戸": [
      [
        91.40704340704345,
        312.12121212121207,
        145.969696969697,
        362.9066339066339
      ],
      [
        554.7567567567567,
        308.9549549549549,
        592.7037037037037,
        358.7407407407407
      ]
    ],
    "引戸": [
      [
        127.65319865319861,
        409.2416052416052,
        239.19574119574116,
        444.6329966329966
      ],
      [
        275.80507780507776,
        409.8484848484848,
        386.8787878787879,
        447.30466830466827
      ],
      [
        397.9071799071799,
        412.8787878787879,
        510.3636363636364,
        450.73855673855667
      ],
      [
        404.55555555555554,
        165.4074074074074,
        513.4444444444445,
        199.48148148148147
      ],
      [
        522.0786240786241,
        163.63636363636363,
        631.5757575757575,
        201.03112203112198
      ],
      [
        514.9259259259259,
        225.75757575757575,
        635.3636363636364,
        264.7676767676768
      ],
      [
        524.5723905723905,
        409.02693602693597,
        632.7205387205387,
        444.5824915824915
      ]
    ]
  }
}