{
  "labels": {
    "LDK": [
      [
        [
          622.4615384615386,
          222.22222222222223
        ],
        [
          351.52136752136755,
          222.22222222222223
        ],
        [
          351.52136752136755,
          364.95726495726495
        ],
        [
          501.948717948718,
          366.6666666666667
        ],
        [
          505.36752136752136,
          470.94017094017096
        ],
        [
          655.7948717948718,
          473.50427350427356
        ],
        [
          657.5042735042736,
          402.5641025641026
        ],
        [
          620.7521367521368,
          399.1452991452992
        ]
      ]
    ],
    "浴室": [
      [
        [
          692.5470085470087,
          329.0598290598291
        ],
        [
          620.7521367521368,
          329.9145299145299
        ],
        [
          621.6068376068376,
          400.0
        ],
        [
          692.5470085470087,
          400.85470085470087
        ]
      ]
    ],
    "引戸": [
      [
        650.8155190627101,
        405.59396907711516,
        670.2247191011236,
        469.1011235955056
      ],
      [
        610.7646211466435,
        224.03245942571786,
        635.9550561797753,
        283.14606741573033
      ],
      [
        459.2136752136753,
        205.982905982906,
        529.7752808988764,
        229.7752808988764
      ],
      [
        394.0357142857142,
        210.49999999999997,
        455.6428571428571,
        234.60714285714283
      ]
    ],
    "開戸": [
      [
        624.1922150882824,
        321.5453451043339,
        656.1797752808989,
        359.5505617977528
      ]
    ]
  }
}