{
  "labels": {
    "洋室": [
      [
        [
          294.00763358778624,
          162.8854961832061
        ],
        [
          368.0534351145038,
          165.17557251908397
        ],
        [
          368.8167938931298,
          202.5801526717557
        ],
        [
          438.2824427480916,
          202.5801526717557
        ],
        [
          439.80916030534354,
          309.4503816793893
        ],
        [
          292.48091603053433,
          307.9236641221374
        ]
      ],
      [
        [
          566.5267175572519,
          198.0
        ],
        [
          442.86259541984725,
          198.0
        ],
        [
          436.7557251908397,
          308.68702290076334
        ],
        [
          566.5267175572519,
          309.4503816793893
        ]
      ],
      [
        [
          493.2442748091603,
          130.82442748091603
        ],
        [
          492.48091603053433,
          198.0
        ],
        [
          567.2900763358779,
          201.0534351145038
        ],
        [
          566.5267175572519,
          129.29770992366412
        ]
      ]
    ],
    "廊下": [
      [
        [
          439.80916030534354,
          130.82442748091603
        ],
        [
          441.33587786259534,
          162.8854961832061
        ],
        [
          403.1679389312977,
          163.64885496183206
        ],
        [
          402.40458015267177,
          198.0
        ],
        [
          491.7175572519084,
          199.5267175572519
        ],
        [
          494.00763358778624,
          133.1145038167939
        ]
      ]
    ],
    "引戸": [
      [
        297.0669406928949,
        188.1291837933059,
        361.6153846153846,
        212.07692307692307
      ],
      [
        486.48561362301825,
        133.20258367586612,
        507.0,
        198.23076923076923
      ]
    ],
    "開戸": [
      [
        397.82442748091603,
        190.36641221374046,
        439.80916030534354,
        230.06106870229007
      ],
      [
        435.2290076335878,
        188.0763358778626,
        487.13740458015263,
        228.53435114503816
      ],
      [
        384.0839694656488,
        162.12213740458014,
        429.12213740458014,
        201.81679389312976
      ]
    ]
  }
}