{
  "labels": {
    "LDK": [
      [
        [
          349.12765957446805,
          183.27685841870243
        ],
        [
          347.0,
          415.19175203572365
        ],
        [
          515.0851063829787,
          410.93643288678754
        ],
        [
          515.0851063829787,
          523.702390333596
        ],
        [
          729.9787234042552,
          529.0215392697662
        ],
        [
          731.0425531914893,
          416.25558182295765
        ],
        [
          768.2765957446808,
          413.06409246125554
        ],
        [
          772.531914893617,
          188.5960073548726
        ],
        [
          727.9156626506024,
          187.05101889037633
        ],
        [
          727.8510638297872,
          130.08536905700026
        ],
        [
          519.3404255319149,
          130.08536905700026
        ],
        [
          515.0851063829787,
          186.46834778040454
        ]
      ]
    ],
    "浴室": [
      [
        [
          653.3829787234042,
          17.7659574468085
        ],
        [
          771.4680851063829,
          17.7659574468085
        ],
        [
          771.4680851063829,
          131.59574468085106
        ],
        [
          653.3829787234042,
          131.59574468085106
        ]
      ]
    ],
    "廊下": [
      [
        [
          236.36170212765956,
          78.56231003039514
        ],
        [
          352.31914893617017,
          78.56231003039514
        ],
        [
          352.31914893617017,
          243.45592705167175
        ],
        [
          236.36170212765956,
          243.45592705167175
        ]
      ]
    ],
    "開戸": [
      [
        411.7142857142857,
        101.66752114842345,
        458.9841066393232,
        140.57142857142858
      ]
    ],
    "引戸": [
      [
        341.2857142857143,
        184.78723404255317,
        364.68996960486317,
        294.36170212765956
      ],
      [
        334.57142857142856,
        253.14285714285714,
        363.14285714285717,
        397.7142857142857
      ],
      [
        217.42857142857144,
        223.75379939209722,
        315.65653495440733,
        254.85714285714286
      ],
      [
        219.14285714285717,
        29.96048632218843,
        243.21884498480244,
        126.28571428571429
      ],
      [
        243.71428571428572,
        60.57142857142857,
        340.2857142857143,
        90.85714285714286
      ],
      [
        339.55319148936167,
        33.72340425531914,
        367.2127659574468,
        127.34042553191489
      ],
      [
        521.468085106383,
        117.71428571428571,
        612.8571428571429,
        145.8996960486322
      ],
      [
        642.0,
        28.404255319148916,
        670.4042553191489,
        121.71428571428571
      ],
      [
        129.42857142857142,
        106.28571428571429,
        222.57142857142856,
        136.0
      ],
      [
        476.8571428571429,
        21.714285714285715,
        504.8571428571429,
        121.71428571428571
      ],
      [
        557.4285714285714,
        20.0,
        587.7142857142857,
        120.57142857142857
      ]
    ],
    "折戸": [
      [
        502.31914893617017,
        131.59574468085106,
        538.4893617021277,
        181.59574468085106
      ],
      [
        702.3191489361702,
        415.76963488311,
        746.7654320987654,
        520.5679012345679
      ],
      [
        158.49382716049382,
        327.358024691358,
        199.34503973340173,
        410.20328120994606
      ]
    ]
  }
}