{
  "labels": {
    "洋室": [
      [
        [
          129.86046511627907,
          190.69767441860466
        ],
        [
          227.53488372093022,
          191.27906976744185
        ],
        [
          229.8604651162791,
          356.3953488372093
        ],
        [
          131.02325581395348,
          357.5581395348837
        ]
      ],
      [
        [
          303.1162790697675,
          120.34883720930233
        ],
        [
          402.5348837209302,
          120.34883720930233
        ],
        [
          403.1162790697675,
          252.32558139534885
        ],
        [
          306.0232558139535,
          254.06976744186048
        ]
      ],
      [
        [
          234.51162790697674,
          258.72093023255815
        ],
        [
          367.6511627906977,
          258.72093023255815
        ],
        [
          368.8139534883721,
          356.3953488372093
        ],
        [
          262.4186046511628,
          357.5581395348837
        ],
        [
          260.09302325581393,
          288.95348837209303
        ],
        [
          236.25581395348837,
          289.5348837209302
        ]
      ]
    ],
    "廊下": [
      [
        [
          233.3488372093023,
          154.06976744186048
        ],
        [
          263.5813953488372,
          154.65116279069767
        ],
        [
          265.3255813953488,
          223.25581395348837
        ],
        [
          300.7906976744186,
          223.25581395348837
        ],
        [
          299.6279069767442,
          251.74418604651163
        ],
        [
          235.09302325581393,
          253.48837209302326
        ]
      ]
    ],
    "開戸": [
      [
        291.5471698113207,
        224.0566037735849,
        334.51162790697674,
        257.5581395348837
      ],
      [
        234.94339622641508,
        245.75471698113208,
        269.9767441860465,
        287.7906976744186
      ],
      [
        200.2093023255814,
        187.7906976744186,
        239.74418604651163,
        220.93023255813955
      ]
    ],
    "折戸": [
      [
        144.97674418604652,
        177.90697674418604,
        177.53488372093022,
        208.72093023255815
      ],
      [
        332.1860465116279,
        211.04651162790697,
        403.8113207547169,
        240.56603773584905
      ],
      [
        248.1509433962264,
        292.45283018867923,
        275.7906976744186,
        358.13953488372096
      ]
    ],
    "引戸": [
      [
        218.43396226415092,
        129.71698113207546,
        243.43396226415092,
        185.37735849056602
      ]
    ]
  }
}