{
  "labels": {
    "廊下": [
      [
        [
          166.43455497382197,
          9.424083769633507
        ],
        [
          166.95811518324606,
          362.82722513089004
        ],
        [
          559.6282722513089,
          362.30366492146595
        ],
        [
          559.1047120418848,
          356.0209424083769
        ],
        [
          775.8586387434555,
          358.1151832460733
        ],
        [
          775.8586387434555,
          303.6649214659686
        ],
        [
          578.4764397905759,
          304.71204188481676
        ],
        [
          579.0,
          208.37696335078533
        ],
        [
          522.4554973821989,
          206.282722513089
        ],
        [
          520.8848167539267,
          304.71204188481676
        ],
        [
          222.45549738219893,
          305.7591623036649
        ],
        [
          224.0261780104712,
          10.471204188481675
        ]
      ],
      [
        [
          126.64397905759162,
          321.9895287958115
        ],
        [
          166.43455497382197,
          322.5130890052356
        ],
        [
          165.91099476439788,
          402.0942408376963
        ],
        [
          126.64397905759162,
          401.0471204188481
        ]
      ]
    ],
    "開戸": [
      [
        127.50519245812316,
        18.24778140425647,
        178.2442748091603,
        53.05343511450381
      ],
      [
        127.86259541984732,
        121.75572519083968,
        177.8625954198473,
        156.10687022900763
      ],
      [
        127.12351306881018,
        226.81331427184202,
        177.8625954198473,
        261.0687022900763
      ],
      [
        129.24365441156635,
        323.6331022577077,
        177.8625954198473,
        359.9236641221374
      ],
      [
        580.3536266285437,
        175.75998705257194,
        614.5038167938931,
        224.42748091603053
      ]
    ],
    "引戸": [
      [
        204.9618320610687,
        29.389312977099234,
        232.9754808081353,
        94.1763547595285
      ],
      [
        204.91867396757746,
        208.41043346910152,
        231.6793893129771,
        280.53435114503816
      ],
      [
        97.59036144578313,
        388.2409638554216,
        163.51927278612467,
        415.3076362851671
      ],
      [
        419.0111401828824,
        288.9191594961292,
        499.618320610687,
        314.5038167938931
      ],
      [
        506.4885496183206,
        190.45801526717557,
        575.4201170663285,
        215.05273379548458
      ],
      [
        620.8912146305937,
        198.99657432632912,
        693.8931297709923,
        224.04580152671755
      ],
      [
        581.088662908316,
        157.17368435249375,
        650.763358778626,
        185.49618320610685
      ],
      [
        269.46564885496184,
        98.47328244274809,
        338.54961832061065,
        126.71755725190839
      ]
    ],
    "折戸": [
      [
        247.8447927062822,
        342.79934183907426,
        338.9312977099236,
        373.66412213740455
      ],
      [
        226.9684136703261,
        294.4164216545734,
        338.54961832061065,
        325.57251908396944
      ]
    ]
  }
}