{
  "labels": {
    "LDK": [
      [
        [
          277.46280991735534,
          114.21487603305786
        ],
        [
          276.6363636363636,
          591.0743801652893
        ],
        [
          514.6528925619835,
          592.7272727272727
        ],
        [
          515.4793388429753,
          113.38842975206612
        ]
      ]
    ],
    "廊下": [
      [
        [
          217.1322314049587,
          233.22314049586777
        ],
        [
          274.9834710743802,
          233.22314049586777
        ],
        [
          279.1157024793389,
          352.2314049586777
        ],
        [
          215.4793388429752,
          353.05785123966945
        ]
      ],
      [
        [
          517.1322314049587,
          234.87603305785126
        ],
        [
          572.504132231405,
          234.87603305785126
        ],
        [
          575.8099173553719,
          469.5867768595042
        ],
        [
          546.0578512396694,
          500.1652892561983
        ],
        [
          517.9586776859504,
          500.99173553719015
        ]
      ]
    ],
    "浴室": [
      [
        [
          97.29752066115702,
          233.22314049586777
        ],
        [
          216.30578512396698,
          233.22314049586777
        ],
        [
          217.1322314049587,
          354.7107438016529
        ],
        [
          96.4710743801653,
          353.05785123966945
        ]
      ]
    ],
    "開戸": [
      [
        518.9276147050442,
        214.4998575092619,
        568.7586206896552,
        274.48275862068965
      ],
      [
        219.4137931034483,
        210.3448275862069,
        273.4673696209747,
        282.1088629239099
      ],
      [
        457.34482758620686,
        124.82758620689656,
        510.44827586206895,
        174.48275862068965
      ]
    ],
    "引戸": [
      [
        495.92390994585344,
        354.7107438016529,
        533.2068965517241,
        466.2068965517241
      ],
      [
        258.4545454545455,
        116.69421487603307,
        293.2068965517241,
        212.41379310344828
      ],
      [
        260.93388429752065,
        238.17041892277007,
        293.99173553719015,
        346.4348817326874
      ],
      [
        260.10743801652893,
        415.86776859504135,
        295.2758620689655,
        585.5172413793103
      ],
      [
        104.24137931034483,
        393.7931034482759,
        216.30578512396698,
        430.74380165289256
      ]
    ],
    "折戸": [
      [
        156.65517241379314,
        216.55172413793105,
        211.82758620689657,
        260.0
      ],
      [
        216.17469364491313,
        324.41151325163867,
        271.1379310344828,
        366.89655172413796
      ],
      [
        580.1034482758621,
        336.55172413793105,
        633.5072670276431,
        381.2938159019664
      ]
    ]
  }
}