{
  "labels": {
    "廊下": [
      [
        [
          824.1379310344828,
          551.7241379310345
        ],
        [
          828.735632183908,
          755.1724137931035
        ],
        [
          775.8620689655172,
          754.0229885057471
        ],
        [
          778.1609195402299,
          852.8735632183908
        ],
        [
          912.6436781609195,
          855.1724137931035
        ],
        [
          910.3448275862069,
          620.6896551724138
        ],
        [
          1096.551724137931,
          618.3908045977012
        ],
        [
          1096.551724137931,
          552.8735632183908
        ]
      ]
    ],
    "LDK": [
      [
        [
          560.9195402298851,
          171.26436781609195
        ],
        [
          828.735632183908,
          171.26436781609195
        ],
        [
          828.735632183908,
          750.5747126436781
        ],
        [
          560.9195402298851,
          750.5747126436781
        ]
      ]
    ],
    "洋室": [
      [
        [
          822.9885057471264,
          273.5632183908046
        ],
        [
          1028.7356321839081,
          273.5632183908046
        ],
        [
          1028.7356321839081,
          550.5747126436781
        ],
        [
          822.9885057471264,
          550.5747126436781
        ]
      ]
    ],
    "浴室": [
      [
        [
          981.6091954022988,
          750.5747126436781
        ],
        [
          1097.7011494252874,
          750.5747126436781
        ],
        [
          1097.7011494252874,
          882.7586206896552
        ],
        [
          981.6091954022988,
          882.7586206896552
        ]
      ]
    ],
    "開戸": [
      [
        803.3661740558292,
        554.7619047619047,
        888.8888888888889,
        616.8035030103996
      ],
      [
        636.6296296296296,
        757.1428571428571,
        715.8730158730159,
        806.3492063492064
      ]
    ],
    "折戸": [
      [
        1003.1746031746031,
        380.1587301587302,
        1058.5385878489321,
        478.70826491516146
      ],
      [
        1000.0,
        276.1904761904762,
        1054.9261083743845,
        370.935960591133
      ],
      [
        992.5561029009307,
        729.3650793650794,
        1041.2698412698412,
        781.5270935960591
      ]
    ],
    "引戸": [
      [
        889.6825396825396,
        758.8669950738916,
        935.6048166392994,
        869.8412698412699
      ],
      [
        963.656267104543,
        595.2380952380952,
        1090.4761904761904,
        644.4444444444446
      ],
      [
        904.3240284619594,
        528.5714285714286,
        1022.2222222222222,
        574.9589490968802
      ],
      [
        803.3661740558292,
        275.944170771757,
        850.0,
        453.968253968254
      ]
    ]
  }
}