{
  "labels": {
    "LDK": [
      [
        [
          459.1764705882353,
          36.529411764705884
        ],
        [
          458.1034482758621,
          475.86206896551727
        ],
        [
          416.8235294117647,
          476.52941176470586
        ],
        [
          418.0,
          636.5294117647059
        ],
        [
          785.0588235294118,
          633.0
        ],
        [
          780.3529411764706,
          33.0
        ]
      ]
    ],
    "廊下": [
      [
        [
          210.94117647058823,
          228.29411764705884
        ],
        [
          215.64705882352942,
          513.0
        ],
        [
          302.70588235294116,
          511.82352941176475
        ],
        [
          302.70588235294116,
          477.7058823529412
        ],
        [
          461.5294117647059,
          475.3529411764706
        ],
        [
          460.3529411764706,
          390.6470588235294
        ],
        [
          301.5294117647059,
          391.82352941176475
        ],
        [
          296.8235294117647,
          228.29411764705884
        ]
      ]
    ],
    "浴室": [
      [
        [
          50.94117647058824,
          35.35294117647058
        ],
        [
          212.11764705882354,
          35.35294117647058
        ],
        [
          212.11764705882354,
          228.29411764705884
        ],
        [
          50.94117647058824,
          228.29411764705884
        ]
      ]
    ],
    "開戸": [
      [
        188.76595744680856,
        270.64705882352945,
        262.70588235294116,
        322.40425531914894
      ],
      [
        224.6895663374839,
        197.71446972949767,
        296.73722627737226,
        291.7007299270073
      ],
      [
        389.67383803964196,
        401.91970802919707,
        487.978102189781,
        468.2941176470589
      ],
      [
        228.1416917131816,
        444.2554744525547,
        294.54744525547443,
        539.9729497638468
      ]
    ],
    "引戸": [
      [
        184.6552168312581,
        64.6934306569343,
        238.34306569343062,
        224.92786603692574
      ],
      [
        437.96662494785147,
        66.3758865248227,
        482.3829787234042,
        227.35961618690027
      ]
    ]
  }
}