{
  "labels": {
    "LDK": [
      [
        [
          102.61038961038957,
          252.24675324675323
        ],
        [
          462.3506493506493,
          252.24675324675323
        ],
        [
          463.6493506493506,
          432.76623376623377
        ],
        [
          318.8441558441558,
          433.4155844155844
        ],
        [
          320.1428571428571,
          397.05194805194805
        ],
        [
          101.96103896103898,
          395.75324675324674
        ]
      ]
    ],
    "浴室": [
      [
        [
          101.31168831168833,
          108.74025974025973
        ],
        [
          173.38961038961037,
          108.0909090909091
        ],
        [
          173.38961038961037,
          178.87012987012986
        ],
        [
          102.61038961038957,
          180.8181818181818
        ]
      ]
    ],
    "廊下": [
      [
        [
          210.4025974025974,
          178.2207792207792
        ],
        [
          317.5454545454545,
          181.46753246753246
        ],
        [
          318.8441558441558,
          206.7922077922078
        ],
        [
          354.5584415584416,
          208.0909090909091
        ],
        [
          355.2077922077922,
          250.94805194805195
        ],
        [
          211.7012987012987,
          252.24675324675323
        ]
      ]
    ],
    "引戸": [
      [
        352.6103896103896,
        232.76623376623377,
        424.6883116883117,
        264.5844155844156
      ],
      [
        212.5467619628693,
        239.9090909090909,
        293.90604026845637,
        265.1006711409396
      ],
      [
        101.31168831168833,
        239.9090909090909,
        179.88311688311688,
        263.93506493506493
      ],
      [
        198.60402684563758,
        183.2214765100671,
        227.95685522531159,
        252.89610389610388
      ]
    ],
    "折戸": [
      [
        135.51677852348996,
        161.0738255033557,
        172.60951799877978,
        189.8437200383509
      ],
      [
        284.55704697986573,
        165.7718120805369,
        318.7852348993289,
        189.26174496644296
      ]
    ]
  }
}