{
  "labels": {
    "LDK": [
      [
        [
          41.37288135593221,
          295.40677966101697
        ],
        [
          38.83050847457627,
          473.37288135593224
        ],
        [
          449.8474576271187,
          475.9152542372882
        ],
        [
          451.54237288135596,
          300.49152542372883
        ],
        [
          628.6610169491526,
          301.3389830508475
        ],
        [
          629.5084745762712,
          61.5084745762712
        ],
        [
          304.93220338983053,
          59.81355932203391
        ],
        [
          305.77966101694915,
          182.6949152542373
        ],
        [
          276.96610169491527,
          180.15254237288138
        ],
        [
          275.271186440678,
          299.6440677966102
        ]
      ]
    ],
    "廊下": [
      [
        [
          161.71186440677968,
          175.91525423728814
        ],
        [
          161.71186440677968,
          236.08474576271186
        ],
        [
          221.03389830508476,
          238.62711864406782
        ],
        [
          215.10169491525426,
          298.79661016949154
        ],
        [
          274.42372881355936,
          299.6440677966102
        ],
        [
          279.5084745762712,
          175.91525423728814
        ]
      ],
      [
        [
          451.54237288135596,
          302.1864406779661
        ],
        [
          628.6610169491526,
          302.1864406779661
        ],
        [
          628.6610169491526,
          363.2033898305085
        ],
        [
          451.54237288135596,
          363.2033898305085
        ]
      ]
    ],
    "浴室": [
      [
        [
          46.45762711864407,
          56.423728813559336
        ],
        [
          164.2542372881356,
          56.423728813559336
        ],
        [
          164.2542372881356,
          181.0
        ],
        [
          46.45762711864407,
          181.0
        ]
      ]
    ],
    "開戸": [
      [
        135.0,
        191.7250470809793,
        206.54237288135593,
        231.66666666666666
      ]
    ],
    "引戸": [
      [
        136.11111111111111,
        68.40112994350284,
        189.53672316384183,
        168.88888888888889
      ],
      [
        168.88888888888889,
        276.1111111111111,
        272.77777777777777,
        331.1111111111111
      ],
      [
        423.4538606403014,
        302.04519774011305,
        477.22222222222223,
        408.3333333333333
      ],
      [
        288.3333333333333,
        72.77777777777777,
        340.55555555555554,
        175.55555555555554
      ],
      [
        170.0,
        153.33333333333334,
        272.22222222222223,
        205.0
      ]
    ],
    "折戸": [
      [
        48.33333333333333,
        267.77777777777777,
        94.44444444444444,
        322.22222222222223
      ]
    ]
  }
}