{
  "labels": {
    "洋室": [
      [
        [
          94.58865248226954,
          90.78014184397163
        ],
        [
          304.51773049645396,
          90.0709219858156
        ],
        [
          303.8085106382979,
          192.19858156028369
        ],
        [
          95.29787234042556,
          192.19858156028369
        ]
      ],
      [
        [
          94.58865248226954,
          197.1631205673759
        ],
        [
          196.7163120567376,
          198.58156028368796
        ],
        [
          197.42553191489367,
          322.6950354609929
        ],
        [
          163.38297872340428,
          322.6950354609929
        ],
        [
          164.80141843971631,
          354.6099290780142
        ],
        [
          93.87943262411352,
          353.19148936170217
        ]
      ],
      [
        [
          93.17021276595744,
          358.15602836879435
        ],
        [
          197.42553191489367,
          356.7375886524823
        ],
        [
          197.42553191489367,
          518.4397163120568
        ],
        [
          91.04255319148939,
          518.4397163120568
        ]
      ]
    ],
    "廊下": [
      [
        [
          200.97163120567376,
          198.58156028368796
        ],
        [
          233.5957446808511,
          198.58156028368796
        ],
        [
          232.88652482269504,
          310.63829787234044
        ],
        [
          268.34751773049646,
          312.0567375886525
        ],
        [
          269.0567375886525,
          374.468085106383
        ],
        [
          237.85106382978728,
          373.758865248227
        ],
        [
          237.14184397163126,
          354.6099290780142
        ],
        [
          164.80141843971631,
          353.9007092198582
        ],
        [
          167.63829787234044,
          324.11347517730496
        ],
        [
          201.68085106382983,
          324.11347517730496
        ]
      ]
    ],
    "引戸": [
      [
        170.03092783505156,
        180.9278350515464,
        233.0181326314251,
        204.9645390070922
      ]
    ],
    "開戸": [
      [
        247.78014184397165,
        309.2198581560284,
        284.97938144329896,
        338.659793814433
      ],
      [
        165.5106382978724,
        292.96994955034006,
        203.8085106382979,
        332.68626160707765
      ],
      [
        163.89844264093,
        345.0683629450903,
        203.02061855670104,
        384.02061855670104
      ]
    ]
  }
}