{
  "labels": {
    "LDK": [
      [
        [
          121.42857142857143,
          346.76190476190476
        ],
        [
          119.04761904761905,
          743.1904761904763
        ],
        [
          1013.0952380952382,
          743.1904761904763
        ],
        [
          1013.0952380952382,
          246.76190476190476
        ],
        [
          617.8571428571429,
          247.95238095238096
        ],
        [
          619.047619047619,
          347.95238095238096
        ]
      ]
    ],
    "廊下": [
      [
        [
          322.61904761904765,
          151.52380952380952
        ],
        [
          316.6666666666667,
          345.5714285714286
        ],
        [
          522.6190476190476,
          346.76190476190476
        ],
        [
          516.6666666666667,
          150.33333333333337
        ]
      ]
    ],
    "浴室": [
      [
        [
          816.6666666666667,
          50.33333333333334
        ],
        [
          813.0952380952381,
          249.14285714285717
        ],
        [
          1015.4761904761905,
          250.33333333333337
        ],
        [
          1011.9047619047619,
          47.95238095238096
        ]
      ]
    ],
    "折戸": [
      [
        791.4614121510673,
        152.31034482758622,
        861.1379310344828,
        235.30870279146143
      ]
    ],
    "引戸": [
      [
        330.1034482758621,
        318.68965517241384,
        508.55172413793105,
        372.1379310344828
      ],
      [
        628.3793103448277,
        223.00000000000003,
        803.3793103448277,
        274.7241379310345
      ],
      [
        334.4137931034483,
        125.58620689655173,
        507.68965517241384,
        175.58620689655174
      ]
    ],
    "開戸": [
      [
        587.0,
        160.93103448275863,
        673.2068965517242,
        239.37931034482762
      ]
    ]
  }
}