{
  "labels": {
    "洋室": [
      [
        [
          13.522935779816507,
          20.110091743119256
        ],
        [
          129.57798165137612,
          20.568807339449535
        ],
        [
          130.49541284403668,
          99.46788990825686
        ],
        [
          210.31192660550454,
          100.38532110091742
        ],
        [
          210.77064220183485,
          138.91743119266053
        ],
        [
          210.31192660550454,
          258.1834862385321
        ],
        [
          131.41284403669724,
          258.1834862385321
        ],
        [
          11.688073394495405,
          257.7247706422018
        ]
      ],
      [
        [
          367.65137614678895,
          20.568807339449535
        ],
        [
          484.1651376146789,
          21.944954128440358
        ],
        [
          486.0,
          257.26605504587155
        ],
        [
          326.8256880733945,
          256.348623853211
        ],
        [
          327.74311926605503,
          139.8348623853211
        ],
        [
          368.5688073394495,
          140.29357798165137
        ]
      ]
    ],
    "廊下": [
      [
        [
          209.39449541284404,
          59.100917431192656
        ],
        [
          327.74311926605503,
          59.55963302752292
        ],
        [
          327.74311926605503,
          99.92660550458714
        ],
        [
          368.11009174311926,
          100.38532110091742
        ],
        [
          367.65137614678895,
          138.91743119266053
        ],
        [
          210.31192660550454,
          137.99999999999997
        ]
      ]
    ],
    "折戸": [
      [
        356.5219867130654,
        138.45871559633025,
        387.62068965517244,
        254.48275862068965
      ]
    ],
    "開戸": [
      [
        355.6203732995887,
        99.00917431192659,
        399.3448275862069,
        140.0
      ],
      [
        327.49999999999994,
        87.57142857142857,
        361.9370904325032,
        128.97313237221496
      ],
      [
        176.48718759886106,
        99.00917431192659,
        221.41379310344828,
        139.31034482758622
      ]
    ],
    "引戸": [
      [
        130.72413793103448,
        88.62068965517241,
        209.28571428571428,
        111.49999999999999
      ]
    ]
  }
}