{
  "labels": {
    "洋室": [
      [
        [
          679.0,
          10.0
        ],
        [
          1017.0,
          10.0
        ],
        [
          1017.0,
          337.0
        ],
        [
          925.0,
          340.0
        ],
        [
          926.0,
          263.0
        ],
        [
          681.0,
          258.0
        ]
      ],
      [
        [
          680.0,
          341.0
        ],
        [
          1017.0,
          340.0
        ],
        [
          1019.0,
          678.0
        ],
        [
          684.0,
          671.0
        ]
      ]
    ],
    "廊下": [
      [
        [
          463.0,
          10.0
        ],
        [
          513.0,
          11.0
        ],
        [
          511.0,
          201.0
        ],
        [
          596.0,
          203.0
        ],
        [
          600.0,
          158.0
        ],
        [
          679.0,
          161.0
        ],
        [
          681.0,
          343.0
        ],
        [
          415.0,
          344.0
        ]
      ]
    ],
    "引戸": [
      [
        776.7462686567163,
        324.6268656716418,
        923.7611940298507,
        366.4179104477612
      ],
      [
        776.0,
        239.55223880597015,
        923.0,
        278.0
      ]
    ],
    "開戸": [
      [
        927.4925373134328,
        220.14925373134326,
        1019.0,
        277.0
      ],
      [
        695.7640828117477,
        547.5204622051035,
        844.3548387096774,
        605.1935483870968
      ]
    ]
  }
}