{
  "labels": {
    "洋室": [
      [
        [
          23.441860465116292,
          136.62790697674419
        ],
        [
          197.27906976744185,
          139.53488372093022
        ],
        [
          201.3488372093023,
          433.13953488372096
        ],
        [
          21.116279069767444,
          433.13953488372096
        ]
      ],
      [
        [
          376.34883720930236,
          18.6046511627907
        ],
        [
          612.3953488372093,
          21.511627906976745
        ],
        [
          611.232558139535,
          225.0
        ],
        [
          434.48837209302326,
          222.67441860465118
        ],
        [
          435.06976744186045,
          136.04651162790697
        ],
        [
          378.09302325581393,
          137.2093023255814
        ]
      ],
      [
        [
          435.65116279069764,
          226.74418604651163
        ],
        [
          614.1395348837209,
          229.06976744186048
        ],
        [
          612.9767441860465,
          431.3953488372093
        ],
        [
          374.6046511627907,
          431.9767441860465
        ],
        [
          374.0232558139535,
          312.7906976744186
        ],
        [
          435.06976744186045,
          313.95348837209303
        ]
      ]
    ],
    "廊下": [
      [
        [
          200.7674418604651,
          120.93023255813954
        ],
        [
          257.74418604651163,
          123.25581395348837
        ],
        [
          257.16279069767444,
          136.62790697674419
        ],
        [
          435.06976744186045,
          140.11627906976744
        ],
        [
          433.90697674418607,
          314.5348837209302
        ],
        [
          374.0232558139535,
          316.27906976744185
        ],
        [
          372.8604651162791,
          195.34883720930233
        ],
        [
          200.18604651162792,
          195.34883720930233
        ]
      ]
    ],
    "開戸": [
      [
        379.0319225769175,
        258.39231547017187,
        450.57142857142856,
        312.04347826086956
      ],
      [
        203.9921999133324,
        110.01733352592808,
        249.9503105590062,
        152.41614906832297
      ]
    ],
    "引戸": [
      [
        411.0339448216091,
        142.71991911021235,
        444.98136645962734,
        221.9813664596273
      ],
      [
        416.70345226058066,
        28.199479994222152,
        452.4347826086956,
        132.54037267080744
      ],
      [
        415.7248302758919,
        318.96215513505706,
        452.4347826086956,
        427.57142857142856
      ],
      [
        172.64740719341324,
        142.1782464249603,
        208.95652173913044,
        241.85714285714283
      ]
    ]
  }
}