{
  "labels": {
    "洋室": [
      [
        [
          11.826923076923066,
          13.0
        ],
        [
          145.48076923076923,
          15.403846153846146
        ],
        [
          145.0,
          81.26923076923077
        ],
        [
          276.7307692307692,
          80.78846153846152
        ],
        [
          277.21153846153845,
          281.2692307692308
        ],
        [
          10.384615384615387,
          280.3076923076923
        ]
      ],
      [
        [
          341.15384615384613,
          15.403846153846146
        ],
        [
          342.1153846153846,
          146.65384615384613
        ],
        [
          275.28846153846155,
          146.1730769230769
        ],
        [
          274.8076923076923,
          281.2692307692308
        ],
        [
          540.6730769230769,
          279.82692307692304
        ],
        [
          540.6730769230769,
          15.403846153846146
        ]
      ]
    ],
    "廊下": [
      [
        [
          274.8076923076923,
          14.442307692307693
        ],
        [
          275.7692307692308,
          146.65384615384613
        ],
        [
          341.15384615384613,
          147.1346153846154
        ],
        [
          341.63461538461536,
          15.884615384615387
        ]
      ]
    ],
    "折戸": [
      [
        331.04144630629634,
        150.69270380568605,
        369.6876913655848,
        275.9202805767411
      ],
      [
        16.195652173913047,
        68.84644611359245,
        139.92094861660078,
        108.98547013305127
      ]
    ],
    "開戸": [
      [
        262.05533596837944,
        86.11067193675888,
        328.8362724232289,
        140.87511401641834
      ],
      [
        326.7725752508361,
        20.029112192155665,
        391.30434782608694,
        78.20553359683794
      ]
    ]
  }
}