{
  "labels": {
    "浴室": [
      [
        [
          98.9873417721519,
          348.73417721518985
        ],
        [
          169.24050632911388,
          348.73417721518985
        ],
        [
          171.1392405063291,
          420.253164556962
        ],
        [
          98.9873417721519,
          419.62025316455697
        ]
      ]
    ],
    "LDK": [
      [
        [
          171.1392405063291,
          276.5822784810126
        ],
        [
          457.8481012658227,
          277.2151898734177
        ],
        [
          457.21518987341767,
          419.62025316455697
        ],
        [
          169.873417721519,
          418.98734177215186
        ]
      ]
    ],
    "廊下": [
      [
        [
          117.34177215189871,
          170.25316455696202
        ],
        [
          205.94936708860757,
          170.25316455696202
        ],
        [
          205.94936708860757,
          275.9493670886076
        ],
        [
          171.1392405063291,
          275.9493670886076
        ],
        [
          169.873417721519,
          237.9746835443038
        ],
        [
          162.91139240506328,
          239.2405063291139
        ],
        [
          161.01265822784808,
          204.43037974683543
        ],
        [
          102.1518987341772,
          205.0632911392405
        ],
        [
          100.88607594936707,
          184.1772151898734
        ],
        [
          117.34177215189871,
          183.54430379746836
        ]
      ]
    ],
    "折戸": [
      [
        191.30434782608694,
        136.12040133779263,
        215.58697768934422,
        167.3151009694763
      ],
      [
        245.6442752437202,
        156.44680851063828,
        311.31112145971804,
        190.50632911392404
      ],
      [
        134.68754002704048,
        335.5491354159254,
        166.22073578595317,
        366.5551839464883
      ]
    ],
    "開戸": [
      [
        147.09919139748527,
        207.5123830489818,
        187.95986622073576,
        237.4581939799331
      ],
      [
        173.18287910054792,
        263.4221874332883,
        203.67892976588627,
        308.02675585284277
      ]
    ],
    "引戸": [
      [
        192.05785241585423,
        171.2799402262862,
        217.58976730947128,
        239.89696150288194
      ],
      [
        156.51692912995736,
        280.5596714787689,
        181.27090301003344,
        335.1170568561873
      ],
      [
        216.1914893617021,
        267.0851063829787,
        307.1489361702127,
        291.02127659574467
      ]
    ]
  }
}