{
  "labels": {
    "LDK": [
      [
        [
          66.94915254237293,
          129.86440677966104
        ],
        [
          524.5762711864407,
          133.2542372881356
        ],
        [
          522.0338983050848,
          655.2881355932204
        ],
        [
          291.5254237288136,
          651.8983050847459
        ],
        [
          293.22033898305085,
          363.7627118644068
        ],
        [
          61.016949152542395,
          360.37288135593224
        ],
        [
          61.016949152542395,
          245.11864406779665
        ],
        [
          80.50847457627123,
          245.96610169491527
        ],
        [
          79.66101694915255,
          190.03389830508473
        ],
        [
          61.86440677966107,
          187.49152542372883
        ]
      ]
    ],
    "浴室": [
      [
        [
          410.1694915254237,
          17.152542372881356
        ],
        [
          524.5762711864407,
          16.305084745762713
        ],
        [
          527.1186440677967,
          131.55932203389833
        ],
        [
          410.1694915254237,
          134.10169491525426
        ]
      ]
    ],
    "廊下": [
      [
        [
          262.7118644067797,
          362.91525423728814
        ],
        [
          264.406779661017,
          418.0
        ],
        [
          293.22033898305085,
          417.1525423728814
        ],
        [
          292.37288135593224,
          366.3050847457627
        ]
      ]
    ],
    "折戸": [
      [
        386.4406779661017,
        55.288135593220346,
        439.8305084745763,
        116.30508474576271
      ],
      [
        90.67796610169495,
        334.10169491525426,
        148.30508474576277,
        385.79661016949154
      ],
      [
        129.66101694915255,
        356.98305084745766,
        177.1186440677966,
        419.6949152542373
      ]
    ],
    "開戸": [
      [
        286.30244019713916,
        54.578915735064314,
        362.808510638298,
        112.8936170212766
      ]
    ],
    "引戸": [
      [
        244.9152542372882,
        28.169491525423737,
        284.7457627118645,
        128.16949152542375
      ],
      [
        172.73758865248232,
        152.6099290780142,
        272.0283687943263,
        195.87234042553192
      ],
      [
        164.22695035460998,
        346.2269503546099,
        278.81355932203394,
        378.1694915254238
      ]
    ]
  }
}