{
  "labels": {
    "洋室": [
      [
        [
          6.777777777777779,
          12.103174603174603
        ],
        [
          71.85714285714286,
          12.896825396825397
        ],
        [
          71.85714285714286,
          109.32539682539682
        ],
        [
          38.52380952380952,
          109.52380952380952
        ],
        [
          38.72222222222223,
          87.5
        ],
        [
          6.182539682539684,
          87.3015873015873
        ]
      ],
      [
        [
          71.46031746031746,
          185.71428571428572
        ],
        [
          72.25396825396825,
          109.72222222222223
        ],
        [
          38.52380952380952,
          109.32539682539682
        ],
        [
          38.32539682539682,
          87.89682539682539
        ],
        [
          5.984126984126981,
          87.5
        ],
        [
          6.5793650793650755,
          185.71428571428572
        ]
      ],
      [
        [
          180.5873015873016,
          11.904761904761905
        ],
        [
          92.88888888888889,
          11.904761904761905
        ],
        [
          93.48412698412699,
          98.21428571428571
        ],
        [
          181.18253968253967,
          98.61111111111111
        ]
      ]
    ],
    "廊下": [
      [
        [
          71.65873015873015,
          55.357142857142854
        ],
        [
          93.28571428571428,
          55.15873015873016
        ],
        [
          93.68253968253967,
          185.515873015873
        ],
        [
          71.65873015873015,
          185.515873015873
        ]
      ]
    ],
    "開戸": [
      [
        53.4047619047619,
        63.29365079365079,
        77.9835390946502,
        87.86008230452674
      ],
      [
        51.420634920634924,
        108.13492063492063,
        74.63492063492063,
        136.5079365079365
      ],
      [
        71.46031746031746,
        50.992063492063494,
        94.27777777777777,
        73.21428571428571
      ],
      [
        84.6954732510288,
        77.57201646090535,
        115.5079365079365,
        99.2063492063492
      ]
    ],
    "折戸": [
      [
        39.30041152263374,
        79.01234567901234,
        71.41622574955908,
        93.58465608465609
      ],
      [
        5.388888888888886,
        104.76190476190476,
        38.68312757201646,
        118.31275720164608
      ],
      [
        83.78395061728395,
        100.2498530276308,
        98.76543209876542,
        140.74074074074073
      ],
      [
        116.04938271604937,
        90.12345679012346,
        137.04673721340387,
        104.62962962962962
      ]
    ]
  }
}