{
  "labels": {
    "廊下": [
      [
        [
          390.6666666666667,
          197.79166666666669
        ],
        [
          531.2916666666667,
          197.79166666666669
        ],
        [
          531.2916666666667,
          428.0
        ],
        [
          390.6666666666667,
          428.0
        ]
      ]
    ],
    "洋室": [
      [
        [
          532.3333333333334,
          65.5
        ],
        [
          746.9166666666667,
          65.5
        ],
        [
          746.9166666666667,
          285.2916666666667
        ],
        [
          532.3333333333334,
          285.2916666666667
        ]
      ],
      [
        [
          542.75,
          358.20833333333337
        ],
        [
          746.9166666666667,
          358.20833333333337
        ],
        [
          746.9166666666667,
          569.6666666666667
        ],
        [
          542.75,
          569.6666666666667
        ]
      ],
      [
        [
          139.33333333333331,
          201.95833333333337
        ],
        [
          392.75,
          201.95833333333337
        ],
        [
          392.75,
          492.0
        ],
        [
          139.33333333333331,
          492.0
        ]
      ]
    ],
    "引戸": [
      [
        369.8538812785388,
        216.7214611872146,
        414.4246575342466,
        332.1917808219178
      ],
      [
        512.5388127853881,
        145.8904109589041,
        556.2054794520548,
        275.22374429223737
      ],
      [
        512.5205479452055,
        360.75799086757985,
        559.6301369863014,
        491.09589041095893
      ]
    ],
    "折戸": [
      [
        543.7060502283106,
        250.68493150684932,
        641.1369863013699,
        306.3390410958904
      ],
      [
        643.7916666666667,
        334.45833333333337,
        743.3333333333334,
        386.0
      ]
    ]
  }
}