{
  "labels": {
    "浴室": [
      [
        [
          83.28571428571422,
          132.7142857142857
        ],
        [
          238.9999999999999,
          128.42857142857142
        ],
        [
          243.28571428571422,
          291.2857142857143
        ],
        [
          80.42857142857139,
          291.2857142857143
        ]
      ]
    ],
    "LDK": [
      [
        [
          318.9999999999999,
          371.2857142857143
        ],
        [
          830.4285714285713,
          372.71428571428567
        ],
        [
          826.1428571428571,
          454.1428571428571
        ],
        [
          867.5714285714284,
          456.99999999999994
        ],
        [
          868.9999999999998,
          688.4285714285713
        ],
        [
          629.0,
          685.5714285714286
        ],
        [
          627.5714285714284,
          1001.2857142857142
        ],
        [
          311.8571428571428,
          1002.7142857142857
        ],
        [
          316.1428571428571,
          688.4285714285713
        ],
        [
          393.2857142857142,
          688.4285714285713
        ],
        [
          391.8571428571428,
          449.85714285714283
        ],
        [
          317.57142857142856,
          451.2857142857142
        ]
      ]
    ],
    "廊下": [
      [
        [
          198.9999999999999,
          746.9999999999999
        ],
        [
          210.42857142857133,
          762.7142857142857
        ],
        [
          313.2857142857142,
          764.1428571428571
        ],
        [
          311.8571428571428,
          379.85714285714283
        ],
        [
          147.57142857142856,
          376.99999999999994
        ],
        [
          149.0,
          441.2857142857142
        ],
        [
          241.85714285714278,
          445.57142857142856
        ],
        [
          240.42857142857133,
          649.8571428571428
        ],
        [
          201.85714285714278,
          652.7142857142857
        ]
      ]
    ],
    "開戸": [
      [
        234.71428571428567,
        294.1428571428571,
        326.1428571428571,
        382.71428571428567
      ],
      [
        308.9999999999999,
        371.2857142857143,
        404.71428571428567,
        449.85714285714283
      ],
      [
        300.42857142857133,
        688.4285714285713,
        386.1428571428571,
        761.2857142857142
      ]
    ],
    "引戸": [
      [
        218.5348837209301,
        154.57475083056474,
        265.0232558139535,
        284.04651162790697
      ],
      [
        83.11960132890363,
        620.5548172757474,
        231.30232558139534,
        661.953488372093
      ]
    ],
    "折戸": [
      [
        703.2857142857142,
        752.7142857142857,
        863.2857142857142,
        799.8571428571428
      ],
      [
        233.28571428571422,
        732.7142857142857,
        317.57142857142856,
        776.9999999999999
      ]
    ]
  }
}