{
  "labels": {
    "洋室": [
      [
        [
          145.7872340425532,
          248.51063829787233
        ],
        [
          244.93617021276594,
          248.93617021276594
        ],
        [
          245.36170212765956,
          137.02127659574467
        ],
        [
          144.93617021276594,
          135.74468085106383
        ]
      ],
      [
        [
          285.78723404255317,
          101.70212765957446
        ],
        [
          396.0,
          101.70212765957446
        ],
        [
          396.8510638297872,
          250.2127659574468
        ],
        [
          286.2127659574468,
          249.36170212765956
        ]
      ]
    ],
    "廊下": [
      [
        [
          210.46808510638297,
          102.12765957446808
        ],
        [
          284.51063829787233,
          102.12765957446808
        ],
        [
          284.51063829787233,
          134.46808510638297
        ],
        [
          210.04255319148936,
          135.74468085106383
        ]
      ]
    ],
    "開戸": [
      [
        211.61048689138576,
        125.42322097378278,
        245.36170212765956,
        168.51063829787233
      ],
      [
        271.5355805243446,
        101.82771535580525,
        317.70212765957444,
        134.04255319148936
      ]
    ],
    "折戸": [
      [
        272.28464419475654,
        177.85767790262173,
        304.0851063829787,
        250.63829787234042
      ]
    ]
  }
}