{
  "labels": {
    "LDK": [
      [
        [
          472.18604651162786,
          41.93798449612402
        ],
        [
          471.4108527131783,
          126.43410852713177
        ],
        [
          242.72868217054264,
          127.98449612403101
        ],
        [
          244.27906976744185,
          527.984496124031
        ],
        [
          472.9612403100775,
          527.2093023255813
        ],
        [
          472.18604651162786,
          326.4341085271318
        ],
        [
          703.968992248062,
          331.08527131782944
        ],
        [
          701.6434108527131,
          40.3875968992248
        ]
      ]
    ],
    "洋室": [
      [
        [
          704.7441860465116,
          240.38759689922477
        ],
        [
          876.062015503876,
          241.93798449612405
        ],
        [
          874.5116279069766,
          500.07751937984494
        ],
        [
          700.0930232558139,
          499.3023255813953
        ]
      ]
    ],
    "浴室": [
      [
        [
          11.720930232558146,
          298.52713178294573
        ],
        [
          125.67441860465118,
          300.07751937984494
        ],
        [
          128.7751937984496,
          413.2558139534883
        ],
        [
          13.27131782945736,
          414.031007751938
        ]
      ]
    ],
    "廊下": [
      [
        [
          243.50387596899225,
          100.07751937984494
        ],
        [
          358.23255813953483,
          72.1705426356589
        ],
        [
          357.4573643410853,
          124.10852713178295
        ],
        [
          244.27906976744185,
          126.43410852713177
        ]
      ]
    ],
    "折戸": [
      [
        770.5714285714286,
        422.28571428571433,
        873.9401993355481,
        460.8261351052049
      ],
      [
        478.1668138553625,
        82.31184378373075,
        528.8571428571429,
        125.14285714285714
      ]
    ],
    "引戸": [
      [
        702.5714285714286,
        220.57142857142858,
        817.922480620155,
        255.89147286821702
      ],
      [
        686.1395348837209,
        262.86821705426354,
        723.7142857142857,
        383.42857142857144
      ],
      [
        691.1428571428571,
        97.14285714285714,
        723.4177215189873,
        204.54430379746833
      ],
      [
        379.73192032185256,
        111.34236090668236,
        467.7142857142857,
        144.0
      ],
      [
        247.37984496124028,
        110.93023255813952,
        356.6821705426356,
        141.1627906976744
      ],
      [
        128.7751937984496,
        160.54263565891472,
        238.85271317829455,
        193.10077519379843
      ],
      [
        134.97674418604652,
        232.63565891472865,
        241.95348837209303,
        264.41860465116275
      ],
      [
        135.14285714285714,
        432.57142857142856,
        239.8339711510156,
        468.2945736434108
      ],
      [
        233.3512202643789,
        419.5597796374953,
        267.14285714285717,
        526.2857142857143
      ],
      [
        347.14285714285717,
        20.0,
        380.85714285714283,
        118.28571428571429
      ]
    ],
    "開戸": [
      [
        65.18987341772151,
        362.1392405063291,
        125.89520164851342,
        431.6544009420076
      ]
    ]
  }
}