{
  "labels": {
    "洋室": [
      [
        [
          273.0681818181818,
          10.06818181818182
        ],
        [
          272.5,
          138.47727272727272
        ],
        [
          209.4318181818182,
          140.75
        ],
        [
          207.72727272727275,
          206.6590909090909
        ],
        [
          13.97727272727272,
          206.6590909090909
        ],
        [
          12.27272727272728,
          11.772727272727273
        ]
      ],
      [
        [
          208.29545454545456,
          206.0909090909091
        ],
        [
          206.59090909090907,
          270.8636363636364
        ],
        [
          274.20454545454544,
          268.59090909090907
        ],
        [
          274.20454545454544,
          399.27272727272725
        ],
        [
          13.409090909090907,
          399.84090909090907
        ],
        [
          13.409090909090907,
          204.38636363636363
        ]
      ],
      [
        [
          273.6363636363636,
          205.52272727272728
        ],
        [
          596.9318181818181,
          205.52272727272728
        ],
        [
          598.6363636363636,
          400.40909090909093
        ],
        [
          274.20454545454544,
          400.97727272727275
        ]
      ]
    ],
    "廊下": [
      [
        [
          338.97727272727275,
          10.06818181818182
        ],
        [
          338.40909090909093,
          140.1818181818182
        ],
        [
          208.86363636363637,
          140.75
        ],
        [
          206.02272727272725,
          271.4318181818182
        ],
        [
          273.6363636363636,
          270.8636363636364
        ],
        [
          272.5,
          206.6590909090909
        ],
        [
          403.75,
          204.38636363636363
        ],
        [
          403.75,
          10.636363636363633
        ]
      ]
    ],
    "折戸": [
      [
        323.926499032882,
        209.2098646034817,
        363.7446808510638,
        299.0
      ]
    ],
    "引戸": [
      [
        291.93617021276594,
        188.89361702127658,
        400.9787234042553,
        224.0
      ],
      [
        320.50531914893617,
        16.705029013539658,
        356.8297872340425,
        137.82978723404256
      ],
      [
        189.27659574468083,
        19.21276595744681,
        230.4908123791102,
        141.3181818181818
      ],
      [
        185.55319148936167,
        281.4468085106383,
        228.61702127659575,
        392.22485493230164
      ]
    ],
    "開戸": [
      [
        188.21276595744678,
        143.68085106382978,
        269.1997098646035,
        208.9318181818182
      ],
      [
        184.80851063829786,
        212.29787234042553,
        269.5986460348163,
        268.4579303675048
      ]
    ]
  }
}