{
  "labels": {
    "LDK": [
      [
        [
          231.62264150943395,
          205.49056603773585
        ],
        [
          737.2830188679245,
          208.32075471698113
        ],
        [
          739.1698113207547,
          383.79245283018867
        ],
        [
          951.433962264151,
          388.50943396226415
        ],
        [
          952.3773584905659,
          642.2830188679245
        ],
        [
          594.8301886792452,
          636.622641509434
        ],
        [
          592.0,
          492.2830188679245
        ],
        [
          232.56603773584902,
          493.2264150943396
        ]
      ]
    ],
    "廊下": [
      [
        [
          374.07547169811323,
          492.2830188679245
        ],
        [
          376.90566037735846,
          639.4528301886792
        ],
        [
          448.60377358490564,
          639.4528301886792
        ],
        [
          450.4905660377358,
          494.1698113207547
        ]
      ],
      [
        [
          737.2830188679245,
          280.0188679245283
        ],
        [
          795.7735849056603,
          278.1320754716981
        ],
        [
          843.8867924528302,
          351.71698113207543
        ],
        [
          842.9433962264151,
          384.73584905660374
        ],
        [
          737.2830188679245,
          388.50943396226415
        ]
      ]
    ],
    "浴室": [
      [
        [
          225.96226415094338,
          638.5094339622641
        ],
        [
          373.13207547169804,
          640.3962264150944
        ],
        [
          374.07547169811323,
          782.8490566037735
        ],
        [
          229.73584905660374,
          781.9056603773585
        ]
      ]
    ],
    "折戸": [
      [
        848.4509803921569,
        317.5686274509804,
        945.5098039215686,
        376.3921568627451
      ],
      [
        635.0,
        501.0,
        701.3921568627451,
        637.1764705882352
      ],
      [
        452.4328523862375,
        458.50573436921934,
        509.2352941176471,
        514.6274509803922
      ],
      [
        305.0,
        621.0,
        363.156862745098,
        670.5098039215686
      ]
    ],
    "引戸": [
      [
        715.1176470588235,
        255.80392156862746,
        759.2352941176471,
        378.3529411764706
      ],
      [
        317.07843137254906,
        464.62745098039215,
        437.66666666666663,
        512.6666666666666
      ],
      [
        355.0,
        501.0,
        399.43137254901956,
        629.470588235294
      ],
      [
        282.7647058823529,
        284.2352941176471,
        331.43766185719574,
        472.60118386977433
      ]
    ],
    "開戸": [
      [
        388.8272290048094,
        582.053644099149,
        446.0,
        663.0
      ]
    ]
  }
}