{
  "labels": {
    "LDK": [
      [
        [
          27.268292682926827,
          335.6341463414634
        ],
        [
          19.95121951219512,
          677.0975609756097
        ],
        [
          602.8780487804878,
          680.7560975609755
        ],
        [
          602.8780487804878,
          610.0243902439024
        ],
        [
          669.951219512195,
          608.8048780487804
        ],
        [
          674.8292682926829,
          403.92682926829264
        ],
        [
          738.2439024390243,
          406.3658536585366
        ],
        [
          739.4634146341463,
          268.56097560975604
        ],
        [
          677.2682926829268,
          268.56097560975604
        ],
        [
          673.6097560975609,
          334.4146341463414
        ]
      ]
    ],
    "廊下": [
      [
        [
          339.4634146341463,
          235.6341463414634
        ],
        [
          499.2195121951219,
          235.6341463414634
        ],
        [
          499.2195121951219,
          338.07317073170725
        ],
        [
          339.4634146341463,
          338.07317073170725
        ]
      ]
    ],
    "浴室": [
      [
        [
          738.2439024390243,
          539.2926829268292
        ],
        [
          872.390243902439,
          539.2926829268292
        ],
        [
          872.390243902439,
          673.4390243902438
        ],
        [
          738.2439024390243,
          673.4390243902438
        ]
      ]
    ],
    "開戸": [
      [
        679.8045112781955,
        207.58536585365852,
        734.5853658536585,
        286.96992481203006
      ],
      [
        540.6829268292682,
        614.0375939849624,
        624.9172932330827,
        672.2195121951219
      ]
    ],
    "引戸": [
      [
        339.203007518797,
        313.2867132867133,
        460.83916083916085,
        356.1428571428571
      ],
      [
        199.14306745885688,
        311.1888111888112,
        321.6783216783217,
        359.5867816394132
      ],
      [
        677.5488721804511,
        375.69172932330827,
        800.8571428571428,
        428.32330827067665
      ],
      [
        711.4886166465113,
        268.96161733003834,
        758.8570376991429,
        393.0217677059782
      ],
      [
        714.6853146853147,
        545.9477890530521,
        767.3538040906461,
        660.1398601398602
      ],
      [
        747.4736842105262,
        277.1954887218045,
        864.0150375939849,
        320.8045112781955
      ]
    ]
  }
}