{
  "labels": {
    "洋室": [
      [
        [
          94.34146341463418,
          167.31707317073173
        ],
        [
          303.12195121951225,
          167.8048780487805
        ],
        [
          302.63414634146346,
          306.3414634146342
        ],
        [
          94.82926829268294,
          306.82926829268297
        ]
      ]
    ],
    "廊下": [
      [
        [
          94.34146341463418,
          97.07317073170732
        ],
        [
          231.90243902439028,
          96.58536585365854
        ],
        [
          230.9268292682927,
          162.43902439024393
        ],
        [
          167.02439024390247,
          163.41463414634148
        ],
        [
          166.53658536585368,
          126.82926829268294
        ],
        [
          94.82926829268294,
          124.87804878048782
        ]
      ]
    ],
    "引戸": [
      [
        85.21276595744682,
        238.29787234042553,
        101.34717176959006,
        307.8948278844489
      ],
      [
        84.14893617021278,
        167.0212765957447,
        102.58865248226951,
        235.46099290780143
      ]
    ],
    "開戸": [
      [
        163.1219512195122,
        131.70731707317074,
        197.75609756097566,
        171.70731707317074
      ],
      [
        198.7317073170732,
        132.19512195121953,
        236.78048780487808,
        169.75609756097563
      ]
    ]
  }
}