{
  "labels": {
    "洋室": [
      [
        [
          447.4157303370787,
          157.67415730337078
        ],
        [
          802.4719101123595,
          157.67415730337078
        ],
        [
          804.7191011235955,
          339.69662921348316
        ],
        [
          448.5393258426966,
          335.2022471910112
        ]
      ],
      [
        [
          101.34831460674155,
          344.19101123595505
        ],
        [
          310.3370786516854,
          341.9438202247191
        ],
        [
          312.5842696629213,
          684.6404494382023
        ],
        [
          101.34831460674155,
          683.5168539325842
        ]
      ],
      [
        [
          453.0337078651685,
          416.1011235955056
        ],
        [
          805.8426966292134,
          417.2247191011236
        ],
        [
          806.9662921348315,
          684.6404494382023
        ],
        [
          454.1573033707865,
          684.6404494382023
        ]
      ]
    ],
    "廊下": [
      [
        [
          318.2022471910112,
          252.0561797752809
        ],
        [
          369.8876404494382,
          252.0561797752809
        ],
        [
          371.0112359550561,
          331.8314606741573
        ],
        [
          437.3033707865169,
          330.70786516853934
        ],
        [
          438.4269662921348,
          348.685393258427
        ],
        [
          541.7977528089888,
          349.80898876404495
        ],
        [
          541.7977528089888,
          407.1123595505618
        ],
        [
          317.0786516853932,
          408.23595505617976
        ]
      ]
    ],
    "開戸": [
      [
        255.28089887640448,
        347.56179775280896,
        330.56179775280896,
        413.85393258426967
      ],
      [
        475.5056179775281,
        281.2696629213483,
        548.5393258426966,
        352.0561797752809
      ],
      [
        474.3820224719101,
        389.13483146067415,
        553.0337078651685,
        474.5280898876404
      ]
    ],
    "引戸": [
      [
        206.55396350891658,
        205.7104422224513,
        295.58715596330273,
        248.3761467889908
      ],
      [
        288.59705185032465,
        232.92413153283167,
        330.44954128440367,
        320.8532110091743
      ]
    ],
    "折戸": [
      [
        547.4157303370787,
        312.7303370786517,
        615.9550561797753,
        363.29213483146066
      ],
      [
        626.0674157303371,
        310.4831460674157,
        801.3483146067416,
        355.4269662921348
      ],
      [
        436.17977528089887,
        419.4719101123595,
        485.6179775280899,
        552.0561797752808
      ],
      [
        427.1910112359551,
        549.8089887640449,
        493.48314606741576,
        681.2696629213483
      ],
      [
        280.0,
        414.97752808988764,
        326.0674157303371,
        548.685393258427
      ],
      [
        282.24719101123594,
        550.9325842696629,
        330.56179775280896,
        683.5168539325842
      ],
      [
        144.04494382022472,
        159.92134831460675,
        201.34831460674155,
        250.93258426966293
      ],
      [
        139.55056179775278,
        254.30337078651684,
        201.34831460674155,
        343.0674157303371
      ]
    ]
  }
}