{
  "labels": {
    "LDK": [
      [
        [
          52.54545454545454,
          54.090909090909065
        ],
        [
          51.03030303030303,
          143.48484848484844
        ],
        [
          144.3708609271523,
          146.35761589403972
        ],
        [
          146.48484848484847,
          419.24242424242425
        ],
        [
          590.4242424242424,
          416.21212121212113
        ],
        [
          591.9393939393939,
          601.060606060606
        ],
        [
          955.5757575757575,
          602.5757575757575
        ],
        [
          951.030303030303,
          288.9393939393939
        ],
        [
          679.8181818181818,
          285.9090909090909
        ],
        [
          685.8787878787879,
          55.606060606060566
        ]
      ]
    ],
    "廊下": [
      [
        [
          683.0985915492959,
          146.84507042253523
        ],
        [
          677.4647887323944,
          282.056338028169
        ],
        [
          819.7183098591549,
          284.87323943661977
        ],
        [
          815.492957746479,
          236.98591549295776
        ],
        [
          750.7042253521128,
          144.02816901408454
        ]
      ],
      [
        [
          229.5774647887324,
          413.0422535211268
        ],
        [
          229.5774647887324,
          597.5492957746479
        ],
        [
          408.4507042253521,
          596.1408450704225
        ],
        [
          404.63576158940396,
          507.28476821192055
        ],
        [
          325.3521126760564,
          508.8169014084507
        ],
        [
          325.3521126760564,
          411.6338028169015
        ]
      ]
    ],
    "浴室": [
      [
        [
          45.07042253521127,
          596.1408450704225
        ],
        [
          225.35211267605635,
          596.1408450704225
        ],
        [
          225.35211267605635,
          779.2394366197184
        ],
        [
          45.07042253521127,
          779.2394366197184
        ]
      ]
    ],
    "開戸": [
      [
        247.68211920529802,
        525.9490043710539,
        319.1719281204468,
        627.1523178807947
      ]
    ],
    "折戸": [
      [
        559.7851107558804,
        426.296614121817,
        639.2877819554918,
        583.0212377255081
      ],
      [
        327.9399406257137,
        376.158940397351,
        399.3377483443709,
        441.64192738068056
      ],
      [
        147.68211920529802,
        574.696306636347,
        208.31014862869847,
        639.7350993377484
      ],
      [
        820.6551724137931,
        202.58620689655174,
        937.8965517241379,
        265.51724137931035
      ]
    ],
    "引戸": [
      [
        154.3046357615894,
        380.9716830326559,
        317.3439141356473,
        435.0993377483444
      ],
      [
        205.2980132450331,
        426.49006622516555,
        264.2384105960265,
        584.7682119205298
      ],
      [
        115.48275862068968,
        155.29577464788736,
        170.42253521126761,
        402.58620689655174
      ],
      [
        655.1379310344828,
        118.96551724137932,
        711.1724137931035,
        272.4137931034483
      ]
    ]
  }
}