{
  "labels": {
    "LDK": [
      [
        [
          234.0,
          18.37984496124031
        ],
        [
          449.50387596899225,
          18.37984496124031
        ],
        [
          448.7286821705426,
          520.7054263565891
        ],
        [
          232.4496124031008,
          519.1550387596899
        ]
      ]
    ],
    "浴室": [
      [
        [
          14.620155038759691,
          76.51937984496124
        ],
        [
          115.39534883720927,
          74.96899224806201
        ],
        [
          113.84496124031006,
          178.84496124031008
        ],
        [
          11.519379844961236,
          180.3953488372093
        ]
      ]
    ],
    "廊下": [
      [
        [
          120.82170542635657,
          302.87596899224803
        ],
        [
          226.24806201550388,
          302.87596899224803
        ],
        [
          225.47286821705427,
          376.51937984496124
        ],
        [
          121.59689922480618,
          375.74418604651163
        ]
      ]
    ],
    "折戸": [
      [
        105.31782945736433,
        409.85271317829455,
        136.32558139534882,
        460.2403100775194
      ],
      [
        92.91472868217056,
        128.45736434108528,
        133.2248062015504,
        188.14728682170542
      ]
    ],
    "引戸": [
      [
        210.99612403100775,
        303.3265503875969,
        248.625,
        373.125
      ],
      [
        213.49612403100775,
        189.15988372093022,
        250.5,
        294.375
      ],
      [
        147.23643410852713,
        219.6831395348837,
        225.5,
        257.5
      ],
      [
        215.60975609756093,
        101.4390243902439,
        246.40310077519376,
        181.1705426356589
      ]
    ]
  }
}