{
  "labels": {
    "浴室": [
      [
        [
          28.17307692307692,
          20.673076923076923
        ],
        [
          110.86538461538461,
          21.634615384615383
        ],
        [
          111.82692307692307,
          100.96153846153845
        ],
        [
          27.211538461538453,
          100.96153846153845
        ]
      ]
    ],
    "LDK": [
      [
        [
          27.211538461538453,
          102.88461538461539
        ],
        [
          279.13461538461536,
          104.32692307692308
        ],
        [
          280.0961538461538,
          248.5576923076923
        ],
        [
          236.8269230769231,
          248.07692307692307
        ],
        [
          235.86538461538458,
          355.28846153846155
        ],
        [
          27.692307692307693,
          355.28846153846155
        ]
      ]
    ],
    "廊下": [
      [
        [
          282.5,
          200.48076923076923
        ],
        [
          359.4230769230769,
          200.48076923076923
        ],
        [
          358.9423076923077,
          231.25
        ],
        [
          364.7647058823529,
          231.76470588235293
        ],
        [
          364.71153846153845,
          246.15384615384613
        ],
        [
          282.5,
          245.6730769230769
        ]
      ],
      [
        [
          239.71153846153845,
          64.90384615384615
        ],
        [
          278.1730769230769,
          65.38461538461539
        ],
        [
          277.21153846153845,
          101.92307692307692
        ],
        [
          239.23076923076923,
          101.92307692307692
        ]
      ]
    ],
    "開戸": [
      [
        244.03846153846155,
        208.1730769230769,
        290.1923076923077,
        247.1153846153846
      ],
      [
        263.75,
        158.65384615384616,
        285.38461538461536,
        196.6346153846154
      ],
      [
        257.0192307692308,
        128.3653846153846,
        283.9423076923077,
        156.25
      ],
      [
        236.8269230769231,
        98.5576923076923,
        283.9423076923077,
        138.94230769230768
      ],
      [
        408.46153846153845,
        179.32692307692307,
        445.4807692307692,
        201.44230769230768
      ],
      [
        231.2975113122172,
        60.87141779788837,
        278.4128959276019,
        101.25603318250374
      ]
    ],
    "引戸": [
      [
        365.4958521870287,
        47.711161387631975,
        441.6274509803921,
        74.11764705882352
      ],
      [
        369.6757164404223,
        144.1176470588235,
        442.0196078431372,
        169.80392156862743
      ],
      [
        282.02488687782807,
        186.51395173453994,
        360.45098039215685,
        210.98039215686273
      ],
      [
        125.94117647058823,
        90.58823529411764,
        192.6078431372549,
        115.29411764705881
      ]
    ],
    "折戸": [
      [
        94.78506787330316,
        63.06938159879336,
        123.98039215686273,
        100.39215686274508
      ],
      [
        213.26923076923077,
        258.565233785822,
        258.09803921568624,
        347.45098039215685
      ]
    ]
  }
}