{
  "labels": {
    "浴室": [
      [
        [
          10.666666666666657,
          10.052910052910052
        ],
        [
          92.67724867724866,
          10.58201058201058
        ],
        [
          93.20634920634919,
          91.53439153439153
        ],
        [
          11.19576719576719,
          91.53439153439153
        ]
      ]
    ],
    "LDK": [
      [
        [
          188.44444444444443,
          6.878306878306878
        ],
        [
          408.5502645502645,
          8.994708994708994
        ],
        [
          410.66666666666663,
          185.7142857142857
        ],
        [
          319.66137566137564,
          185.18518518518516
        ],
        [
          320.7195767195767,
          366.66666666666663
        ],
        [
          142.4126984126984,
          365.60846560846556
        ],
        [
          143.47089947089947,
          228.57142857142856
        ],
        [
          99.02645502645501,
          227.5132275132275
        ],
        [
          98.49735449735448,
          188.35978835978835
        ],
        [
          144.0,
          187.3015873015873
        ],
        [
          145.58730158730157,
          139.15343915343914
        ],
        [
          97.96825396825395,
          139.15343915343914
        ],
        [
          99.02645502645501,
          98.94179894179894
        ],
        [
          188.44444444444443,
          98.4126984126984
        ]
      ]
    ],
    "廊下": [
      [
        [
          10.13756613756614,
          187.83068783068782
        ],
        [
          94.79365079365078,
          189.94708994708992
        ],
        [
          92.14814814814815,
          252.91005291005288
        ],
        [
          30.772486772486772,
          255.55555555555554
        ],
        [
          28.656084656084644,
          232.80423280423278
        ],
        [
          10.666666666666657,
          232.80423280423278
        ]
      ]
    ],
    "開戸": [
      [
        87.9153439153439,
        187.83068783068782,
        136.59259259259258,
        225.3968253968254
      ],
      [
        96.38095238095238,
        91.53439153439153,
        143.47089947089947,
        134.39153439153438
      ],
      [
        180.5079365079365,
        10.052910052910052,
        211.7248677248677,
        50.26455026455026
      ]
    ],
    "折戸": [
      [
        50.87830687830687,
        70.8994708994709,
        92.14814814814815,
        103.7037037037037
      ],
      [
        96.91005291005291,
        122.75132275132275,
        143.47089947089947,
        144.97354497354496
      ],
      [
        320.7195767195767,
        224.33862433862433,
        409.07936507936506,
        251.32275132275132
      ]
    ],
    "引戸": [
      [
        85.01082552965397,
        94.79533328905713,
        102.80748663101603,
        174.40106951871655
      ]
    ]
  }
}