{
  "labels": {
    "浴室": [
      [
        [
          64.59627329192546,
          64.01863354037266
        ],
        [
          62.732919254658384,
          154.70186335403724
        ],
        [
          153.41614906832297,
          154.70186335403724
        ],
        [
          152.17391304347825,
          60.91304347826086
        ]
      ]
    ],
    "廊下": [
      [
        [
          66.45962732919254,
          284.5155279503105
        ],
        [
          63.9751552795031,
          331.7204968944099
        ],
        [
          124.8447204968944,
          330.4782608695652
        ],
        [
          122.98136645962732,
          355.3229813664596
        ],
        [
          197.51552795031054,
          354.0807453416149
        ],
        [
          195.65217391304347,
          152.2173913043478
        ],
        [
          153.41614906832297,
          152.2173913043478
        ],
        [
          155.90062111801242,
          283.2732919254658
        ]
      ]
    ],
    "LDK": [
      [
        [
          196.27329192546583,
          242.9006211180124
        ],
        [
          195.65217391304347,
          284.5155279503105
        ],
        [
          308.695652173913,
          283.89440993788816
        ],
        [
          306.83229813664593,
          421.78260869565213
        ],
        [
          482.6086956521739,
          418.67701863354034
        ],
        [
          483.8509316770186,
          64.01863354037266
        ],
        [
          304.96894409937886,
          64.63975155279503
        ],
        [
          307.4534161490683,
          244.76397515527947
        ]
      ]
    ],
    "開戸": [
      [
        183.65909090909093,
        243.52173913043475,
        236.02484472049687,
        279.54545454545456
      ],
      [
        139.9090909090909,
        158.37563523433087,
        190.31267645398083,
        192.61363636363637
      ],
      [
        142.5007058159232,
        201.02103331451156,
        176.27272727272728,
        238.63636363636363
      ]
    ],
    "折戸": [
      [
        133.27569169960472,
        111.93181818181819,
        170.02272727272725,
        148.18718238283458
      ]
    ],
    "引戸": [
      [
        158.4768492377188,
        144.3181818181818,
        235.36363636363637,
        161.73178994918123
      ],
      [
        296.15909090909093,
        71.02272727272727,
        316.04545454545456,
        150.0
      ],
      [
        221.20976849237718,
        229.54545454545453,
        301.27272727272725,
        253.1420101637493
      ],
      [
        113.77272727272728,
        331.25,
        134.79545454545453,
        414.20454545454544
      ]
    ]
  }
}