{
  "labels": {
    "洋室": [
      [
        [
          256.14159292035396,
          328.9734513274336
        ],
        [
          464.99115044247776,
          330.74336283185835
        ],
        [
          466.7610619469026,
          680.3008849557522
        ],
        [
          253.48672566371675,
          678.5309734513273
        ]
      ],
      [
        [
          464.99115044247776,
          400.65486725663715
        ],
        [
          639.3274336283185,
          400.65486725663715
        ],
        [
          638.4424778761061,
          677.646017699115
        ],
        [
          605.6991150442477,
          679.4159292035398
        ],
        [
          603.0442477876105,
          709.504424778761
        ],
        [
          463.22123893805303,
          713.0442477876105
        ]
      ],
      [
        [
          640.2123893805309,
          398.88495575221236
        ],
        [
          812.7787610619469,
          401.5398230088495
        ],
        [
          812.7787610619469,
          677.646017699115
        ],
        [
          637.5575221238937,
          679.4159292035398
        ]
      ]
    ],
    "廊下": [
      [
        [
          584.4601769911503,
          192.69026548672565
        ],
        [
          586.2300884955752,
          260.8318584070796
        ],
        [
          607.4690265486724,
          262.6017699115044
        ],
        [
          606.5840707964601,
          332.51327433628313
        ],
        [
          466.7610619469026,
          331.62831858407077
        ],
        [
          464.99115044247776,
          401.5398230088495
        ],
        [
          708.3539823008848,
          398.88495575221236
        ],
        [
          707.4690265486724,
          192.69026548672565
        ]
      ]
    ],
    "開戸": [
      [
        661.5162783145246,
        336.37785174961436,
        721.394495412844,
        402.6697247706422
      ],
      [
        641.9823008849556,
        379.4159292035398,
        707.4690265486724,
        465.25663716814154
      ],
      [
        472.1682227815214,
        374.9911504424778,
        529.651376146789,
        449.45871559633025
      ],
      [
        412.25103515466424,
        334.3806121620524,
        484.697247706422,
        396.2477064220183
      ]
    ],
    "折戸": [
      [
        705.2363400178615,
        437.920435170902,
        810.3853211009174,
        485.2385321100917
      ],
      [
        530.2749046033936,
        435.00576439067953,
        637.9082568807339,
        483.4036697247706
      ]
    ],
    "引戸": [
      [
        249.9469026548672,
        311.2743362831858,
        383.57522123893796,
        355.52212389380526
      ]
    ]
  }
}