{
  "labels": {
    "LDK": [
      [
        [
          276.9655172413793,
          189.0344827586207
        ],
        [
          275.58620689655174,
          246.96551724137933
        ],
        [
          244.55172413793105,
          246.27586206896552
        ],
        [
          245.24137931034488,
          424.2068965517241
        ],
        [
          422.48275862068965,
          429.0344827586207
        ],
        [
          419.0344827586207,
          666.2758620689656
        ],
        [
          4.551724137931046,
          662.1379310344828
        ],
        [
          10.758620689655174,
          246.27586206896552
        ],
        [
          159.0344827586207,
          247.6551724137931
        ],
        [
          159.0344827586207,
          189.72413793103448
        ]
      ]
    ],
    "浴室": [
      [
        [
          12.13793103448279,
          9.03448275862069
        ],
        [
          129.37931034482762,
          10.413793103448276
        ],
        [
          130.0689655172414,
          126.27586206896552
        ],
        [
          14.206896551724128,
          128.3448275862069
        ]
      ]
    ],
    "廊下": [
      [
        [
          304.55172413793105,
          116.62068965517241
        ],
        [
          189.37931034482756,
          95.24137931034483
        ],
        [
          188.0,
          131.79310344827587
        ],
        [
          128.68965517241378,
          129.0344827586207
        ],
        [
          128.68965517241378,
          189.0344827586207
        ],
        [
          307.3103448275863,
          191.10344827586206
        ]
      ]
    ],
    "折戸": [
      [
        306.679012345679,
        290.12345679012344,
        417.17283950617275,
        342.59259259259255
      ],
      [
        94.89655172413796,
        180.0689655172414,
        139.0344827586207,
        260.0689655172414
      ],
      [
        174.89655172413796,
        180.75862068965517,
        214.20689655172418,
        257.3103448275862
      ],
      [
        144.69646658152408,
        11.869731800766287,
        210.38271604938268,
        131.48148148148147
      ],
      [
        19.724137931034477,
        404.89655172413796,
        71.44827586206895,
        498.0
      ]
    ],
    "引戸": [
      [
        246.40357598978295,
        407.5487441464453,
        407.9135802469135,
        445.0617283950617
      ],
      [
        227.04938271604937,
        259.25925925925924,
        264.7037037037037,
        417.9012345679012
      ],
      [
        13.083014048531368,
        230.30736483610045,
        106.67901234567898,
        267.9012345679012
      ],
      [
        132.64878671775222,
        172.04853128991058,
        246.80246913580243,
        206.7901234567901
      ],
      [
        15.938271604938251,
        111.72839506172839,
        121.75478927203068,
        146.16517667092376
      ]
    ],
    "開戸": [
      [
        254.86249467858664,
        132.48275862068965,
        332.6049382716049,
        181.48148148148147
      ],
      [
        103.86206896551727,
        131.10344827586206,
        185.24137931034488,
        191.10344827586206
      ]
    ]
  }
}