{
  "labels": {
    "LDK": [
      [
        [
          108.1320754716981,
          362.2641509433962
        ],
        [
          312.84905660377353,
          362.2641509433962
        ],
        [
          315.6792452830189,
          653.7735849056603
        ],
        [
          111.90566037735846,
          654.7169811320755
        ]
      ]
    ],
    "浴室": [
      [
        [
          275.11320754716974,
          106.60377358490565
        ],
        [
          354.35849056603774,
          106.60377358490565
        ],
        [
          354.35849056603774,
          184.9056603773585
        ],
        [
          276.0566037735849,
          184.9056603773585
        ]
      ]
    ],
    "廊下": [
      [
        [
          360.0188679245283,
          235.84905660377356
        ],
        [
          394.92452830188677,
          235.84905660377356
        ],
        [
          395.86792452830184,
          409.4339622641509
        ],
        [
          319.4528301886792,
          408.49056603773585
        ],
        [
          315.6792452830189,
          276.4150943396226
        ],
        [
          358.13207547169804,
          276.4150943396226
        ]
      ]
    ],
    "折戸": [
      [
        339.2641509433962,
        149.0566037735849,
        370.39622641509436,
        188.67924528301887
      ],
      [
        380.7735849056603,
        316.03773584905656,
        410.0188679245283,
        398.1132075471698
      ],
      [
        378.3827862496769,
        400.34892737141377,
        416.41095890410963,
        482.87671232876716
      ]
    ],
    "引戸": [
      [
        128.73972602739724,
        344.52054794520546,
        293.8082191780822,
        371.9178082191781
      ],
      [
        298.6981132075472,
        358.49056603773585,
        330.79452054794524,
        436.3013698630137
      ],
      [
        383.3582321013181,
        232.1400878780047,
        413.67123287671234,
        313.6986301369863
      ],
      [
        357.5068493150685,
        217.12328767123287,
        438.1656758852416,
        245.36055828379423
      ]
    ]
  }
}