{
  "labels": {
    "LDK": [
      [
        [
          332.6938775510204,
          277.48979591836735
        ],
        [
          329.6326530612245,
          344.83673469387753
        ],
        [
          463.3061224489796,
          341.7755102040816
        ],
        [
          461.265306122449,
          668.3061224489796
        ],
        [
          720.4489795918367,
          670.3469387755102
        ],
        [
          724.530612244898,
          77.48979591836735
        ],
        [
          459.2244897959184,
          81.57142857142858
        ],
        [
          464.3265306122449,
          278.51020408163265
        ]
      ]
    ],
    "廊下": [
      [
        [
          135.75510204081633,
          247.8979591836735
        ],
        [
          136.77551020408163,
          346.8775510204082
        ],
        [
          71.46938775510205,
          345.8571428571429
        ],
        [
          71.46938775510205,
          412.18367346938777
        ],
        [
          141.87755102040816,
          409.12244897959187
        ],
        [
          140.85714285714286,
          431.57142857142856
        ],
        [
          270.44897959183675,
          432.59183673469386
        ],
        [
          266.36734693877554,
          408.10204081632656
        ],
        [
          333.7142857142857,
          412.18367346938777
        ],
        [
          330.6530612244898,
          274.42857142857144
        ],
        [
          202.67647058823525,
          273.735294117647
        ],
        [
          203.10204081632654,
          245.8571428571429
        ]
      ]
    ],
    "浴室": [
      [
        [
          202.08163265306123,
          84.63265306122449
        ],
        [
          330.6530612244898,
          84.63265306122449
        ],
        [
          330.6530612244898,
          213.20408163265307
        ],
        [
          202.08163265306123,
          213.20408163265307
        ]
      ]
    ],
    "折戸": [
      [
        210.1317829457364,
        259.4651162790698,
        323.51020408163265,
        308.10204081632656
      ],
      [
        341.0737308387247,
        384.5194381302092,
        455.8682170542636,
        437.7596899224806
      ]
    ],
    "引戸": [
      [
        308.5813953488372,
        284.2105263157895,
        356.67669172932324,
        409.07751937984494
      ],
      [
        443.4651162790698,
        97.74436090225564,
        486.7518796992481,
        205.20155038759688
      ],
      [
        307.8062015503876,
        95.48872180451127,
        349.9097744360903,
        201.32558139534882
      ],
      [
        447.54912197437125,
        413.9792754311027,
        481.2225913621263,
        600.7139693086535
      ],
      [
        122.09022556390977,
        181.95488721804512,
        161.93984962406012,
        308.2706766917293
      ],
      [
        119.43410852713177,
        433.1085271317829,
        162.84496124031006,
        532.3333333333334
      ]
    ],
    "開戸": [
      [
        73.96992481203006,
        276.69172932330827,
        132.61654135338347,
        321.05263157894734
      ]
    ]
  }
}