{
  "labels": {
    "LDK": [
      [
        [
          4.79120879120879,
          164.80219780219778
        ],
        [
          3.6923076923076916,
          565.9010989010989
        ],
        [
          557.5384615384615,
          564.8021978021977
        ],
        [
          559.7362637362637,
          247.2197802197802
        ],
        [
          323.4725274725275,
          248.31868131868129
        ],
        [
          323.4725274725275,
          164.80219780219778
        ]
      ]
    ],
    "浴室": [
      [
        [
          10.285714285714285,
          5.461538461538453
        ],
        [
          168.52747252747253,
          5.461538461538453
        ],
        [
          168.52747252747253,
          167.0
        ],
        [
          10.285714285714285,
          167.0
        ]
      ]
    ],
    "廊下": [
      [
        [
          478.4175824175824,
          7.659340659340643
        ],
        [
          602.5934065934066,
          7.659340659340643
        ],
        [
          602.5934065934066,
          245.021978021978
        ],
        [
          478.4175824175824,
          245.021978021978
        ]
      ]
    ],
    "開戸": [
      [
        465.51592356687894,
        15.876601105900463,
        541.7548820606145,
        68.52229299363057
      ],
      [
        488.15035707392394,
        225.9061957151129,
        553.4140127388534,
        319.4777070063694
      ],
      [
        287.57275845173933,
        171.39560439560438,
        346.91341779239866,
        241.7252747252747
      ]
    ],
    "折戸": [
      [
        133.03184713375796,
        86.84321411073003,
        184.54118280869872,
        153.87261146496814
      ],
      [
        462.35610885929356,
        174.25477707006368,
        513.9235668789809,
        239.61011387762977
      ]
    ],
    "引戸": [
      [
        181.43949044585986,
        140.5134143987647,
        315.26867400115805,
        185.71974522292993
      ],
      [
        536.0944278651285,
        332.360117589417,
        581.4394904458599,
        555.7834394904459
      ],
      [
        606.424821463038,
        89.06002702181046,
        702.7884578266744,
        115.72669368847713
      ],
      [
        564.6992858521521,
        303.9953676896352,
        708.828025477707,
        335.4012738853503
      ]
    ]
  }
}