{
  "labels": {
    "浴室": [
      [
        [
          367.0163934426229,
          26.229508196721312
        ],
        [
          463.1912568306011,
          26.775956284153004
        ],
        [
          462.6448087431694,
          122.40437158469945
        ],
        [
          370.2950819672131,
          122.40437158469945
        ]
      ]
    ],
    "LDK": [
      [
        [
          126.03278688524588,
          171.5846994535519
        ],
        [
          270.2950819672131,
          174.3169398907104
        ],
        [
          270.8415300546448,
          137.1584699453552
        ],
        [
          316.74316939890707,
          136.61202185792348
        ],
        [
          316.74316939890707,
          224.04371584699453
        ],
        [
          464.83060109289613,
          224.04371584699453
        ],
        [
          464.83060109289613,
          420.76502732240436
        ],
        [
          342.4262295081967,
          420.21857923497265
        ],
        [
          342.4262295081967,
          371.0382513661202
        ],
        [
          124.93989071038251,
          369.9453551912568
        ]
      ]
    ],
    "廊下": [
      [
        [
          29.85792349726775,
          176.50273224043715
        ],
        [
          120.56830601092895,
          178.14207650273224
        ],
        [
          118.38251366120218,
          246.44808743169398
        ],
        [
          51.16939890710381,
          245.35519125683058
        ],
        [
          49.53005464480873,
          216.3934426229508
        ],
        [
          30.404371584699447,
          216.3934426229508
        ]
      ]
    ],
    "開戸": [
      [
        107.45355191256829,
        178.14207650273224,
        165.91071428571428,
        220.53571428571428
      ],
      [
        320.56830601092895,
        113.66120218579235,
        367.0163934426229,
        167.21311475409834
      ]
    ],
    "引戸": [
      [
        372.12714676034346,
        207.41120218579235,
        451.62499999999994,
        237.05357142857142
      ],
      [
        87.33928571428571,
        157.5892857142857,
        221.11475409836066,
        187.27800546448086
      ]
    ],
    "折戸": [
      [
        218.38251366120215,
        166.12021857923497,
        274.120218579235,
        192.34972677595627
      ],
      [
        197.6174863387978,
        25.13661202185792,
        229.85792349726773,
        121.31147540983606
      ],
      [
        369.9539422326307,
        106.97736143637783,
        419.0357142857142,
        139.73214285714283
      ]
    ]
  }
}