{
  "labels": {
    "洋室": [
      [
        [
          165.87951807228916,
          326.5060240963855
        ],
        [
          165.2771084337349,
          520.4819277108434
        ],
        [
          312.867469879518,
          519.8795180722891
        ],
        [
          312.867469879518,
          374.69879518072287
        ],
        [
          212.86746987951807,
          375.9036144578313
        ],
        [
          213.46987951807228,
          324.69879518072287
        ]
      ],
      [
        [
          166.48192771084337,
          327.71084337349396
        ],
        [
          163.46987951807228,
          519.8795180722891
        ],
        [
          18.289156626506013,
          521.6867469879518
        ],
        [
          21.301204819277103,
          377.10843373493975
        ],
        [
          117.08433734939757,
          376.5060240963855
        ],
        [
          114.67469879518072,
          324.69879518072287
        ]
      ],
      [
        [
          164.07228915662648,
          277.71084337349396
        ],
        [
          310.4578313253012,
          277.10843373493975
        ],
        [
          309.855421686747,
          86.74698795180723
        ],
        [
          164.6746987951807,
          87.95180722891565
        ]
      ]
    ],
    "廊下": [
      [
        [
          117.68674698795178,
          182.5301204819277
        ],
        [
          117.08433734939757,
          324.69879518072287
        ],
        [
          212.86746987951807,
          326.5060240963855
        ],
        [
          213.46987951807228,
          280.12048192771084
        ],
        [
          163.46987951807228,
          278.31325301204816
        ],
        [
          166.48192771084337,
          183.1325301204819
        ]
      ]
    ],
    "開戸": [
      [
        101.29461596385539,
        188.671875,
        156.984375,
        222.7786144578313
      ],
      [
        120.65625,
        309.93505271084337,
        162.75451807228916,
        372.265625
      ],
      [
        168.22326807228916,
        310.1138930722891,
        210.109375,
        372.65625
      ]
    ],
    "引戸": [
      [
        149.5625,
        188.42243975903614,
        180.37029367469876,
        273.828125
      ]
    ]
  }
}