{
  "labels": {
    "洋室": [
      [
        [
          15.826086956521692,
          14.652173913043477
        ],
        [
          303.6521739130434,
          18.999999999999996
        ],
        [
          303.6521739130434,
          191.17391304347825
        ],
        [
          16.695652173913004,
          188.56521739130432
        ]
      ],
      [
        [
          14.086956521739069,
          195.52173913043475
        ],
        [
          184.52173913043475,
          195.52173913043475
        ],
        [
          182.78260869565213,
          380.73913043478257
        ],
        [
          12.347826086956502,
          381.6086956521739
        ]
      ],
      [
        [
          14.086956521739069,
          382.4782608695652
        ],
        [
          187.13043478260863,
          385.08695652173907
        ],
        [
          185.391304347826,
          612.9130434782608
        ],
        [
          17.565217391304316,
          616.391304347826
        ]
      ]
    ],
    "廊下": [
      [
        [
          194.95652173913038,
          193.78260869565216
        ],
        [
          271.47826086956513,
          195.52173913043475
        ],
        [
          270.6086956521739,
          322.4782608695652
        ],
        [
          361.0434782608695,
          326.8260869565217
        ],
        [
          362.78260869565213,
          426.8260869565217
        ],
        [
          285.391304347826,
          426.8260869565217
        ],
        [
          284.52173913043475,
          469.43478260869557
        ],
        [
          191.47826086956513,
          471.1739130434782
        ]
      ]
    ],
    "開戸": [
      [
        133.21739130434776,
        381.6086956521739,
        204.52173913043475,
        438.13043478260863
      ],
      [
        137.56521739130432,
        256.39130434782606,
        207.13043478260863,
        312.0434782608695
      ]
    ],
    "引戸": [
      [
        133.16188714153554,
        170.10083256244218,
        253.29078014184398,
        209.63829787234044
      ],
      [
        346.9078014184397,
        321.6950354609929,
        383.7872340425532,
        428.0780141843972
      ]
    ]
  }
}