{
  "labels": {
    "廊下": [
      [
        [
          379.0,
          308.66666666666674
        ],
        [
          377.33333333333337,
          430.33333333333337
        ],
        [
          845.6666666666667,
          432.0
        ],
        [
          845.6666666666667,
          288.66666666666674
        ],
        [
          499.0,
          280.33333333333337
        ],
        [
          494.0,
          315.33333333333337
        ]
      ]
    ],
    "洋室": [
      [
        [
          35.66666666666667,
          73.66666666666669
        ],
        [
          387.33333333333337,
          73.66666666666669
        ],
        [
          387.33333333333337,
          548.6666666666667
        ],
        [
          35.66666666666667,
          548.6666666666667
        ]
      ],
      [
        [
          382.33333333333337,
          432.0
        ],
        [
          852.3333333333334,
          432.0
        ],
        [
          852.3333333333334,
          778.6666666666667
        ],
        [
          382.33333333333337,
          778.6666666666667
        ]
      ],
      [
        [
          844.0,
          318.66666666666674
        ],
        [
          1195.6666666666667,
          318.66666666666674
        ],
        [
          1195.6666666666667,
          783.6666666666667
        ],
        [
          844.0,
          783.6666666666667
        ]
      ]
    ],
    "開戸": [
      [
        282.2608695652174,
        319.1029748283753,
        419.62929061784894,
        428.5942028985508
      ],
      [
        387.1159420289855,
        387.30434782608694,
        502.2608695652174,
        533.7391304347826
      ],
      [
        753.3478260869565,
        246.0,
        839.0,
        368.73913043478257
      ],
      [
        820.6666666666667,
        327.0,
        965.6666666666667,
        427.0
      ]
    ],
    "折戸": [
      [
        340.30434782608694,
        104.24637681159425,
        413.9275362318841,
        300.3478260869565
      ],
      [
        362.6842105263157,
        553.6666666666667,
        427.33333333333337,
        771.6315789473683
      ],
      [
        853.0579710144928,
        291.65217391304344,
        1167.4782608695652,
        360.9130434782609
      ]
    ]
  }
}