{
  "labels": {
    "洋室": [
      [
        [
          8.090909090909092,
          8.267942583732058
        ],
        [
          146.3684210526316,
          9.703349282296653
        ],
        [
          147.8038277511962,
          197.26315789473685
        ],
        [
          103.78468899521532,
          196.78468899521533
        ],
        [
          103.30622009569379,
          148.9377990430622
        ],
        [
          8.569377990430622,
          147.98086124401914
        ]
      ]
    ],
    "浴室": [
      [
        [
          391.82296650717706,
          252.28708133971293
        ],
        [
          481.7751196172249,
          252.28708133971293
        ],
        [
          481.7751196172249,
          340.32535885167465
        ],
        [
          393.7368421052632,
          339.3684210526316
        ]
      ]
    ],
    "LDK": [
      [
        [
          151.63157894736844,
          9.703349282296653
        ],
        [
          479.8612440191388,
          10.660287081339714
        ],
        [
          480.81818181818187,
          198.69856459330146
        ],
        [
          315.7464114832536,
          196.78468899521533
        ],
        [
          315.7464114832536,
          245.11004784688996
        ],
        [
          151.1531100478469,
          244.63157894736844
        ]
      ]
    ],
    "廊下": [
      [
        [
          165.50717703349284,
          250.85167464114835
        ],
        [
          219.0956937799043,
          251.3301435406699
        ],
        [
          218.6172248803828,
          340.32535885167465
        ],
        [
          172.20574162679426,
          339.3684210526316
        ],
        [
          172.20574162679426,
          320.22966507177034
        ],
        [
          165.0287081339713,
          320.22966507177034
        ]
      ]
    ],
    "開戸": [
      [
        171.72727272727275,
        205.87559808612443,
        223.4019138755981,
        256.5933014354067
      ],
      [
        295.17224880382776,
        201.56937799043064,
        324.3588516746412,
        246.06698564593304
      ]
    ],
    "引戸": [
      [
        391.79471742085843,
        185.39854164091884,
        480.5129151291513,
        214.02214022140222
      ],
      [
        302.8030332456435,
        251.3301435406699,
        332.54243542435427,
        338.3763837638376
      ],
      [
        256.70405550945463,
        251.5490739596391,
        282.3579335793358,
        338.3763837638376
      ],
      [
        136.2393580395134,
        10.153569095499568,
        163.16974169741698,
        194.4649446494465
      ]
    ],
    "折戸": [
      [
        3.784688995215311,
        128.36363636363637,
        104.26315789473685,
        158.98564593301435
      ],
      [
        377.5608856088561,
        249.81549815498155,
        406.65550239234454,
        294.8708133971292
      ]
    ]
  }
}