{
  "labels": {
    "洋室": [
      [
        [
          167.8391959798995,
          241.70854271356785
        ],
        [
          309.04522613065325,
          243.21608040201005
        ],
        [
          310.5527638190955,
          309.54773869346735
        ],
        [
          300.0,
          310.0502512562814
        ],
        [
          298.99497487437185,
          381.90954773869345
        ],
        [
          167.8391959798995,
          381.4070351758794
        ]
      ],
      [
        [
          386.4321608040201,
          168.84422110552765
        ],
        [
          502.0100502512563,
          170.35175879396985
        ],
        [
          504.52261306532665,
          273.86934673366835
        ],
        [
          365.32663316582915,
          272.36180904522615
        ],
        [
          364.321608040201,
          225.12562814070353
        ],
        [
          386.93467336683415,
          224.12060301507537
        ]
      ],
      [
        [
          363.31658291457285,
          279.3969849246231
        ],
        [
          504.52261306532665,
          281.4070351758794
        ],
        [
          504.52261306532665,
          380.90452261306535
        ],
        [
          391.9597989949749,
          382.9145728643216
        ],
        [
          390.95477386934675,
          327.1356783919598
        ],
        [
          363.81909547738695,
          325.6281407035176
        ]
      ]
    ],
    "廊下": [
      [
        [
          200.0,
          207.53768844221105
        ],
        [
          360.8040201005025,
          207.03517587939697
        ],
        [
          359.2964824120603,
          305.0251256281407
        ],
        [
          331.15577889447235,
          306.03015075376885
        ],
        [
          329.1457286432161,
          239.1959798994975
        ],
        [
          200.0,
          236.68341708542712
        ]
      ]
    ],
    "引戸": [
      [
        305.5105625213446,
        195.11147972874076,
        359.70873786407765,
        211.44660194174756
      ],
      [
        233.13411718788115,
        229.28233400009756,
        299.02912621359224,
        249.31067961165047
      ]
    ],
    "開戸": [
      [
        334.1708542713568,
        279.3969849246231,
        376.3819095477387,
        311.05527638190955
      ],
      [
        354.77386934673365,
        240.7035175879397,
        398.4924623115578,
        278.89447236180905
      ]
    ],
    "折戸": [
      [
        284.4221105527638,
        245.7286432160804,
        317.58793969849245,
        313.5678391959799
      ],
      [
        289.4472361809045,
        330.1507537688442,
        310.0502512562814,
        370.35175879396985
      ],
      [
        379.8994974874372,
        329.1457286432161,
        402.51256281407035,
        385.92964824120605
      ],
      [
        376.88442211055275,
        167.8391959798995,
        401.00502512562815,
        223.11557788944722
      ]
    ]
  }
}