{
  "labels": {
    "廊下": [
      [
        [
          302.3018867924528,
          188.56603773584905
        ],
        [
          305.1320754716981,
          731.0188679245283
        ],
        [
          380.60377358490564,
          735.7358490566037
        ],
        [
          379.66037735849056,
          775.3584905660377
        ],
        [
          421.16981132075466,
          772.5283018867924
        ],
        [
          424.0,
          696.1132075471697
        ],
        [
          343.811320754717,
          697.0566037735849
        ],
        [
          340.9811320754717,
          185.73584905660377
        ]
      ]
    ],
    "洋室": [
      [
        [
          27.773584905660357,
          187.62264150943395
        ],
        [
          300.4150943396226,
          187.62264150943395
        ],
        [
          300.4150943396226,
          578.188679245283
        ],
        [
          27.773584905660357,
          578.188679245283
        ]
      ],
      [
        [
          28.71698113207546,
          29.132075471698112
        ],
        [
          263.62264150943395,
          29.132075471698112
        ],
        [
          263.62264150943395,
          186.67924528301887
        ],
        [
          28.71698113207546,
          186.67924528301887
        ]
      ],
      [
        [
          260.79245283018867,
          31.962264150943398
        ],
        [
          416.4528301886792,
          31.962264150943398
        ],
        [
          416.4528301886792,
          183.84905660377356
        ],
        [
          260.79245283018867,
          183.84905660377356
        ]
      ]
    ],
    "開戸": [
      [
        226.23008849557516,
        149.88679245283018,
        257.0188679245283,
        196.2300884955752
      ],
      [
        305.0,
        173.36363636363635,
        338.1509433962264,
        223.47169811320754
      ],
      [
        265.50943396226415,
        577.2452830188679,
        311.73584905660374,
        615.9245283018868
      ],
      [
        270.8953687821611,
        656.353344768439,
        316.81818181818176,
        690.6363636363636
      ],
      [
        350.4545454545454,
        776.0933226065969,
        395.3773129525341,
        810.6363636363636
      ]
    ],
    "引戸": [
      [
        292.27272727272725,
        501.77358490566036,
        319.2830188679245,
        571.5454545454545
      ],
      [
        289.5454545454545,
        262.4939965694682,
        317.2590051457976,
        346.09090909090907
      ],
      [
        328.71698113207543,
        222.52830188679243,
        352.3018867924528,
        297.05660377358487
      ],
      [
        328.6363636363636,
        307.9090909090909,
        352.27272727272725,
        376.09090909090907
      ],
      [
        331.36363636363626,
        426.09090909090907,
        354.9999999999999,
        496.99999999999994
      ],
      [
        333.5025728987994,
        583.3636363636364,
        354.0909090909091,
        651.8078902229846
      ],
      [
        351.8938053097344,
        568.7964601769911,
        417.3805309734512,
        587.3805309734513
      ],
      [
        309.4159292035397,
        758.1769911504424,
        377.5575221238937,
        782.0707964601769
      ]
    ],
    "折戸": [
      [
        343.77701543739283,
        684.0205831903945,
        402.26758147512874,
        705.7186963979417
      ]
    ]
  }
}