{
  "labels": {
    "LDK": [
      [
        [
          18.232142857142847,
          95.08928571428571
        ],
        [
          146.80357142857142,
          91.07142857142857
        ],
        [
          146.80357142857142,
          75.89285714285714
        ],
        [
          278.49999999999994,
          73.66071428571428
        ],
        [
          282.07142857142856,
          233.92857142857142
        ],
        [
          202.60714285714283,
          235.7142857142857
        ],
        [
          207.07142857142856,
          337.49999999999994
        ],
        [
          24.482142857142833,
          343.3035714285714
        ]
      ]
    ],
    "浴室": [
      [
        [
          278.94642857142856,
          22.767857142857142
        ],
        [
          328.0535714285714,
          21.428571428571427
        ],
        [
          328.94642857142856,
          69.64285714285714
        ],
        [
          281.1785714285714,
          70.98214285714285
        ]
      ]
    ],
    "廊下": [
      [
        [
          84.30357142857142,
          54.91071428571428
        ],
        [
          223.58928571428567,
          50.44642857142857
        ],
        [
          224.48214285714283,
          73.66071428571428
        ],
        [
          147.25,
          74.99999999999999
        ],
        [
          146.80357142857142,
          88.83928571428571
        ],
        [
          85.64285714285711,
          89.73214285714285
        ]
      ]
    ],
    "開戸": [
      [
        81.17857142857142,
        46.87499999999999,
        108.85714285714283,
        74.10714285714285
      ],
      [
        147.25,
        48.21428571428571,
        174.48214285714283,
        62.94642857142856
      ],
      [
        248.1428571428571,
        37.49999999999999,
        278.0535714285714,
        54.01785714285714
      ],
      [
        276.2678571428571,
        41.51785714285714,
        306.1785714285714,
        72.76785714285714
      ]
    ],
    "引戸": [
      [
        180.12297734627833,
        43.36569579288027,
        223.1428571428571,
        54.296694405917705
      ],
      [
        218.6453421174295,
        29.165221914008313,
        231.57928802588998,
        72.16828478964402
      ],
      [
        176.23948220064725,
        70.22653721682848,
        223.58928571428567,
        80.06674757281552
      ],
      [
        271.38511326860845,
        74.11003236245955,
        285.9482200647249,
        123.30097087378641
      ],
      [
        83.93804900601015,
        80.29068423485899,
        134.16828478964402,
        98.70550161812298
      ]
    ],
    "折戸": [
      [
        164.66071428571428,
        244.19642857142856,
        203.94642857142856,
        258.0357142857143
      ]
    ]
  }
}