{
  "labels": {
    "浴室": [
      [
        [
          122.84848484848484,
          52.33333333333333
        ],
        [
          205.27272727272725,
          52.93939393939394
        ],
        [
          205.87878787878785,
          136.57575757575756
        ],
        [
          122.24242424242422,
          134.15151515151513
        ]
      ]
    ],
    "洋室": [
      [
        [
          390.7272727272727,
          142.63636363636363
        ],
        [
          474.9696969696969,
          143.24242424242422
        ],
        [
          473.1515151515151,
          225.66666666666666
        ],
        [
          392.5454545454545,
          226.27272727272725
        ]
      ],
      [
        [
          32.54545454545453,
          279.0
        ],
        [
          183.45454545454544,
          278.3939393939394
        ],
        [
          183.45454545454544,
          322.6363636363636
        ],
        [
          204.66666666666666,
          324.45454545454544
        ],
        [
          205.87878787878785,
          408.09090909090907
        ],
        [
          31.939393939393938,
          407.48484848484844
        ]
      ]
    ],
    "LDK": [
      [
        [
          212.54545454545453,
          53.54545454545454
        ],
        [
          384.060606060606,
          54.15151515151515
        ],
        [
          385.27272727272725,
          319.60606060606057
        ],
        [
          187.6969696969697,
          317.78787878787875
        ],
        [
          188.90909090909088,
          184.45454545454544
        ],
        [
          211.33333333333331,
          185.66666666666666
        ]
      ]
    ],
    "開戸": [
      [
        199.05882352941177,
        275.98039215686276,
        227.6969696969697,
        320.2121212121212
      ],
      [
        169.5151515151515,
        141.4242424242424,
        222.24242424242425,
        185.66666666666666
      ],
      [
        346.6078431372549,
        175.0,
        384.66666666666663,
        204.45454545454544
      ]
    ],
    "引戸": [
      [
        225.05099778270508,
        306.22099039172207,
        387.68292682926824,
        331.0975609756097
      ],
      [
        401.62897265336284,
        126.24685883222469,
        472.43902439024384,
        154.8780487804878
      ],
      [
        119.21581670362156,
        123.79674796747966,
        204.7560975609756,
        151.8292682926829
      ],
      [
        108.89061345158905,
        260.1566888396156,
        184.6341463414634,
        282.92682926829264
      ],
      [
        89.51219512195121,
        201.8292682926829,
        115.73170731707316,
        273.780487804878
      ],
      [
        190.67553584626754,
        320.8033998521803,
        216.9512195121951,
        403.6585365853658
      ]
    ],
    "折戸": [
      [
        374.96969696969694,
        190.5151515151515,
        400.4242424242424,
        229.30303030303028
      ]
    ]
  }
}