{
  "labels": {
    "洋室": [
      [
        [
          9.693877551020407,
          32.6530612244898
        ],
        [
          150.51020408163262,
          32.244897959183675
        ],
        [
          149.28571428571428,
          219.99999999999997
        ],
        [
          10.102040816326522,
          219.18367346938774
        ]
      ],
      [
        [
          196.63265306122446,
          31.428571428571427
        ],
        [
          334.59183673469386,
          32.244897959183675
        ],
        [
          332.95918367346934,
          219.59183673469386
        ],
        [
          195.4081632653061,
          219.59183673469386
        ]
      ],
      [
        [
          195.4081632653061,
          220.40816326530611
        ],
        [
          335.4081632653061,
          221.63265306122446
        ],
        [
          335.81632653061223,
          313.0612244897959
        ],
        [
          196.22448979591837,
          313.0612244897959
        ]
      ]
    ],
    "廊下": [
      [
        [
          154.18367346938774,
          175.91836734693877
        ],
        [
          190.51020408163265,
          176.734693877551
        ],
        [
          191.32653061224488,
          309.3877551020408
        ],
        [
          13.367346938775498,
          310.204081632653
        ],
        [
          13.367346938775498,
          222.85714285714283
        ],
        [
          75.40816326530611,
          222.85714285714283
        ],
        [
          76.63265306122449,
          266.1224489795918
        ],
        [
          154.59183673469386,
          265.3061224489796
        ]
      ]
    ],
    "開戸": [
      [
        103.53061224489795,
        169.8707482993197,
        164.33333333333334,
        219.66666666666666
      ],
      [
        180.1360544217687,
        171.98639455782313,
        241.66666666666669,
        215.66666666666666
      ],
      [
        178.6190476190476,
        220.89115646258503,
        239.33333333333331,
        264.0
      ]
    ],
    "折戸": [
      [
        182.99319727891157,
        102.0408163265306,
        214.66666666666669,
        175.0
      ],
      [
        128.83673469387753,
        31.42857142857143,
        163.93877551020407,
        105.71428571428571
      ]
    ]
  }
}