{
  "labels": {
    "洋室": [
      [
        [
          20.041666666666668,
          61.111111111111114
        ],
        [
          131.84722222222223,
          62.5
        ],
        [
          131.84722222222223,
          251.38888888888889
        ],
        [
          20.041666666666668,
          252.43055555555557
        ]
      ],
      [
        [
          297.125,
          61.458333333333336
        ],
        [
          408.58333333333337,
          62.5
        ],
        [
          407.5416666666667,
          192.70833333333334
        ],
        [
          297.47222222222223,
          192.70833333333334
        ]
      ],
      [
        [
          179.06944444444446,
          140.625
        ],
        [
          288.7916666666667,
          141.66666666666669
        ],
        [
          289.48611111111114,
          252.43055555555557
        ],
        [
          179.41666666666669,
          252.08333333333334
        ]
      ]
    ],
    "廊下": [
      [
        [
          138.44444444444446,
          101.73611111111111
        ],
        [
          289.48611111111114,
          101.73611111111111
        ],
        [
          289.48611111111114,
          134.02777777777777
        ],
        [
          138.79166666666669,
          135.41666666666669
        ]
      ]
    ],
    "開戸": [
      [
        140.18055555555557,
        88.88888888888889,
        174.90277777777777,
        130.90277777777777
      ]
    ],
    "折戸": [
      [
        19.34722222222222,
        53.81944444444445,
        96.43055555555556,
        77.08333333333334
      ],
      [
        165.359477124183,
        139.45751633986927,
        192.95833333333334,
        214.23611111111111
      ],
      [
        116.22222222222223,
        219.79166666666669,
        144.11764705882354,
        253.1830065359477
      ],
      [
        297.125,
        51.04166666666667,
        330.45833333333337,
        78.125
      ],
      [
        335.31944444444446,
        53.47222222222222,
        409.27777777777777,
        76.73611111111111
      ],
      [
        217.95833333333334,
        94.09722222222223,
        293.30555555555554,
        117.0138888888889
      ],
      [
        96.43055555555556,
        52.43055555555556,
        133.58333333333334,
        76.38888888888889
      ]
    ],
    "引戸": [
      [
        283.5424836601307,
        65.56372549019608,
        301.96078431372547,
        136.51633986928104
      ],
      [
        123.10539215686276,
        66.13562091503269,
        141.5032679738562,
        136.84313725490196
      ],
      [
        173.18265870704718,
        129.17153627127422,
        256.8627450980392,
        147.62745098039215
      ]
    ]
  }
}