{
  "labels": {
    "LDK": [
      [
        [
          23.432432432432435,
          83.44594594594595
        ],
        [
          162.95945945945945,
          85.47297297297297
        ],
        [
          162.6216216216216,
          136.82432432432432
        ],
        [
          146.74324324324326,
          137.5
        ],
        [
          147.75675675675677,
          172.2972972972973
        ],
        [
          268.02702702702703,
          172.2972972972973
        ],
        [
          266.33783783783787,
          313.85135135135135
        ],
        [
          144.71621621621622,
          312.5
        ],
        [
          145.05405405405406,
          259.4594594594595
        ],
        [
          23.770270270270274,
          260.13513513513516
        ]
      ]
    ],
    "廊下": [
      [
        [
          362.6216216216216,
          172.2972972972973
        ],
        [
          269.0405405405405,
          171.95945945945945
        ],
        [
          269.0405405405405,
          207.0945945945946
        ],
        [
          301.81081081081084,
          208.1081081081081
        ],
        [
          301.47297297297297,
          216.21621621621622
        ],
        [
          363.63513513513516,
          215.2027027027027
        ]
      ]
    ],
    "浴室": [
      [
        [
          239.9864864864865,
          15.202702702702704
        ],
        [
          303.5,
          15.54054054054054
        ],
        [
          303.83783783783787,
          85.47297297297297
        ],
        [
          238.2972972972973,
          84.12162162162163
        ]
      ]
    ],
    "折戸": [
      [
        348.6149834044571,
        227.02821242294925,
        370.49122807017545,
        257.1929824561403
      ],
      [
        347.4580369843528,
        174.8316737790422,
        370.49122807017545,
        205.96491228070175
      ],
      [
        269.8987671882409,
        192.02228544333806,
        300.66666666666663,
        215.08771929824562
      ],
      [
        168.91228070175438,
        139.64912280701753,
        195.72972972972974,
        171.0881934566145
      ],
      [
        229.43859649122805,
        52.63157894736842,
        255.78662873399713,
        84.12162162162163
      ]
    ],
    "開戸": [
      [
        236.27027027027026,
        174.72735893788527,
        272.42105263157896,
        207.01754385964912
      ],
      [
        129.26315789473685,
        42.80701754385965,
        160.51635846372687,
        77.96230440967285
      ]
    ],
    "引戸": [
      [
        181.19298245614036,
        162.4561403508772,
        264.17543859649123,
        181.4035087719298
      ],
      [
        155.86486486486487,
        26.013513513513512,
        172.0810810810811,
        85.8108108108108
      ],
      [
        82.68326220957798,
        73.09032716927454,
        144.7017543859649,
        92.63157894736842
      ]
    ]
  }
}