{
  "labels": {
    "洋室": [
      [
        [
          57.77011494252872,
          206.32183908045977
        ],
        [
          204.8965517241379,
          206.89655172413794
        ],
        [
          203.74712643678163,
          406.8965517241379
        ],
        [
          56.62068965517244,
          404.5977011494253
        ]
      ],
      [
        [
          206.04597701149424,
          256.8965517241379
        ],
        [
          400.2988505747127,
          256.32183908045977
        ],
        [
          398.57471264367814,
          407.4712643678161
        ],
        [
          204.32183908045977,
          406.8965517241379
        ]
      ],
      [
        [
          204.32183908045977,
          8.045977011494253
        ],
        [
          204.8965517241379,
          155.7471264367816
        ],
        [
          400.8735632183908,
          158.04597701149424
        ],
        [
          401.44827586206895,
          10.344827586206897
        ]
      ],
      [
        [
          8.919540229885058,
          8.045977011494253
        ],
        [
          206.04597701149424,
          8.620689655172415
        ],
        [
          207.19540229885058,
          158.04597701149424
        ],
        [
          5.471264367816104,
          156.89655172413794
        ]
      ]
    ],
    "廊下": [
      [
        [
          9.494252873563198,
          155.7471264367816
        ],
        [
          7.195402298850581,
          205.17241379310346
        ],
        [
          203.17241379310343,
          208.04597701149424
        ],
        [
          205.4712643678161,
          255.17241379310346
        ],
        [
          256.62068965517244,
          256.8965517241379
        ],
        [
          254.8965517241379,
          159.77011494252875
        ]
      ]
    ],
    "折戸": [
      [
        351.4670658682635,
        241.51497005988026,
        397.35301810172746,
        280.5079496180054
      ],
      [
        132.55846926835983,
        239.70335191685595,
        202.36526946107784,
        279.23952095808386
      ],
      [
        134.10179640718565,
        86.42514970059881,
        165.7365269461078,
        153.49101796407172
      ],
      [
        244.64808314405673,
        12.574850299401199,
        277.81437125748505,
        81.63473053892216
      ]
    ],
    "引戸": [
      [
        209.59061187968888,
        239.51407529768053,
        295.7784431137724,
        283.4311377245509
      ],
      [
        58.754353362241034,
        137.35632183908046,
        148.4730538922156,
        175.04790419161677
      ],
      [
        209.25679675132494,
        136.95023745612224,
        295.7784431137725,
        177.4431137724551
      ]
    ],
    "開戸": [
      [
        59.85559914653447,
        189.05637001858352,
        110.14970059880238,
        252.2934131736527
      ]
    ]
  }
}