{
  "labels": {
    "LDK": [
      [
        [
          645.4715447154472,
          165.85365853658536
        ],
        [
          643.0325203252032,
          232.52032520325204
        ],
        [
          921.8943089430895,
          232.52032520325204
        ],
        [
          921.8943089430895,
          514.6341463414634
        ],
        [
          642.219512195122,
          514.6341463414634
        ],
        [
          643.0325203252032,
          444.7154471544716
        ],
        [
          297.5040650406504,
          443.089430894309
        ],
        [
          296.6910569105691,
          162.60162601626016
        ]
      ]
    ],
    "廊下": [
      [
        [
          712.9512195121952,
          165.85365853658536
        ],
        [
          714.5772357723578,
          230.89430894308944
        ],
        [
          812.1382113821138,
          230.89430894308944
        ],
        [
          812.1382113821138,
          162.60162601626016
        ]
      ],
      [
        [
          227.58536585365852,
          443.9024390243903
        ],
        [
          365.7967479674797,
          443.089430894309
        ],
        [
          366.609756097561,
          550.4065040650406
        ],
        [
          226.77235772357722,
          513.0081300813008
        ]
      ]
    ],
    "浴室": [
      [
        [
          155.22764227642278,
          163.41463414634146
        ],
        [
          296.6910569105691,
          163.41463414634146
        ],
        [
          298.3170731707317,
          302.4390243902439
        ],
        [
          158.479674796748,
          303.2520325203252
        ]
      ]
    ],
    "引戸": [
      [
        657.6666666666666,
        221.95121951219514,
        786.1219512195122,
        258.5365853658537
      ],
      [
        276.3658536585366,
        304.8780487804878,
        313.7642276422764,
        434.1463414634146
      ]
    ],
    "開戸": [
      [
        752.7886178861788,
        165.85365853658536,
        834.089430894309,
        226.01626016260164
      ],
      [
        501.13504202838635,
        223.03982361857516,
        576.0508474576271,
        274.42372881355936
      ],
      [
        297.5040650406504,
        377.2357723577236,
        363.3577235772358,
        470.7317073170732
      ]
    ],
    "折戸": [
      [
        418.30508474576277,
        452.3898305084746,
        463.22033898305085,
        544.7627118644068
      ],
      [
        332.80790960451975,
        554.8160396858206,
        382.7118644067797,
        615.1016949152543
      ],
      [
        214.78393275458177,
        442.31087226126505,
        258.135593220339,
        510.86440677966107
      ],
      [
        238.64406779661022,
        270.1864406779661,
        292.1437233016398,
        315.0337605070966
      ]
    ]
  }
}