{
  "labels": {
    "洋室": [
      [
        [
          13.623762376237622,
          126.73267326732673
        ],
        [
          87.38613861386139,
          126.73267326732673
        ],
        [
          88.87128712871288,
          89.10891089108911
        ],
        [
          122.53465346534654,
          89.10891089108911
        ],
        [
          123.02970297029702,
          236.63366336633663
        ],
        [
          16.099009900990097,
          236.63366336633663
        ]
      ],
      [
        [
          126.990099009901,
          127.22772277227723
        ],
        [
          234.4158415841584,
          128.7128712871287
        ],
        [
          233.9207920792079,
          236.63366336633663
        ],
        [
          128.47524752475246,
          236.13861386138615
        ]
      ],
      [
        [
          237.38613861386136,
          90.5940594059406
        ],
        [
          273.029702970297,
          92.07920792079207
        ],
        [
          273.029702970297,
          129.2079207920792
        ],
        [
          345.3069306930693,
          130.1980198019802
        ],
        [
          345.3069306930693,
          274.7524752475247
        ],
        [
          240.35643564356434,
          274.25742574257424
        ]
      ]
    ],
    "廊下": [
      [
        [
          88.37623762376236,
          51.48514851485149
        ],
        [
          234.91089108910893,
          52.97029702970297
        ],
        [
          235.40594059405942,
          123.76237623762376
        ],
        [
          202.73267326732673,
          123.26732673267327
        ],
        [
          202.23762376237624,
          86.63366336633663
        ],
        [
          87.88118811881188,
          86.13861386138613
        ]
      ]
    ],
    "開戸": [
      [
        87.88118811881188,
        80.1980198019802,
        127.48514851485149,
        121.78217821782178
      ],
      [
        196.79207920792078,
        114.03168316831682,
        237.38613861386136,
        156.60594059405938
      ],
      [
        230.45544554455444,
        91.58415841584159,
        271.54455445544556,
        125.74257425742574
      ]
    ],
    "引戸": [
      [
        15.60396039603961,
        113.00198019801981,
        85.4,
        136.0
      ],
      [
        124.49504950495049,
        113.59207920792079,
        197.8,
        136.8
      ],
      [
        226.60000000000002,
        18.000000000000004,
        246.92673267326734,
        88.32871287128714
      ],
      [
        74.6,
        16.4,
        99.80000000000001,
        87.2
      ]
    ]
  }
}