{
  "labels": {
    "洋室": [
      [
        [
          74.0,
          17.5
        ],
        [
          173.0,
          17.0
        ],
        [
          172.5,
          102.5
        ],
        [
          76.0,
          102.5
        ]
      ]
    ],
    "廊下": [
      [
        [
          24.5,
          17.5
        ],
        [
          24.5,
          40.5
        ],
        [
          73.0,
          41.0
        ],
        [
          72.5,
          17.0
        ]
      ]
    ],
    "開戸": [
      [
        65.70433274241817,
        17.775299746478332,
        95.67164179104478,
        40.35820895522388
      ]
    ],
    "折戸": [
      [
        91.26119402985076,
        54.20149253731343,
        111.76119402985076,
        100.70149253731343
      ]
    ]
  }
}