{
  "labels": {
    "洋室": [
      [
        [
          113.70469798657717,
          93.95973154362416
        ],
        [
          221.75838926174498,
          94.63087248322148
        ],
        [
          223.1006711409396,
          273.8255033557047
        ],
        [
          113.03355704697987,
          273.8255033557047
        ]
      ],
      [
        [
          222.4295302013423,
          200.0
        ],
        [
          435.8523489932886,
          200.6711409395973
        ],
        [
          435.8523489932886,
          343.6241610738255
        ],
        [
          221.75838926174498,
          344.2953020134228
        ]
      ]
    ],
    "廊下": [
      [
        [
          222.4295302013423,
          156.3758389261745
        ],
        [
          257.3288590604027,
          155.70469798657717
        ],
        [
          257.3288590604027,
          163.75838926174498
        ],
        [
          328.4697986577181,
          165.1006711409396
        ],
        [
          327.7986577181208,
          92.61744966442953
        ],
        [
          366.7248322147651,
          94.63087248322148
        ],
        [
          364.7114093959732,
          198.65771812080538
        ],
        [
          223.7718120805369,
          200.0
        ]
      ]
    ],
    "折戸": [
      [
        115.75375660747164,
        120.04513868266318,
        181.85840707964599,
        147.787610619469
      ],
      [
        223.7777513808873,
        220.57670606402564,
        272.1238938053097,
        242.92035398230087
      ],
      [
        385.7365326364554,
        219.21957593395499,
        433.18584070796453,
        241.15044247787608
      ],
      [
        350.4424778761062,
        132.3008849557522,
        373.4513274336283,
        163.27433628318582
      ]
    ],
    "引戸": [
      [
        207.9646017699115,
        131.4159292035398,
        233.4409930510186,
        198.68741462255747
      ]
    ],
    "開戸": [
      [
        295.13274336283183,
        189.8230088495575,
        327.43362831858406,
        234.95575221238937
      ],
      [
        329.5834174734216,
        189.65967808992102,
        362.8318584070796,
        235.84070796460173
      ],
      [
        227.87610619469024,
        145.13274336283183,
        254.8672566371681,
        184.95575221238937
      ]
    ]
  }
}