{
  "labels": {
    "洋室": [
      [
        [
          97.44897959183673,
          131.65306122448982
        ],
        [
          97.44897959183673,
          188.28571428571428
        ],
        [
          301.53061224489795,
          188.28571428571428
        ],
        [
          301.0204081632653,
          132.16326530612247
        ],
        [
          278.0612244897959,
          132.16326530612247
        ],
        [
          279.0816326530612,
          92.87755102040816
        ],
        [
          122.44897959183673,
          94.40816326530611
        ],
        [
          121.59763313609467,
          131.71005917159763
        ]
      ],
      [
        [
          2.5510204081632653,
          61.755102040816325
        ],
        [
          97.44897959183673,
          61.755102040816325
        ],
        [
          97.44897959183673,
          187.77551020408163
        ],
        [
          2.5510204081632653,
          187.77551020408163
        ]
      ]
    ],
    "廊下": [
      [
        [
          95.91836734693878,
          66.34693877551021
        ],
        [
          96.93877551020408,
          92.36734693877551
        ],
        [
          271.9387755102041,
          91.34693877551021
        ],
        [
          273.9795918367347,
          53.081632653061234
        ],
        [
          219.3877551020408,
          51.0408163265306
        ],
        [
          217.85714285714286,
          58.69387755102042
        ],
        [
          192.3469387755102,
          59.20408163265307
        ],
        [
          193.87755102040816,
          64.30612244897961
        ]
      ]
    ],
    "開戸": [
      [
        194.25837320574163,
        49.789473684210535,
        216.7464114832536,
        77.7799043062201
      ]
    ],
    "引戸": [
      [
        207.17703349282297,
        81.84688995215312,
        255.50239234449762,
        99.55023923444976
      ],
      [
        128.4688995215311,
        83.52153110047847,
        177.0334928229665,
        99.07177033492823
      ],
      [
        222.44897959183675,
        45.00478468899522,
        267.4641148325359,
        57.16326530612244
      ],
      [
        89.47368421052632,
        64.622009569378,
        105.02392344497608,
        115.57894736842107
      ]
    ]
  }
}