{
  "labels": {
    "LDK": [
      [
        [
          13.864864864864842,
          310.81081081081084
        ],
        [
          209.81081081081084,
          311.4864864864865
        ],
        [
          209.81081081081084,
          262.1621621621622
        ],
        [
          357.1081081081081,
          263.51351351351354
        ],
        [
          354.4054054054054,
          506.0810810810811
        ],
        [
          15.216216216216196,
          504.72972972972974
        ]
      ]
    ],
    "洋室": [
      [
        [
          209.81081081081084,
          647.2972972972973
        ],
        [
          13.864864864864842,
          646.6216216216217
        ],
        [
          13.189189189189221,
          504.05405405405406
        ],
        [
          212.51351351351354,
          505.4054054054054
        ]
      ]
    ],
    "廊下": [
      [
        [
          161.1621621621622,
          167.56756756756758
        ],
        [
          161.8378378378378,
          310.13513513513516
        ],
        [
          209.81081081081084,
          310.81081081081084
        ],
        [
          209.1351351351351,
          262.83783783783787
        ],
        [
          303.7297297297297,
          261.4864864864865
        ],
        [
          305.08108108108104,
          216.21621621621622
        ],
        [
          234.1351351351351,
          215.54054054054055
        ],
        [
          209.1351351351351,
          187.83783783783784
        ],
        [
          208.45945945945948,
          166.8918918918919
        ]
      ]
    ],
    "浴室": [
      [
        [
          13.864864864864842,
          214.86486486486487
        ],
        [
          90.2162162162162,
          216.21621621621622
        ],
        [
          88.18918918918922,
          310.81081081081084
        ],
        [
          15.216216216216196,
          310.13513513513516
        ]
      ]
    ],
    "折戸": [
      [
        304.4054054054054,
        293.2432432432432,
        357.1081081081081,
        335.13513513513516
      ],
      [
        208.45945945945948,
        289.18918918918916,
        305.08108108108104,
        335.81081081081084
      ],
      [
        67.50684931506851,
        271.28767123287673,
        107.10810810810813,
        314.18918918918916
      ]
    ],
    "開戸": [
      [
        163.8463532025176,
        294.55757126990005,
        209.1166234727878,
        353.34135505368386
      ],
      [
        268.8767123287671,
        222.65753424657535,
        320.5198074787115,
        261.4772306553129
      ]
    ],
    "引戸": [
      [
        68.87671232876716,
        488.4109589041096,
        155.86301369863014,
        521.2876712328767
      ],
      [
        142.84931506849318,
        233.6164383561644,
        177.09589041095893,
        308.95890410958907
      ]
    ]
  }
}