{
  "labels": {
    "LDK": [
      [
        [
          69.1358024691358,
          102.88888888888886
        ],
        [
          66.66666666666666,
          469.55555555555554
        ],
        [
          558.0246913580247,
          468.3209876543209
        ],
        [
          555.5555555555555,
          190.5432098765432
        ],
        [
          348.14814814814815,
          186.8395061728395
        ],
        [
          348.14814814814815,
          52.271604938271594
        ],
        [
          275.3086419753086,
          52.271604938271594
        ],
        [
          274.0740740740741,
          107.82716049382714
        ]
      ]
    ],
    "廊下": [
      [
        [
          553.0864197530864,
          259.679012345679
        ],
        [
          687.6543209876543,
          259.679012345679
        ],
        [
          687.6543209876543,
          363.3827160493827
        ],
        [
          553.0864197530864,
          363.3827160493827
        ]
      ]
    ],
    "浴室": [
      [
        [
          690.1234567901234,
          53.50617283950615
        ],
        [
          829.6296296296296,
          53.50617283950615
        ],
        [
          829.6296296296296,
          194.24691358024688
        ],
        [
          690.1234567901234,
          194.24691358024688
        ]
      ]
    ],
    "開戸": [
      [
        533.1212121212121,
        265.3131313131313,
        619.1919191919192,
        321.4242424242424
      ]
    ],
    "折戸": [
      [
        533.6585365853659,
        194.79494128274612,
        569.3044263775971,
        251.70731707317074
      ],
      [
        673.7272727272726,
        126.34567901234567,
        719.2368125701458,
        186.27272727272725
      ],
      [
        606.3414634146342,
        196.57575757575756,
        650.090909090909,
        251.70731707317074
      ],
      [
        654.3333333333333,
        370.5151515151515,
        693.7272727272726,
        424.45454545454544
      ],
      [
        81.46341463414635,
        368.2926829268293,
        135.609756097561,
        463.4146341463415
      ]
    ],
    "引戸": [
      [
        432.68292682926835,
        168.8405463852618,
        547.8908324436779,
        212.68292682926833
      ],
      [
        78.8919000301114,
        88.29268292682927,
        272.19512195121956,
        124.82204155374886
      ],
      [
        535.8933308041292,
        56.80785950269515,
        571.9090909090909,
        182.63636363636363
      ]
    ]
  }
}