{
  "labels": {
    "洋室": [
      [
        [
          432.72727272727263,
          358.09090909090907
        ],
        [
          479.090909090909,
          358.99999999999994
        ],
        [
          479.090909090909,
          408.99999999999994
        ],
        [
          680.9090909090909,
          411.7272727272727
        ],
        [
          681.8181818181818,
          556.2727272727273
        ],
        [
          336.3636363636363,
          557.1818181818181
        ],
        [
          329.99999999999994,
          404.45454545454544
        ],
        [
          430.9090909090909,
          404.45454545454544
        ]
      ],
      [
        [
          180.90909090909088,
          186.27272727272725
        ],
        [
          324.5454545454545,
          184.45454545454544
        ],
        [
          325.45454545454544,
          312.6363636363636
        ],
        [
          431.81818181818176,
          313.5454545454545
        ],
        [
          431.81818181818176,
          356.27272727272725
        ],
        [
          325.45454545454544,
          356.27272727272725
        ],
        [
          322.7272727272727,
          455.3636363636363
        ],
        [
          182.7272727272727,
          455.3636363636363
        ]
      ]
    ],
    "引戸": [
      [
        574.2583732057416,
        289.6937799043062,
        664.7368421052631,
        320.39473684210526
      ]
    ],
    "開戸": [
      [
        480.0,
        363.5454545454545,
        530.0,
        423.5454545454545
      ],
      [
        428.18181818181813,
        349.9090909090909,
        483.6363636363636,
        407.18181818181813
      ],
      [
        380.0,
        309.9090909090909,
        443.6363636363636,
        355.3636363636363
      ]
    ],
    "折戸": [
      [
        329.09090909090907,
        394.45454545454544,
        430.0,
        429.9090909090909
      ]
    ]
  }
}