{
  "labels": {
    "洋室": [
      [
        [
          343.4367816091954,
          117.816091954023
        ],
        [
          141.71264367816093,
          119.54022988505747
        ],
        [
          144.58620689655172,
          309.7701149425287
        ],
        [
          345.1609195402299,
          309.1954022988506
        ]
      ],
      [
        [
          637.1149425287356,
          114.94252873563218
        ],
        [
          340.5632183908046,
          118.96551724137932
        ],
        [
          343.4367816091954,
          260.3448275862069
        ],
        [
          441.71264367816093,
          261.4942528735632
        ],
        [
          444.0114942528736,
          308.62068965517244
        ],
        [
          640.5632183908046,
          305.7471264367816
        ]
      ],
      [
        [
          642.2873563218391,
          453.44827586206895
        ],
        [
          639.9885057471264,
          306.8965517241379
        ],
        [
          444.0114942528736,
          308.04597701149424
        ],
        [
          444.58620689655174,
          454.02298850574715
        ]
      ]
    ],
    "廊下": [
      [
        [
          392.86206896551727,
          264.367816091954
        ],
        [
          394.58620689655174,
          308.04597701149424
        ],
        [
          294.01149425287355,
          310.91954022988506
        ],
        [
          294.01149425287355,
          357.4712643678161
        ],
        [
          442.8620689655172,
          356.8965517241379
        ],
        [
          444.0114942528736,
          262.0689655172414
        ]
      ]
    ],
    "折戸": [
      [
        434.7365269461078,
        161.27544910179643,
        469.4670658682635,
        255.88622754491018
      ],
      [
        266.66618487163606,
        117.16911005575055,
        304.59721935439467,
        163.72083419368158
      ],
      [
        266.8107233808246,
        164.367816091954,
        305.99401197604794,
        263.07185628742513
      ],
      [
        347.6524881271939,
        303.8337118865717,
        397.0119760479042,
        334.3293413173653
      ],
      [
        480.05320393695365,
        357.68807213159886,
        523.3592814371258,
        449.8982035928144
      ]
    ],
    "開戸": [
      [
        433.0919540229885,
        306.8965517241379,
        490.56321839080465,
        355.7471264367816
      ],
      [
        426.1954022988506,
        259.7701149425287,
        499.183908045977,
        308.04597701149424
      ],
      [
        395.30545804941846,
        319.6606786427146,
        434.13772455089827,
        366.66467065868267
      ],
      [
        292.86206896551727,
        267.2413793103448,
        345.735632183908,
        318.9655172413793
      ]
    ]
  }
}