{
  "labels": {
    "洋室": [
      [
        [
          114.93103448275866,
          267.2413793103448
        ],
        [
          461.48275862068965,
          269.82758620689657
        ],
        [
          461.48275862068965,
          468.96551724137936
        ],
        [
          114.0689655172414,
          468.96551724137936
        ]
      ],
      [
        [
          516.6551724137931,
          556.0344827586207
        ],
        [
          692.5172413793105,
          556.896551724138
        ],
        [
          691.6551724137931,
          727.5862068965517
        ],
        [
          458.0344827586207,
          729.3103448275863
        ],
        [
          458.0344827586207,
          643.1034482758621
        ],
        [
          515.7931034482759,
          642.2413793103449
        ]
      ]
    ],
    "廊下": [
      [
        [
          459.75862068965523,
          437.93103448275866
        ],
        [
          516.6551724137931,
          438.7931034482759
        ],
        [
          514.9310344827587,
          499.1379310344828
        ],
        [
          589.0689655172414,
          501.72413793103453
        ],
        [
          587.344827586207,
          558.6206896551724
        ],
        [
          459.75862068965523,
          556.0344827586207
        ],
        [
          456.3103448275863,
          730.1724137931035
        ],
        [
          283.89655172413796,
          729.3103448275863
        ],
        [
          289.0689655172414,
          468.1034482758621
        ],
        [
          458.0344827586207,
          467.2413793103449
        ]
      ]
    ],
    "引戸": [
      [
        502.0,
        384.4827586206897,
        533.896551724138,
        500.00000000000006
      ],
      [
        294.8238583410997,
        451.44454799627215,
        408.37837837837833,
        489.79279279279274
      ]
    ],
    "開戸": [
      [
        518.3793103448277,
        540.5172413793103,
        580.4482758620691,
        614.6551724137931
      ],
      [
        537.5778191985089,
        496.74588381484944,
        616.4864864864865,
        553.7567567567567
      ]
    ],
    "折戸": [
      [
        502.1164958061511,
        645.4100652376516,
        540.8108108108107,
        731.2342342342341
      ],
      [
        429.099099099099,
        557.3603603603603,
        469.08605156881026,
        640.3230817023921
      ]
    ]
  }
}