{
  "labels": {
    "洋室": [
      [
        [
          84.28143712574851,
          178.64071856287427
        ],
        [
          223.80239520958082,
          181.0359281437126
        ],
        [
          222.6047904191617,
          317.562874251497
        ],
        [
          83.08383233532936,
          317.562874251497
        ]
      ],
      [
        [
          227.99401197604794,
          180.437125748503
        ],
        [
          332.185628742515,
          181.0359281437126
        ],
        [
          330.38922155688624,
          318.7604790419162
        ],
        [
          228.59281437125748,
          319.3592814371258
        ]
      ],
      [
        [
          368.7125748502994,
          181.63473053892216
        ],
        [
          474.1017964071857,
          182.23353293413174
        ],
        [
          471.1077844311377,
          318.1616766467066
        ],
        [
          369.311377245509,
          319.3592814371258
        ]
      ],
      [
        [
          442.96407185628743,
          110.37724550898204
        ],
        [
          471.70658682634735,
          110.37724550898204
        ],
        [
          472.3053892215569,
          176.8443113772455
        ],
        [
          442.96407185628743,
          177.4431137724551
        ]
      ]
    ],
    "廊下": [
      [
        [
          192.66467065868267,
          140.31736526946108
        ],
        [
          440.5688622754491,
          145.10778443113773
        ],
        [
          439.97005988023955,
          176.8443113772455
        ],
        [
          192.06586826347308,
          175.04790419161677
        ]
      ]
    ],
    "引戸": [
      [
        227.70714385183126,
        131.47458571229635,
        294.8837209302326,
        153.69767441860466
      ],
      [
        160.0,
        169.97674418604652,
        223.93608132572064,
        192.4716613285058
      ],
      [
        265.3564963097062,
        167.4027294248712,
        332.093023255814,
        191.8372093023256
      ],
      [
        369.8405514552291,
        171.46066007519843,
        434.4186046511628,
        191.8372093023256
      ],
      [
        429.7319314858655,
        113.41024926890404,
        452.55813953488376,
        176.02325581395348
      ]
    ],
    "折戸": [
      [
        313.622754491018,
        248.70059880239523,
        342.7906976744186,
        317.8837209302326
      ],
      [
        354.4186046511628,
        185.32558139534885,
        384.8802395209581,
        248.70059880239523
      ]
    ]
  }
}