{
  "labels": {
    "LDK": [
      [
        [
          68.53846153846155,
          139.90384615384616
        ],
        [
          169.98076923076923,
          138.46153846153845
        ],
        [
          172.3846153846154,
          293.2692307692308
        ],
        [
          164.69230769230768,
          293.2692307692308
        ],
        [
          163.25,
          318.2692307692308
        ],
        [
          70.94230769230768,
          320.1923076923077
        ]
      ]
    ],
    "浴室": [
      [
        [
          151.71153846153845,
          65.86538461538461
        ],
        [
          195.94230769230768,
          64.90384615384615
        ],
        [
          195.94230769230768,
          111.0576923076923
        ],
        [
          153.15384615384616,
          111.0576923076923
        ]
      ]
    ],
    "廊下": [
      [
        [
          118.05769230769229,
          114.90384615384615
        ],
        [
          169.5,
          115.86538461538461
        ],
        [
          170.46153846153845,
          136.0576923076923
        ],
        [
          117.09615384615384,
          135.57692307692307
        ]
      ]
    ],
    "開戸": [
      [
        147.7767722473605,
        295.9389140271493,
        173.90196078431373,
        317.25490196078425
      ],
      [
        142.13725490196077,
        87.45098039215685,
        171.90384615384613,
        111.53846153846153
      ],
      [
        213.9019607843137,
        189.80392156862743,
        246.4230769230769,
        212.5
      ],
      [
        248.8269230769231,
        164.90384615384616,
        265.1730769230769,
        188.94230769230768
      ],
      [
        369.9807692307692,
        154.8076923076923,
        397.8653846153846,
        182.69230769230768
      ]
    ],
    "引戸": [
      [
        163.04826546003014,
        162.1738310708899,
        179.78431372549016,
        212.156862745098
      ],
      [
        125.27450980392155,
        129.80392156862743,
        171.9411764705882,
        145.49019607843135
      ],
      [
        163.56674208144796,
        111.89291101055807,
        178.99999999999997,
        155.2941176470588
      ],
      [
        227.23529411764704,
        155.2941176470588,
        273.82692307692304,
        167.52262443438914
      ],
      [
        277.43137254901956,
        155.6862745098039,
        324.09803921568624,
        171.76470588235293
      ],
      [
        341.35294117647055,
        162.35294117647058,
        358.2156862745098,
        207.84313725490193
      ],
      [
        114.8340874811463,
        106.20135746606334,
        160.5686274509804,
        120.39215686274508
      ]
    ]
  }
}