{
  "labels": {
    "洋室": [
      [
        [
          498.2641509433962,
          355.60377358490564
        ],
        [
          682.2264150943396,
          357.49056603773585
        ],
        [
          685.0566037735848,
          493.33962264150944
        ],
        [
          501.0943396226414,
          492.3962264150943
        ]
      ],
      [
        [
          500.15094339622635,
          547.1132075471697
        ],
        [
          684.1132075471697,
          549.9433962264151
        ],
        [
          685.0566037735848,
          689.566037735849
        ],
        [
          497.3207547169811,
          685.7924528301886
        ]
      ],
      [
        [
          303.92452830188677,
          547.1132075471697
        ],
        [
          488.8301886792452,
          548.0566037735849
        ],
        [
          491.66037735849056,
          687.6792452830189
        ],
        [
          302.0377358490566,
          687.6792452830189
        ]
      ]
    ],
    "廊下": [
      [
        [
          302.0377358490566,
          422.58490566037733
        ],
        [
          349.2075471698113,
          422.58490566037733
        ],
        [
          351.0943396226414,
          405.60377358490564
        ],
        [
          393.5471698113207,
          405.60377358490564
        ],
        [
          393.5471698113207,
          499.9433962264151
        ],
        [
          538.8301886792452,
          499.0
        ],
        [
          539.7735849056603,
          542.3962264150944
        ],
        [
          303.92452830188677,
          539.566037735849
        ]
      ]
    ],
    "開戸": [
      [
        498.0952380952381,
        532.9206349206349,
        545.4339622641509,
        590.5094339622641
      ],
      [
        289.77358490566036,
        498.05660377358487,
        345.43396226415086,
        549.0
      ]
    ],
    "引戸": [
      [
        302.4,
        530.4,
        396.0,
        560.0
      ],
      [
        105.6,
        332.0,
        206.4,
        365.6
      ],
      [
        284.8,
        399.2,
        316.8,
        496.0
      ],
      [
        203.2,
        484.0,
        296.8,
        512.0
      ],
      [
        381.6,
        420.8,
        407.6981132075472,
        496.1698113207547
      ],
      [
        498.2641509433962,
        483.90566037735846,
        581.6,
        508.8
      ]
    ],
    "折戸": [
      [
        291.66037735849056,
        550.8867924528302,
        333.16981132075466,
        683.9056603773585
      ],
      [
        544.1269841269841,
        532.9206349206349,
        683.1698113207547,
        567.8679245283018
      ],
      [
        480.33962264150944,
        356.5471698113207,
        520.9056603773585,
        494.2830188679245
      ]
    ]
  }
}