{
  "labels": {
    "LDK": [
      [
        [
          264.27272727272725,
          206.27272727272725
        ],
        [
          380.6363636363636,
          209.90909090909088
        ],
        [
          382.4545454545454,
          149.9090909090909
        ],
        [
          786.090909090909,
          150.8181818181818
        ],
        [
          787.9090909090909,
          413.5454545454545
        ],
        [
          547.9090909090909,
          421.7272727272727
        ],
        [
          544.2727272727273,
          496.27272727272725
        ],
        [
          372.4545454545454,
          498.09090909090907
        ],
        [
          378.81818181818176,
          322.6363636363636
        ],
        [
          263.3636363636363,
          321.7272727272727
        ]
      ]
    ],
    "廊下": [
      [
        [
          909.7272727272727,
          236.27272727272725
        ],
        [
          792.4545454545454,
          234.45454545454544
        ],
        [
          784.2727272727271,
          410.8181818181818
        ],
        [
          912.4545454545453,
          413.5454545454545
        ]
      ],
      [
        [
          801.3739279588335,
          415.4665523156089
        ],
        [
          715.919382504288,
          413.6483704974271
        ],
        [
          716.828473413379,
          498.1938250428816
        ],
        [
          802.2830188679244,
          500.0120068610634
        ]
      ]
    ],
    "開戸": [
      [
        321.3962264150943,
        191.45283018867923,
        373.3293310463121,
        256.1698113207548
      ]
    ],
    "折戸": [
      [
        518.566037735849,
        423.5283018867924,
        558.8181818181818,
        501.7272727272727
      ]
    ],
    "引戸": [
      [
        711.0188679245283,
        387.6792452830189,
        823.5523156089192,
        429.6689536878216
      ],
      [
        356.3018867924528,
        215.9811320754717,
        398.7547169811321,
        318.811320754717
      ]
    ]
  }
}