{
  "labels": {
    "廊下": [
      [
        [
          160.07142857142856,
          152.85714285714283
        ],
        [
          161.04975124378106,
          207.9601990049751
        ],
        [
          189.9054726368159,
          211.94029850746267
        ],
        [
          190.9004975124378,
          181.09452736318406
        ],
        [
          220.78571428571428,
          180.7142857142857
        ],
        [
          221.24875621890544,
          152.73631840796017
        ]
      ]
    ],
    "洋室": [
      [
        [
          160.05472636815918,
          207.9601990049751
        ],
        [
          252.592039800995,
          207.9601990049751
        ],
        [
          252.592039800995,
          304.9751243781094
        ],
        [
          160.05472636815918,
          304.9751243781094
        ]
      ],
      [
        [
          67.51741293532338,
          184.07960199004972
        ],
        [
          161.04975124378106,
          184.07960199004972
        ],
        [
          161.04975124378106,
          306.4676616915423
        ],
        [
          67.51741293532338,
          306.4676616915423
        ]
      ]
    ],
    "開戸": [
      [
        137.2142857142857,
        184.64285714285714,
        169.18763326226008,
        207.0291400142146
      ],
      [
        161.91684434968016,
        204.5291400142146,
        185.42857142857142,
        238.92857142857142
      ]
    ],
    "引戸": [
      [
        194.31911869225294,
        206.07142857142856,
        250.07142857142856,
        222.82160625444206
      ],
      [
        99.88059701492536,
        174.64285714285714,
        150.07142857142856,
        190.70007107320538
      ]
    ]
  }
}