{
  "labels": {
    "洋室": [
      [
        [
          184.01265822784808,
          117.9873417721519
        ],
        [
          327.6835443037975,
          119.25316455696202
        ],
        [
          328.3164556962025,
          165.45569620253164
        ],
        [
          377.0506329113924,
          166.0886075949367
        ],
        [
          374.5189873417721,
          215.45569620253164
        ],
        [
          328.3164556962025,
          214.82278481012656
        ],
        [
          328.3164556962025,
          308.49367088607596
        ],
        [
          375.15189873417717,
          309.75949367088606
        ],
        [
          376.41772151898726,
          359.126582278481
        ],
        [
          473.253164556962,
          360.3924050632911
        ],
        [
          470.08860759493666,
          455.96202531645565
        ],
        [
          184.64556962025313,
          453.4303797468354
        ]
      ],
      [
        [
          328.3164556962025,
          117.9873417721519
        ],
        [
          519.4556962025316,
          118.62025316455696
        ],
        [
          521.9873417721519,
          263.55696202531647
        ],
        [
          373.88607594936707,
          262.92405063291136
        ],
        [
          375.15189873417717,
          164.82278481012656
        ],
        [
          328.3164556962025,
          164.82278481012656
        ]
      ]
    ],
    "廊下": [
      [
        [
          327.6835443037975,
          215.45569620253164
        ],
        [
          326.41772151898726,
          311.65822784810126
        ],
        [
          469.4556962025316,
          309.126582278481
        ],
        [
          470.08860759493666,
          264.82278481012656
        ],
        [
          372.62025316455697,
          264.82278481012656
        ],
        [
          374.5189873417721,
          212.9240506329114
        ]
      ]
    ],
    "折戸": [
      [
        356.7058823529412,
        411.7647058823529,
        389.38562091503263,
        454.2483660130719
      ],
      [
        310.9542483660131,
        175.16339869281046,
        341.516588069827,
        217.27169686439973
      ],
      [
        361.93464052287584,
        122.87581699346406,
        394.61437908496737,
        162.09150326797385
      ]
    ],
    "開戸": [
      [
        285.2549019607843,
        266.6666666666667,
        347.30379746835445,
        313.55696202531647
      ],
      [
        285.90849673202615,
        211.11111111111111,
        347.9573922395963,
        263.55696202531647
      ],
      [
        359.1843302721933,
        217.43716389509387,
        412.7058823529412,
        261.437908496732
      ]
    ]
  }
}