{
  "labels": {
    "浴室": [
      [
        [
          692.0338983050848,
          147.3050847457627
        ],
        [
          820.8474576271187,
          148.15254237288136
        ],
        [
          822.542372881356,
          277.81355932203394
        ],
        [
          692.0338983050848,
          276.96610169491527
        ]
      ]
    ],
    "LDK": [
      [
        [
          172.54237288135593,
          277.81355932203394
        ],
        [
          689.4915254237288,
          278.66101694915255
        ],
        [
          693.728813559322,
          543.9152542372882
        ],
        [
          169.15254237288136,
          544.7627118644068
        ]
      ]
    ],
    "廊下": [
      [
        [
          271.6949152542373,
          151.54237288135593
        ],
        [
          358.98305084745766,
          151.54237288135593
        ],
        [
          359.8305084745763,
          269.33898305084745
        ],
        [
          273.3898305084746,
          271.8813559322034
        ]
      ]
    ],
    "開戸": [
      [
        304.7457627118644,
        219.2470109052687,
        364.91525423728814,
        303.9927736171331
      ],
      [
        522.1087899093418,
        150.76717908290632,
        598.2248062015503,
        198.08527131782944
      ]
    ],
    "折戸": [
      [
        557.2881355932203,
        275.271186440678,
        687.7966101694916,
        312.5593220338983
      ],
      [
        697.1186440677966,
        245.61016949152543,
        762.5658914728682,
        292.65891472868213
      ],
      [
        486.10169491525426,
        149.0,
        525.0847457627119,
        204.08474576271186
      ]
    ],
    "引戸": [
      [
        673.4095388253844,
        284.2516095125477,
        709.8527131782946,
        414.3643410852713
      ]
    ]
  }
}