{
  "labels": {
    "LDK": [
      [
        [
          88.21839080459768,
          200.0
        ],
        [
          264.65517241379314,
          200.57471264367817
        ],
        [
          264.080459770115,
          305.17241379310343
        ],
        [
          229.02298850574715,
          305.7471264367816
        ],
        [
          227.8735632183908,
          448.2758620689655
        ],
        [
          85.91954022988506,
          447.1264367816092
        ]
      ]
    ],
    "浴室": [
      [
        [
          87.0689655172414,
          448.2758620689655
        ],
        [
          158.33333333333331,
          448.2758620689655
        ],
        [
          158.33333333333331,
          518.9655172413793
        ],
        [
          88.79310344827587,
          518.9655172413793
        ]
      ]
    ],
    "廊下": [
      [
        [
          228.44827586206895,
          412.64367816091954
        ],
        [
          264.65517241379314,
          412.64367816091954
        ],
        [
          265.8045977011494,
          448.85057471264366
        ],
        [
          228.44827586206895,
          448.85057471264366
        ]
      ]
    ],
    "折戸": [
      [
        228.02945693145335,
        203.68095304574433,
        251.25101214574897,
        238.0566801619433
      ],
      [
        229.22434768017445,
        438.9713902173001,
        264.0437956204379,
        462.963503649635
      ]
    ],
    "引戸": [
      [
        218.05263157894734,
        379.35222672064776,
        237.00381590581225,
        446.0817162269068
      ],
      [
        161.27204616315322,
        441.47005444646095,
        225.34008097165992,
        461.5384615384615
      ],
      [
        218.05263157894734,
        306.8825910931174,
        235.0566801619433,
        377.7327935222672
      ]
    ],
    "開戸": [
      [
        123.91572432407276,
        451.34487412164367,
        165.4210526315789,
        488.663967611336
      ]
    ]
  }
}