{
  "labels": {
    "廊下": [
      [
        [
          258.85496183206106,
          160.59541984732823
        ],
        [
          302.36641221374043,
          160.59541984732823
        ],
        [
          303.89312977099235,
          204.87022900763358
        ],
        [
          258.0916030534351,
          204.87022900763358
        ]
      ],
      [
        [
          300.8396946564885,
          212.50381679389312
        ],
        [
          339.00763358778624,
          214.03053435114504
        ],
        [
          339.00763358778624,
          197.23664122137404
        ],
        [
          368.0152671755725,
          196.4732824427481
        ],
        [
          368.0152671755725,
          240.74809160305344
        ],
        [
          332.9007633587786,
          239.22137404580153
        ],
        [
          332.9007633587786,
          250.67175572519082
        ],
        [
          301.6030534351145,
          250.67175572519082
        ]
      ]
    ],
    "LDK": [
      [
        [
          160.38167938931298,
          210.21374045801525
        ],
        [
          299.3129770992366,
          211.74045801526717
        ],
        [
          297.02290076335873,
          518.6106870229007
        ],
        [
          156.5648854961832,
          518.6106870229007
        ]
      ]
    ],
    "浴室": [
      [
        [
          339.00763358778624,
          316.3206106870229
        ],
        [
          403.89312977099235,
          316.3206106870229
        ],
        [
          404.6564885496183,
          379.6793893129771
        ],
        [
          336.7175572519084,
          376.62595419847327
        ]
      ]
    ],
    "開戸": [
      [
        263.43511450381675,
        173.57251908396947,
        302.36641221374043,
        216.32061068702288
      ]
    ],
    "引戸": [
      [
        335.33308046086006,
        231.67787207813757,
        406.2546583850931,
        254.9006211180124
      ],
      [
        332.99084917737423,
        179.43283865155752,
        406.2546583850931,
        201.48447204968943
      ],
      [
        288.3794035370537,
        415.78957849319613,
        311.223602484472,
        517.0124223602484
      ],
      [
        334.8260869565217,
        404.5900621118012,
        405.6335403726707,
        426.9503105590062
      ],
      [
        333.85851785121616,
        301.85472476411735,
        404.391304347826,
        322.6024844720497
      ]
    ],
    "折戸": [
      [
        284.8091603053435,
        362.8854961832061,
        306.1832061068702,
        415.55725190839695
      ],
      [
        293.206106870229,
        159.06870229007632,
        314.5801526717557,
        205.63358778625954
      ]
    ]
  }
}