{
  "labels": {
    "LDK": [
      [
        [
          51.52173913043478,
          195.28985507246375
        ],
        [
          60.217391304347814,
          398.1884057971014
        ],
        [
          99.34782608695652,
          393.8405797101449
        ],
        [
          92.10144927536231,
          609.7826086956521
        ],
        [
          880.5072463768115,
          605.4347826086956
        ],
        [
          874.7101449275361,
          277.89855072463763
        ],
        [
          461.66666666666663,
          270.6521739130434
        ],
        [
          464.5652173913043,
          343.1159420289855
        ],
        [
          380.50724637681157,
          343.1159420289855
        ],
        [
          379.0579710144927,
          193.84057971014488
        ]
      ]
    ],
    "廊下": [
      [
        [
          384.85507246376807,
          188.0434782608695
        ],
        [
          381.9565217391304,
          280.79710144927526
        ],
        [
          877.6086956521739,
          282.24637681159413
        ],
        [
          880.5072463768115,
          28.623188405797066
        ],
        [
          758.7681159420289,
          21.376811594202877
        ],
        [
          751.5217391304348,
          192.391304347826
        ]
      ]
    ],
    "浴室": [
      [
        [
          55.8695652173913,
          25.72463768115938
        ],
        [
          222.53623188405794,
          25.72463768115938
        ],
        [
          222.53623188405794,
          196.7391304347825
        ],
        [
          55.8695652173913,
          196.7391304347825
        ]
      ]
    ],
    "開戸": [
      [
        384.85507246376807,
        171.82993197278913,
        446.65986394557825,
        244.56521739130426
      ],
      [
        473.47058823529414,
        171.1496598639456,
        542.578231292517,
        226.9579831932773
      ],
      [
        386.30434782608694,
        322.1700680272109,
        460.265306122449,
        383.695652173913
      ]
    ],
    "折戸": [
      [
        185.23529411764707,
        122.17006802721089,
        240.5374149659864,
        186.62184873949582
      ],
      [
        65.90756302521008,
        406.8840579710144,
        137.02898550724638,
        598.3865546218487
      ],
      [
        636.4957983193277,
        172.51020408163265,
        748.0204081632653,
        224.436974789916
      ]
    ],
    "引戸": [
      [
        225.57142857142858,
        168.1344537815126,
        376.83193277310926,
        217.71428571428572
      ],
      [
        472.6302521008404,
        249.64705882352945,
        610.4453781512606,
        300.06722689075633
      ]
    ]
  }
}