{
  "labels": {
    "洋室": [
      [
        [
          237.3565891472868,
          18.6046511627907
        ],
        [
          392.3953488372093,
          18.6046511627907
        ],
        [
          393.94573643410854,
          192.24806201550388
        ],
        [
          285.41860465116275,
          192.24806201550388
        ],
        [
          284.64341085271315,
          231.7829457364341
        ],
        [
          237.3565891472868,
          231.7829457364341
        ]
      ],
      [
        [
          235.03100775193798,
          236.43410852713177
        ],
        [
          285.41860465116275,
          237.984496124031
        ],
        [
          286.1937984496124,
          290.69767441860466
        ],
        [
          394.7209302325581,
          291.47286821705427
        ],
        [
          393.94573643410854,
          447.28682170542635
        ],
        [
          213.32558139534882,
          447.28682170542635
        ],
        [
          214.87596899224803,
          293.0232558139535
        ],
        [
          236.5813953488372,
          291.47286821705427
        ]
      ],
      [
        [
          46.65891472868216,
          288.3720930232558
        ],
        [
          204.02325581395348,
          292.2480620155039
        ],
        [
          204.7984496124031,
          558.1395348837209
        ],
        [
          47.43410852713177,
          557.3643410852713
        ]
      ]
    ],
    "廊下": [
      [
        [
          183.86821705426354,
          95.34883720930232
        ],
        [
          231.93023255813955,
          96.12403100775194
        ],
        [
          232.70542635658916,
          285.27131782945736
        ],
        [
          129.60465116279067,
          283.72093023255815
        ],
        [
          131.1550387596899,
          129.45736434108528
        ],
        [
          183.09302325581393,
          128.68217054263565
        ]
      ]
    ],
    "開戸": [
      [
        107.5,
        128.125,
        175.3410852713178,
        179.06976744186045
      ],
      [
        216.70251937984494,
        180.9205426356589,
        279.375,
        230.0
      ],
      [
        216.67829457364343,
        234.25872093023256,
        280.0,
        283.125
      ],
      [
        155.33624031007753,
        272.96996124031006,
        208.04941860465118,
        335.76065891472865
      ]
    ],
    "折戸": [
      [
        287.875,
        271.25,
        400.1472868217054,
        316.27906976744185
      ],
      [
        290.84496124031006,
        168.9922480620155,
        391.625,
        210.625
      ]
    ]
  }
}