{
  "labels": {
    "廊下": [
      [
        [
          120.68965517241381,
          314.51724137931035
        ],
        [
          113.79310344827587,
          405.0344827586207
        ],
        [
          168.96551724137933,
          406.75862068965523
        ],
        [
          170.6896551724138,
          384.3448275862069
        ],
        [
          300.0,
          390.3793103448276
        ],
        [
          304.3103448275862,
          371.4137931034483
        ],
        [
          430.1724137931035,
          368.82758620689657
        ],
        [
          429.3103448275862,
          441.2413793103449
        ],
        [
          463.7931034482759,
          439.51724137931035
        ],
        [
          466.3793103448276,
          372.2758620689655
        ],
        [
          503.448275862069,
          370.55172413793105
        ],
        [
          503.448275862069,
          304.1724137931035
        ]
      ]
    ],
    "開戸": [
      [
        118.5,
        372.00000000000006,
        148.44827586206898,
        417.5
      ],
      [
        107.0,
        319.68965517241384,
        144.82758620689657,
        348.0
      ],
      [
        270.5,
        359.0689655172414,
        303.1724137931035,
        397.5
      ],
      [
        440.5,
        411.9827586206897,
        466.82758620689657,
        453.0
      ],
      [
        270.89506172839504,
        445.32716049382714,
        304.0,
        470.5
      ],
      [
        395.7037037037037,
        442.7407407407407,
        429.0,
        471.0
      ],
      [
        395.7037037037037,
        478.0432098765432,
        431.5,
        505.0
      ]
    ],
    "折戸": [
      [
        452.19753086419746,
        369.60493827160496,
        484.0,
        433.5
      ]
    ],
    "引戸": [
      [
        298.0,
        295.9137931034483,
        363.6034482758621,
        319.5
      ],
      [
        164.5,
        298.9893571732652,
        231.89655172413794,
        320.5
      ],
      [
        252.49382716049382,
        95.67901234567901,
        273.48148148148147,
        302.4691358024691
      ],
      [
        83.97530864197529,
        174.07407407407408,
        110.5185185185185,
        287.65432098765433
      ]
    ]
  }
}