{
  "labels": {
    "LDK": [
      [
        [
          364.8,
          314.4
        ],
        [
          363.2,
          477.6
        ],
        [
          694.4,
          478.4
        ],
        [
          693.6,
          270.4
        ],
        [
          488.8,
          272.8
        ],
        [
          488.0,
          312.8
        ]
      ]
    ],
    "廊下": [
      [
        [
          281.6,
          271.2
        ],
        [
          363.2,
          271.2
        ],
        [
          363.2,
          352.8
        ],
        [
          281.6,
          352.8
        ]
      ]
    ],
    "浴室": [
      [
        [
          362.4,
          188.0
        ],
        [
          448.8,
          188.0
        ],
        [
          448.8,
          271.2
        ],
        [
          362.4,
          271.2
        ]
      ]
    ],
    "開戸": [
      [
        326.4,
        242.6495726495727,
        357.3931623931624,
        280.2735042735043
      ],
      [
        491.2,
        234.4,
        528.0,
        278.4
      ]
    ],
    "折戸": [
      [
        475.64102564102564,
        276.28205128205127,
        504.48717948717945,
        310.2564102564102
      ],
      [
        435.2,
        231.53846153846155,
        460.8119658119658,
        269.6
      ],
      [
        555.6837606837607,
        190.51282051282053,
        583.8888888888889,
        268.2905982905983
      ]
    ],
    "引戸": [
      [
        350.55555555555554,
        273.6,
        373.01880341880343,
        344.35897435897436
      ],
      [
        352.8,
        358.03418803418805,
        376.19658119658123,
        472.8
      ],
      [
        233.46153846153848,
        358.03418803418805,
        254.82905982905987,
        432.3931623931624
      ],
      [
        286.53846153846155,
        340.38461538461536,
        360.2564102564102,
        367.3076923076923
      ]
    ]
  }
}