{
  "labels": {
    "LDK": [
      [
        [
          8.695652173913043,
          6.762541806020064
        ],
        [
          5.351170568561873,
          112.11371237458192
        ],
        [
          175.25083612040132,
          110.10702341137122
        ],
        [
          174.9163879598662,
          97.39799331103679
        ],
        [
          239.79933110367892,
          98.40133779264214
        ],
        [
          240.80267558528428,
          6.762541806020064
        ]
      ]
    ],
    "廊下": [
      [
        [
          136.12040133779263,
          112.44816053511704
        ],
        [
          133.7792642140468,
          158.6020066889632
        ],
        [
          188.628762541806,
          156.9297658862876
        ],
        [
          188.29431438127088,
          137.1973244147157
        ],
        [
          197.65886287625418,
          136.5284280936455
        ],
        [
          197.65886287625418,
          110.77591973244145
        ]
      ]
    ],
    "浴室": [
      [
        [
          185.28428093645485,
          189.37123745819397
        ],
        [
          237.12374581939798,
          189.37123745819397
        ],
        [
          237.12374581939798,
          241.87959866220734
        ],
        [
          185.28428093645485,
          241.87959866220734
        ]
      ]
    ],
    "開戸": [
      [
        174.58193979933108,
        116.79598662207357,
        199.99999999999997,
        136.19397993311037
      ],
      [
        136.05405405405403,
        86.0267558528428,
        161.53846153846152,
        118.37837837837837
      ]
    ],
    "折戸": [
      [
        187.62541806020064,
        180.26315789473682,
        215.15789473684208,
        200.47931702165113
      ],
      [
        173.57859531772573,
        86.69565217391303,
        198.66220735785953,
        102.08026755852842
      ],
      [
        196.65551839464882,
        86.0267558528428,
        240.46822742474916,
        101.7458193979933
      ]
    ],
    "引戸": [
      [
        8.162224008905934,
        105.66128917158665,
        109.83783783783784,
        116.48648648648648
      ],
      [
        182.17902813299233,
        136.00393468424156,
        193.84210526315786,
        176.57894736842104
      ],
      [
        103.05263157894734,
        152.36842105263156,
        114.89473684210526,
        187.36842105263156
      ]
    ]
  }
}