{
  "labels": {
    "廊下": [
      [
        [
          409.53846153846155,
          329.8205128205128
        ],
        [
          703.1282051282051,
          329.8205128205128
        ],
        [
          703.1282051282051,
          419.56410256410254
        ],
        [
          409.53846153846155,
          419.56410256410254
        ]
      ]
    ],
    "洋室": [
      [
        [
          608.2564102564103,
          431.1025641025641
        ],
        [
          900.5641025641025,
          431.1025641025641
        ],
        [
          900.5641025641025,
          715.7179487179487
        ],
        [
          608.2564102564103,
          715.7179487179487
        ]
      ],
      [
        [
          509.53846153846155,
          29.820512820512818
        ],
        [
          901.8461538461538,
          29.820512820512818
        ],
        [
          901.8461538461538,
          331.1025641025641
        ],
        [
          509.53846153846155,
          331.1025641025641
        ]
      ],
      [
        [
          127.48717948717947,
          37.5128205128205
        ],
        [
          418.5128205128205,
          37.5128205128205
        ],
        [
          418.5128205128205,
          420.8461538461538
        ],
        [
          127.48717948717947,
          420.8461538461538
        ]
      ]
    ],
    "開戸": [
      [
        616.7049180327868,
        390.62295081967216,
        703.1282051282051,
        504.1794871794872
      ],
      [
        517.5245901639345,
        247.76923076923077,
        605.6923076923076,
        359.4754098360656
      ]
    ],
    "折戸": [
      [
        95.14285714285714,
        49.051282051282044,
        170.57250945775536,
        217.4873949579832
      ],
      [
        717.8319327731093,
        397.75203196032516,
        894.6770905083346,
        467.9075630252101
      ],
      [
        485.0588235294118,
        40.076923076923066,
        558.2564102564103,
        121.6890756302521
      ]
    ],
    "引戸": [
      [
        380.01680672268907,
        242.2622950819672,
        447.8524590163935,
        414.1260504201681
      ]
    ]
  }
}