{
  "labels": {
    "洋室": [
      [
        [
          561.4678899082569,
          176.0642201834862
        ],
        [
          202.75229357798165,
          176.0642201834862
        ],
        [
          203.66972477064218,
          354.96330275229354
        ],
        [
          559.6330275229358,
          355.8807339449541
        ]
      ],
      [
        [
          556.880733944954,
          533.8623853211009
        ],
        [
          202.75229357798165,
          532.0275229357798
        ],
        [
          205.5045871559633,
          355.8807339449541
        ],
        [
          560.5504587155963,
          356.79816513761466
        ]
      ],
      [
        [
          984.4036697247706,
          175.14678899082566
        ],
        [
          981.651376146789,
          284.3211009174312
        ],
        [
          1054.1284403669724,
          286.15596330275224
        ],
        [
          1053.2110091743118,
          534.7798165137614
        ],
        [
          1266.9724770642201,
          534.7798165137614
        ],
        [
          1269.7247706422017,
          177.89908256880733
        ]
      ]
    ],
    "廊下": [
      [
        [
          560.5504587155963,
          246.70642201834858
        ],
        [
          700.9174311926605,
          246.70642201834858
        ],
        [
          700.9174311926605,
          282.48623853211006
        ],
        [
          1056.880733944954,
          284.3211009174312
        ],
        [
          1055.045871559633,
          533.8623853211009
        ],
        [
          977.0642201834862,
          535.697247706422
        ],
        [
          982.5688073394494,
          355.8807339449541
        ],
        [
          700.9174311926605,
          354.045871559633
        ],
        [
          701.834862385321,
          533.8623853211009
        ],
        [
          561.4678899082569,
          535.697247706422
        ]
      ]
    ],
    "開戸": [
      [
        488.0733944954128,
        284.3211009174312,
        585.3211009174312,
        357.7155963302752
      ],
      [
        479.81651376146783,
        356.79816513761466,
        579.6296296296296,
        435.074074074074
      ],
      [
        982.5688073394494,
        280.65137614678895,
        1081.6513761467888,
        365.97247706422013
      ]
    ],
    "引戸": [
      [
        558.8888888888889,
        227.88888888888886,
        682.2222222222222,
        267.88888888888886
      ]
    ],
    "折戸": [
      [
        1025.6880733944954,
        173.31192660550454,
        1095.4128440366972,
        288.9082568807339
      ]
    ]
  }
}