{
  "labels": {
    "LDK": [
      [
        [
          60.53846153846154,
          96.986013986014
        ],
        [
          55.64335664335665,
          358.5244755244755
        ],
        [
          273.12587412587413,
          359.22377622377627
        ],
        [
          275.92307692307696,
          181.6013986013986
        ],
        [
          240.3361344537815,
          184.03361344537817
        ],
        [
          243.05594405594405,
          100.4825174825175
        ],
        [
          249.34965034965035,
          103.2797202797203
        ],
        [
          246.55244755244757,
          24.258741258741253
        ],
        [
          203.19580419580421,
          24.958041958041974
        ],
        [
          202.4965034965035,
          101.88111888111888
        ]
      ]
    ],
    "浴室": [
      [
        [
          64.73426573426573,
          27.055944055944053
        ],
        [
          133.96503496503496,
          27.055944055944053
        ],
        [
          133.96503496503496,
          100.4825174825175
        ],
        [
          64.73426573426573,
          100.4825174825175
        ]
      ]
    ],
    "廊下": [
      [
        [
          273.8251748251748,
          103.2797202797203
        ],
        [
          356.34265734265733,
          103.2797202797203
        ],
        [
          356.34265734265733,
          217.965034965035
        ],
        [
          273.8251748251748,
          217.965034965035
        ]
      ]
    ],
    "開戸": [
      [
        322.2689075630252,
        183.56414174061237,
        358.99882470470703,
        211.34453781512607
      ],
      [
        223.109243697479,
        102.5862960568843,
        250.9039783745666,
        134.03361344537817
      ],
      [
        359.12124849939977,
        221.7046818727491,
        394.11764705882354,
        245.3781512605042
      ]
    ],
    "折戸": [
      [
        316.62649115590295,
        90.12228947523066,
        349.15966386554624,
        120.58823529411765
      ]
    ],
    "引戸": [
      [
        197.043133337251,
        29.411764705882355,
        215.96638655462186,
        96.98013750954928
      ],
      [
        240.25874125874128,
        29.853146853146853,
        259.83916083916085,
        99.08391608391608
      ],
      [
        124.87412587412588,
        30.252100840336137,
        145.7983193277311,
        95.16724452018569
      ],
      [
        266.38655462184875,
        222.01980372568613,
        287.6730916142681,
        328.1512605042017
      ],
      [
        279.84268672503964,
        210.92436974789916,
        348.73949579831935,
        228.5926426514662
      ],
      [
        267.9516365986954,
        148.73949579831933,
        288.2352941176471,
        217.26279602750193
      ],
      [
        374.78991596638656,
        252.52100840336135,
        395.7983193277311,
        319.74789915966386
      ],
      [
        306.3025210084034,
        28.991596638655462,
        325.6302521008404,
        96.63865546218487
      ]
    ]
  }
}