{
  "labels": {
    "LDK": [
      [
        [
          256.734693877551,
          189.3877551020408
        ],
        [
          255.51020408163262,
          237.55102040816325
        ],
        [
          264.89795918367344,
          238.36734693877548
        ],
        [
          264.48979591836735,
          257.1428571428571
        ],
        [
          379.1836734693877,
          258.3673469387755
        ],
        [
          379.59183673469386,
          189.79591836734693
        ]
      ]
    ],
    "洋室": [
      [
        [
          106.53061224489795,
          256.3265306122449
        ],
        [
          380.4081632653061,
          258.3673469387755
        ],
        [
          380.81632653061223,
          326.1224489795918
        ],
        [
          326.93877551020404,
          326.1224489795918
        ],
        [
          326.93877551020404,
          357.95918367346934
        ],
        [
          337.1428571428571,
          358.3673469387755
        ],
        [
          337.95918367346934,
          395.1020408163265
        ],
        [
          106.93877551020407,
          394.2857142857143
        ]
      ]
    ],
    "引戸": [
      [
        118.20251177394034,
        326.8445839874411,
        133.07692307692307,
        386.9230769230769
      ],
      [
        124.41915227629514,
        268.63422291993714,
        141.15384615384616,
        323.8461538461538
      ],
      [
        116.73469387755101,
        251.42857142857142,
        170.20408163265304,
        261.63265306122446
      ],
      [
        206.2480376766091,
        248.83830455259022,
        259.7174254317109,
        266.7974882260596
      ],
      [
        328.46153846153845,
        321.53846153846155,
        378.8461538461538,
        335.0
      ],
      [
        380.4081632653061,
        217.14285714285714,
        419.6153846153846,
        228.46153846153845
      ],
      [
        373.3987441130298,
        259.8351648351648,
        389.31711145996854,
        307.5902668759811
      ],
      [
        381.53846153846155,
        322.3076923076923,
        417.6923076923077,
        333.07692307692304
      ]
    ],
    "開戸": [
      [
        302.79310344827593,
        203.44827586206898,
        337.2758620689656,
        229.6551724137931
      ]
    ]
  }
}