{
  "labels": {
    "廊下": [
      [
        [
          297.0,
          162.16831683168317
        ],
        [
          292.049504950495,
          280.980198019802
        ],
        [
          377.1980198019802,
          280.980198019802
        ],
        [
          379.1782178217822,
          359.1980198019802
        ],
        [
          462.34653465346537,
          363.15841584158414
        ],
        [
          461.35643564356434,
          161.1782178217822
        ]
      ]
    ],
    "洋室": [
      [
        [
          216.8019801980198,
          279.0
        ],
        [
          214.82178217821783,
          365.13861386138615
        ],
        [
          56.40594059405941,
          360.18811881188117
        ],
        [
          57.396039603960396,
          600.7821782178218
        ],
        [
          338.58415841584156,
          598.8019801980198
        ],
        [
          338.58415841584156,
          358.2079207920792
        ],
        [
          379.1782178217822,
          360.18811881188117
        ],
        [
          380.16831683168317,
          282.96039603960395
        ]
      ],
      [
        [
          460.36633663366337,
          206.7227722772277
        ],
        [
          458.38613861386136,
          360.18811881188117
        ],
        [
          339.5742574257426,
          361.1782178217822
        ],
        [
          334.6237623762376,
          517.6138613861386
        ],
        [
          698.980198019802,
          520.5841584158416
        ],
        [
          696.009900990099,
          201.77227722772278
        ]
      ],
      [
        [
          60.366336633663366,
          37.415841584158414
        ],
        [
          293.03960396039605,
          37.415841584158414
        ],
        [
          293.03960396039605,
          279.0
        ],
        [
          60.366336633663366,
          279.0
        ]
      ]
    ],
    "開戸": [
      [
        310.3971471471471,
        134.62312312312315,
        364.75,
        212.19444444444446
      ],
      [
        273.79804804804803,
        210.80555555555557,
        362.6666666666667,
        265.94819819819816
      ],
      [
        309.8712871287129,
        287.91089108910893,
        409.8888888888889,
        353.86111111111114
      ],
      [
        429.2222222222223,
        206.32398239823982,
        523.9251925192519,
        276.66516516516515
      ]
    ],
    "折戸": [
      [
        146.5049504950495,
        257.2178217821782,
        215.8118811881188,
        286.9207920792079
      ],
      [
        62.834708470847076,
        341.4656215621562,
        141.05253025302528,
        385.02997799779973
      ]
    ]
  }
}