{
  "labels": {
    "LDK": [
      [
        [
          452.9113924050632,
          164.18987341772151
        ],
        [
          295.3164556962025,
          162.9240506329114
        ],
        [
          295.3164556962025,
          198.36708860759492
        ],
        [
          155.44303797468353,
          198.36708860759492
        ],
        [
          156.07594936708858,
          337.60759493670884
        ],
        [
          451.6455696202531,
          338.873417721519
        ]
      ]
    ],
    "浴室": [
      [
        [
          383.29113924050625,
          93.30379746835443
        ],
        [
          452.9113924050632,
          94.56962025316456
        ],
        [
          451.6455696202531,
          164.82278481012656
        ],
        [
          382.02531645569616,
          162.9240506329114
        ]
      ]
    ],
    "廊下": [
      [
        [
          85.18987341772151,
          164.18987341772151
        ],
        [
          119.3670886075949,
          164.82278481012656
        ],
        [
          120.63291139240505,
          198.36708860759492
        ],
        [
          154.81012658227849,
          197.73417721518987
        ],
        [
          153.54430379746833,
          250.26582278481013
        ],
        [
          86.45569620253161,
          251.53164556962025
        ]
      ]
    ],
    "引戸": [
      [
        297.65766774952385,
        155.18908927971322,
        370.2123893805309,
        175.66371681415927
      ],
      [
        369.36708860759495,
        102.16455696202532,
        396.5822784810126,
        162.9240506329114
      ],
      [
        123.7522123893805,
        188.05309734513273,
        251.95922482356895,
        210.9020947686793
      ],
      [
        141.13251932340089,
        201.77808894365407,
        170.65486725663715,
        273.8938053097345
      ]
    ],
    "開戸": [
      [
        321.7026996751428,
        166.6431051865128,
        355.16814159292034,
        196.46017699115043
      ],
      [
        239.4298196482581,
        129.50296852245995,
        271.5398230088495,
        164.1592920353982
      ],
      [
        239.23938613195924,
        97.03405399350285,
        272.42477876106193,
        128.31858407079645
      ],
      [
        92.71199731152683,
        154.37694634255627,
        118.88495575221236,
        187.61061946902652
      ]
    ]
  }
}