{
  "labels": {
    "洋室": [
      [
        [
          110.71794871794873,
          382.0512820512821
        ],
        [
          112.42735042735043,
          652.1367521367522
        ],
        [
          346.61538461538464,
          653.8461538461539
        ],
        [
          349.1794871794872,
          380.34188034188037
        ]
      ],
      [
        [
          80.80341880341881,
          113.67521367521368
        ],
        [
          78.23931623931625,
          314.52991452991455
        ],
        [
          350.03418803418805,
          317.94871794871796
        ],
        [
          349.1794871794872,
          112.82051282051283
        ]
      ],
      [
        [
          416.70085470085473,
          112.82051282051283
        ],
        [
          414.991452991453,
          383.7606837606838
        ],
        [
          614.991452991453,
          385.4700854700855
        ],
        [
          616.7008547008547,
          116.23931623931625
        ]
      ]
    ],
    "廊下": [
      [
        [
          279.0940170940171,
          318.8034188034188
        ],
        [
          279.0940170940171,
          381.19658119658123
        ],
        [
          413.2820512820513,
          384.61538461538464
        ],
        [
          417.5555555555556,
          314.52991452991455
        ]
      ]
    ],
    "開戸": [
      [
        295.20661157024796,
        264.9421487603306,
        343.14049586776866,
        335.1900826446281
      ],
      [
        293.55371900826447,
        363.2892561983471,
        340.6611570247934,
        429.40495867768595
      ],
      [
        395.41809705446076,
        333.53719008264466,
        461.3223140495868,
        378.63247863247864
      ],
      [
        397.68595041322317,
        254.198347107438,
        447.27272727272725,
        307.91735537190084
      ],
      [
        86.11570247933884,
        280.6446280991736,
        139.0082644628099,
        329.40495867768595
      ]
    ],
    "折戸": [
      [
        152.23140495867767,
        359.1570247933884,
        277.02479338842977,
        412.04958677685954
      ],
      [
        486.9421487603306,
        350.06611570247935,
        607.603305785124,
        407.0909090909091
      ],
      [
        317.5206611570248,
        121.14049586776859,
        368.76033057851237,
        235.19008264462812
      ]
    ],
    "引戸": [
      [
        329.91735537190084,
        520.3140495867768,
        357.1900826446281,
        635.1900826446281
      ]
    ]
  }
}