{
  "labels": {
    "浴室": [
      [
        [
          185.33333333333331,
          25.407407407407405
        ],
        [
          285.33333333333326,
          28.370370370370367
        ],
        [
          284.5925925925926,
          122.44444444444444
        ],
        [
          185.33333333333331,
          121.7037037037037
        ]
      ]
    ],
    "廊下": [
      [
        [
          40.88888888888886,
          374.29629629629625
        ],
        [
          115.7037037037037,
          375.77777777777777
        ],
        [
          115.7037037037037,
          426.88888888888886
        ],
        [
          64.59259259259255,
          427.6296296296296
        ],
        [
          65.33333333333331,
          416.5185185185185
        ],
        [
          42.370370370370324,
          415.037037037037
        ]
      ]
    ],
    "LDK": [
      [
        [
          123.11111111111109,
          514.2962962962963
        ],
        [
          283.1111111111111,
          516.5185185185185
        ],
        [
          283.1111111111111,
          123.92592592592592
        ],
        [
          86.81481481481478,
          120.22222222222221
        ],
        [
          87.55555555555554,
          369.85185185185185
        ],
        [
          121.62962962962962,
          370.59259259259255
        ]
      ]
    ],
    "引戸": [
      [
        107.69388665774204,
        375.41186970102626,
        130.25301204819272,
        463.4578313253012
      ],
      [
        91.25925925925924,
        112.16331994645246,
        177.24096385542163,
        133.93975903614458
      ],
      [
        73.33422579205705,
        128.14279339580546,
        97.72289156626505,
        207.433734939759
      ]
    ],
    "折戸": [
      [
        74.96296296296293,
        245.4074074074074,
        114.22222222222217,
        318.7407407407407
      ],
      [
        171.16108879964298,
        74.89870593485051,
        206.15662650602405,
        120.08433734939759
      ]
    ],
    "開戸": [
      [
        37.925925925925924,
        99.48148148148148,
        77.92592592592592,
        145.4074074074074
      ]
    ]
  }
}