{
  "labels": {
    "LDK": [
      [
        [
          184.5491329479769,
          10.826589595375722
        ],
        [
          549.2890173410404,
          11.982658959537574
        ],
        [
          549.2890173410404,
          272.0982658959538
        ],
        [
          460.27167630057806,
          184.81502890173408
        ],
        [
          185.70520231213874,
          183.65895953757223
        ]
      ]
    ],
    "洋室": [
      [
        [
          23.85549132947977,
          10.826589595375722
        ],
        [
          183.97109826589596,
          10.248554913294797
        ],
        [
          184.5491329479769,
          184.81502890173408
        ],
        [
          24.433526011560694,
          185.97109826589593
        ]
      ]
    ],
    "浴室": [
      [
        [
          547.5549132947976,
          246.08670520231215
        ],
        [
          626.1676300578034,
          246.66473988439304
        ],
        [
          626.7456647398844,
          302.7341040462428
        ],
        [
          549.2890173410404,
          302.15606936416185
        ]
      ]
    ],
    "廊下": [
      [
        [
          694.3757225433526,
          187.70520231213874
        ],
        [
          549.8670520231213,
          185.97109826589593
        ],
        [
          549.2890173410404,
          246.08670520231215
        ],
        [
          635.4161849710982,
          245.5086705202312
        ],
        [
          636.5722543352601,
          303.89017341040466
        ],
        [
          694.3757225433526,
          303.3121387283237
        ]
      ]
    ],
    "折戸": [
      [
        582.8150289017341,
        286.5491329479769,
        627.3236994219653,
        312.5606936416185
      ],
      [
        686.2832369942197,
        297.53179190751445,
        711.1387283236994,
        350.1329479768786
      ]
    ],
    "引戸": [
      [
        636.5722543352601,
        289.4393063583815,
        697.8439306358382,
        315.4508670520231
      ],
      [
        543.5086705202312,
        82.5028901734104,
        561.4277456647399,
        139.15028901734104
      ],
      [
        132.02614379084966,
        131.86274509803923,
        187.43930635838151,
        153.02312138728323
      ]
    ],
    "開戸": [
      [
        577.7777777777777,
        175.65359477124184,
        607.6705202312139,
        213.71676300578036
      ],
      [
        598.0392156862745,
        84.80392156862746,
        637.7283236994219,
        118.34104046242774
      ],
      [
        140.6184971098266,
        144.35260115606937,
        196.10982658959537,
        182.50289017341044
      ]
    ]
  }
}