{
  "labels": {
    "浴室": [
      [
        [
          9.73913043478261,
          11.322981366459626
        ],
        [
          58.1863354037267,
          11.633540372670808
        ],
        [
          57.87577639751552,
          60.0807453416149
        ],
        [
          10.049689440993788,
          60.0807453416149
        ]
      ]
    ],
    "洋室": [
      [
        [
          198.54777070063693,
          11.040339702760084
        ],
        [
          262.53416149068323,
          11.322981366459626
        ],
        [
          261.6024844720497,
          74.36645962732919
        ],
        [
          199.60934182590233,
          74.52229299363057
        ]
      ]
    ],
    "廊下": [
      [
        [
          198.8695652173913,
          120.32919254658384
        ],
        [
          227.75155279503105,
          120.32919254658384
        ],
        [
          227.1304347826087,
          159.45962732919253
        ],
        [
          250.73291925465838,
          160.70186335403724
        ],
        [
          249.1801242236025,
          185.23602484472048
        ],
        [
          198.55900621118013,
          184.9254658385093
        ]
      ]
    ],
    "LDK": [
      [
        [
          88.93167701863354,
          10.080745341614907
        ],
        [
          193.9006211180124,
          10.080745341614907
        ],
        [
          194.52173913043475,
          224.05590062111798
        ],
        [
          89.5527950310559,
          224.05590062111798
        ]
      ]
    ],
    "引戸": [
      [
        222.84920415133655,
        121.30834355342802,
        234.00424628450108,
        157.11252653927812
      ],
      [
        190.84580184884808,
        120.98195988447996,
        202.36942675159236,
        172.82377919320595
      ],
      [
        190.69214437367305,
        65.81740976645435,
        201.35403726708074,
        115.98136645962732
      ],
      [
        81.65892576914453,
        65.63981748888976,
        93.45222929936305,
        115.07430997876858
      ],
      [
        188.7701335865279,
        11.032203188669527,
        204.49256900212313,
        60.93418259023355
      ]
    ],
    "折戸": [
      [
        4.7701863354037215,
        51.07453416149068,
        33.65217391304347,
        67.84472049689441
      ]
    ],
    "開戸": [
      [
        8.186335403726702,
        142.68944099378882,
        33.96273291925465,
        158.527950310559
      ]
    ]
  }
}