{
  "labels": {
    "LDK": [
      [
        [
          49.473684210526315,
          31.94736842105263
        ],
        [
          50.0,
          72.47368421052632
        ],
        [
          29.999999999999996,
          69.3157894736842
        ],
        [
          32.10526315789473,
          186.68421052631578
        ],
        [
          347.36842105263156,
          188.26315789473682
        ],
        [
          345.7894736842105,
          31.94736842105263
        ]
      ]
    ],
    "廊下": [
      [
        [
          147.89473684210526,
          228.78947368421052
        ],
        [
          147.89473684210526,
          268.2631578947368
        ],
        [
          226.8421052631579,
          266.6842105263158
        ],
        [
          226.3157894736842,
          306.1578947368421
        ],
        [
          267.36842105263156,
          306.1578947368421
        ],
        [
          269.4736842105263,
          229.31578947368422
        ],
        [
          282.10526315789474,
          227.73684210526312
        ],
        [
          281.05263157894734,
          187.73684210526315
        ],
        [
          228.42105263157893,
          188.26315789473682
        ],
        [
          226.8421052631579,
          228.78947368421052
        ]
      ]
    ],
    "浴室": [
      [
        [
          68.94736842105263,
          267.7368421052631
        ],
        [
          150.52631578947367,
          267.7368421052631
        ],
        [
          150.52631578947367,
          346.1578947368421
        ],
        [
          68.94736842105263,
          346.1578947368421
        ]
      ]
    ],
    "開戸": [
      [
        230.19672131147541,
        153.0,
        269.4736842105263,
        197.95081967213116
      ],
      [
        257.36842105263156,
        199.3157894736842,
        294.5409836065574,
        225.81967213114754
      ],
      [
        115.26315789473684,
        231.14754098360658,
        159.7049180327869,
        268.2631578947368
      ]
    ],
    "折戸": [
      [
        150.9495798319328,
        249.84210526315786,
        190.0,
        277.7310924369748
      ],
      [
        71.05263157894737,
        255.32786885245903,
        108.0655737704918,
        285.10526315789474
      ],
      [
        151.91803278688525,
        168.85245901639345,
        224.45901639344265,
        197.95081967213116
      ],
      [
        42.08196721311475,
        32.37704918032787,
        69.13114754098362,
        67.21311475409836
      ]
    ],
    "引戸": [
      [
        34.73684210526316,
        177.7310924369748,
        105.99159663865547,
        201.5226687741533
      ]
    ]
  }
}