{
  "labels": {
    "LDK": [
      [
        [
          305.2758620689656,
          204.82758620689657
        ],
        [
          484.58620689655174,
          205.51724137931035
        ],
        [
          481.8275862068966,
          442.0689655172414
        ],
        [
          226.65517241379314,
          440.0
        ],
        [
          227.34482758620692,
          284.82758620689657
        ],
        [
          305.9655172413793,
          281.3793103448276
        ]
      ]
    ],
    "浴室": [
      [
        [
          410.1034482758621,
          126.89655172413794
        ],
        [
          482.51724137931035,
          126.89655172413794
        ],
        [
          484.58620689655174,
          204.13793103448276
        ],
        [
          412.8620689655172,
          203.44827586206898
        ]
      ]
    ],
    "廊下": [
      [
        [
          237.0,
          204.82758620689657
        ],
        [
          238.37931034482762,
          244.82758620689657
        ],
        [
          208.72413793103448,
          245.51724137931035
        ],
        [
          208.72413793103448,
          282.0689655172414
        ],
        [
          307.34482758620686,
          284.82758620689657
        ],
        [
          306.65517241379314,
          204.82758620689657
        ]
      ]
    ],
    "洋室": [
      [
        [
          130.1034482758621,
          284.1379310344828
        ],
        [
          227.34482758620692,
          282.7586206896552
        ],
        [
          226.65517241379314,
          440.6896551724138
        ],
        [
          128.72413793103448,
          440.6896551724138
        ]
      ]
    ],
    "引戸": [
      [
        315.68022823120816,
        188.33540064500124,
        392.92160754155293,
        222.8181592656909
      ],
      [
        216.51872984371124,
        325.66608781939965,
        240.43884892086328,
        397.2805755395683
      ]
    ],
    "折戸": [
      [
        398.8258496650956,
        159.18630612751178,
        428.2086330935251,
        202.31654676258992
      ],
      [
        331.86975936492183,
        210.91044405854632,
        364.8992805755395,
        283.61151079136687
      ],
      [
        135.4028776978417,
        313.82733812949635,
        217.4172661870503,
        341.88489208633086
      ]
    ],
    "開戸": [
      [
        190.1034482758621,
        241.3793103448276,
        246.65517241379314,
        282.0689655172414
      ],
      [
        226.65517241379314,
        273.7931034482759,
        268.0344827586207,
        321.3793103448276
      ]
    ]
  }
}