{
  "labels": {
    "LDK": [
      [
        [
          27.380952380952383,
          215.0
        ],
        [
          23.80952380952381,
          465.0
        ],
        [
          70.23809523809524,
          468.57142857142856
        ],
        [
          69.04761904761905,
          557.8571428571429
        ],
        [
          675.0,
          556.6666666666667
        ],
        [
          680.952380952381,
          217.3809523809524
        ],
        [
          513.0952380952381,
          216.1904761904762
        ],
        [
          513.0952380952381,
          130.47619047619048
        ],
        [
          435.7142857142857,
          131.66666666666669
        ],
        [
          433.33333333333337,
          216.1904761904762
        ]
      ]
    ],
    "廊下": [
      [
        [
          676.1904761904763,
          218.5714285714286
        ],
        [
          723.8095238095239,
          218.5714285714286
        ],
        [
          723.8095238095239,
          441.19047619047626
        ],
        [
          676.1904761904763,
          441.19047619047626
        ]
      ]
    ],
    "浴室": [
      [
        [
          28.571428571428573,
          47.14285714285717
        ],
        [
          184.52380952380952,
          47.14285714285717
        ],
        [
          184.52380952380952,
          216.1904761904762
        ],
        [
          28.571428571428573,
          216.1904761904762
        ]
      ]
    ],
    "開戸": [
      [
        194.45945945945948,
        144.76190476190476,
        261.9047619047619,
        240.8918918918919
      ],
      [
        405.27027027027026,
        141.1904761904762,
        507.14285714285717,
        207.1081081081081
      ]
    ],
    "折戸": [
      [
        602.605105105105,
        193.5945945945946,
        674.0079365079364,
        261.42857142857144
      ],
      [
        46.486486486486484,
        478.0952380952381,
        114.28571428571429,
        543.5945945945946
      ],
      [
        151.08333333333334,
        137.02380952380955,
        203.1746031746032,
        203.16666666666669
      ],
      [
        443.78378378378375,
        104.4054054054054,
        512.0270270270271,
        161.16216216216216
      ]
    ],
    "引戸": [
      [
        649.8648648648649,
        220.6216216216216,
        714.9722222222223,
        339.27777777777777
      ],
      [
        687.7027027027027,
        95.62162162162163,
        835.0,
        155.75675675675677
      ]
    ]
  }
}