{
  "labels": {
    "LDK": [
      [
        [
          6.317073170731703,
          171.9512195121951
        ],
        [
          6.317073170731703,
          506.0975609756097
        ],
        [
          172.17073170731703,
          507.92682926829264
        ],
        [
          170.34146341463412,
          297.5609756097561
        ],
        [
          211.80487804878044,
          300.60975609756093
        ],
        [
          213.02439024390242,
          216.46341463414632
        ],
        [
          169.73170731707313,
          217.0731707317073
        ],
        [
          168.5121951219512,
          170.73170731707316
        ]
      ]
    ],
    "廊下": [
      [
        [
          169.1219512195122,
          343.2148417228853
        ],
        [
          253.2682926829268,
          343.2148417228853
        ],
        [
          253.2682926829268,
          406.0197197716658
        ],
        [
          169.1219512195122,
          406.0197197716658
        ]
      ]
    ],
    "浴室": [
      [
        [
          170.9512195121951,
          48.78048780487804
        ],
        [
          252.65853658536582,
          48.78048780487804
        ],
        [
          252.65853658536582,
          134.14634146341461
        ],
        [
          170.9512195121951,
          134.14634146341461
        ]
      ]
    ],
    "洋室": [
      [
        [
          47.78048780487805,
          46.95121951219512
        ],
        [
          170.9512195121951,
          46.95121951219512
        ],
        [
          170.9512195121951,
          172.56097560975607
        ],
        [
          47.78048780487805,
          172.56097560975607
        ]
      ]
    ],
    "開戸": [
      [
        37.427607680332045,
        49.01401141670992,
        70.96419304618573,
        86.20913336792943
      ],
      [
        173.80851063829783,
        277.97093928386096,
        208.37986507524647,
        305.8510638297872
      ],
      [
        174.3404255319149,
        205.37104307213284,
        207.84795018162947,
        251.06382978723403
      ]
    ],
    "折戸": [
      [
        202.531914893617,
        219.3435391800726,
        224.2464971458225,
        252.12765957446808
      ]
    ],
    "引戸": [
      [
        158.38297872340422,
        342.0731707317073,
        185.7151011935651,
        401.063829787234
      ],
      [
        96.14893617021272,
        157.95277633627396,
        167.75973015049294,
        186.17021276595744
      ],
      [
        38.170212765957444,
        92.30669434353915,
        56.706279190451454,
        168.61702127659572
      ],
      [
        159.44680851063828,
        139.49143746756613,
        183.8209652309289,
        211.17021276595744
      ],
      [
        177.94395433316032,
        118.61702127659574,
        247.21276595744678,
        145.9392838609237
      ]
    ]
  }
}