{
  "labels": {
    "廊下": [
      [
        [
          47.86411149825784,
          70.73170731707317
        ],
        [
          45.77351916376307,
          198.9547038327526
        ],
        [
          17.550522648083614,
          198.25783972125436
        ],
        [
          16.853658536585357,
          255.05226480836237
        ],
        [
          58.3170731707317,
          255.74912891986062
        ],
        [
          75.73867595818815,
          239.37282229965155
        ],
        [
          75.39024390243902,
          71.42857142857143
        ]
      ]
    ],
    "浴室": [
      [
        [
          17.550522648083614,
          14.285714285714285
        ],
        [
          75.39024390243902,
          14.285714285714285
        ],
        [
          75.39024390243902,
          72.47386759581882
        ],
        [
          17.550522648083614,
          72.47386759581882
        ]
      ]
    ],
    "洋室": [
      [
        [
          73.99651567944251,
          141.81184668989548
        ],
        [
          155.18118466898954,
          141.81184668989548
        ],
        [
          155.18118466898954,
          240.0696864111498
        ],
        [
          73.99651567944251,
          240.0696864111498
        ]
      ],
      [
        [
          101.17421602787456,
          240.41811846689893
        ],
        [
          155.8780487804878,
          240.41811846689893
        ],
        [
          155.8780487804878,
          297.9094076655052
        ],
        [
          101.17421602787456,
          297.9094076655052
        ]
      ]
    ],
    "開戸": [
      [
        40.3786684750836,
        75.83892617449665,
        70.30201342281879,
        96.50281785655825
      ],
      [
        69.94394686995768,
        75.83892617449665,
        97.48322147651007,
        96.86411149825784
      ],
      [
        114.26174496644296,
        17.82148118700746,
        139.8256202792133,
        41.61073825503356
      ]
    ],
    "折戸": [
      [
        62.433949909968874,
        45.644599303135884,
        82.99144119916747,
        69.33797909407666
      ]
    ],
    "引戸": [
      [
        105.27823118116129,
        233.84935575146736,
        153.52348993288592,
        246.30872483221478
      ],
      [
        68.13747866145968,
        144.58644154993803,
        82.71812080536913,
        196.30872483221478
      ],
      [
        90.02439024390245,
        135.95280967191266,
        143.6829268292683,
        147.4510675116339
      ],
      [
        52.18120805369128,
        256.3758389261745,
        66.94630872483222,
        294.2953020134228
      ]
    ]
  }
}