{
  "labels": {
    "廊下": [
      [
        [
          422.7532467532467,
          427.9220779220779
        ],
        [
          498.07792207792204,
          428.57142857142856
        ],
        [
          486.3896103896104,
          499.35064935064935
        ],
        [
          422.1038961038961,
          498.7012987012987
        ]
      ]
    ],
    "LDK": [
      [
        [
          123.4025974025974,
          226.62337662337663
        ],
        [
          226.0,
          227.27272727272728
        ],
        [
          424.7012987012987,
          227.9220779220779
        ],
        [
          423.4025974025974,
          278.57142857142856
        ],
        [
          470.1558441558442,
          277.9220779220779
        ],
        [
          470.8051948051948,
          427.9220779220779
        ],
        [
          420.8051948051948,
          427.27272727272725
        ],
        [
          422.7532467532467,
          527.2727272727273
        ],
        [
          126.0,
          527.2727272727273
        ]
      ]
    ],
    "浴室": [
      [
        [
          568.8571428571429,
          279.87012987012986
        ],
        [
          470.1558441558442,
          277.27272727272725
        ],
        [
          468.8571428571429,
          377.9220779220779
        ],
        [
          570.1558441558442,
          378.57142857142856
        ]
      ]
    ],
    "引戸": [
      [
        257.16883116883116,
        135.06493506493507,
        291.7567567567568,
        224.67567567567568
      ],
      [
        478.3429273429273,
        183.7925587925588,
        563.2702702702703,
        223.32432432432432
      ],
      [
        405.1621621621622,
        281.43243243243245,
        442.90944190944197,
        431.16883116883116
      ]
    ],
    "折戸": [
      [
        207.18918918918922,
        129.40540540540542,
        245.42786942786944,
        183.11688311688312
      ],
      [
        476.8918918918919,
        259.13513513513516,
        521.6300456300456,
        303.68550368550365
      ],
      [
        499.12214812214813,
        415.7160407160407,
        541.7567567567568,
        448.3243243243243
      ]
    ],
    "開戸": [
      [
        421.4545454545455,
        159.0909090909091,
        471.4545454545455,
        226.62337662337663
      ],
      [
        424.7012987012987,
        226.62337662337663,
        489.6363636363636,
        278.57142857142856
      ],
      [
        404.57142857142856,
        425.3246753246753,
        465.4054054054054,
        476.02702702702703
      ]
    ]
  }
}