{
  "labels": {
    "洋室": [
      [
        [
          6.5,
          181.5
        ],
        [
          242.5,
          185.0
        ],
        [
          243.0,
          418.5
        ],
        [
          8.0,
          420.5
        ]
      ],
      [
        [
          243.5,
          242.0
        ],
        [
          479.0,
          242.5
        ],
        [
          479.5,
          419.5
        ],
        [
          243.5,
          420.0
        ]
      ],
      [
        [
          301.5,
          5.5
        ],
        [
          478.5,
          6.5
        ],
        [
          479.5,
          243.5
        ],
        [
          301.5,
          241.5
        ]
      ]
    ],
    "廊下": [
      [
        [
          184.0,
          63.5
        ],
        [
          302.0,
          66.5
        ],
        [
          301.5,
          242.0
        ],
        [
          244.0,
          241.5
        ],
        [
          243.5,
          183.5
        ],
        [
          228.5,
          183.5
        ],
        [
          227.5,
          123.0
        ],
        [
          184.5,
          122.5
        ]
      ]
    ],
    "折戸": [
      [
        271.7461139896373,
        304.3989637305699,
        313.12435233160625,
        418.65284974093265
      ],
      [
        363.4248704663213,
        173.05699481865287,
        477.19170984455957,
        214.40932642487047
      ]
    ],
    "開戸": [
      [
        246.05440414507774,
        225.84455958549222,
        302.2435233160622,
        294.30051813471505
      ],
      [
        285.66321243523316,
        184.97409326424872,
        355.01813471502595,
        238.9455958549223
      ],
      [
        189.10880829015548,
        184.5,
        258.20207253886014,
        240.41450777202073
      ]
    ],
    "引戸": [
      [
        12.626943005181346,
        165.59067357512953,
        121.97409326424872,
        200.51813471502592
      ],
      [
        201.7253886010363,
        47.15025906735752,
        297.6217616580311,
        79.79274611398964
      ]
    ]
  }
}