{
  "labels": {
    "廊下": [
      [
        [
          118.63799283154121,
          17.086021505376344
        ],
        [
          118.27956989247312,
          65.1146953405018
        ],
        [
          156.98924731182797,
          66.54838709677419
        ],
        [
          156.63082437275986,
          146.11827956989248
        ],
        [
          182.4372759856631,
          146.47670250896059
        ],
        [
          183.51254480286738,
          14.935483870967744
        ]
      ]
    ],
    "洋室": [
      [
        [
          24.731182795698924,
          95.22222222222221
        ],
        [
          156.98924731182797,
          95.22222222222221
        ],
        [
          156.98924731182797,
          175.1505376344086
        ],
        [
          24.731182795698924,
          175.1505376344086
        ]
      ],
      [
        [
          182.4372759856631,
          17.086021505376344
        ],
        [
          262.72401433691755,
          17.086021505376344
        ],
        [
          262.72401433691755,
          103.10752688172042
        ],
        [
          182.4372759856631,
          103.10752688172042
        ]
      ],
      [
        [
          182.4372759856631,
          121.02867383512546
        ],
        [
          263.0824372759857,
          121.02867383512546
        ],
        [
          263.0824372759857,
          212.42652329749103
        ],
        [
          182.4372759856631,
          212.42652329749103
        ]
      ]
    ],
    "折戸": [
      [
        159.57142857142858,
        136.22785458269328,
        180.3594470046083,
        156.85714285714286
      ],
      [
        185.28571428571428,
        96.93650793650794,
        220.85611879160265,
        113.14285714285714
      ],
      [
        224.9390681003584,
        111.58474142345109,
        259.57142857142856,
        129.42857142857142
      ]
    ],
    "引戸": [
      [
        107.85714285714283,
        17.999999999999993,
        126.14285714285711,
        65.71428571428572
      ],
      [
        149.57142857142858,
        97.14439324116744,
        166.30312339989757,
        144.28571428571428
      ],
      [
        175.28571428571428,
        53.64516129032258,
        190.45775729646698,
        93.42857142857143
      ],
      [
        174.27137736815155,
        123.17409114183309,
        193.28571428571428,
        162.0
      ]
    ]
  }
}