{
  "labels": {
    "洋室": [
      [
        [
          100.86945169712794,
          14.882506527415144
        ],
        [
          152.30548302872063,
          14.882506527415144
        ],
        [
          152.0443864229765,
          154.04699738903395
        ],
        [
          101.13054830287206,
          153.26370757180158
        ]
      ]
    ],
    "廊下": [
      [
        [
          30.37336814621409,
          24.54308093994778
        ],
        [
          46.03916449086162,
          24.02088772845953
        ],
        [
          45.516971279373365,
          85.11749347258485
        ],
        [
          83.11488250652741,
          85.63968668407311
        ],
        [
          83.37597911227155,
          51.43603133159269
        ],
        [
          97.99738903394257,
          51.43603133159269
        ],
        [
          97.99738903394257,
          100.52219321148824
        ],
        [
          26.456919060052215,
          100.26109660574413
        ],
        [
          25.93472584856397,
          50.91383812010444
        ],
        [
          30.89556135770235,
          51.174934725848566
        ]
      ]
    ],
    "引戸": [
      [
        31.090522675447957,
        95.29199418560593,
        65.2084432717678,
        109.23482849604221
      ],
      [
        22.728232189973617,
        18.20580474934037,
        31.93994778067885,
        48.04177545691906
      ],
      [
        40.2674827944915,
        24.77110990169265,
        53.86279683377309,
        45.382585751978894
      ]
    ],
    "折戸": [
      [
        93.03655352480416,
        14.882506527415144,
        108.7023498694517,
        50.130548302872064
      ],
      [
        96.4308093994778,
        120.6266318537859,
        110.26892950391644,
        152.74151436031332
      ]
    ],
    "開戸": [
      [
        82.59268929503915,
        85.37859007832898,
        100.86945169712794,
        105.74412532637075
      ],
      [
        82.8537859007833,
        48.04177545691906,
        106.61357702349869,
        65.53524804177546
      ]
    ]
  }
}