{
  "labels": {
    "浴室": [
      [
        [
          37.39285714285714,
          44.42857142857142
        ],
        [
          190.07142857142856,
          44.42857142857142
        ],
        [
          190.07142857142856,
          199.78571428571428
        ],
        [
          37.39285714285714,
          199.78571428571428
        ]
      ]
    ],
    "廊下": [
      [
        [
          384.71428571428567,
          174.78571428571428
        ],
        [
          465.07142857142856,
          174.78571428571428
        ],
        [
          465.07142857142856,
          430.1428571428571
        ],
        [
          384.71428571428567,
          430.1428571428571
        ]
      ]
    ],
    "LDK": [
      [
        [
          38.285714285714285,
          199.78571428571428
        ],
        [
          39.17857142857142,
          736.3928571428571
        ],
        [
          616.8571428571428,
          735.4999999999999
        ],
        [
          615.0714285714286,
          427.46428571428567
        ],
        [
          384.71428571428567,
          429.24999999999994
        ],
        [
          378.46428571428567,
          194.42857142857142
        ]
      ]
    ],
    "開戸": [
      [
        400.7857142857142,
        180.14285714285714,
        491.69491525423734,
        243.76271186440678
      ],
      [
        117.74999999999999,
        126.81355932203391,
        205.25423728813564,
        197.10714285714283
      ]
    ],
    "引戸": [
      [
        385.6735537190082,
        163.28925619834712,
        514.7107438016529,
        189.56582054309325
      ],
      [
        257.0357142857143,
        185.60330578512398,
        370.9090909090909,
        217.6428571428571
      ],
      [
        390.84745762711873,
        420.2857142857142,
        528.9857142857143,
        451.3898305084746
      ],
      [
        366.7768595041323,
        55.85123966942149,
        402.31404958677683,
        174.03305785123968
      ]
    ]
  }
}