{
  "labels": {
    "洋室": [
      [
        [
          477.08333333333337,
          322.9166666666667
        ],
        [
          661.4583333333334,
          323.95833333333337
        ],
        [
          662.5,
          436.45833333333337
        ],
        [
          513.5416666666667,
          432.2916666666667
        ],
        [
          512.5,
          394.7916666666667
        ],
        [
          473.95833333333337,
          394.7916666666667
        ]
      ],
      [
        [
          514.5833333333334,
          435.4166666666667
        ],
        [
          660.4166666666667,
          435.4166666666667
        ],
        [
          663.5416666666667,
          546.875
        ],
        [
          552.0833333333334,
          545.8333333333334
        ],
        [
          552.0833333333334,
          471.875
        ],
        [
          515.625,
          471.875
        ]
      ],
      [
        [
          365.625,
          397.9166666666667
        ],
        [
          438.54166666666674,
          398.95833333333337
        ],
        [
          438.88888888888886,
          437.037037037037
        ],
        [
          473.95833333333337,
          435.4166666666667
        ],
        [
          473.95833333333337,
          548.9583333333334
        ],
        [
          368.75,
          547.9166666666667
        ]
      ]
    ],
    "廊下": [
      [
        [
          442.59259259259255,
          324.0740740740741
        ],
        [
          473.1481481481481,
          325.9259259259259
        ],
        [
          477.77777777777777,
          400.9259259259259
        ],
        [
          511.1111111111111,
          402.77777777777777
        ],
        [
          512.9629629629629,
          471.29629629629625
        ],
        [
          476.85185185185185,
          472.2222222222222
        ],
        [
          476.85185185185185,
          434.25925925925924
        ],
        [
          444.4444444444444,
          434.25925925925924
        ]
      ]
    ],
    "折戸": [
      [
        430.55555555555554,
        326.85185185185185,
        459.25925925925924,
        363.88888888888886
      ]
    ],
    "開戸": [
      [
        479.6296296296296,
        396.29629629629625,
        528.7037037037037,
        434.25925925925924
      ],
      [
        476.85185185185185,
        437.96296296296293,
        526.8518518518518,
        473.1481481481481
      ],
      [
        426.85185185185185,
        402.4470899470899,
        478.7037037037037,
        450.5952380952381
      ]
    ]
  }
}