{
  "labels": {
    "洋室": [
      [
        [
          295.1094890510949,
          109.21897810218977
        ],
        [
          403.13868613138686,
          109.94890510948905
        ],
        [
          403.8686131386861,
          252.2846715328467
        ],
        [
          291.4598540145985,
          253.01459854014595
        ]
      ],
      [
        [
          403.8686131386861,
          358.8540145985401
        ],
        [
          256.42335766423355,
          358.8540145985401
        ],
        [
          259.3430656934306,
          250.0948905109489
        ],
        [
          403.13868613138686,
          252.2846715328467
        ]
      ],
      [
        [
          117.00729927007296,
          214.32846715328466
        ],
        [
          262.2627737226277,
          216.51824817518246
        ],
        [
          260.07299270072986,
          358.8540145985401
        ],
        [
          225.76642335766417,
          359.5839416058394
        ],
        [
          225.76642335766417,
          341.33576642335765
        ],
        [
          115.54744525547443,
          340.60583941605836
        ]
      ]
    ],
    "廊下": [
      [
        [
          189.2700729927007,
          171.99270072992698
        ],
        [
          225.03649635036493,
          171.2627737226277
        ],
        [
          223.57664233576634,
          181.4817518248175
        ],
        [
          292.91970802919707,
          181.4817518248175
        ],
        [
          295.1094890510949,
          251.55474452554742
        ],
        [
          260.8029197080292,
          250.82481751824815
        ],
        [
          260.07299270072986,
          219.43795620437953
        ],
        [
          187.81021897810217,
          217.24817518248173
        ]
      ]
    ],
    "折戸": [
      [
        136.2895377128953,
        203.70059475533927,
        169.44444444444443,
        232.4074074074074
      ],
      [
        296.1976209786428,
        274.5744795890781,
        345.8333333333333,
        294.4444444444444
      ],
      [
        314.65869153825355,
        112.01703163017032,
        337.5,
        163.88888888888889
      ]
    ],
    "開戸": [
      [
        224.537037037037,
        206.48148148148147,
        255.63936198972692,
        245.85725871857258
      ],
      [
        193.632738577994,
        162.75371722087047,
        217.12962962962962,
        194.9074074074074
      ],
      [
        258.6131386861314,
        223.0875912408759,
        295.83941605839414,
        270.53284671532845
      ]
    ],
    "引戸": [
      [
        283.4306569343065,
        182.21167883211677,
        306.0185185185185,
        248.6111111111111
      ]
    ]
  }
}