{
  "labels": {
    "廊下": [
      [
        [
          189.62264150943395,
          266.50943396226415
        ],
        [
          189.62264150943395,
          350.47169811320754
        ],
        [
          427.3584905660377,
          345.75471698113205
        ],
        [
          424.5283018867924,
          423.1132075471698
        ],
        [
          655.6603773584906,
          425.9433962264151
        ],
        [
          656.6037735849056,
          346.6981132075471
        ],
        [
          502.8301886792453,
          347.64150943396226
        ],
        [
          501.88679245283015,
          271.2264150943396
        ]
      ]
    ],
    "洋室": [
      [
        [
          33.9622641509434,
          345.75471698113205
        ],
        [
          33.9622641509434,
          658.0188679245283
        ],
        [
          271.6981132075472,
          660.8490566037735
        ],
        [
          271.6981132075472,
          502.35849056603774
        ],
        [
          424.5283018867924,
          503.3018867924528
        ],
        [
          426.4150943396226,
          350.47169811320754
        ]
      ],
      [
        [
          33.9622641509434,
          34.433962264150935
        ],
        [
          504.71698113207543,
          34.433962264150935
        ],
        [
          504.71698113207543,
          271.2264150943396
        ],
        [
          33.9622641509434,
          271.2264150943396
        ]
      ],
      [
        [
          428.3018867924528,
          421.2264150943396
        ],
        [
          421.6981132075471,
          502.35849056603774
        ],
        [
          266.9811320754717,
          504.2452830188679
        ],
        [
          262.2641509433962,
          655.188679245283
        ],
        [
          502.8301886792453,
          658.9622641509434
        ],
        [
          503.77358490566036,
          421.2264150943396
        ]
      ]
    ],
    "開戸": [
      [
        199.37313432835822,
        252.2880878625739,
        266.0799774711349,
        338.8059701492537
      ]
    ],
    "折戸": [
      [
        45.39566319346664,
        244.77611940298507,
        179.97014925373134,
        289.770487186708
      ]
    ],
    "引戸": [
      [
        200.1194029850746,
        330.3978831911233,
        340.8217485770431,
        361.94029850746267
      ],
      [
        433.70149253731336,
        411.19402985074623,
        573.2537313432836,
        442.5373134328358
      ],
      [
        485.19402985074623,
        436.8276541819206,
        520.9096029287524,
        571.6417910447761
      ],
      [
        279.2238805970149,
        257.46268656716416,
        418.0298507462686,
        287.3134328358209
      ]
    ]
  }
}