{
  "labels": {
    "浴室": [
      [
        [
          440.2086330935251,
          82.45323741007194
        ],
        [
          551.7194244604316,
          84.6115107913669
        ],
        [
          551.7194244604316,
          172.38129496402877
        ],
        [
          440.9280575539568,
          169.50359712230215
        ]
      ]
    ],
    "廊下": [
      [
        [
          182.6546762589928,
          82.45323741007194
        ],
        [
          223.66187050359707,
          81.01438848920863
        ],
        [
          223.66187050359707,
          175.97841726618702
        ],
        [
          459.6330935251798,
          176.6978417266187
        ],
        [
          458.91366906474815,
          218.42446043165467
        ],
        [
          317.90647482014384,
          216.98561151079136
        ],
        [
          318.6258992805755,
          264.46762589928056
        ],
        [
          181.93525179856113,
          263.7482014388489
        ]
      ]
    ],
    "開戸": [
      [
        412.87050359712225,
        214.10791366906474,
        465.388489208633,
        263.7482014388489
      ],
      [
        429.4172661870503,
        175.97841726618702,
        468.9856115107913,
        214.82733812949638
      ],
      [
        422.1377564614974,
        127.77697841726618,
        474.6557420730082,
        174.53956834532372
      ],
      [
        388.410071942446,
        82.45323741007194,
        417.90647482014384,
        125.61870503597122
      ]
    ],
    "引戸": [
      [
        161.57820410338394,
        173.1220357047695,
        189.37037037037035,
        264.96296296296293
      ],
      [
        322.51079136690646,
        156.38342659205966,
        412.3333333333333,
        190.14814814814812
      ],
      [
        91.70391061452514,
        153.6312849162011,
        168.79888268156424,
        181.56424581005587
      ]
    ],
    "折戸": [
      [
        163.39130434782606,
        286.4130434782609,
        207.11510791366902,
        338.56834532374097
      ],
      [
        321.50359712230215,
        198.99999999999997,
        411.431654676259,
        232.0935251798561
      ],
      [
        207.83453237410072,
        127.05755395683451,
        235.89208633093523,
        170.2230215827338
      ],
      [
        459.86033519553075,
        252.51396648044692,
        551.0,
        291.80575539568343
      ]
    ]
  }
}