{
  "labels": {
    "LDK": [
      [
        [
          348.510067114094,
          13.181208053691279
        ],
        [
          351.19463087248323,
          513.1812080536913
        ],
        [
          595.489932885906,
          513.1812080536913
        ],
        [
          594.8187919463087,
          14.523489932885909
        ]
      ]
    ],
    "浴室": [
      [
        [
          10.255033557046971,
          15.194630872483216
        ],
        [
          121.66442953020135,
          16.536912751677846
        ],
        [
          120.99328859060404,
          134.65771812080538
        ],
        [
          12.268456375838923,
          133.31543624161074
        ]
      ]
    ],
    "廊下": [
      [
        [
          351.86577181208054,
          137.34228187919464
        ],
        [
          69.31543624161071,
          136.0
        ],
        [
          71.32885906040269,
          323.91946308724835
        ],
        [
          133.744966442953,
          323.248322147651
        ],
        [
          133.744966442953,
          199.08724832214767
        ],
        [
          348.510067114094,
          198.41610738255036
        ]
      ]
    ],
    "引戸": [
      [
        337.66246889374867,
        84.24296810195307,
        361.314606741573,
        195.5056179775281
      ],
      [
        352.3258426966292,
        61.79775280898876,
        594.8187919463087,
        87.00671140939596
      ],
      [
        124.23965010180228,
        121.59309252695874,
        233.22471910112364,
        151.12359550561797
      ],
      [
        108.24161073825502,
        27.2751677852349,
        137.7718120805369,
        129.95973154362417
      ],
      [
        55.89261744966444,
        133.31543624161074,
        84.75167785234902,
        244.72483221476512
      ],
      [
        181.22471910112358,
        186.51685393258427,
        352.53691275167785,
        221.90604026845637
      ]
    ],
    "折戸": [
      [
        55.798356081743464,
        245.05286177513,
        92.2134831460674,
        433.14606741573033
      ]
    ],
    "開戸": [
      [
        173.34228187919462,
        197.0738255033557,
        243.14093959731542,
        317.87919463087246
      ]
    ]
  }
}