{
  "labels": {
    "洋室": [
      [
        [
          16.333333333333343,
          141.0
        ],
        [
          89.33333333333334,
          141.66666666666666
        ],
        [
          89.66666666666666,
          214.66666666666666
        ],
        [
          15.666666666666657,
          215.0
        ]
      ]
    ],
    "浴室": [
      [
        [
          91.0,
          142.0
        ],
        [
          162.33333333333331,
          142.33333333333334
        ],
        [
          163.33333333333331,
          214.0
        ],
        [
          90.66666666666666,
          214.66666666666666
        ]
      ]
    ],
    "廊下": [
      [
        [
          41.66666666666666,
          118.0
        ],
        [
          42.0,
          141.33333333333334
        ],
        [
          138.33333333333334,
          139.66666666666666
        ],
        [
          138.0,
          95.0
        ],
        [
          114.66666666666666,
          94.0
        ],
        [
          114.66666666666666,
          118.0
        ]
      ]
    ],
    "引戸": [
      [
        67.74876847290639,
        109.11330049261082,
        114.0,
        121.33333333333334
      ],
      [
        43.0,
        134.66666666666666,
        88.43842364532017,
        148.5221674876847
      ],
      [
        93.1182266009852,
        133.99014778325122,
        136.33333333333334,
        149.33333333333334
      ]
    ],
    "折戸": [
      [
        18.333333333333343,
        135.0,
        38.33333333333334,
        150.33333333333334
      ],
      [
        140.66666666666669,
        136.0,
        160.66666666666669,
        151.0
      ]
    ]
  }
}