{
  "labels": {
    "浴室": [
      [
        [
          396.5689655172414,
          9.27586206896552
        ],
        [
          472.43103448275866,
          10.137931034482762
        ],
        [
          472.43103448275866,
          82.55172413793105
        ],
        [
          397.43103448275866,
          81.6896551724138
        ]
      ]
    ],
    "廊下": [
      [
        [
          359.5,
          246.34482758620692
        ],
        [
          432.7758620689655,
          247.20689655172413
        ],
        [
          432.3448275862069,
          279.1034482758621
        ],
        [
          357.7758620689655,
          279.9655172413793
        ]
      ],
      [
        [
          162.94827586206898,
          87.72413793103449
        ],
        [
          431.9137931034483,
          89.44827586206897
        ],
        [
          432.3448275862069,
          123.5
        ],
        [
          358.2068965517242,
          142.46551724137933
        ],
        [
          357.7758620689655,
          123.93103448275863
        ],
        [
          162.94827586206898,
          123.0689655172414
        ]
      ]
    ],
    "LDK": [
      [
        [
          5.189655172413794,
          127.37931034482759
        ],
        [
          354.32758620689657,
          129.1034482758621
        ],
        [
          357.3448275862069,
          283.4137931034483
        ],
        [
          6.051724137931039,
          282.12068965517244
        ]
      ]
    ],
    "開戸": [
      [
        207.34482758620692,
        80.82758620689656,
        242.25862068965517,
        116.17241379310346
      ],
      [
        162.5874125874126,
        90.95104895104896,
        201.04895104895107,
        140.95104895104896
      ]
    ],
    "引戸": [
      [
        385.5422027792074,
        10.176531137416376,
        404.1044776119403,
        79.49253731343283
      ],
      [
        321.6268656716418,
        74.74163664436439,
        391.4179104477612,
        97.77611940298507
      ],
      [
        280.87802367472983,
        113.88214101904276,
        353.7313432835821,
        135.83582089552237
      ],
      [
        347.006433350489,
        213.07797220792594,
        366.4179104477612,
        279.1194029850746
      ],
      [
        9.5,
        119.10602161605766,
        147.01492537313433,
        139.94029850746267
      ]
    ],
    "折戸": [
      [
        435.36206896551727,
        205.39655172413794,
        455.18965517241384,
        242.89655172413796
      ],
      [
        415.96551724137936,
        243.75862068965517,
        436.65517241379314,
        280.82758620689657
      ],
      [
        312.948275862069,
        47.20689655172414,
        338.8103448275862,
        86.86206896551725
      ],
      [
        251.74137931034483,
        85.13793103448276,
        293.98275862068965,
        103.67241379310346
      ],
      [
        100.01724137931035,
        6.689655172413794,
        129.75862068965517,
        82.55172413793105
      ],
      [
        98.29310344827587,
        85.13793103448276,
        129.32758620689657,
        123.5
      ]
    ]
  }
}