{
  "labels": {
    "LDK": [
      [
        [
          60.904761904761905,
          234.09523809523807
        ],
        [
          64.71428571428571,
          720.7619047619047
        ],
        [
          360.90476190476187,
          717.9047619047619
        ],
        [
          364.7142857142857,
          456.0
        ],
        [
          300.90476190476187,
          456.9523809523809
        ],
        [
          302.8095238095238,
          236.95238095238096
        ]
      ]
    ],
    "廊下": [
      [
        [
          272.3333333333333,
          59.80952380952381
        ],
        [
          273.2857142857143,
          234.09523809523807
        ],
        [
          303.76190476190476,
          236.0
        ],
        [
          301.85714285714283,
          457.90476190476187
        ],
        [
          364.7142857142857,
          458.85714285714283
        ],
        [
          367.57142857142856,
          296.95238095238096
        ],
        [
          598.047619047619,
          301.7142857142857
        ],
        [
          596.1428571428571,
          242.66666666666663
        ],
        [
          577.0952380952381,
          238.85714285714283
        ],
        [
          573.6875,
          206.03125
        ],
        [
          396.1428571428571,
          206.47619047619045
        ],
        [
          395.19047619047615,
          173.14285714285714
        ],
        [
          341.85714285714283,
          174.09523809523807
        ],
        [
          342.8095238095238,
          62.66666666666666
        ]
      ]
    ],
    "浴室": [
      [
        [
          35.19047619047619,
          56.95238095238095
        ],
        [
          154.23809523809524,
          56.95238095238095
        ],
        [
          154.23809523809524,
          180.76190476190476
        ],
        [
          35.19047619047619,
          180.76190476190476
        ]
      ]
    ],
    "洋室": [
      [
        [
          427.57142857142856,
          296.0
        ],
        [
          669.4761904761905,
          296.0
        ],
        [
          669.4761904761905,
          482.66666666666663
        ],
        [
          427.57142857142856,
          482.66666666666663
        ]
      ]
    ],
    "開戸": [
      [
        303.79999999999995,
        435.2,
        369.4761904761905,
        504.57142857142856
      ]
    ],
    "折戸": [
      [
        367.57142857142856,
        276.0,
        428.5238095238095,
        309.3333333333333
      ],
      [
        405.1652892561983,
        365.5238095238095,
        451.38095238095235,
        474.8595041322314
      ],
      [
        131.38095238095238,
        106.47619047619048,
        163.76190476190476,
        172.19047619047618
      ],
      [
        66.61904761904762,
        219.8095238095238,
        119.95238095238095,
        256.95238095238096
      ],
      [
        374.20000000000005,
        522.4,
        415.0,
        554.4
      ]
    ],
    "引戸": [
      [
        580.7142857142857,
        191.23809523809524,
        613.0952380952381,
        293.1428571428571
      ],
      [
        428.305785123967,
        277.3388429752066,
        538.2231404958678,
        317.8347107438017
      ],
      [
        348.5238095238095,
        542.6666666666666,
        379.0,
        717.9047619047619
      ],
      [
        283.79999999999995,
        237.6,
        317.4,
        350.4
      ],
      [
        258.20000000000005,
        60.8,
        287.0,
        167.2
      ],
      [
        318.04761904761904,
        64.57142857142857,
        353.2857142857143,
        174.09523809523807
      ],
      [
        563.0,
        68.0,
        598.2,
        172.0
      ]
    ]
  }
}