{
  "labels": {
    "LDK": [
      [
        [
          209.85714285714283,
          206.52380952380952
        ],
        [
          714.6190476190476,
          207.47619047619045
        ],
        [
          717.4761904761905,
          388.4285714285714
        ],
        [
          930.8095238095239,
          385.57142857142856
        ],
        [
          930.8095238095239,
          642.7142857142857
        ],
        [
          568.9047619047619,
          641.7619047619047
        ],
        [
          569.8571428571428,
          494.1428571428571
        ],
        [
          209.85714285714283,
          494.1428571428571
        ]
      ]
    ],
    "浴室": [
      [
        [
          207.95238095238096,
          638.9047619047619
        ],
        [
          352.71428571428567,
          640.8095238095237
        ],
        [
          351.7619047619047,
          783.6666666666666
        ],
        [
          207.95238095238096,
          785.5714285714286
        ]
      ]
    ],
    "廊下": [
      [
        [
          353.66666666666663,
          496.04761904761904
        ],
        [
          427.95238095238096,
          497.0
        ],
        [
          428.9047619047619,
          642.7142857142857
        ],
        [
          351.7619047619047,
          644.6190476190476
        ]
      ],
      [
        [
          716.5238095238095,
          279.85714285714283
        ],
        [
          772.7142857142857,
          279.85714285714283
        ],
        [
          821.2857142857142,
          350.3333333333333
        ],
        [
          822.2380952380952,
          387.4761904761905
        ],
        [
          713.6666666666666,
          387.4761904761905
        ]
      ]
    ],
    "折戸": [
      [
        825.7920792079208,
        321.7524752475247,
        927.7722772277227,
        373.23762376237624
      ],
      [
        616.8811881188118,
        497.0,
        676.2871287128713,
        635.6138613861386
      ],
      [
        429.88543140028287,
        463.8175388967468,
        494.10891089108907,
        514.8217821782179
      ],
      [
        283.8943894389439,
        623.476897689769,
        337.5,
        677.5
      ]
    ],
    "引戸": [
      [
        696.0891089108911,
        255.4158415841584,
        731.7326732673267,
        389.0792079207921
      ],
      [
        292.6199905704856,
        465.7223008015087,
        422.82178217821786,
        508.88118811881185
      ],
      [
        333.09146628948616,
        502.8557284299859,
        381.23762376237624,
        639.5742574257425
      ],
      [
        257.47524752475243,
        285.1188118811881,
        305.990099009901,
        478.18811881188117
      ]
    ],
    "開戸": [
      [
        368.8552569542669,
        581.6251768033947,
        418.33333333333337,
        664.1666666666667
      ]
    ]
  }
}