{
  "labels": {
    "LDK": [
      [
        [
          15.216216216216196,
          310.81081081081084
        ],
        [
          208.45945945945948,
          312.83783783783787
        ],
        [
          209.81081081081084,
          263.51351351351354
        ],
        [
          356.4324324324324,
          263.51351351351354
        ],
        [
          354.4054054054054,
          505.4054054054054
        ],
        [
          13.864864864864842,
          506.0810810810811
        ]
      ]
    ],
    "廊下": [
      [
        [
          161.8378378378378,
          169.5945945945946
        ],
        [
          162.51351351351354,
          310.81081081081084
        ],
        [
          208.45945945945948,
          311.4864864864865
        ],
        [
          208.45945945945948,
          262.83783783783787
        ],
        [
          305.08108108108104,
          262.83783783783787
        ],
        [
          305.7567567567568,
          216.21621621621622
        ],
        [
          235.48648648648646,
          215.54054054054055
        ],
        [
          209.1351351351351,
          191.21621621621622
        ],
        [
          208.45945945945948,
          168.91891891891893
        ]
      ]
    ],
    "浴室": [
      [
        [
          15.216216216216196,
          214.1891891891892
        ],
        [
          89.54054054054052,
          214.86486486486487
        ],
        [
          90.2162162162162,
          311.4864864864865
        ],
        [
          12.513513513513544,
          311.4864864864865
        ]
      ]
    ],
    "洋室": [
      [
        [
          13.864864864864842,
          505.4054054054054
        ],
        [
          212.51351351351354,
          506.0810810810811
        ],
        [
          213.18918918918916,
          647.972972972973
        ],
        [
          13.189189189189221,
          646.6216216216217
        ]
      ]
    ],
    "開戸": [
      [
        270.2465753424658,
        223.34246575342468,
        320.93150684931504,
        263.75342465753425
      ],
      [
        161.1621621621622,
        292.56756756756755,
        209.1351351351351,
        355.4054054054054
      ]
    ],
    "折戸": [
      [
        301.7027027027027,
        295.27027027027026,
        352.43835616438355,
        330.87671232876716
      ],
      [
        209.97260273972603,
        295.94520547945206,
        304.4931506849315,
        333.6164383561644
      ],
      [
        68.54831543872643,
        247.28804146612367,
        104.35912624953727,
        312.82858200666425
      ]
    ],
    "引戸": [
      [
        144.21917808219177,
        226.08219178082192,
        175.041095890411,
        312.3835616438356
      ],
      [
        67.50684931506851,
        489.7808219178082,
        156.54794520547944,
        521.2876712328767
      ]
    ]
  }
}