{
  "labels": {
    "LDK": [
      [
        [
          76.46616541353387,
          73.88721804511279
        ],
        [
          100.38961038961043,
          72.93028024606973
        ],
        [
          99.91114149008888,
          84.41353383458646
        ],
        [
          152.06425153793577,
          84.892002734108
        ],
        [
          153.02118933697886,
          73.88721804511279
        ],
        [
          205.65276828434725,
          74.3656869446343
        ],
        [
          205.17429938482576,
          125.08339029391662
        ],
        [
          309.9589883800412,
          126.5187969924812
        ],
        [
          308.52358168147657,
          228.91114149008885
        ],
        [
          99.43267259056734,
          228.4326725905673
        ],
        [
          98.95420369104585,
          203.55228981544772
        ],
        [
          75.03075871496924,
          204.0307587149692
        ]
      ]
    ],
    "浴室": [
      [
        [
          254.11483253588517,
          18.52153110047847
        ],
        [
          308.6602870813398,
          20.435406698564606
        ],
        [
          307.7033492822967,
          72.5885167464115
        ],
        [
          255.07177033492826,
          72.5885167464115
        ]
      ]
    ],
    "廊下": [
      [
        [
          58.42105263157896,
          150.10047846889952
        ],
        [
          51.722488038277504,
          204.16746411483257
        ],
        [
          72.29665071770336,
          202.73205741626793
        ],
        [
          71.81818181818181,
          151.05741626794259
        ]
      ]
    ],
    "引戸": [
      [
        258.4552289815448,
        63.39507860560492,
        305.2597402597402,
        80.51948051948052
      ],
      [
        246.88653451811354,
        74.02392344497608,
        262.7272727272727,
        120.77922077922078
      ],
      [
        194.35748462064254,
        70.19617224880383,
        212.48051948051943,
        122.72727272727272
      ],
      [
        65.59808612440196,
        149.14354066985646,
        83.3014354066986,
        203.21052631578948
      ]
    ],
    "開戸": [
      [
        230.98701298701297,
        61.03896103896104,
        255.15721120984284,
        94.7347915242652
      ],
      [
        74.16883116883116,
        49.02597402597402,
        100.32125768967876,
        81.33766233766235
      ],
      [
        49.81818181818181,
        73.05194805194805,
        80.63568010936436,
        97.24675324675327
      ],
      [
        33.540669856459346,
        124.26315789473685,
        61.77033492822966,
        160.14832535885168
      ]
    ],
    "折戸": [
      [
        204.68831168831167,
        62.66233766233766,
        231.07997265892004,
        83.88380041011621
      ]
    ]
  }
}