{
  "labels": {
    "浴室": [
      [
        [
          86.68421052631578,
          144.3157894736842
        ],
        [
          209.84210526315786,
          143.26315789473682
        ],
        [
          209.84210526315786,
          268.52631578947364
        ],
        [
          87.73684210526312,
          265.36842105263156
        ]
      ]
    ],
    "LDK": [
      [
        [
          359.31578947368416,
          142.21052631578945
        ],
        [
          764.5789473684209,
          143.26315789473682
        ],
        [
          760.3684210526316,
          416.9473684210526
        ],
        [
          626.6842105263157,
          412.7368421052631
        ],
        [
          620.3684210526316,
          686.4210526315788
        ],
        [
          355.1052631578947,
          683.2631578947368
        ]
      ]
    ],
    "廊下": [
      [
        [
          630.8947368421052,
          558.0
        ],
        [
          758.2631578947368,
          558.0
        ],
        [
          757.2105263157894,
          624.3157894736842
        ],
        [
          629.8421052631578,
          623.2631578947368
        ]
      ],
      [
        [
          219.31578947368416,
          275.89473684210526
        ],
        [
          351.9473684210526,
          280.10526315789474
        ],
        [
          349.8421052631578,
          335.89473684210526
        ],
        [
          219.31578947368416,
          335.89473684210526
        ]
      ]
    ],
    "引戸": [
      [
        603.5982905982904,
        552.9977507872245,
        646.6666666666667,
        692.1623931623932
      ],
      [
        333.9896536212325,
        482.2105263157894,
        368.8888888888889,
        688.7435897435898
      ],
      [
        193.60278902384164,
        280.50112460638775,
        232.13675213675214,
        410.11111111111114
      ]
    ],
    "折戸": [
      [
        627.1430499325236,
        386.61898335582543,
        698.8034188034188,
        438.3162393162393
      ],
      [
        131.9473684210526,
        233.78947368421052,
        215.10526315789468,
        285.36842105263156
      ],
      [
        333.0,
        346.4210526315789,
        385.6315789473683,
        480.1052631578947
      ]
    ],
    "開戸": [
      [
        111.9473684210526,
        276.9473684210526,
        150.89473684210526,
        340.10526315789474
      ],
      [
        227.73684210526312,
        291.6842105263158,
        286.83760683760687,
        363.95726495726495
      ],
      [
        295.1052631578947,
        279.05263157894734,
        376.5811965811966,
        342.5897435897436
      ]
    ]
  }
}