{
  "labels": {
    "洋室": [
      [
        [
          369.44262295081967,
          118.67213114754098
        ],
        [
          499.7704918032787,
          118.67213114754098
        ],
        [
          496.4918032786885,
          326.8688524590164
        ],
        [
          403.86885245901647,
          326.8688524590164
        ],
        [
          405.5081967213115,
          289.9836065573771
        ],
        [
          369.44262295081967,
          288.344262295082
        ]
      ]
    ],
    "廊下": [
      [
        [
          367.80327868852464,
          289.1639344262295
        ],
        [
          365.344262295082,
          326.04918032786884
        ],
        [
          402.2295081967213,
          326.04918032786884
        ],
        [
          403.04918032786884,
          286.7049180327869
        ]
      ]
    ],
    "開戸": [
      [
        366.87573964497045,
        252.66272189349112,
        403.0976816374042,
        301.45901639344265
      ]
    ],
    "折戸": [
      [
        408.88757396449705,
        268.0473372781065,
        493.5029585798817,
        295.85798816568047
      ]
    ]
  }
}