{
  "labels": {
    "洋室": [
      [
        [
          57.219251336898395,
          96.25133689839572
        ],
        [
          233.6898395721925,
          96.25133689839572
        ],
        [
          236.36363636363635,
          252.40106951871655
        ],
        [
          56.68449197860962,
          252.40106951871655
        ]
      ],
      [
        [
          372.19251336898395,
          28.87165775401069
        ],
        [
          505.34759358288767,
          29.941176470588232
        ],
        [
          505.34759358288767,
          162.5614973262032
        ],
        [
          372.19251336898395,
          161.49197860962565
        ]
      ],
      [
        [
          327.27272727272725,
          206.94652406417111
        ],
        [
          460.42780748663097,
          209.08556149732618
        ],
        [
          459.35828877005343,
          352.93582887700535
        ],
        [
          327.27272727272725,
          352.93582887700535
        ]
      ]
    ],
    "廊下": [
      [
        [
          239.0374331550802,
          121.91978609625667
        ],
        [
          367.91443850267376,
          122.45454545454544
        ],
        [
          368.44919786096256,
          204.80748663101602
        ],
        [
          239.57219251336898,
          206.41176470588235
        ]
      ]
    ],
    "開戸": [
      [
        286.9565217391304,
        104.15415019762844,
        325.6684491978609,
        156.14438502673795
      ],
      [
        327.7842362241339,
        192.4847709834922,
        368.7747035573122,
        253.16600790513831
      ],
      [
        354.5454545454545,
        122.73122529644266,
        413.3689839572192,
        162.5614973262032
      ]
    ],
    "折戸": [
      [
        359.89304812834223,
        29.941176470588232,
        395.18716577540107,
        119.24598930481284
      ],
      [
        373.5177865612648,
        195.06324110671935,
        462.0320855614973,
        232.0802139037433
      ]
    ],
    "引戸": [
      [
        222.1808881655429,
        122.73355033713088,
        249.4071146245059,
        202.1778656126482
      ]
    ]
  }
}