{
  "labels": {
    "洋室": [
      [
        [
          1498.6315789473683,
          658.8421052631579
        ],
        [
          1503.8947368421052,
          1393.0526315789473
        ],
        [
          2272.315789473684,
          1400.9473684210527
        ],
        [
          2267.0526315789475,
          656.2105263157894
        ]
      ],
      [
        [
          1688.1052631578948,
          90.42105263157896
        ],
        [
          1693.3684210526314,
          327.2631578947369
        ],
        [
          1509.157894736842,
          332.52631578947364
        ],
        [
          1498.6315789473683,
          485.1578947368421
        ],
        [
          2264.4210526315787,
          477.2631578947369
        ],
        [
          2259.157894736842,
          87.78947368421052
        ]
      ]
    ],
    "廊下": [
      [
        [
          1285.4736842105262,
          261.47368421052636
        ],
        [
          1274.9473684210527,
          487.7894736842105
        ],
        [
          893.3684210526316,
          472.0
        ],
        [
          896.0,
          664.1052631578948
        ],
        [
          1188.1052631578948,
          658.8421052631579
        ],
        [
          1182.842105263158,
          1366.7368421052631
        ],
        [
          1506.5263157894738,
          1366.7368421052631
        ],
        [
          1496.0,
          656.2105263157894
        ],
        [
          1898.6315789473683,
          658.8421052631579
        ],
        [
          1903.8947368421052,
          477.2631578947369
        ],
        [
          1503.8947368421052,
          482.52631578947364
        ],
        [
          1501.2631578947369,
          264.1052631578947
        ]
      ]
    ],
    "開戸": [
      [
        927.6764132553607,
        448.60818713450294,
        1075.9259259259259,
        568.4814814814814
      ],
      [
        1448.7290448343078,
        669.1734892787523,
        1685.185185185185,
        829.5925925925925
      ]
    ],
    "引戸": [
      [
        1303.8947368421052,
        211.07407407407408,
        1635.185185185185,
        295.19688109161797
      ],
      [
        1520.1715399610137,
        422.1851851851852,
        1872.2222222222222,
        510.20662768031184
      ],
      [
        1915.7855750487333,
        614.7777777777777,
        2244.4444444444443,
        707.8674463937622
      ],
      [
        946.2962962962962,
        1070.333333333333,
        1264.8148148148148,
        1166.6296296296296
      ]
    ]
  }
}