{
  "labels": {
    "洋室": [
      [
        [
          57.0,
          27.33333333333333
        ],
        [
          167.22222222222223,
          26.888888888888886
        ],
        [
          165.44444444444446,
          98.44444444444446
        ],
        [
          57.0,
          98.44444444444446
        ]
      ],
      [
        [
          106.33333333333331,
          122.44444444444446
        ],
        [
          189.0,
          121.55555555555554
        ],
        [
          189.8888888888889,
          193.55555555555554
        ],
        [
          106.77777777777777,
          192.66666666666666
        ]
      ],
      [
        [
          31.22222222222223,
          98.88888888888889
        ],
        [
          81.44444444444446,
          100.22222222222223
        ],
        [
          81.44444444444446,
          193.11111111111111
        ],
        [
          30.77777777777777,
          194.88888888888889
        ]
      ]
    ],
    "廊下": [
      [
        [
          82.33333333333334,
          99.33333333333334
        ],
        [
          105.44444444444446,
          99.77777777777777
        ],
        [
          104.55555555555554,
          194.0
        ],
        [
          106.77777777777777,
          194.44444444444446
        ],
        [
          107.66666666666669,
          218.8888888888889
        ],
        [
          81.0,
          218.44444444444446
        ]
      ]
    ],
    "開戸": [
      [
        81.44444444444446,
        93.11111111111111,
        105.44444444444446,
        118.0
      ],
      [
        60.111111111111114,
        169.55555555555554,
        87.03703703703704,
        192.06349206349205
      ],
      [
        74.6031746031746,
        199.73544973544972,
        99.22222222222223,
        218.44444444444446
      ],
      [
        167.22222222222223,
        107.33333333333334,
        189.44444444444446,
        127.33333333333334
      ]
    ],
    "引戸": [
      [
        99.24742268041237,
        123.71134020618557,
        114.4536082474227,
        170.87628865979383
      ]
    ]
  }
}