{
  "labels": {
    "廊下": [
      [
        [
          229.83870967741936,
          115.7741935483871
        ],
        [
          225.80645161290323,
          365.7741935483871
        ],
        [
          354.83870967741933,
          370.61290322580646
        ],
        [
          350.80645161290323,
          290.7741935483871
        ],
        [
          289.51612903225805,
          291.5806451612903
        ],
        [
          293.5483870967742,
          114.16129032258064
        ]
      ]
    ],
    "洋室": [
      [
        [
          37.903225806451616,
          119.0
        ],
        [
          232.25806451612902,
          119.0
        ],
        [
          232.25806451612902,
          367.38709677419354
        ],
        [
          37.903225806451616,
          367.38709677419354
        ]
      ],
      [
        [
          354.03225806451616,
          119.0
        ],
        [
          608.0645161290323,
          119.0
        ],
        [
          608.0645161290323,
          367.38709677419354
        ],
        [
          354.03225806451616,
          367.38709677419354
        ]
      ]
    ],
    "折戸": [
      [
        362.18103033220996,
        98.92697801316,
        591.5422885572139,
        149.23880597014923
      ],
      [
        52.73631840796019,
        97.49751243781094,
        225.49751243781094,
        143.22965816080892
      ]
    ],
    "引戸": [
      [
        211.83999358048467,
        124.36318407960198,
        247.7611940298507,
        236.53731343283582
      ],
      [
        335.70855400417275,
        246.7512437810945,
        371.6417910447761,
        357.42079922965814
      ]
    ]
  }
}