{
  "labels": {
    "LDK": [
      [
        [
          939.037037037037,
          188.59259259259258
        ],
        [
          939.037037037037,
          659.8888888888888
        ],
        [
          708.4814814814814,
          660.8148148148148
        ],
        [
          709.4074074074074,
          479.33333333333326
        ],
        [
          545.5185185185185,
          427.48148148148147
        ],
        [
          544.5925925925925,
          659.8888888888888
        ],
        [
          310.3333333333333,
          658.9629629629629
        ],
        [
          307.55555555555554,
          340.4444444444444
        ],
        [
          466.8148148148148,
          340.4444444444444
        ],
        [
          468.66666666666663,
          188.59259259259258
        ]
      ]
    ],
    "浴室": [
      [
        [
          151.07407407407408,
          185.8148148148148
        ],
        [
          310.3333333333333,
          187.66666666666666
        ],
        [
          309.4074074074074,
          309.88888888888886
        ],
        [
          150.14814814814815,
          309.88888888888886
        ]
      ]
    ],
    "廊下": [
      [
        [
          547.3703703703703,
          427.48148148148147
        ],
        [
          547.3703703703703,
          503.4074074074074
        ],
        [
          706.6296296296296,
          505.25925925925924
        ],
        [
          707.5555555555555,
          481.1851851851851
        ]
      ]
    ],
    "引戸": [
      [
        550.6610169491526,
        417.79661016949154,
        681.6296296296296,
        485.8148148148148
      ],
      [
        282.55555555555554,
        334.88888888888886,
        320.5185185185185,
        482.1111111111111
      ],
      [
        296.4444444444444,
        462.66666666666663,
        337.10169491525426,
        605.0847457627119
      ],
      [
        450.66101694915255,
        194.0677966101695,
        486.25423728813564,
        316.10169491525426
      ]
    ],
    "開戸": [
      [
        314.96296296296293,
        325.6296296296296,
        385.33333333333326,
        399.7037037037037
      ]
    ],
    "折戸": [
      [
        233.71186440677968,
        272.8813559322034,
        295.5762711864407,
        316.10169491525426
      ]
    ]
  }
}