{
  "labels": {
    "LDK": [
      [
        [
          510.2905027932961,
          101.69832402234637
        ],
        [
          273.9776536312849,
          101.13966480446928
        ],
        [
          275.6536312849162,
          220.1340782122905
        ],
        [
          39.340782122905026,
          220.1340782122905
        ],
        [
          37.66480446927374,
          454.7709497206704
        ],
        [
          450.5139664804469,
          458.68156424581
        ],
        [
          449.9553072625698,
          277.11731843575416
        ],
        [
          508.6145251396648,
          278.7932960893855
        ]
      ]
    ],
    "浴室": [
      [
        [
          687.3854748603352,
          41.36312849162012
        ],
        [
          687.3854748603352,
          159.79888268156424
        ],
        [
          804.7039106145252,
          162.0335195530726
        ],
        [
          803.0279329608938,
          41.36312849162012
        ]
      ]
    ],
    "廊下": [
      [
        [
          746.0446927374302,
          277.11731843575416
        ],
        [
          448.83798882681566,
          278.23463687150837
        ],
        [
          449.9553072625698,
          337.45251396648047
        ],
        [
          627.608938547486,
          338.0111731843575
        ],
        [
          628.1675977653631,
          369.29608938547483
        ],
        [
          744.927374301676,
          338.0111731843575
        ]
      ]
    ],
    "開戸": [
      [
        452.79746835443035,
        222.51898734177212,
        507.86516853932585,
        293.9887640449438
      ],
      [
        451.6312849162011,
        294.99441340782124,
        497.19101123595505,
        351.29213483146066
      ],
      [
        618.7800014143271,
        370.48412417792235,
        662.9240506329114,
        426.3164556962025
      ],
      [
        711.5174315819248,
        281.77045470617355,
        761.7977528089888,
        331.6292134831461
      ],
      [
        676.2122905027933,
        217.89944134078212,
        724.2569832402235,
        278.7932960893855
      ]
    ],
    "折戸": [
      [
        515.9867053249417,
        190.3377413195672,
        623.0337078651685,
        235.56179775280899
      ],
      [
        697.1910112359551,
        131.06741573033707,
        743.7304793059308,
        169.9233394965154
      ]
    ],
    "引戸": [
      [
        492.13483146067415,
        108.03370786516854,
        525.0879401596602,
        214.02772081182377
      ],
      [
        643.2584269662922,
        261.40449438202245,
        740.1001883915525,
        290.8390726145744
      ]
    ]
  }
}