{
  "labels": {
    "洋室": [
      [
        [
          149.803738317757,
          567.2242990654205
        ],
        [
          676.9065420560747,
          567.2242990654205
        ],
        [
          676.9065420560747,
          797.1308411214953
        ],
        [
          149.803738317757,
          797.1308411214953
        ]
      ],
      [
        [
          149.803738317757,
          37.31775700934579
        ],
        [
          525.5046728971962,
          37.31775700934579
        ],
        [
          525.5046728971962,
          263.4859813084112
        ],
        [
          149.803738317757,
          263.4859813084112
        ]
      ],
      [
        [
          148.86915887850466,
          263.4859813084112
        ],
        [
          448.86915887850466,
          263.4859813084112
        ],
        [
          448.86915887850466,
          484.9813084112149
        ],
        [
          148.86915887850466,
          484.9813084112149
        ]
      ]
    ],
    "廊下": [
      [
        [
          452.607476635514,
          262.55140186915884
        ],
        [
          528.3084112149533,
          262.55140186915884
        ],
        [
          528.3084112149533,
          566.2897196261682
        ],
        [
          452.607476635514,
          566.2897196261682
        ]
      ]
    ],
    "開戸": [
      [
        459.0148185568747,
        188.0900900900901,
        525.4324324324324,
        293.1820324997894
      ],
      [
        465.9729729729729,
        266.4684684684685,
        559.9746568998905,
        329.00757767112907
      ],
      [
        382.18918918918916,
        417.81981981981977,
        484.644186242317,
        484.3161572787741
      ],
      [
        458.84642586511745,
        491.69369369369366,
        522.7297297297297,
        598.0906794645111
      ]
    ],
    "折戸": [
      [
        533.6127810053043,
        536.1221688978698,
        672.2792792792792,
        609.7117117117117
      ],
      [
        269.2615138502989,
        536.7387387387387,
        368.6756756756756,
        599.1347141534058
      ],
      [
        159.74732676601832,
        456.5585585585585,
        256.9639639639639,
        520.5205860065673
      ],
      [
        433.9832449271702,
        498.0654205607476,
        490.9925907215627,
        560.6822429906541
      ]
    ]
  }
}