{
  "labels": {
    "浴室": [
      [
        [
          171.61165048543688,
          98.97087378640776
        ],
        [
          302.6796116504854,
          95.08737864077669
        ],
        [
          302.6796116504854,
          264.99029126213594
        ],
        [
          171.61165048543688,
          265.9611650485437
        ]
      ]
    ],
    "洋室": [
      [
        [
          532.7766990291262,
          104.79611650485437
        ],
        [
          805.5922330097087,
          106.7378640776699
        ],
        [
          801.7087378640776,
          389.26213592233006
        ],
        [
          530.8349514563107,
          385.378640776699
        ]
      ],
      [
        [
          458.9902912621359,
          392.1747572815534
        ],
        [
          519.1844660194174,
          392.1747572815534
        ],
        [
          525.0097087378641,
          448.4854368932039
        ],
        [
          661.9029126213592,
          453.3398058252427
        ],
        [
          659.9611650485436,
          681.495145631068
        ],
        [
          458.0194174757281,
          675.6699029126213
        ]
      ],
      [
        [
          388.11650485436894,
          389.26213592233006
        ],
        [
          450.252427184466,
          391.20388349514565
        ],
        [
          446.36893203883494,
          677.6116504854368
        ],
        [
          245.39805825242718,
          673.7281553398058
        ],
        [
          243.45631067961165,
          446.54368932038835
        ],
        [
          386.1747572815534,
          444.6019417475728
        ]
      ]
    ],
    "廊下": [
      [
        [
          169.66990291262135,
          315.4757281553398
        ],
        [
          523.0679611650485,
          321.3009708737864
        ],
        [
          523.0679611650485,
          386.34951456310677
        ],
        [
          169.66990291262135,
          380.5242718446602
        ]
      ]
    ],
    "折戸": [
      [
        273.5533980582524,
        200.33310754873185,
        329.4573643410853,
        265.9767441860465
      ]
    ],
    "開戸": [
      [
        509.30232558139534,
        106.28682170542635,
        605.5922330097087,
        165.96116504854368
      ],
      [
        457.3643410852713,
        290.7829457364341,
        525.2053887258223,
        379.3652442236772
      ],
      [
        507.93286671182364,
        314.30917438097384,
        590.4571385564839,
        389.0664559343719
      ],
      [
        456.0776699029126,
        367.5416572589749,
        523.2558139534883,
        455.8992248062015
      ],
      [
        381.32038834951453,
        366.17189734326786,
        451.1627906976744,
        455.8992248062015
      ]
    ],
    "引戸": [
      [
        318.79310604350115,
        294.5153909836682,
        433.3333333333333,
        331.86821705426354
      ]
    ]
  }
}