{
  "labels": {
    "洋室": [
      [
        [
          91.07692307692308,
          29.769230769230774
        ],
        [
          304.15384615384613,
          32.076923076923066
        ],
        [
          304.15384615384613,
          130.53846153846152
        ],
        [
          312.6153846153846,
          130.53846153846152
        ],
        [
          311.8461538461538,
          186.69230769230768
        ],
        [
          88.0,
          182.8461538461538
        ]
      ],
      [
        [
          88.0,
          181.30769230769232
        ],
        [
          312.6153846153846,
          188.23076923076923
        ],
        [
          311.0769230769231,
          327.46153846153845
        ],
        [
          88.76923076923076,
          324.38461538461536
        ]
      ],
      [
        [
          479.53846153846155,
          35.15384615384616
        ],
        [
          704.9230769230769,
          39.769230769230774
        ],
        [
          704.1538461538461,
          227.46153846153845
        ],
        [
          480.30769230769226,
          222.8461538461538
        ]
      ]
    ],
    "廊下": [
      [
        [
          314.15384615384613,
          131.3076923076923
        ],
        [
          360.3076923076923,
          131.3076923076923
        ],
        [
          360.3076923076923,
          224.38461538461536
        ],
        [
          527.2307692307692,
          227.46153846153845
        ],
        [
          527.2307692307692,
          325.15384615384613
        ],
        [
          486.46153846153845,
          325.9230769230769
        ],
        [
          487.2307692307692,
          276.6923076923077
        ],
        [
          314.9230769230769,
          272.07692307692304
        ]
      ]
    ],
    "折戸": [
      [
        284.9230769230769,
        32.076923076923066,
        317.2307692307692,
        105.9230769230769
      ],
      [
        548.7692307692307,
        186.69230769230768,
        704.9230769230769,
        235.9230769230769
      ]
    ],
    "引戸": [
      [
        115.15099715099714,
        166.9487179487179,
        252.59259259259258,
        197.81481481481478
      ],
      [
        374.7521367521368,
        212.19088319088314,
        459.99999999999994,
        237.81481481481478
      ]
    ],
    "開戸": [
      [
        261.8461538461538,
        129.76923076923077,
        318.0,
        185.15384615384613
      ],
      [
        258.0,
        188.23076923076923,
        320.3076923076923,
        242.07692307692304
      ],
      [
        276.46153846153845,
        271.3076923076923,
        320.3076923076923,
        327.46153846153845
      ],
      [
        471.8461538461538,
        172.0769230769231,
        533.3846153846154,
        232.8461538461538
      ],
      [
        434.9230769230769,
        125.15384615384613,
        488.7692307692308,
        176.69230769230768
      ]
    ]
  }
}