{
  "labels": {
    "廊下": [
      [
        [
          432.0,
          159.0
        ],
        [
          430.0,
          296.0
        ],
        [
          451.0,
          294.0
        ],
        [
          450.0,
          363.0
        ],
        [
          366.0,
          365.0
        ],
        [
          365.0,
          429.0
        ],
        [
          567.0,
          431.0
        ],
        [
          568.0,
          160.0
        ]
      ]
    ],
    "洋室": [
      [
        [
          32.0,
          27.0
        ],
        [
          27.0,
          293.0
        ],
        [
          426.0,
          299.0
        ],
        [
          432.0,
          160.0
        ],
        [
          366.0,
          159.0
        ],
        [
          363.0,
          26.0
        ]
      ],
      [
        [
          229.0,
          426.0
        ],
        [
          435.0,
          426.0
        ],
        [
          435.0,
          632.0
        ],
        [
          229.0,
          632.0
        ]
      ],
      [
        [
          500.0,
          430.0
        ],
        [
          699.0,
          430.0
        ],
        [
          699.0,
          627.0
        ],
        [
          500.0,
          627.0
        ]
      ]
    ],
    "浴室": [
      [
        [
          567.0,
          23.0
        ],
        [
          704.0,
          23.0
        ],
        [
          704.0,
          161.0
        ],
        [
          567.0,
          161.0
        ]
      ]
    ],
    "開戸": [
      [
        350.69444444444446,
        370.0,
        427.0,
        417.36111111111114
      ],
      [
        499.0,
        409.02777777777777,
        561.8055555555555,
        489.0
      ],
      [
        370.83333333333337,
        409.72222222222223,
        428.0,
        486.0
      ]
    ],
    "折戸": [
      [
        409.6363636363636,
        433.10389610389615,
        450.6363636363636,
        523.1038961038962
      ],
      [
        489.0,
        535.0,
        525.0,
        623.0
      ],
      [
        572.0,
        131.0,
        636.0,
        175.0
      ]
    ],
    "引戸": [
      [
        412.0,
        164.0,
        447.0,
        285.0
      ],
      [
        544.4444444444445,
        163.88888888888889,
        586.1111111111111,
        286.80555555555554
      ]
    ]
  }
}