{
  "labels": {
    "浴室": [
      [
        [
          4.289855072463752,
          6.246376811594202
        ],
        [
          94.86956521739125,
          5.521739130434782
        ],
        [
          94.14492753623188,
          96.82608695652173
        ],
        [
          2.8405797101448798,
          96.10144927536231
        ]
      ]
    ],
    "LDK": [
      [
        [
          4.289855072463752,
          193.92753623188403
        ],
        [
          241.24637681159413,
          193.92753623188403
        ],
        [
          241.24637681159413,
          380.15942028985506
        ],
        [
          192.695652173913,
          380.15942028985506
        ],
        [
          192.695652173913,
          566.391304347826
        ],
        [
          5.739130434782567,
          568.5652173913043
        ]
      ]
    ],
    "廊下": [
      [
        [
          191.2463768115942,
          9.144927536231883
        ],
        [
          235.44927536231882,
          9.869565217391303
        ],
        [
          236.89855072463763,
          191.02898550724635
        ],
        [
          195.5942028985507,
          191.02898550724635
        ]
      ],
      [
        [
          242.695652173913,
          290.30434782608694
        ],
        [
          307.9130434782609,
          290.30434782608694
        ],
        [
          308.63768115942025,
          377.2608695652174
        ],
        [
          242.695652173913,
          377.98550724637676
        ]
      ]
    ],
    "開戸": [
      [
        201.39130434782606,
        332.3333333333333,
        255.7391304347825,
        378.7101449275362
      ],
      [
        178.14286939370544,
        9.01200583140382,
        229.5921447560243,
        50.31635365749077
      ]
    ],
    "折戸": [
      [
        313.77017408455526,
        272.05548409227333,
        353.9289940828403,
        304.32544378698225
      ],
      [
        174.7126318497556,
        382.5262841951805,
        208.95857988165682,
        422.0769230769231
      ],
      [
        308.7706028642482,
        27.792556384529632,
        377.0059171597634,
        57.57988165680474
      ],
      [
        100.66666666666663,
        91.02898550724638,
        191.97101449275357,
        121.46376811594202
      ],
      [
        222.07992453477397,
        216.31841180001715,
        252.74556213017752,
        262.905325443787
      ]
    ],
    "引戸": [
      [
        86.4526198439242,
        103.14201183431952,
        112.50887573964496,
        191.30769230769232
      ],
      [
        10.297058571305996,
        83.98842294828917,
        91.79881656804736,
        113.20118343195267
      ],
      [
        225.45013292170478,
        55.52173913043478,
        253.3372781065089,
        143.3786982248521
      ]
    ]
  }
}