{
  "labels": {
    "浴室": [
      [
        [
          117.77419354838707,
          153.76344086021504
        ],
        [
          234.97849462365593,
          154.83870967741936
        ],
        [
          233.9032258064516,
          267.741935483871
        ],
        [
          115.6236559139785,
          270.96774193548384
        ]
      ]
    ],
    "洋室": [
      [
        [
          110.24731182795699,
          570.9677419354838
        ],
        [
          321.0,
          574.1935483870967
        ],
        [
          321.0,
          809.6774193548387
        ],
        [
          114.54838709677415,
          812.9032258064516
        ]
      ],
      [
        [
          321.0,
          631.1827956989247
        ],
        [
          528.5268817204301,
          633.3333333333333
        ],
        [
          529.6021505376343,
          809.6774193548387
        ],
        [
          319.92473118279565,
          809.6774193548387
        ]
      ]
    ],
    "廊下": [
      [
        [
          354.33333333333326,
          212.90322580645162
        ],
        [
          433.9032258064516,
          215.0537634408602
        ],
        [
          434.9784946236558,
          394.6236559139785
        ],
        [
          355.4086021505376,
          393.54838709677415
        ]
      ],
      [
        [
          479.0645161290322,
          277.41935483870964
        ],
        [
          536.0537634408602,
          277.41935483870964
        ],
        [
          532.8279569892472,
          392.47311827956986
        ],
        [
          476.9139784946236,
          392.47311827956986
        ]
      ]
    ],
    "LDK": [
      [
        [
          329.60215053763443,
          394.6236559139785
        ],
        [
          530.6774193548387,
          395.6989247311828
        ],
        [
          532.8279569892472,
          574.1935483870967
        ],
        [
          325.30107526881716,
          572.0430107526881
        ]
      ]
    ],
    "開戸": [
      [
        360.9071358748778,
        173.86974584555227,
        397.72727272727275,
        232.38636363636363
      ],
      [
        476.60647010647,
        371.73935298935294,
        528.2214076246335,
        445.7294721407624
      ],
      [
        326.98729227761487,
        620.4301075268817,
        380.6818181818182,
        686.3636363636364
      ]
    ],
    "引戸": [
      [
        338.18509418509404,
        157.9494266994267,
        375.0078201368523,
        266.9293743890518
      ],
      [
        214.7207207207207,
        159.45945945945945,
        248.95698924731175,
        267.741935483871
      ],
      [
        306.61261261261245,
        390.09009009009003,
        336.78029642545766,
        513.9784946236559
      ],
      [
        302.108108108108,
        511.71171171171164,
        338.20430107526875,
        631.1827956989247
      ],
      [
        121.9279279279279,
        315.3153153153153,
        225.53153153153153,
        351.3513513513513
      ]
    ],
    "折戸": [
      [
        204.87096774193543,
        556.4080209241499,
        315.6236559139785,
        592.9671607090961
      ],
      [
        112.9189189189189,
        555.8558558558558,
        198.41935483870964,
        591.3978494623656
      ],
      [
        392.5359237536656,
        616.4528347996089,
        530.1703323558161,
        660.5388563049853
      ]
    ]
  }
}