{
  "labels": {
    "洋室": [
      [
        [
          261.7124463519313,
          90.98712446351931
        ],
        [
          368.15021459227466,
          91.41630901287553
        ],
        [
          367.7210300429184,
          183.26180257510728
        ],
        [
          308.92274678111585,
          182.40343347639484
        ],
        [
          307.6351931330472,
          173.39055793991415
        ],
        [
          261.2832618025751,
          172.5321888412017
        ]
      ],
      [
        [
          188.75107296137338,
          137.3390557939914
        ],
        [
          213.2145922746781,
          137.3390557939914
        ],
        [
          213.64377682403432,
          173.39055793991415
        ],
        [
          308.49356223175965,
          174.2489270386266
        ],
        [
          308.49356223175965,
          243.34763948497854
        ],
        [
          212.35622317596565,
          242.91845493562232
        ],
        [
          212.35622317596565,
          224.46351931330472
        ],
        [
          188.75107296137338,
          224.46351931330472
        ]
      ],
      [
        [
          117.93562231759657,
          138.19742489270385
        ],
        [
          187.0343347639485,
          138.19742489270385
        ],
        [
          187.46351931330472,
          224.46351931330472
        ],
        [
          118.36480686695279,
          224.46351931330472
        ]
      ]
    ],
    "廊下": [
      [
        [
          167.72103004291844,
          91.84549356223175
        ],
        [
          182.74248927038627,
          91.84549356223175
        ],
        [
          182.31330472103005,
          115.87982832618026
        ],
        [
          259.9957081545064,
          116.7381974248927
        ],
        [
          260.42489270386267,
          135.62231759656652
        ],
        [
          168.15021459227466,
          136.05150214592274
        ]
      ]
    ],
    "開戸": [
      [
        241.96995708154503,
        115.87982832618026,
        267.72103004291847,
        136.90987124463518
      ],
      [
        190.46781115879827,
        132.18884120171674,
        214.93133047210299,
        157.93991416309012
      ],
      [
        165.57510729613733,
        129.18454935622316,
        188.32188841201716,
        157.93991416309012
      ]
    ],
    "引戸": [
      [
        160.12230215827338,
        91.55525365115632,
        173.7410071942446,
        130.97122302158272
      ]
    ],
    "折戸": [
      [
        114.93133047210301,
        131.3304721030043,
        167.72103004291844,
        149.35622317596565
      ],
      [
        187.0343347639485,
        213.3047210300429,
        214.07296137339054,
        227.8969957081545
      ]
    ]
  }
}