{
  "labels": {
    "浴室": [
      [
        [
          439.2058823529411,
          403.67647058823525
        ],
        [
          503.9117647058823,
          405.88235294117646
        ],
        [
          503.17647058823525,
          470.5882352941176
        ],
        [
          438.47058823529403,
          468.38235294117646
        ]
      ]
    ],
    "LDK": [
      [
        [
          298.7647058823529,
          263.235294117647
        ],
        [
          437.7352941176471,
          266.17647058823525
        ],
        [
          435.52941176470586,
          469.1176470588235
        ],
        [
          195.8235294117647,
          467.6470588235294
        ],
        [
          196.55882352941177,
          334.55882352941177
        ],
        [
          298.7647058823529,
          333.0882352941176
        ]
      ]
    ],
    "廊下": [
      [
        [
          300.235294117647,
          194.1176470588235
        ],
        [
          437.7352941176471,
          196.3235294117647
        ],
        [
          437.7352941176471,
          230.1470588235294
        ],
        [
          331.85294117647055,
          228.67647058823528
        ],
        [
          332.5882352941176,
          260.2941176470588
        ],
        [
          300.9705882352941,
          261.02941176470586
        ]
      ]
    ],
    "開戸": [
      [
        214.94117647058823,
        223.52941176470586,
        245.08823529411762,
        243.38235294117646
      ],
      [
        245.08823529411762,
        221.3235294117647,
        296.5588235294117,
        252.20588235294116
      ],
      [
        331.1176470588235,
        212.49999999999997,
        366.4117647058823,
        232.35294117647058
      ],
      [
        299.49999999999994,
        236.76470588235293,
        331.85294117647055,
        269.11764705882354
      ]
    ],
    "引戸": [
      [
        367.9347826086956,
        180.97826086956522,
        436.95652173913044,
        202.7173913043478
      ],
      [
        197.28260869565216,
        322.2826086956522,
        296.195652173913,
        342.39130434782606
      ],
      [
        287.5,
        261.95652173913044,
        308.695652173913,
        333.695652173913
      ],
      [
        442.39130434782606,
        391.8478260869565,
        503.80434782608694,
        410.32608695652175
      ],
      [
        440.2173913043478,
        322.82608695652175,
        504.89130434782606,
        344.5652173913043
      ]
    ],
    "折戸": [
      [
        334.66666666666663,
        141.59259259259258,
        361.82716049382714,
        172.45679012345678
      ]
    ]
  }
}