{
  "labels": {
    "浴室": [
      [
        [
          41.97959183673469,
          155.34693877551024
        ],
        [
          209.3265306122449,
          155.34693877551024
        ],
        [
          209.3265306122449,
          326.7755102040817
        ],
        [
          41.97959183673469,
          326.7755102040817
        ]
      ]
    ],
    "LDK": [
      [
        [
          213.75625991956483,
          74.65924011011845
        ],
        [
          208.27680786477032,
          417.124993534776
        ],
        [
          245.26310923463333,
          413.01540449368014
        ],
        [
          245.26310923463333,
          496.5770483292965
        ],
        [
          202.79735580997578,
          502.0565003840909
        ],
        [
          205.53708183737305,
          674.6592401101179
        ],
        [
          790.4685886866881,
          684.2482812060082
        ],
        [
          801.4274927962771,
          341.78252778135135
        ],
        [
          548.0028352620305,
          332.19348668546087
        ],
        [
          545.2631092346334,
          82.87841819231022
        ]
      ]
    ],
    "廊下": [
      [
        [
          864.5669291338583,
          248.81889763779526
        ],
        [
          863.0936201467966,
          338.72591439768644
        ],
        [
          806.9292365851527,
          335.98618837028926
        ],
        [
          802.819647544057,
          460.6437226168647
        ],
        [
          1017.8881406947422,
          466.1231746716591
        ],
        [
          1016.5182776810436,
          334.61632535659055
        ],
        [
          982.271702338578,
          337.35605138398796
        ],
        [
          978.1621132974824,
          246.94509247987833
        ]
      ]
    ],
    "開戸": [
      [
        730.0393957604616,
        338.0958904109589,
        833.8582677165355,
        412.59842519685037
      ],
      [
        982.6247237572527,
        342.8071154613159,
        1088.1889763779527,
        413.3858267716535
      ],
      [
        1111.1736032995875,
        87.45556805399326,
        1212.5984251968505,
        156.69291338582676
      ]
    ],
    "折戸": [
      [
        832.9883764529434,
        258.26771653543307,
        896.8503937007874,
        330.75515560554925
      ],
      [
        229.8996871966347,
        420.4724409448819,
        292.1259842519685,
        501.1095890410959
      ],
      [
        880.8219178082192,
        424.40944881889766,
        955.9055118110236,
        580.5616438356165
      ]
    ],
    "引戸": [
      [
        179.45205479452056,
        507.95890410958907,
        231.5068493150685,
        635.3561643835617
      ],
      [
        58.87917204041752,
        295.2755905511811,
        201.57480314960628,
        349.0884387699387
      ],
      [
        66.92913385826772,
        425.49831271091114,
        205.7142857142857,
        481.1023622047244
      ],
      [
        949.3963254593175,
        178.83164604424448,
        1001.7772778402699,
        325.49831271091114
      ],
      [
        780.0,
        90.0952380952381,
        828.5714285714286,
        243.4285714285714
      ]
    ]
  }
}