{
  "labels": {
    "洋室": [
      [
        [
          7.23076923076923,
          11.461538461538453
        ],
        [
          242.6153846153846,
          13.0
        ],
        [
          241.84615384615384,
          169.9230769230769
        ],
        [
          402.6153846153846,
          169.15384615384613
        ],
        [
          402.6153846153846,
          243.0
        ],
        [
          9.538461538461538,
          244.53846153846155
        ]
      ],
      [
        [
          244.9230769230769,
          246.8461538461538
        ],
        [
          559.5384615384615,
          246.8461538461538
        ],
        [
          559.5384615384615,
          478.38461538461536
        ],
        [
          245.69230769230768,
          480.6923076923076
        ]
      ],
      [
        [
          638.7692307692307,
          11.461538461538453
        ],
        [
          960.3076923076923,
          11.461538461538453
        ],
        [
          961.0769230769231,
          87.61538461538461
        ],
        [
          877.2307692307692,
          88.38461538461539
        ],
        [
          874.9230769230769,
          244.53846153846155
        ],
        [
          640.3076923076923,
          247.61538461538458
        ]
      ],
      [
        [
          639.5384615384615,
          249.15384615384613
        ],
        [
          874.9230769230769,
          249.15384615384613
        ],
        [
          873.3846153846154,
          482.23076923076917
        ],
        [
          560.3076923076923,
          481.46153846153845
        ],
        [
          562.6153846153846,
          326.07692307692304
        ],
        [
          640.3076923076923,
          326.07692307692304
        ]
      ]
    ],
    "廊下": [
      [
        [
          403.38461538461536,
          169.9230769230769
        ],
        [
          637.2307692307692,
          173.0
        ],
        [
          636.4615384615385,
          317.6153846153846
        ],
        [
          564.1538461538462,
          319.15384615384613
        ],
        [
          564.9230769230769,
          242.23076923076923
        ],
        [
          401.8461538461538,
          240.69230769230768
        ]
      ]
    ],
    "折戸": [
      [
        233.3846153846154,
        248.38461538461536,
        286.46153846153845,
        476.0769230769231
      ]
    ],
    "開戸": [
      [
        616.030534351145,
        172.3358778625954,
        714.9230769230769,
        243.76923076923077
      ],
      [
        617.5572519083969,
        256.30534351145036,
        710.3076923076923,
        323.0
      ],
      [
        485.4961832061069,
        217.37404580152668,
        561.8461538461538,
        317.6153846153846
      ],
      [
        409.9236641221374,
        147.90839694656486,
        476.46741045214327,
        236.8461538461538
      ],
      [
        323.38461538461536,
        168.3846153846154,
        417.55725190839695,
        237.98473282442745
      ]
    ]
  }
}