{
  "labels": {
    "LDK": [
      [
        [
          238.14814814814812,
          229.48148148148147
        ],
        [
          242.77777777777777,
          537.8148148148148
        ],
        [
          277.96296296296293,
          532.2592592592592
        ],
        [
          275.18518518518516,
          796.1481481481482
        ],
        [
          652.9629629629629,
          795.2222222222222
        ],
        [
          653.8846153846154,
          455.07692307692304
        ],
        [
          577.9230769230769,
          457.96153846153845
        ],
        [
          574.0769230769231,
          378.15384615384613
        ],
        [
          651.9615384615385,
          378.15384615384613
        ],
        [
          651.9615384615385,
          197.3846153846154
        ],
        [
          318.9380530973451,
          196.46017699115043
        ],
        [
          314.46153846153845,
          232.0
        ]
      ]
    ],
    "浴室": [
      [
        [
          54.84615384615384,
          48.34615384615384
        ],
        [
          204.84615384615384,
          48.34615384615384
        ],
        [
          204.84615384615384,
          189.69230769230768
        ],
        [
          54.84615384615384,
          189.69230769230768
        ]
      ]
    ],
    "洋室": [
      [
        [
          50.03846153846153,
          274.3076923076923
        ],
        [
          243.30769230769232,
          274.3076923076923
        ],
        [
          243.30769230769232,
          532.0
        ],
        [
          50.03846153846153,
          532.0
        ]
      ]
    ],
    "開戸": [
      [
        143.3076923076923,
        120.35398230088494,
        210.97345132743357,
        182.0
      ],
      [
        246.96664397549353,
        218.58407079646017,
        303.0088495575221,
        264.4625595643296
      ],
      [
        541.9469026548671,
        388.34785568413884,
        590.4230769230769,
        449.55752212389376
      ]
    ],
    "折戸": [
      [
        170.65622872702517,
        255.80871341048328,
        232.2123893805309,
        305.3097345132743
      ]
    ],
    "引戸": [
      [
        223.49829816201492,
        328.3185840707964,
        259.646017699115,
        526.6562287270251
      ],
      [
        321.61776718856356,
        176.99115044247785,
        435.7522123893805,
        204.26855003403674
      ],
      [
        416.2831858407079,
        58.40707964601769,
        443.71681415929197,
        180.5309734513274
      ],
      [
        295.929203539823,
        58.40707964601769,
        331.32743362831854,
        177.87610619469024
      ]
    ]
  }
}