{
  "labels": {
    "洋室": [
      [
        [
          204.91139240506328,
          127.84810126582278
        ],
        [
          314.40506329113924,
          128.48101265822785
        ],
        [
          313.1392405063291,
          243.67088607594937
        ],
        [
          240.98734177215186,
          242.40506329113924
        ],
        [
          240.98734177215186,
          270.88607594936707
        ],
        [
          206.17721518987338,
          271.5189873417721
        ]
      ],
      [
        [
          312.7343822067339,
          268.4569261517962
        ],
        [
          455.7723568902783,
          270.3556603290114
        ],
        [
          455.7723568902783,
          409.5961666581253
        ],
        [
          313.367293599139,
          410.2290780505304
        ]
      ],
      [
        [
          98.58227848101265,
          305.69620253164555
        ],
        [
          242.25316455696202,
          306.3291139240506
        ],
        [
          242.25316455696202,
          413.92405063291136
        ],
        [
          97.94936708860757,
          413.2911392405063
        ]
      ]
    ],
    "廊下": [
      [
        [
          161.873417721519,
          166.45569620253164
        ],
        [
          203.01265822784808,
          165.82278481012656
        ],
        [
          204.91139240506328,
          274.05063291139237
        ],
        [
          311.2405063291139,
          274.05063291139237
        ],
        [
          310.60759493670884,
          302.53164556962025
        ],
        [
          173.8987341772152,
          301.8987341772152
        ],
        [
          172.0,
          232.91139240506328
        ],
        [
          162.50632911392404,
          232.2784810126582
        ]
      ]
    ],
    "開戸": [
      [
        192.92063492063488,
        234.39153439153438,
        236.84210526315786,
        267.2064777327935
      ],
      [
        206.88259109311738,
        292.7125506072874,
        241.59719161584582,
        338.60759493670884
      ],
      [
        280.4789627427868,
        272.8591195613181,
        326.31578947368416,
        302.83400809716596
      ],
      [
        147.57269512632598,
        166.30195254445755,
        188.663967611336,
        199.1902834008097
      ]
    ],
    "折戸": [
      [
        100.4844161686267,
        295.6429535376904,
        171.94875211397527,
        322.5567570337724
      ],
      [
        299.3940834993466,
        344.7893237366921,
        327.1255060728745,
        377.327935222672
      ],
      [
        243.9981550761031,
        226.22866806744221,
        308.9068825910931,
        256.27530364372456
      ]
    ]
  }
}