{
  "labels": {
    "廊下": [
      [
        [
          517.7848101265822,
          209.07594936708858
        ],
        [
          519.0506329113924,
          448.3164556962025
        ],
        [
          325.37974683544303,
          448.3164556962025
        ],
        [
          325.37974683544303,
          554.6455696202531
        ],
        [
          611.4556962025316,
          555.9113924050632
        ],
        [
          608.9240506329114,
          210.34177215189874
        ]
      ]
    ],
    "洋室": [
      [
        [
          30.44303797468354,
          266.0379746835443
        ],
        [
          322.8481012658228,
          266.0379746835443
        ],
        [
          322.8481012658228,
          625.5316455696202
        ],
        [
          30.44303797468354,
          625.5316455696202
        ]
      ],
      [
        [
          606.3924050632911,
          388.82278481012656
        ],
        [
          891.2025316455696,
          388.82278481012656
        ],
        [
          891.2025316455696,
          740.7215189873417
        ],
        [
          606.3924050632911,
          740.7215189873417
        ]
      ],
      [
        [
          603.8607594936709,
          36.92405063291139
        ],
        [
          889.9367088607595,
          36.92405063291139
        ],
        [
          889.9367088607595,
          387.55696202531647
        ],
        [
          603.8607594936709,
          387.55696202531647
        ]
      ]
    ],
    "開戸": [
      [
        587.8681691880209,
        302.746835443038,
        685.3365236184006,
        382.49367088607596
      ],
      [
        581.5546218487395,
        394.6838634187852,
        692.8655462184875,
        468.5882352941177
      ],
      [
        522.8481012658227,
        198.94936708860757,
        612.7215189873417,
        297.6835443037974
      ]
    ],
    "引戸": [
      [
        141.60504201680672,
        233.1368735206339,
        314.8929710816095,
        286.2352941176471
      ],
      [
        303.3256149017186,
        387.8048780487805,
        354.2682926829268,
        555.4585777503344
      ]
    ]
  }
}