{
  "labels": {
    "廊下": [
      [
        [
          399.0,
          239.25
        ],
        [
          397.75,
          343.0
        ],
        [
          560.25,
          349.25
        ],
        [
          562.75,
          400.5
        ],
        [
          777.75,
          401.75
        ],
        [
          777.75,
          348.0
        ],
        [
          615.25,
          346.75
        ],
        [
          616.5,
          295.5
        ],
        [
          560.25,
          291.75
        ],
        [
          561.5,
          235.5
        ]
      ]
    ],
    "洋室": [
      [
        [
          182.75,
          293.0
        ],
        [
          395.25,
          293.0
        ],
        [
          395.25,
          561.75
        ],
        [
          182.75,
          561.75
        ]
      ],
      [
        [
          452.75,
          403.0
        ],
        [
          889.0,
          403.0
        ],
        [
          889.0,
          564.25
        ],
        [
          452.75,
          564.25
        ]
      ],
      [
        [
          560.25,
          129.25
        ],
        [
          564.0,
          181.75
        ],
        [
          615.25,
          181.75
        ],
        [
          617.75,
          346.75
        ],
        [
          887.75,
          348.0
        ],
        [
          884.0,
          129.25
        ]
      ]
    ],
    "開戸": [
      [
        383.0,
        245.0,
        448.6,
        289.8
      ],
      [
        381.55,
        298.6,
        450.2,
        341.5
      ],
      [
        511.1,
        221.8,
        548.6,
        276.1
      ],
      [
        471.75,
        309.8,
        543.8,
        360.40000000000003
      ],
      [
        597.4,
        297.0,
        665.4,
        343.75
      ],
      [
        299.0,
        245.5,
        344.0,
        311.4
      ]
    ],
    "引戸": [
      [
        163.0,
        297.8,
        206.2,
        397.8
      ],
      [
        386.5,
        350.5,
        421.4,
        452.20000000000005
      ],
      [
        436.6,
        457.85,
        472.5,
        557.8
      ],
      [
        782.0,
        381.8,
        880.6,
        416.65000000000003
      ],
      [
        564.6500000000001,
        381.8,
        664.6,
        418.35
      ],
      [
        670.0,
        381.15000000000003,
        771.25,
        417.40000000000003
      ],
      [
        596.35,
        190.60000000000002,
        635.0,
        288.1
      ],
      [
        187.8,
        275.4,
        289.4,
        311.4
      ]
    ]
  }
}