{
  "labels": {
    "LDK": [
      [
        [
          44.80152671755725,
          87.89312977099235
        ],
        [
          41.74809160305343,
          453.5419847328244
        ],
        [
          436.4045801526717,
          453.5419847328244
        ],
        [
          436.4045801526717,
          247.4351145038168
        ],
        [
          357.0152671755725,
          245.14503816793894
        ],
        [
          356.25190839694653,
          196.29007633587787
        ],
        [
          253.19847328244273,
          191.70992366412213
        ],
        [
          253.9618320610687,
          87.12977099236642
        ]
      ]
    ],
    "廊下": [
      [
        [
          355.4885496183206,
          195.5267175572519
        ],
        [
          563.8854961832061,
          195.5267175572519
        ],
        [
          563.8854961832061,
          245.14503816793894
        ],
        [
          355.4885496183206,
          245.14503816793894
        ]
      ]
    ],
    "浴室": [
      [
        [
          461.59541984732823,
          352.0152671755725
        ],
        [
          563.8854961832061,
          352.0152671755725
        ],
        [
          563.8854961832061,
          452.77862595419845
        ],
        [
          461.59541984732823,
          452.77862595419845
        ]
      ]
    ],
    "開戸": [
      [
        309.1319796954315,
        197.5610493277018,
        363.1066377339481,
        240.60913705583758
      ],
      [
        522.3299492385787,
        184.08796063083656,
        559.0495989460223,
        232.48730964467006
      ]
    ],
    "引戸": [
      [
        466.68706164994,
        343.1472081218274,
        554.3096446700507,
        361.18332235439993
      ],
      [
        425.3756345177665,
        353.52648506219236,
        444.0420428565893,
        449.23857868020303
      ],
      [
        243.64974619289342,
        107.2134692137792,
        261.0916805517883,
        184.7715736040609
      ],
      [
        464.38923547874606,
        234.01015228426397,
        560.9086294416244,
        252.0191420932305
      ]
    ]
  }
}