{
  "labels": {
    "LDK": [
      [
        [
          8.391608391608392,
          88.81118881118881
        ],
        [
          8.741258741258742,
          223.42657342657344
        ],
        [
          182.51748251748253,
          224.47552447552448
        ],
        [
          183.91608391608392,
          196.85314685314685
        ],
        [
          195.45454545454547,
          195.8041958041958
        ],
        [
          197.2027972027972,
          115.03496503496504
        ],
        [
          145.10489510489512,
          116.43356643356644
        ],
        [
          143.7062937062937,
          88.81118881118881
        ]
      ]
    ],
    "廊下": [
      [
        [
          197.90209790209792,
          116.0839160839161
        ],
        [
          250.0,
          116.0839160839161
        ],
        [
          250.0,
          157.34265734265736
        ],
        [
          197.90209790209792,
          157.34265734265736
        ]
      ],
      [
        [
          116.0839160839161,
          39.16083916083916
        ],
        [
          143.006993006993,
          39.16083916083916
        ],
        [
          143.006993006993,
          89.51048951048952
        ],
        [
          116.0839160839161,
          89.51048951048952
        ]
      ]
    ],
    "浴室": [
      [
        [
          7.342657342657343,
          9.090909090909092
        ],
        [
          62.23776223776224,
          9.090909090909092
        ],
        [
          62.23776223776224,
          64.33566433566433
        ],
        [
          7.342657342657343,
          64.33566433566433
        ]
      ]
    ],
    "開戸": [
      [
        187.44927536231882,
        122.37762237762239,
        220.62937062937064,
        144.92753623188406
      ],
      [
        119.14084507042253,
        81.12676056338027,
        143.35664335664336,
        113.98601398601399
      ],
      [
        96.15384615384616,
        40.0,
        123.36619718309856,
        60.83916083916084
      ],
      [
        172.94366197183098,
        29.859154929577464,
        193.78873239436615,
        58.59154929577464
      ]
    ],
    "折戸": [
      [
        52.253521126760546,
        39.71014492753623,
        72.37681159420289,
        61.05289077120063
      ],
      [
        173.1600283774197,
        199.00172291476642,
        190.64254585993717,
        224.1765480895916
      ],
      [
        9.090909090909092,
        81.64115125535822,
        35.47887323943661,
        101.40772271207054
      ]
    ],
    "引戸": [
      [
        143.006993006993,
        110.4895104895105,
        194.63380281690138,
        124.78873239436619
      ],
      [
        134.52868217718188,
        42.31884057971014,
        151.2173913043478,
        87.59197324414716
      ],
      [
        120.33039424343772,
        28.699734639722394,
        160.87181057358643,
        41.72150160515134
      ]
    ]
  }
}