{
  "labels": {
    "浴室": [
      [
        [
          12.0,
          11.0
        ],
        [
          130.0,
          10.0
        ],
        [
          130.0,
          132.0
        ],
        [
          9.0,
          131.0
        ]
      ]
    ],
    "廊下": [
      [
        [
          131.0,
          86.0
        ],
        [
          304.0,
          117.0
        ],
        [
          305.0,
          188.0
        ],
        [
          131.0,
          186.0
        ]
      ]
    ],
    "LDK": [
      [
        [
          9.0,
          247.0
        ],
        [
          160.0,
          249.0
        ],
        [
          161.0,
          190.0
        ],
        [
          275.07563025210084,
          189.07563025210084
        ],
        [
          276.7563025210085,
          247.05882352941177
        ],
        [
          242.30252100840335,
          247.89915966386556
        ],
        [
          243.0,
          423.0
        ],
        [
          423.0,
          427.0
        ],
        [
          420.0,
          666.0
        ],
        [
          8.0,
          663.0
        ]
      ]
    ],
    "開戸": [
      [
        258.9601990049751,
        133.48756218905473,
        326.3930348258706,
        178.1094527363184
      ],
      [
        111.0,
        135.0,
        187.0,
        186.0
      ]
    ],
    "折戸": [
      [
        104.0,
        192.0,
        144.30348258706465,
        241.79104477611938
      ],
      [
        170.53731343283584,
        192.00497512437812,
        211.96517412935322,
        241.79104477611938
      ],
      [
        23.111111111111086,
        428.8888888888889,
        64.0,
        480.55555555555554
      ],
      [
        310.4726368159204,
        289.5223880597015,
        419.4278606965173,
        338.30845771144277
      ],
      [
        167.1890547263681,
        17.41293532338308,
        211.1428571428571,
        122.57142857142856
      ]
    ],
    "引戸": [
      [
        18.285714285714278,
        113.99999999999999,
        123.0,
        142.71428571428578
      ],
      [
        151.85714285714283,
        172.57142857142856,
        250.0,
        199.0
      ],
      [
        229.37810945273628,
        260.6965174129353,
        262.7114427860696,
        419.90049751243777
      ],
      [
        252.5432726477502,
        408.88212782242636,
        406.9900497512437,
        444.2786069651741
      ],
      [
        16.857142857142776,
        229.71428571428567,
        104.15126050420167,
        263.235294117647
      ]
    ]
  }
}