{
  "labels": {
    "洋室": [
      [
        [
          236.89312977099235,
          15.267175572519083
        ],
        [
          450.63358778625957,
          17.557251908396946
        ],
        [
          448.3435114503817,
          235.11450381679387
        ],
        [
          233.07633587786256,
          232.06106870229007
        ]
      ],
      [
        [
          288.0381679389313,
          299.23664122137404
        ],
        [
          449.10687022900765,
          298.4732824427481
        ],
        [
          447.58015267175574,
          513.7404580152671
        ],
        [
          288.80152671755724,
          512.9770992366412
        ]
      ],
      [
        [
          64.3740458015267,
          351.9083969465649
        ],
        [
          228.49618320610688,
          354.1984732824427
        ],
        [
          223.91603053435114,
          572.5190839694657
        ],
        [
          60.55725190839695,
          571.7557251908397
        ]
      ]
    ],
    "廊下": [
      [
        [
          177.35114503816794,
          187.02290076335876
        ],
        [
          225.44274809160305,
          187.78625954198472
        ],
        [
          224.6793893129771,
          239.6946564885496
        ],
        [
          282.6946564885496,
          241.98473282442748
        ],
        [
          280.4045801526717,
          399.23664122137404
        ],
        [
          233.83969465648852,
          400.76335877862596
        ],
        [
          233.83969465648852,
          290.8396946564885
        ],
        [
          177.35114503816794,
          290.07633587786256
        ]
      ]
    ],
    "開戸": [
      [
        181.93129770992363,
        71.7557251908397,
        248.34351145038164,
        123.66412213740458
      ],
      [
        212.25360474978794,
        178.91810385449062,
        278.66581849024595,
        236.93337103006314
      ],
      [
        265.3456790123456,
        297.14814814814815,
        341.4732824427481,
        345.0381679389313
      ],
      [
        208.4691358024691,
        352.7037037037037,
        280.69135802469134,
        399.0
      ]
    ],
    "折戸": [
      [
        342.23664122137404,
        284.7328244274809,
        454.45038167938924,
        322.13740458015263
      ],
      [
        259.03053435114504,
        238.93129770992365,
        297.1984732824427,
        292.36641221374043
      ],
      [
        206.3587786259542,
        401.5267175572519,
        239.94656488549617,
        519.8473282442748
      ]
    ],
    "引戸": [
      [
        143.95184242766936,
        276.23692394684764,
        225.75308641975306,
        312.58024691358025
      ]
    ]
  }
}