{
  "labels": {
    "洋室": [
      [
        [
          90.47619047619048,
          140.07936507936506
        ],
        [
          373.015873015873,
          140.07936507936506
        ],
        [
          373.015873015873,
          417.8571428571429
        ],
        [
          90.47619047619048,
          417.8571428571429
        ]
      ],
      [
        [
          225.3968253968254,
          421.031746031746
        ],
        [
          695.2380952380952,
          421.031746031746
        ],
        [
          695.2380952380952,
          671.8253968253969
        ],
        [
          225.3968253968254,
          671.8253968253969
        ]
      ],
      [
        [
          692.063492063492,
          409.92063492063494
        ],
        [
          1160.3174603174602,
          409.92063492063494
        ],
        [
          1160.3174603174602,
          670.2380952380952
        ],
        [
          692.063492063492,
          670.2380952380952
        ]
      ]
    ],
    "廊下": [
      [
        [
          374.6031746031746,
          328.968253968254
        ],
        [
          1161.904761904762,
          328.968253968254
        ],
        [
          1161.904761904762,
          419.44444444444446
        ],
        [
          374.6031746031746,
          419.44444444444446
        ]
      ]
    ],
    "引戸": [
      [
        560.3174603174604,
        309.09090909090907,
        656.8181818181818,
        353.3189033189033
      ],
      [
        953.3770491803278,
        401.0655737704918,
        1082.8852459016393,
        442.04918032786884
      ],
      [
        784.5245901639345,
        401.984126984127,
        912.6984126984127,
        442.04918032786884
      ],
      [
        480.42622950819674,
        400.3968253968254,
        615.8730158730159,
        442.04918032786884
      ],
      [
        314.2857142857143,
        400.3968253968254,
        439.6825396825397,
        441.66666666666663
      ],
      [
        352.55737704918033,
        176.63934426229508,
        393.1433775696071,
        327.29508196721315
      ],
      [
        353.78787878787875,
        275.71558678116054,
        391.5560759823055,
        403.030303030303
      ]
    ],
    "折戸": [
      [
        393.3621933621933,
        313.6363636363636,
        544.6969696969696,
        374.49494949494954
      ]
    ]
  }
}