{
  "labels": {
    "LDK": [
      [
        [
          40.40174672489081,
          43.66812227074236
        ],
        [
          120.75109170305677,
          44.54148471615721
        ],
        [
          120.31441048034935,
          326.2008733624454
        ],
        [
          11.580786026200883,
          326.6375545851528
        ],
        [
          11.580786026200883,
          266.8122270742358
        ],
        [
          41.27510917030568,
          267.2489082969432
        ]
      ]
    ],
    "廊下": [
      [
        [
          12.017467248908304,
          117.03056768558952
        ],
        [
          36.90829694323145,
          117.03056768558952
        ],
        [
          36.03493449781658,
          141.04803493449782
        ],
        [
          11.580786026200883,
          141.04803493449782
        ]
      ]
    ],
    "折戸": [
      [
        30.794759825327503,
        43.23144104803493,
        48.893401015228434,
        69.79695431472081
      ]
    ],
    "開戸": [
      [
        12.017467248908304,
        110.48034934497817,
        34.72489082969432,
        139.73799126637553
      ]
    ],
    "引戸": [
      [
        38.21834061135371,
        113.71999202003859,
        49.90862944162437,
        175.12690355329948
      ]
    ]
  }
}