{
  "labels": {
    "廊下": [
      [
        [
          188.33333333333334,
          37.166666666666686
        ],
        [
          185.83333333333334,
          279.6666666666667
        ],
        [
          344.1666666666667,
          279.6666666666667
        ],
        [
          347.5,
          205.5
        ],
        [
          269.1666666666667,
          203.0
        ],
        [
          269.1666666666667,
          122.16666666666669
        ],
        [
          420.0,
          120.5
        ],
        [
          421.6666666666667,
          40.5
        ]
      ]
    ],
    "洋室": [
      [
        [
          34.16666666666667,
          282.1666666666667
        ],
        [
          31.666666666666668,
          505.5
        ],
        [
          283.33333333333337,
          508.83333333333337
        ],
        [
          281.6666666666667,
          354.6666666666667
        ],
        [
          265.83333333333337,
          353.83333333333337
        ],
        [
          268.33333333333337,
          279.6666666666667
        ]
      ],
      [
        [
          349.1666666666667,
          203.0
        ],
        [
          348.33333333333337,
          509.66666666666674
        ],
        [
          575.0,
          510.5
        ],
        [
          575.8333333333334,
          264.6666666666667
        ],
        [
          416.6666666666667,
          268.0
        ],
        [
          419.1666666666667,
          199.66666666666669
        ]
      ]
    ],
    "開戸": [
      [
        353.33333333333337,
        50.5,
        435.0,
        112.16666666666669
      ],
      [
        327.4490868479832,
        208.72093023255815,
        415.16279069767444,
        269.9579555905927
      ]
    ],
    "折戸": [
      [
        274.24418604651163,
        252.90697674418604,
        331.4418604651163,
        295.0542635658915
      ],
      [
        426.6472868217055,
        248.27131782945736,
        562.8372093023256,
        301.16279069767444
      ],
      [
        254.69767441860466,
        357.08914728682174,
        304.8761660754172,
        494.1860465116279
      ]
    ],
    "引戸": [
      [
        126.7906976744186,
        263.7761135199054,
        259.78386545788993,
        301.16279069767444
      ],
      [
        170.10149783208516,
        133.13953488372093,
        207.02325581395348,
        265.1734988831955
      ]
    ]
  }
}