{
  "labels": {
    "引戸": [
      [
        264.0548068283917,
        297.9829290206649,
        286.3207547169811,
        364.1509433962264
      ],
      [
        389.78256963162625,
        283.3153638814016,
        473.58490566037733,
        300.9433962264151
      ],
      [
        358.0188679245283,
        238.67924528301884,
        379.8319856244384,
        287.20575022461816
      ],
      [
        275.9433962264151,
        226.88679245283018,
        340.366576819407,
        247.1653189577718
      ],
      [
        359.2839173405211,
        143.25696316262352,
        378.77358490566036,
        204.71698113207546
      ],
      [
        591.9811320754717,
        129.24528301886792,
        614.1221922731357,
        200.50314465408803
      ]
    ],
    "開戸": [
      [
        420.87421383647796,
        99.46540880503144,
        470.75471698113205,
        131.1320754716981
      ],
      [
        536.3207547169811,
        140.0943396226415,
        558.0188679245283,
        162.73584905660377
      ]
    ]
  }
}