{
  "labels": {
    "洋室": [
      [
        [
          495.2380952380952,
          351.4285714285714
        ],
        [
          688.5714285714286,
          352.38095238095235
        ],
        [
          688.5714285714286,
          496.19047619047615
        ],
        [
          496.19047619047615,
          494.2857142857143
        ]
      ],
      [
        [
          495.2380952380952,
          543.8095238095237
        ],
        [
          686.6666666666666,
          547.6190476190476
        ],
        [
          689.5238095238095,
          690.4761904761905
        ],
        [
          494.2857142857142,
          690.4761904761905
        ]
      ],
      [
        [
          300.0,
          542.8571428571429
        ],
        [
          493.33333333333326,
          543.8095238095237
        ],
        [
          494.2857142857142,
          690.4761904761905
        ],
        [
          300.95238095238096,
          689.5238095238095
        ]
      ]
    ],
    "廊下": [
      [
        [
          352.3809523809524,
          406.66666666666663
        ],
        [
          391.42857142857144,
          406.66666666666663
        ],
        [
          391.42857142857144,
          499.04761904761904
        ],
        [
          537.1428571428571,
          501.90476190476187
        ],
        [
          536.1904761904761,
          539.047619047619
        ],
        [
          306.66666666666663,
          537.1428571428571
        ],
        [
          306.66666666666663,
          425.7142857142857
        ],
        [
          353.33333333333326,
          426.66666666666663
        ]
      ]
    ],
    "開戸": [
      [
        288.57142857142856,
        498.0952380952381,
        346.66666666666663,
        545.7142857142857
      ],
      [
        497.9487179487179,
        526.9597069597069,
        540.7692307692307,
        591.3076923076923
      ]
    ],
    "引戸": [
      [
        307.6923076923077,
        532.0769230769229,
        391.53846153846155,
        558.2307692307692
      ],
      [
        210.51282051282044,
        480.6593406593406,
        296.15384615384613,
        511.30769230769226
      ],
      [
        285.054945054945,
        401.68498168498166,
        314.6153846153846,
        489.0
      ],
      [
        383.58974358974365,
        426.92307692307696,
        413.0769230769231,
        492.8461538461538
      ],
      [
        111.42857142857139,
        332.16117216117215,
        198.46153846153845,
        365.15384615384613
      ],
      [
        500.95238095238096,
        482.85714285714283,
        577.6923076923076,
        511.30769230769226
      ]
    ],
    "折戸": [
      [
        288.57142857142856,
        549.5238095238095,
        330.4761904761905,
        684.7619047619047
      ],
      [
        551.4285714285714,
        541.9047619047619,
        687.6190476190476,
        567.6190476190476
      ],
      [
        483.80952380952374,
        355.23809523809524,
        531.4285714285714,
        495.23809523809524
      ]
    ]
  }
}