{
  "labels": {
    "洋室": [
      [
        [
          149.68944099378882,
          127.27950310559007
        ],
        [
          285.09316770186336,
          127.90062111801242
        ],
        [
          286.3354037267081,
          194.36024844720495
        ],
        [
          250.93167701863354,
          194.36024844720495
        ],
        [
          249.6894409937888,
          268.89440993788816
        ],
        [
          146.583850931677,
          270.1366459627329
        ]
      ],
      [
        [
          291.30434782608694,
          164.54658385093165
        ],
        [
          392.54658385093165,
          166.40993788819875
        ],
        [
          392.54658385093165,
          303.67701863354034
        ],
        [
          291.30434782608694,
          302.4347826086956
        ]
      ]
    ],
    "廊下": [
      [
        [
          290.6832298136646,
          129.7639751552795
        ],
        [
          427.9503105590062,
          129.7639751552795
        ],
        [
          428.57142857142856,
          160.8198757763975
        ],
        [
          291.30434782608694,
          158.95652173913044
        ]
      ]
    ],
    "開戸": [
      [
        280.12422360248445,
        126.03726708074532,
        324.22360248447205,
        159.5776397515528
      ],
      [
        322.9813664596273,
        129.7639751552795,
        362.111801242236,
        171.3788819875776
      ],
      [
        376.3975155279503,
        272.0,
        404.06912442396316,
        305.16129032258067
      ]
    ],
    "折戸": [
      [
        215.527950310559,
        251.5031055900621,
        250.93167701863354,
        273.2422360248447
      ],
      [
        281.9875776397515,
        200.57142857142856,
        310.55900621118013,
        270.7577639751553
      ]
    ]
  }
}