{
  "labels": {
    "LDK": [
      [
        [
          38.0375939849624,
          380.45112781954884
        ],
        [
          39.573033707865164,
          665.9887640449438
        ],
        [
          664.2921348314607,
          667.1123595505618
        ],
        [
          663.1685393258426,
          272.7303370786517
        ],
        [
          428.3370786516854,
          274.97752808988764
        ],
        [
          428.3370786516854,
          234.52808988764042
        ],
        [
          351.9325842696629,
          236.77528089887642
        ],
        [
          351.9325842696629,
          353.62921348314603
        ],
        [
          117.10112359550561,
          355.87640449438203
        ],
        [
          116.14705882352939,
          380.35294117647055
        ]
      ]
    ],
    "廊下": [
      [
        [
          429.46067415730334,
          115.42696629213481
        ],
        [
          586.7640449438202,
          115.42696629213481
        ],
        [
          586.7640449438202,
          276.1011235955056
        ],
        [
          429.46067415730334,
          276.1011235955056
        ]
      ]
    ],
    "浴室": [
      [
        [
          37.325842696629216,
          39.02247191011236
        ],
        [
          195.75280898876403,
          39.02247191011236
        ],
        [
          195.75280898876403,
          200.82022471910113
        ],
        [
          37.325842696629216,
          200.82022471910113
        ]
      ]
    ],
    "開戸": [
      [
        346.314606741573,
        210.52631578947367,
        419.2406015037594,
        307.56179775280896
      ],
      [
        191.25842696629212,
        333.0827067669173,
        268.8646616541353,
        398.5730337078652
      ],
      [
        125.25563909774434,
        280.5955056179775,
        187.8876404494382,
        374.4360902255639
      ],
      [
        48.90697674418604,
        359.54287403903015,
        115.60581228351778,
        418.3798449612403
      ],
      [
        277.8872180451128,
        156.39097744360902,
        340.2932330827067,
        220.30075187969925
      ]
    ],
    "折戸": [
      [
        121.7751937984496,
        157.0,
        182.2696629213483,
        213.72868217054264
      ]
    ],
    "引戸": [
      [
        441.1550387596899,
        98.49624060150376,
        579.390977443609,
        141.63565891472868
      ],
      [
        437.2857142857142,
        254.13533834586465,
        579.390977443609,
        293.98496240601503
      ],
      [
        558.3383458646616,
        105.26315789473684,
        696.6842105263157,
        141.35338345864662
      ]
    ]
  }
}