{
  "labels": {
    "LDK": [
      [
        [
          317.4545454545454,
          44.090909090909065
        ],
        [
          892.9090909090908,
          43.18181818181816
        ],
        [
          893.8181818181818,
          349.5454545454545
        ],
        [
          608.3636363636363,
          346.81818181818176
        ],
        [
          609.2727272727273,
          425.0
        ],
        [
          321.090909090909,
          424.090909090909
        ]
      ]
    ],
    "廊下": [
      [
        [
          751.9999999999999,
          348.6363636363636
        ],
        [
          751.090909090909,
          575.0
        ],
        [
          682.9090909090909,
          577.7272727272726
        ],
        [
          679.2727272727273,
          442.27272727272725
        ],
        [
          611.090909090909,
          443.18181818181813
        ],
        [
          608.3636363636363,
          348.6363636363636
        ]
      ],
      [
        [
          248.36363636363632,
          270.45454545454544
        ],
        [
          318.3636363636364,
          272.27272727272725
        ],
        [
          319.27272727272725,
          427.72727272727263
        ],
        [
          251.09090909090907,
          428.6363636363636
        ]
      ]
    ],
    "浴室": [
      [
        [
          101.09090909090907,
          424.090909090909
        ],
        [
          250.18181818181813,
          424.090909090909
        ],
        [
          248.36363636363632,
          575.9090909090909
        ],
        [
          101.09090909090907,
          575.9090909090909
        ]
      ]
    ],
    "折戸": [
      [
        746.5454545454545,
        497.72727272727263,
        862.9090909090908,
        540.4545454545454
      ],
      [
        755.3333333333333,
        324.96969696969694,
        853.8181818181818,
        365.8787878787879
      ],
      [
        220.15708101422382,
        422.7241805813235,
        266.6969696969697,
        497.69696969696963
      ],
      [
        94.72727272727269,
        226.8181818181818,
        253.81818181818176,
        297.7272727272727
      ]
    ],
    "引戸": [
      [
        617.5343228200371,
        319.6969696969697,
        746.2424242424242,
        370.4242424242424
      ],
      [
        579.6864564007421,
        348.9795918367347,
        628.8181818181818,
        487.8484848484849
      ],
      [
        665.5708101422387,
        446.87693259121824,
        699.2727272727273,
        567.3939393939394
      ],
      [
        257.7322201607916,
        406.94186765615336,
        376.5454545454545,
        456.030303030303
      ],
      [
        290.1842918985776,
        279.28262213976495,
        339.42424242424244,
        411.3333333333333
      ],
      [
        298.44032158317873,
        67.23871366728508,
        338.66666666666663,
        267.3939393939394
      ]
    ]
  }
}