{
  "labels": {
    "洋室": [
      [
        [
          100.36111111111114,
          201.38888888888889
        ],
        [
          278.83333333333337,
          202.08333333333334
        ],
        [
          278.1388888888889,
          306.94444444444446
        ],
        [
          136.47222222222223,
          306.94444444444446
        ],
        [
          134.3888888888889,
          272.22222222222223
        ],
        [
          101.75,
          272.9166666666667
        ]
      ],
      [
        [
          100.36111111111114,
          272.22222222222223
        ],
        [
          101.0555555555556,
          447.9166666666667
        ],
        [
          205.91666666666674,
          450.0
        ],
        [
          207.30555555555554,
          306.25
        ],
        [
          135.08333333333337,
          306.94444444444446
        ],
        [
          135.08333333333337,
          271.52777777777777
        ]
      ]
    ],
    "廊下": [
      [
        [
          208.0,
          306.25
        ],
        [
          241.33333333333337,
          307.6388888888889
        ],
        [
          242.72222222222229,
          413.8888888888889
        ],
        [
          276.05555555555554,
          413.8888888888889
        ],
        [
          276.75,
          450.0
        ],
        [
          206.6111111111111,
          449.3055555555556
        ]
      ]
    ],
    "引戸": [
      [
        208.76137884872827,
        295.0635876840696,
        277.68273092369475,
        315.6626506024096
      ],
      [
        194.3621151271754,
        309.0947121820616,
        220.25301204819277,
        380.72289156626505
      ]
    ],
    "折戸": [
      [
        127.87115127175369,
        202.83634538152612,
        153.98795180722888,
        273.8955823293172
      ],
      [
        100.90495314591703,
        301.5645917001339,
        136.3172690763052,
        326.1044176706827
      ]
    ],
    "開戸": [
      [
        223.74631860776447,
        307.1954484605087,
        249.9718875502008,
        346.9879518072289
      ]
    ]
  }
}