{
  "labels": {
    "廊下": [
      [
        [
          92.14977973568281,
          157.7092511013216
        ],
        [
          91.7092511013216,
          197.3568281938326
        ],
        [
          98.75770925110132,
          197.3568281938326
        ],
        [
          100.96035242290748,
          274.0088105726872
        ],
        [
          93.47136563876651,
          272.2466960352423
        ],
        [
          93.91189427312776,
          305.2863436123348
        ],
        [
          175.40969162995594,
          303.5242290748899
        ],
        [
          175.40969162995594,
          264.75770925110135
        ],
        [
          138.40528634361235,
          265.19823788546256
        ],
        [
          138.84581497797356,
          157.7092511013216
        ]
      ]
    ],
    "浴室": [
      [
        [
          18.581497797356832,
          272.6872246696035
        ],
        [
          93.91189427312776,
          272.6872246696035
        ],
        [
          93.91189427312776,
          346.69603524229075
        ],
        [
          18.581497797356832,
          346.69603524229075
        ]
      ]
    ],
    "洋室": [
      [
        [
          15.93832599118943,
          21.145374449339208
        ],
        [
          137.9647577092511,
          21.145374449339208
        ],
        [
          137.9647577092511,
          156.8281938325991
        ],
        [
          15.93832599118943,
          156.8281938325991
        ]
      ]
    ],
    "開戸": [
      [
        107.23728813559325,
        130.83700440528634,
        134.0,
        170.76271186440678
      ],
      [
        84.35593220338984,
        165.63876651982378,
        117.25991189427313,
        186.86440677966104
      ]
    ],
    "折戸": [
      [
        53.423728813559336,
        259.0278750525284,
        86.22314049586777,
        287.7118644067797
      ],
      [
        126.4102142910476,
        162.71186440677968,
        151.3050847457627,
        191.1726274919734
      ],
      [
        22.067796610169495,
        236.0169491525424,
        46.64406779661019,
        267.37288135593224
      ]
    ],
    "引戸": [
      [
        90.45486448144553,
        199.11894273127754,
        113.16949152542372,
        265.2542372881356
      ]
    ]
  }
}