{
  "labels": {
    "廊下": [
      [
        [
          176.66666666666666,
          224.66666666666669
        ],
        [
          176.66666666666666,
          300.0
        ],
        [
          239.33333333333334,
          302.6666666666667
        ],
        [
          241.33333333333334,
          263.3333333333333
        ],
        [
          301.3333333333333,
          264.0
        ],
        [
          301.3333333333333,
          183.33333333333334
        ],
        [
          218.0,
          182.66666666666666
        ],
        [
          219.33333333333334,
          220.0
        ]
      ]
    ],
    "浴室": [
      [
        [
          102.66666666666667,
          304.6666666666667
        ],
        [
          180.0,
          304.6666666666667
        ],
        [
          180.0,
          385.3333333333333
        ],
        [
          102.66666666666667,
          385.3333333333333
        ]
      ]
    ],
    "LDK": [
      [
        [
          298.6666666666667,
          180.0
        ],
        [
          578.0,
          180.0
        ],
        [
          578.0,
          344.0
        ],
        [
          298.6666666666667,
          344.0
        ]
      ]
    ],
    "洋室": [
      [
        [
          300.0,
          64.0
        ],
        [
          417.3333333333333,
          64.0
        ],
        [
          417.3333333333333,
          184.66666666666666
        ],
        [
          300.0,
          184.66666666666666
        ]
      ],
      [
        [
          456.0,
          61.33333333333333
        ],
        [
          579.3333333333334,
          61.33333333333333
        ],
        [
          579.3333333333334,
          180.66666666666666
        ],
        [
          456.0,
          180.66666666666666
        ]
      ]
    ],
    "開戸": [
      [
        294.0,
        185.33333333333334,
        340.6666666666667,
        220.66666666666669
      ],
      [
        183.41509433962264,
        265.566037735849,
        216.50943396226415,
        310.44025157232704
      ],
      [
        131.555023923445,
        89.95215311004786,
        162.17703349282297,
        116.26794258373207
      ]
    ],
    "折戸": [
      [
        401.4150943396226,
        124.47169811320754,
        430.76729559748424,
        178.77358490566036
      ],
      [
        442.92452830188677,
        69.33333333333334,
        478.6666666666667,
        118.39622641509433
      ],
      [
        144.66666666666666,
        301.3333333333333,
        178.66666666666666,
        323.3333333333333
      ]
    ],
    "引戸": [
      [
        287.3333333333333,
        69.33333333333334,
        304.6666666666667,
        138.0
      ],
      [
        227.41509433962264,
        172.23526225512322,
        294.2141374018237,
        189.61006289308173
      ],
      [
        481.2772110378864,
        171.69811320754715,
        549.5283018867924,
        192.32900003009237
      ],
      [
        303.3333333333333,
        172.16981132075472,
        367.45283018867923,
        190.0
      ],
      [
        147.82296650717706,
        212.44019138755982,
        217.20095693779905,
        230.14354066985646
      ],
      [
        171.26794258373207,
        94.25837320574163,
        219.11483253588517,
        113.87559808612441
      ]
    ]
  }
}