{
  "labels": {
    "洋室": [
      [
        [
          10.392070484581495,
          121.49779735682819
        ],
        [
          181.75770925110135,
          121.93832599118943
        ],
        [
          183.96035242290748,
          256.7400881057269
        ],
        [
          11.273127753303953,
          257.6211453744493
        ]
      ],
      [
        [
          320.0837004405286,
          121.05726872246697
        ],
        [
          183.07929515418505,
          121.49779735682819
        ],
        [
          183.07929515418505,
          257.6211453744493
        ],
        [
          320.0837004405286,
          257.1806167400881
        ]
      ],
      [
        [
          183.07929515418505,
          17.533039647577098
        ],
        [
          320.5242290748899,
          18.8546255506608
        ],
        [
          320.5242290748899,
          121.49779735682819
        ],
        [
          233.74008810572684,
          121.05726872246697
        ],
        [
          231.5374449339207,
          88.01762114537445
        ],
        [
          180.87665198237886,
          88.01762114537445
        ]
      ]
    ],
    "廊下": [
      [
        [
          80.87665198237886,
          88.01762114537445
        ],
        [
          234.1806167400881,
          88.45814977973569
        ],
        [
          233.29955947136563,
          120.61674008810573
        ],
        [
          79.99559471365637,
          120.17621145374449
        ]
      ]
    ],
    "折戸": [
      [
        50.68027210884354,
        109.8639455782313,
        77.31346459288561,
        138.29931972789117
      ],
      [
        205.78231292517006,
        28.231292517006803,
        233.81350954478705,
        85.01783092091463
      ],
      [
        203.40136054421768,
        159.18367346938777,
        233.14372621295217,
        220.52234109502834
      ],
      [
        204.45841949114447,
        226.0199586442506,
        234.35374149659867,
        255.4421768707483
      ]
    ],
    "開戸": [
      [
        84.67958284635438,
        110.3227546525218,
        112.58503401360545,
        153.74149659863946
      ],
      [
        85.03401360544217,
        62.244897959183675,
        109.85714285714286,
        99.33201474422367
      ],
      [
        186.9991009619707,
        110.98055081063262,
        215.30612244897958,
        151.70068027210885
      ],
      [
        221.6615121819653,
        90.87806047529145,
        263.6054421768708,
        119.04761904761905
      ]
    ]
  }
}