{
  "labels": {
    "浴室": [
      [
        [
          143.25,
          96.95833333333334
        ],
        [
          230.75,
          99.04166666666667
        ],
        [
          227.625,
          201.125
        ],
        [
          145.33333333333337,
          202.16666666666669
        ]
      ]
    ],
    "LDK": [
      [
        [
          120.33333333333337,
          346.95833333333337
        ],
        [
          340.125,
          348.0
        ],
        [
          339.08333333333337,
          305.2916666666667
        ],
        [
          415.125,
          305.2916666666667
        ],
        [
          417.20833333333337,
          754.25
        ],
        [
          234.91666666666674,
          756.3333333333334
        ],
        [
          235.95833333333337,
          530.2916666666667
        ],
        [
          140.125,
          527.1666666666667
        ],
        [
          140.125,
          481.33333333333337
        ],
        [
          117.20833333333337,
          480.2916666666667
        ]
      ]
    ],
    "洋室": [
      [
        [
          422.0,
          305.0
        ],
        [
          544.0,
          305.0
        ],
        [
          543.0,
          434.0
        ],
        [
          422.0,
          434.0
        ]
      ],
      [
        [
          421.0,
          439.0
        ],
        [
          543.0,
          440.0
        ],
        [
          543.0,
          575.0
        ],
        [
          420.0,
          574.0
        ]
      ],
      [
        [
          419.0,
          574.0
        ],
        [
          543.0,
          578.0
        ],
        [
          544.0,
          709.0
        ],
        [
          420.0,
          710.0
        ]
      ]
    ],
    "廊下": [
      [
        [
          340.0,
          212.0
        ],
        [
          386.0,
          213.0
        ],
        [
          385.0,
          232.0
        ],
        [
          403.0,
          233.0
        ],
        [
          404.0,
          298.0
        ],
        [
          340.0,
          298.0
        ]
      ]
    ],
    "開戸": [
      [
        297.7272727272727,
        209.36363636363635,
        356.81818181818176,
        253.30303030303028
      ],
      [
        217.939393939394,
        209.0,
        273.939393939394,
        248.0
      ]
    ],
    "引戸": [
      [
        343.0,
        286.1515151515151,
        423.4848484848485,
        311.6363636363636
      ],
      [
        324.1515151515151,
        121.90909090909093,
        353.030303030303,
        201.78787878787878
      ],
      [
        144.06060606060606,
        329.939393939394,
        225.75757575757575,
        360.8787878787879
      ],
      [
        218.45454545454544,
        257.1515151515152,
        245.45454545454544,
        338.9090909090909
      ],
      [
        322.93939393939394,
        257.0,
        352.27272727272725,
        341.1818181818182
      ],
      [
        404.939393939394,
        311.0909090909091,
        433.33333333333326,
        429.06060606060606
      ],
      [
        404.66666666666674,
        439.5151515151515,
        429.5454545454545,
        571.4848484848485
      ],
      [
        401.4242424242424,
        577.2424242424242,
        435.6060606060606,
        738.9090909090909
      ],
      [
        218.69696969696975,
        576.7575757575758,
        246.96969696969694,
        752.5454545454545
      ],
      [
        121.0,
        558.969696969697,
        227.27272727272725,
        587.3939393939394
      ]
    ],
    "折戸": [
      [
        183.0,
        183.0,
        230.3030303030303,
        221.48484848484847
      ],
      [
        125.75757575757575,
        481.3333333333333,
        160.0,
        531.0
      ]
    ]
  }
}