{
  "labels": {
    "LDK": [
      [
        [
          240.8974358974359,
          628.7692307692307
        ],
        [
          672.9487179487179,
          633.8974358974359
        ],
        [
          671.6666666666666,
          821.0769230769231
        ],
        [
          243.46153846153845,
          821.0769230769231
        ]
      ]
    ],
    "浴室": [
      [
        [
          575.5128205128204,
          417.2307692307692
        ],
        [
          666.5384615384615,
          415.94871794871796
        ],
        [
          666.5384615384615,
          505.6923076923077
        ],
        [
          578.0769230769231,
          504.4102564102564
        ]
      ]
    ],
    "洋室": [
      [
        [
          525.5128205128204,
          177.48717948717947
        ],
        [
          667.8205128205128,
          182.6153846153846
        ],
        [
          666.5384615384615,
          363.38461538461536
        ],
        [
          530.6410256410256,
          363.38461538461536
        ]
      ],
      [
        [
          385.7692307692307,
          368.5128205128205
        ],
        [
          476.7948717948717,
          365.94871794871796
        ],
        [
          480.64102564102564,
          481.3333333333333
        ],
        [
          384.48717948717945,
          481.3333333333333
        ]
      ]
    ],
    "廊下": [
      [
        [
          388.33333333333326,
          360.8205128205128
        ],
        [
          490.8974358974359,
          306.97435897435895
        ],
        [
          522.9487179487179,
          309.53846153846155
        ],
        [
          525.5128205128204,
          630.051282051282
        ],
        [
          478.0769230769231,
          628.7692307692307
        ],
        [
          480.64102564102564,
          365.94871794871796
        ]
      ]
    ],
    "開戸": [
      [
        356.28205128205127,
        486.46153846153845,
        389.61538461538464,
        558.2564102564103
      ],
      [
        471.66666666666663,
        619.7948717948718,
        533.2051282051282,
        663.3846153846154
      ]
    ],
    "引戸": [
      [
        466.125,
        389.625,
        496.5,
        487.0
      ],
      [
        559.1923076923076,
        509.1025641025641,
        588.5,
        609.5
      ],
      [
        572.9487179487179,
        614.0128205128204,
        669.5,
        646.5
      ],
      [
        238.33333333333326,
        474.9230769230769,
        336.04166666666674,
        504.1666666666667
      ],
      [
        512.3846153846154,
        413.7564102564102,
        542.5,
        511.0
      ],
      [
        510.9743589743589,
        273.06410256410254,
        541.0,
        367.5
      ]
    ],
    "折戸": [
      [
        576.7948717948717,
        489.025641025641,
        620.3846153846154,
        528.7692307692307
      ],
      [
        462.6923076923076,
        487.7435897435897,
        506.28205128205127,
        581.3333333333333
      ],
      [
        526.7948717948717,
        333.8974358974359,
        671.6666666666666,
        371.07692307692304
      ]
    ]
  }
}