{
  "labels": {
    "洋室": [
      [
        [
          117.27450980392157,
          99.96078431372548
        ],
        [
          336.88235294117646,
          100.94117647058823
        ],
        [
          334.921568627451,
          208.7843137254902
        ],
        [
          405.5098039215686,
          210.7450980392157
        ],
        [
          405.5098039215686,
          424.4705882352941
        ],
        [
          332.96078431372547,
          424.4705882352941
        ],
        [
          335.9019607843137,
          532.313725490196
        ],
        [
          117.27450980392157,
          531.3333333333334
        ]
      ],
      [
        [
          623.156862745098,
          248.0
        ],
        [
          764.3333333333334,
          247.01960784313724
        ],
        [
          763.3529411764706,
          98.0
        ],
        [
          836.8823529411765,
          98.98039215686275
        ],
        [
          837.8627450980392,
          532.313725490196
        ],
        [
          620.2156862745098,
          530.3529411764706
        ]
      ]
    ],
    "廊下": [
      [
        [
          553.5490196078431,
          247.01960784313724
        ],
        [
          616.2941176470588,
          248.98039215686273
        ],
        [
          616.2941176470588,
          386.2352941176471
        ],
        [
          406.4901960784314,
          383.29411764705884
        ],
        [
          408.45098039215685,
          178.39215686274508
        ],
        [
          474.1372549019608,
          179.37254901960785
        ],
        [
          476.09803921568624,
          216.62745098039215
        ],
        [
          544.7254901960785,
          215.64705882352942
        ],
        [
          544.7254901960785,
          248.0
        ]
      ]
    ],
    "折戸": [
      [
        294.72549019607845,
        99.96078431372548,
        358.45098039215685,
        210.7450980392157
      ],
      [
        298.6470588235294,
        421.52941176470586,
        353.54901960784315,
        533.2941176470588
      ],
      [
        624.1372549019608,
        235.2549019607843,
        697.6666666666666,
        274.4705882352941
      ]
    ],
    "開戸": [
      [
        600.6296296296296,
        243.48148148148147,
        684.8888888888888,
        315.7037037037037
      ],
      [
        400.6078431372549,
        158.7843137254902,
        476.09803921568624,
        242.11764705882354
      ],
      [
        470.2156862745098,
        204.8627450980392,
        552.5686274509803,
        248.98039215686273
      ],
      [
        343.2222222222222,
        242.55555555555554,
        423.77777777777777,
        312.0
      ],
      [
        339.5185185185185,
        318.48148148148147,
        422.85185185185185,
        387.9259259259259
      ]
    ]
  }
}