{
  "labels": {
    "LDK": [
      [
        [
          34.19047619047619,
          29.047619047619037
        ],
        [
          28.476190476190474,
          250.9523809523809
        ],
        [
          349.4285714285714,
          254.76190476190476
        ],
        [
          347.5238095238095,
          363.33333333333326
        ],
        [
          592.6966292134831,
          363.4831460674157
        ],
        [
          592.6966292134831,
          309.5505617977528
        ],
        [
          563.7142857142857,
          310.9523809523809
        ],
        [
          565.6190476190476,
          142.38095238095235
        ],
        [
          594.1904761904761,
          142.38095238095235
        ],
        [
          595.1428571428571,
          26.190476190476176
        ]
      ]
    ],
    "廊下": [
      [
        [
          595.1428571428571,
          26.190476190476176
        ],
        [
          678.0,
          26.190476190476176
        ],
        [
          678.0,
          142.38095238095235
        ],
        [
          595.1428571428571,
          142.38095238095235
        ]
      ]
    ],
    "浴室": [
      [
        [
          311.3333333333333,
          365.2380952380952
        ],
        [
          429.4285714285714,
          365.2380952380952
        ],
        [
          429.4285714285714,
          479.5238095238095
        ],
        [
          311.3333333333333,
          479.5238095238095
        ]
      ]
    ],
    "開戸": [
      [
        539.9047619047619,
        312.92134831460675,
        611.7977528089888,
        355.71428571428567
      ],
      [
        430.5964231846585,
        350.2262443438914,
        471.9457013574661,
        412.7838827838828
      ],
      [
        39.84939996065315,
        395.7229982293921,
        83.710407239819,
        431.2217194570136
      ]
    ],
    "折戸": [
      [
        394.6903684550743,
        374.07239819004525,
        433.9366515837104,
        420.81447963800906
      ],
      [
        232.87763132008652,
        286.93881566004325,
        271.49321266968326,
        331.6742081447964
      ]
    ],
    "引戸": [
      [
        522.1499676793795,
        347.0221934927817,
        572.3981900452488,
        373.7556561085973
      ],
      [
        91.26438267614738,
        238.00904977375566,
        240.7239819004525,
        265.14328808446453
      ],
      [
        583.710407239819,
        34.28786899375136,
        608.9286791639732,
        138.46153846153845
      ],
      [
        245.55961046626004,
        369.09256344678334,
        266.9683257918552,
        433.9366515837104
      ]
    ]
  }
}