{
  "labels": {
    "洋室": [
      [
        [
          93.80000000000001,
          268.8
        ],
        [
          240.2,
          271.2
        ],
        [
          239.39999999999998,
          466.4
        ],
        [
          94.6,
          465.6
        ]
      ]
    ],
    "LDK": [
      [
        [
          243.39999999999998,
          219.2
        ],
        [
          389.8,
          216.0
        ],
        [
          390.6,
          192.0
        ],
        [
          589.0,
          192.0
        ],
        [
          589.0,
          237.6
        ],
        [
          637.8,
          237.6
        ],
        [
          637.8,
          390.4
        ],
        [
          439.4,
          390.4
        ],
        [
          440.2,
          616.8
        ],
        [
          242.60000000000002,
          619.2
        ]
      ]
    ],
    "浴室": [
      [
        [
          692.2,
          168.8
        ],
        [
          787.4,
          170.4
        ],
        [
          785.8,
          262.4
        ],
        [
          693.8,
          262.4
        ]
      ]
    ],
    "廊下": [
      [
        [
          394.6,
          69.6
        ],
        [
          439.4,
          69.6
        ],
        [
          441.0,
          188.0
        ],
        [
          387.4,
          188.8
        ],
        [
          385.8,
          212.8
        ],
        [
          243.39999999999998,
          215.2
        ],
        [
          241.8,
          169.6
        ],
        [
          291.4,
          169.6
        ],
        [
          291.4,
          120.0
        ],
        [
          393.0,
          118.4
        ]
      ]
    ],
    "開戸": [
      [
        236.77551020408163,
        198.24489795918367,
        293.0,
        260.0
      ]
    ],
    "引戸": [
      [
        289.42448979591836,
        103.03673469387756,
        378.2721088435374,
        130.89795918367346
      ],
      [
        223.5578231292517,
        266.87891156462587,
        256.5034013605442,
        468.99319727891157
      ],
      [
        622.6761904761905,
        241.30068027210888,
        656.5034013605442,
        341.10204081632656
      ]
    ],
    "折戸": [
      [
        90.51700680272108,
        254.7074829931973,
        140.2,
        291.16190476190474
      ],
      [
        142.21768707482994,
        252.66666666666669,
        240.2,
        291.2
      ],
      [
        689.8,
        242.4,
        740.1768707482993,
        286.68027210884355
      ],
      [
        592.2,
        340.8,
        627.2517006802722,
        392.12244897959187
      ]
    ]
  }
}