{
  "labels": {
    "洋室": [
      [
        [
          15.518248175182482,
          22.23357664233575
        ],
        [
          15.518248175182482,
          195.22627737226276
        ],
        [
          142.52554744525546,
          192.3065693430657
        ],
        [
          141.06569343065692,
          23.693430656934282
        ]
      ]
    ],
    "LDK": [
      [
        [
          142.52554744525546,
          107.63503649635035
        ],
        [
          141.7956204379562,
          190.84671532846716
        ],
        [
          184.86131386861314,
          192.3065693430657
        ],
        [
          184.13138686131384,
          314.20437956204375
        ],
        [
          478.29197080291965,
          320.04379562043795
        ],
        [
          479.02189781021895,
          275.51824817518246
        ],
        [
          604.5693430656934,
          278.43795620437953
        ],
        [
          606.7591240875912,
          105.44525547445252
        ]
      ]
    ],
    "浴室": [
      [
        [
          519.8978102189781,
          22.963503649635015
        ],
        [
          516.978102189781,
          106.90510948905109
        ],
        [
          606.7591240875912,
          105.44525547445252
        ],
        [
          606.029197080292,
          22.23357664233575
        ]
      ]
    ],
    "廊下": [
      [
        [
          79.02189781021897,
          189.38686131386856
        ],
        [
          122.08759124087591,
          275.51824817518246
        ],
        [
          182.6715328467153,
          276.2481751824817
        ],
        [
          185.5912408759124,
          195.22627737226276
        ]
      ]
    ],
    "開戸": [
      [
        145.30675650383677,
        176.66367209432897,
        181.02564102564102,
        228.05128205128204
      ],
      [
        138.6775219913906,
        234.50383679580762,
        169.23076923076923,
        271.12820512820514
      ]
    ],
    "折戸": [
      [
        122.77634287853266,
        28.44731424293468,
        155.3846153846154,
        103.94871794871796
      ],
      [
        507.0548381059329,
        65.14205502526667,
        534.0621373760059,
        99.44862436833236
      ]
    ],
    "引戸": [
      [
        246.15384615384616,
        92.15384615384616,
        320.5128205128205,
        119.84615384615384
      ],
      [
        133.03649635036496,
        112.01459854014595,
        153.47445255474452,
        186.4671532846715
      ],
      [
        439.4871794871795,
        90.61538461538461,
        509.7435897435898,
        114.71794871794873
      ],
      [
        422.5641025641026,
        28.56410256410257,
        448.20512820512823,
        95.23076923076925
      ],
      [
        254.8717948717949,
        52.66666666666667,
        320.0,
        79.33333333333334
      ],
      [
        311.28205128205127,
        36.769230769230774,
        335.8974358974359,
        101.89743589743591
      ]
    ]
  }
}