{
  "labels": {
    "廊下": [
      [
        [
          401.6666666666667,
          278.33333333333337
        ],
        [
          403.33333333333337,
          628.3333333333334
        ],
        [
          511.6666666666667,
          626.6666666666667
        ],
        [
          513.3333333333334,
          396.66666666666674
        ],
        [
          733.3333333333334,
          396.66666666666674
        ],
        [
          736.6666666666667,
          171.66666666666669
        ],
        [
          616.6666666666667,
          166.66666666666669
        ],
        [
          620.0,
          286.66666666666674
        ]
      ]
    ],
    "洋室": [
      [
        [
          148.33333333333334,
          48.33333333333337
        ],
        [
          143.33333333333334,
          170.0
        ],
        [
          60.0,
          175.0
        ],
        [
          63.333333333333336,
          626.6666666666667
        ],
        [
          135.0,
          625.0
        ],
        [
          135.0,
          738.3333333333335
        ],
        [
          401.6666666666667,
          743.3333333333335
        ],
        [
          400.0,
          46.666666666666686
        ]
      ],
      [
        [
          731.6666666666667,
          280.0
        ],
        [
          1181.6666666666667,
          280.0
        ],
        [
          1181.6666666666667,
          628.3333333333334
        ],
        [
          731.6666666666667,
          628.3333333333334
        ]
      ]
    ],
    "開戸": [
      [
        699.8461538461539,
        289.7435897435898,
        835.0,
        381.66666666666674
      ],
      [
        416.6666666666667,
        244.44444444444446,
        504.1196581196582,
        373.33333333333337
      ]
    ],
    "折戸": [
      [
        680.0,
        166.66666666666669,
        768.2222222222223,
        267.52136752136755
      ]
    ],
    "引戸": [
      [
        363.09401709401715,
        176.41747572815532,
        437.8640776699029,
        390.59829059829065
      ],
      [
        361.3846153846154,
        402.5641025641026,
        433.1794871794872,
        611.965811965812
      ]
    ]
  }
}