{
  "labels": {
    "LDK": [
      [
        [
          90.81818181818181,
          218.85521885521885
        ],
        [
          260.17845117845116,
          219.52861952861952
        ],
        [
          260.17845117845116,
          315.8249158249158
        ],
        [
          192.5016835016835,
          316.16161616161617
        ],
        [
          191.8282828282828,
          363.973063973064
        ],
        [
          90.14478114478112,
          362.96296296296293
        ]
      ]
    ],
    "浴室": [
      [
        [
          91.82828282828282,
          94.6127946127946
        ],
        [
          142.33333333333331,
          94.94949494949495
        ],
        [
          141.65993265993265,
          144.1077441077441
        ],
        [
          90.14478114478112,
          143.0976430976431
        ]
      ]
    ],
    "廊下": [
      [
        [
          145.36363636363635,
          144.1077441077441
        ],
        [
          144.69023569023568,
          218.5185185185185
        ],
        [
          169.26936026936028,
          218.5185185185185
        ],
        [
          169.26936026936028,
          143.77104377104376
        ]
      ]
    ],
    "折戸": [
      [
        129.87542087542087,
        117.84511784511784,
        147.38383838383837,
        144.78114478114477
      ],
      [
        156.8114478114478,
        152.18855218855217,
        175.32996632996634,
        206.06060606060603
      ],
      [
        170.6161616161616,
        212.1212121212121,
        190.48148148148147,
        230.63973063973063
      ]
    ],
    "開戸": [
      [
        146.037037037037,
        137.7104377104377,
        165.90235690235687,
        161.6161616161616
      ],
      [
        124.15151515151513,
        143.77104377104376,
        152.09764309764307,
        166.66666666666666
      ]
    ],
    "引戸": [
      [
        121.45791245791244,
        211.78451178451178,
        168.93265993265993,
        227.94612794612794
      ]
    ]
  }
}