{
  "labels": {
    "洋室": [
      [
        [
          18.79282868525894,
          18.725099601593623
        ],
        [
          81.34262948207169,
          18.32669322709163
        ],
        [
          81.34262948207169,
          80.47808764940238
        ],
        [
          19.589641434262944,
          80.87649402390437
        ]
      ],
      [
        [
          82.93625498007967,
          17.92828685258964
        ],
        [
          112.81673306772907,
          17.92828685258964
        ],
        [
          112.81673306772907,
          32.27091633466135
        ],
        [
          177.75697211155375,
          32.27091633466135
        ],
        [
          178.55378486055776,
          194.42231075697208
        ],
        [
          82.53784860557766,
          194.0239043824701
        ]
      ],
      [
        [
          18.79282868525894,
          195.21912350597609
        ],
        [
          179.74900398406373,
          195.61752988047806
        ],
        [
          181.74103585657366,
          290.83665338645415
        ],
        [
          84.13147410358565,
          290.43824701195217
        ],
        [
          83.33466135458164,
          275.2988047808765
        ],
        [
          20.38645418326692,
          275.69721115537845
        ]
      ]
    ],
    "廊下": [
      [
        [
          51.46215139442231,
          84.4621513944223
        ],
        [
          78.55378486055776,
          85.25896414342628
        ],
        [
          80.94422310756971,
          194.0239043824701
        ],
        [
          52.65737051792826,
          193.6254980079681
        ]
      ]
    ],
    "引戸": [
      [
        73.35897966575257,
        132.53220882702954,
        91.0909090909091,
        192.85714285714286
      ],
      [
        21.365654266052672,
        186.57189424121697,
        78.42857142857142,
        204.54545454545453
      ],
      [
        21.872716924509717,
        72.67165105810524,
        78.10389610389609,
        91.88311688311688
      ],
      [
        83.65136855176695,
        185.22124489056762,
        175.7792207792208,
        202.2207792207792
      ]
    ],
    "折戸": [
      [
        171.38247011952188,
        34.6613545816733,
        185.3266932270916,
        80.0796812749004
      ],
      [
        170.92456149428256,
        244.5477828943964,
        190.76623376623377,
        287.987012987013
      ],
      [
        43.49402390438246,
        164.94023904382468,
        61.42231075697208,
        195.61752988047806
      ]
    ]
  }
}