{
  "labels": {
    "浴室": [
      [
        [
          22.847133757961785,
          12.101910828025478
        ],
        [
          22.210191082802538,
          112.73885350318471
        ],
        [
          120.93630573248407,
          112.10191082802547
        ],
        [
          120.29936305732483,
          12.101910828025478
        ]
      ]
    ],
    "廊下": [
      [
        [
          22.847133757961785,
          349.04458598726114
        ],
        [
          21.57324840764332,
          397.45222929936307
        ],
        [
          120.29936305732483,
          397.45222929936307
        ],
        [
          121.57324840764329,
          350.3184713375796
        ]
      ]
    ],
    "洋室": [
      [
        [
          167.43312101910828,
          396.8152866242038
        ],
        [
          168.70700636942672,
          493.63057324840764
        ],
        [
          312.0191082802548,
          494.9044585987261
        ],
        [
          310.7452229299363,
          395.54140127388536
        ]
      ]
    ],
    "LDK": [
      [
        [
          120.29936305732483,
          44.58598726114649
        ],
        [
          119.6624203821656,
          396.8152866242038
        ],
        [
          312.656050955414,
          394.26751592356686
        ],
        [
          311.3821656050955,
          153.5031847133758
        ],
        [
          262.97452229299364,
          152.22929936305732
        ],
        [
          261.70063694267515,
          133.12101910828025
        ],
        [
          313.92993630573244,
          131.84713375796179
        ],
        [
          313.92993630573244,
          10.19108280254777
        ],
        [
          168.70700636942672,
          12.738853503184712
        ],
        [
          169.343949044586,
          43.31210191082803
        ]
      ]
    ],
    "開戸": [
      [
        125.19162488142027,
        372.7659574468085,
        164.3404255319149,
        404.6781406694674
      ],
      [
        268.153871940999,
        137.244384847469,
        306.1578947368421,
        175.18796992481202
      ],
      [
        126.31440065130977,
        29.194004118576693,
        164.42857142857142,
        69.92481203007519
      ],
      [
        77.21052631578945,
        181.57894736842104,
        115.93233082706766,
        220.30075187969925
      ]
    ],
    "折戸": [
      [
        77.21052631578948,
        88.50390306977636,
        116.70758105454718,
        123.68421052631578
      ],
      [
        152.34164520937793,
        423.82978723404256,
        186.8936170212766,
        491.077381759046
      ]
    ],
    "引戸": [
      [
        27.74468085106382,
        333.7444098116276,
        105.8638026832904,
        364.6808510638298
      ],
      [
        101.7872340425532,
        351.063829787234,
        132.85106382978722,
        434.46808510638294
      ],
      [
        170.62325518362923,
        382.12765957446805,
        307.74468085106383,
        411.47309933595335
      ],
      [
        105.28331976437909,
        114.29529237105503,
        135.10526315789474,
        188.72180451127818
      ]
    ]
  }
}