{
  "labels": {
    "洋室": [
      [
        [
          26.020408163265305,
          126.12244897959184
        ],
        [
          24.489795918367346,
          371.53061224489795
        ],
        [
          160.71428571428572,
          373.0612244897959
        ],
        [
          159.69387755102042,
          124.59183673469389
        ]
      ],
      [
        [
          160.71428571428572,
          273.0612244897959
        ],
        [
          160.20408163265307,
          417.9591836734694
        ],
        [
          296.42857142857144,
          418.46938775510205
        ],
        [
          296.42857142857144,
          237.3469387755102
        ],
        [
          251.53061224489795,
          237.85714285714286
        ],
        [
          251.53061224489795,
          271.0204081632653
        ]
      ],
      [
        [
          296.9387755102041,
          236.3265306122449
        ],
        [
          297.9591836734694,
          372.0408163265306
        ],
        [
          431.12244897959187,
          376.12244897959187
        ],
        [
          431.12244897959187,
          237.85714285714286
        ]
      ]
    ],
    "廊下": [
      [
        [
          160.71428571428572,
          193.9795918367347
        ],
        [
          160.20408163265307,
          237.3469387755102
        ],
        [
          352.55102040816325,
          237.85714285714286
        ],
        [
          352.55102040816325,
          192.9591836734694
        ]
      ]
    ],
    "開戸": [
      [
        117.23076923076923,
        85.09615384615384,
        158.09615384615384,
        137.01923076923077
      ],
      [
        299.4423076923077,
        229.63500784929363,
        337.56868131868134,
        276.4423076923077
      ],
      [
        254.73076923076923,
        230.71428571428572,
        293.8775510204082,
        272.5961538461538
      ],
      [
        313.265306122449,
        196.0204081632653,
        360.2040816326531,
        232.75510204081633
      ]
    ],
    "折戸": [
      [
        300.2747252747253,
        351.9230769230769,
        335.0192307692308,
        377.594191522763
      ],
      [
        165.5808477237049,
        268.35164835164835,
        246.55769230769232,
        296.63461538461536
      ]
    ]
  }
}