{
  "labels": {
    "洋室": [
      [
        [
          11.534482758620697,
          9.0
        ],
        [
          12.396551724137936,
          246.0689655172414
        ],
        [
          170.15517241379314,
          245.6379310344828
        ],
        [
          168.86206896551727,
          88.74137931034483
        ],
        [
          130.93103448275866,
          88.31034482758622
        ],
        [
          130.93103448275866,
          9.431034482758626
        ]
      ],
      [
        [
          327.4827586206897,
          8.56896551724138
        ],
        [
          130.5,
          9.0
        ],
        [
          128.77586206896552,
          87.87931034482759
        ],
        [
          168.43103448275866,
          87.44827586206898
        ],
        [
          168.43103448275866,
          127.10344827586209
        ],
        [
          327.9137931034483,
          127.10344827586209
        ]
      ],
      [
        [
          169.29310344827587,
          167.62068965517244
        ],
        [
          287.82758620689657,
          167.1896551724138
        ],
        [
          288.2586206896552,
          245.20689655172418
        ],
        [
          326.18965517241384,
          245.6379310344828
        ],
        [
          328.3448275862069,
          324.51724137931035
        ],
        [
          169.72413793103448,
          324.51724137931035
        ]
      ]
    ],
    "廊下": [
      [
        [
          169.29310344827587,
          127.96551724137933
        ],
        [
          326.62068965517244,
          127.10344827586209
        ],
        [
          328.7758620689655,
          205.98275862068968
        ],
        [
          287.39655172413796,
          206.84482758620692
        ],
        [
          287.82758620689657,
          167.62068965517244
        ],
        [
          170.58620689655174,
          167.1896551724138
        ]
      ]
    ],
    "引戸": [
      [
        253.35379061371845,
        116.96750902527077,
        326.970807917341,
        138.80051039462222
      ],
      [
        224.0344827586207,
        155.98275862068968,
        287.39655172413796,
        179.25862068965517
      ]
    ],
    "開戸": [
      [
        157.52601767708205,
        129.44223826714804,
        201.68231046931407,
        165.70397111913357
      ],
      [
        299.1552346570397,
        168.95306859205775,
        339.99638989169677,
        201.44404332129963
      ]
    ],
    "折戸": [
      [
        159.4493339972613,
        11.99078799950206,
        186.5667870036101,
        86.64259927797833
      ],
      [
        34.942238267148014,
        77.25631768953069,
        107.8664259927798,
        106.49819494584837
      ],
      [
        268.8303249097473,
        246.93140794223828,
        299.99302875637994,
        321.4237520229055
      ],
      [
        289.5844018424001,
        189.46340097099468,
        326.23104693140795,
        219.85559566787003
      ]
    ]
  }
}