{
  "labels": {
    "洋室": [
      [
        [
          534.5263157894736,
          53.10526315789474
        ],
        [
          863.4736842105264,
          55.73684210526315
        ],
        [
          860.8421052631579,
          300.4736842105263
        ],
        [
          534.5263157894736,
          297.8421052631579
        ]
      ],
      [
        [
          364.7894736842105,
          301.7894736842105
        ],
        [
          699.0,
          308.36842105263156
        ],
        [
          696.3684210526316,
          643.8947368421052
        ],
        [
          364.7894736842105,
          641.2631578947369
        ]
      ],
      [
        [
          34.526315789473685,
          391.2631578947368
        ],
        [
          359.5263157894737,
          396.5263157894737
        ],
        [
          358.2105263157895,
          638.6315789473684
        ],
        [
          35.8421052631579,
          637.3157894736842
        ]
      ]
    ],
    "廊下": [
      [
        [
          138.4736842105263,
          226.78947368421052
        ],
        [
          530.578947368421,
          230.73684210526318
        ],
        [
          531.8947368421052,
          297.8421052631579
        ],
        [
          358.2105263157895,
          296.5263157894737
        ],
        [
          358.2105263157895,
          386.0
        ],
        [
          271.36842105263156,
          384.6842105263158
        ],
        [
          268.7368421052632,
          297.8421052631579
        ],
        [
          137.1578947368421,
          299.1578947368421
        ]
      ]
    ],
    "開戸": [
      [
        370.05263157894734,
        200.4736842105263,
        455.57894736842104,
        292.57894736842104
      ],
      [
        341.10526315789474,
        303.10526315789474,
        450.3157894736842,
        383.36842105263156
      ],
      [
        276.63157894736844,
        374.1578947368421,
        379.2631578947368,
        478.1052631578947
      ],
      [
        510.84210526315786,
        220.21052631578948,
        616.1052631578947,
        312.3157894736842
      ]
    ],
    "折戸": [
      [
        524.0,
        51.78947368421052,
        591.1052631578947,
        226.78947368421052
      ]
    ]
  }
}