{
  "labels": {
    "洋室": [
      [
        [
          44.85185185185185,
          115.74074074074073
        ],
        [
          259.66666666666663,
          115.74074074074073
        ],
        [
          259.66666666666663,
          334.25925925925924
        ],
        [
          44.85185185185185,
          334.25925925925924
        ]
      ],
      [
        [
          255.96296296296293,
          119.44444444444444
        ],
        [
          478.1851851851851,
          119.44444444444444
        ],
        [
          478.1851851851851,
          335.18518518518516
        ],
        [
          255.96296296296293,
          335.18518518518516
        ]
      ],
      [
        [
          181.88888888888889,
          549.074074074074
        ],
        [
          471.7037037037037,
          549.074074074074
        ],
        [
          471.7037037037037,
          769.4444444444443
        ],
        [
          181.88888888888889,
          769.4444444444443
        ]
      ]
    ],
    "廊下": [
      [
        [
          184.66666666666666,
          336.1111111111111
        ],
        [
          472.62962962962956,
          336.1111111111111
        ],
        [
          472.62962962962956,
          547.2222222222222
        ],
        [
          184.66666666666666,
          547.2222222222222
        ]
      ]
    ],
    "開戸": [
      [
        187.21739130434776,
        272.22222222222223,
        253.18518518518516,
        354.65217391304344
      ],
      [
        258.52173913043475,
        273.14814814814815,
        325.4074074074074,
        355.52173913043475
      ],
      [
        168.086956521739,
        481.48148148148147,
        238.37037037037032,
        534.6521739130434
      ],
      [
        165.47826086956513,
        404.6296296296296,
        220.77777777777777,
        471.1739130434782
      ]
    ],
    "引戸": [
      [
        164.60869565217388,
        558.1304347826086,
        203.7391304347825,
        688.5652173913043
      ],
      [
        258.07142857142856,
        526.6785714285713,
        404.4999999999999,
        572.2142857142857
      ],
      [
        234.83385093167692,
        126.94254658385093,
        282.17857142857133,
        333.82142857142856
      ],
      [
        54.5,
        91.85714285714285,
        188.4285714285714,
        140.07142857142856
      ],
      [
        327.71428571428567,
        91.85714285714285,
        472.3571428571428,
        143.64285714285714
      ]
    ]
  }
}