{
  "labels": {
    "洋室": [
      [
        [
          257.6746411483254,
          184.68899521531102
        ],
        [
          150.4976076555024,
          183.73205741626796
        ],
        [
          150.0191387559809,
          327.75119617224885
        ],
        [
          258.63157894736844,
          327.75119617224885
        ]
      ],
      [
        [
          365.80861244019144,
          183.73205741626796
        ],
        [
          255.28229665071774,
          182.7751196172249
        ],
        [
          256.2392344497608,
          363.15789473684214
        ],
        [
          364.3732057416268,
          362.6794258373206
        ]
      ],
      [
        [
          437.57894736842104,
          183.73205741626796
        ],
        [
          365.80861244019144,
          183.25358851674642
        ],
        [
          366.2870813397129,
          364.11483253588517
        ],
        [
          472.02870813397135,
          363.15789473684214
        ],
        [
          473.46411483253587,
          220.0956937799043
        ],
        [
          437.1004784688996,
          218.66028708133973
        ]
      ]
    ],
    "廊下": [
      [
        [
          408.39234449760767,
          110.04784688995215
        ],
        [
          410.78468899521533,
          182.7751196172249
        ],
        [
          221.31100478468903,
          183.25358851674642
        ],
        [
          222.7464114832536,
          146.41148325358853
        ],
        [
          364.3732057416268,
          147.3684210526316
        ],
        [
          366.2870813397129,
          109.56937799043062
        ]
      ]
    ],
    "折戸": [
      [
        398.6140281231065,
        205.7416267942584,
        441.3580786026201,
        235.8646288209607
      ],
      [
        294.6331877729258,
        132.80786026200872,
        364.02009987254763,
        164.84402749629135
      ],
      [
        257.6746411483254,
        203.82775119617227,
        335.18660287081343,
        247.3684210526316
      ]
    ],
    "開戸": [
      [
        368.86899563318775,
        169.92576419213972,
        400.7368421052632,
        216.7464114832536
      ],
      [
        390.26637554585153,
        150.27510917030568,
        418.2139737991266,
        183.02620087336246
      ],
      [
        326.07423580786025,
        170.7991266375546,
        367.72248803827756,
        217.70334928229667
      ],
      [
        222.7464114832536,
        153.50494139278328,
        257.9519650655022,
        199.1834061135371
      ],
      [
        151.4017467248908,
        170.7991266375546,
        187.90175717181003,
        214.3352625310796
      ]
    ],
    "引戸": [
      [
        224.764192139738,
        136.3013100436681,
        291.2092517916467,
        162.3681076450555
      ]
    ]
  }
}