{
  "labels": {
    "洋室": [
      [
        [
          184.63440860215053,
          250.83870967741933
        ],
        [
          412.59139784946234,
          249.76344086021504
        ],
        [
          411.51612903225805,
          365.89247311827955
        ],
        [
          488.9354838709677,
          371.26881720430106
        ],
        [
          487.86021505376345,
          555.1397849462365
        ],
        [
          178.1827956989247,
          550.8387096774193
        ]
      ],
      [
        [
          574.9569892473118,
          442.2365591397849
        ],
        [
          800.763440860215,
          449.76344086021504
        ],
        [
          799.6881720430107,
          487.39784946236557
        ],
        [
          880.3333333333333,
          488.47311827956986
        ],
        [
          874.9569892473118,
          671.2688172043011
        ],
        [
          573.8817204301075,
          673.4193548387096
        ]
      ],
      [
        [
          816.8924731182796,
          169.11827956989245
        ],
        [
          1038.3978494623655,
          171.26881720430106
        ],
        [
          1038.3978494623655,
          476.64516129032256
        ],
        [
          816.8924731182796,
          476.64516129032256
        ],
        [
          816.8924731182796,
          436.8602150537634
        ],
        [
          738.3978494623656,
          436.8602150537634
        ],
        [
          738.3978494623656,
          370.19354838709677
        ],
        [
          813.6666666666666,
          369.1182795698925
        ]
      ]
    ],
    "廊下": [
      [
        [
          499.6881720430107,
          317.505376344086
        ],
        [
          651.3010752688172,
          319.6559139784946
        ],
        [
          652.3763440860215,
          357.2903225806451
        ],
        [
          724.4193548387096,
          358.36559139784947
        ],
        [
          724.4193548387096,
          434.7096774193548
        ],
        [
          497.5376344086021,
          435.7849462365591
        ]
      ]
    ],
    "開戸": [
      [
        567.2307692307692,
        278.07692307692304,
        649.1505376344086,
        393.84946236559136
      ],
      [
        697.0384615384615,
        355.96153846153845,
        805.0645161290322,
        441.1612903225806
      ]
    ],
    "引戸": [
      [
        467.9470636889991,
        362.3254755996691,
        518.1923076923076,
        522.3076923076923
      ],
      [
        570.6559139784946,
        413.4421009098428,
        725.8846153846154,
        467.5
      ]
    ],
    "折戸": [
      [
        538.3846153846154,
        562.6923076923076,
        622.2688172043011,
        676.6451612903226
      ],
      [
        779.8887510339123,
        238.16294458229942,
        851.8461538461538,
        367.5
      ],
      [
        370.9971050454921,
        241.27502067824648,
        436.4615384615384,
        319.4230769230769
      ]
    ]
  }
}