{
  "labels": {
    "浴室": [
      [
        [
          410.9467455621302,
          44.97041420118343
        ],
        [
          486.68639053254435,
          46.15384615384615
        ],
        [
          484.91124260355036,
          118.93491124260355
        ],
        [
          413.905325443787,
          118.93491124260355
        ]
      ]
    ],
    "LDK": [
      [
        [
          92.60355029585799,
          165.68047337278108
        ],
        [
          207.9881656804734,
          165.68047337278108
        ],
        [
          206.80473372781069,
          191.1242603550296
        ],
        [
          249.40828402366867,
          190.53254437869822
        ],
        [
          250.0,
          202.36686390532546
        ],
        [
          407.9881656804734,
          203.55029585798817
        ],
        [
          407.396449704142,
          242.01183431952663
        ],
        [
          368.3431952662722,
          241.42011834319527
        ],
        [
          367.15976331360946,
          359.1715976331361
        ],
        [
          92.01183431952663,
          360.35502958579883
        ]
      ]
    ],
    "廊下": [
      [
        [
          252.95857988165682,
          121.89349112426036
        ],
        [
          286.094674556213,
          121.30177514792899
        ],
        [
          286.6863905325444,
          165.68047337278108
        ],
        [
          331.6568047337278,
          165.68047337278108
        ],
        [
          332.2485207100592,
          146.74556213017752
        ],
        [
          406.2130177514793,
          146.15384615384616
        ],
        [
          405.62130177514797,
          200.0
        ],
        [
          253.5502958579882,
          199.40828402366864
        ]
      ]
    ],
    "折戸": [
      [
        414.49704142011836,
        106.50887573964498,
        450.0,
        131.36094674556213
      ],
      [
        208.71428571428572,
        180.47619047619048,
        245.97351366582143,
        203.55029585798817
      ]
    ],
    "開戸": [
      [
        252.04761904761904,
        112.38095238095238,
        292.01183431952666,
        159.76331360946747
      ],
      [
        368.93491124260356,
        208.87573964497042,
        409.76331360946745,
        249.70414201183434
      ]
    ],
    "引戸": [
      [
        333.4761904761905,
        188.57142857142856,
        406.2130177514793,
        215.41279233586926
      ],
      [
        398.23809523809524,
        122.85714285714285,
        419.83657368272753,
        200.34657650042269
      ]
    ]
  }
}