{
  "labels": {
    "洋室": [
      [
        [
          184.50617283950618,
          162.2222222222222
        ],
        [
          393.7654320987654,
          164.07407407407405
        ],
        [
          390.679012345679,
          442.4691358024691
        ],
        [
          181.41975308641975,
          443.0864197530864
        ]
      ]
    ],
    "廊下": [
      [
        [
          18.456790123456784,
          159.75308641975306
        ],
        [
          182.65432098765433,
          160.98765432098764
        ],
        [
          182.65432098765433,
          256.66666666666663
        ],
        [
          17.222222222222214,
          257.9012345679012
        ]
      ]
    ],
    "開戸": [
      [
        117.88950276243094,
        228.56466921660288,
        180.21587886228767,
        267.80060128126405
      ]
    ],
    "引戸": [
      [
        164.75308641975306,
        167.6174885751313,
        200.97435897435898,
        290.7692307692308
      ]
    ],
    "折戸": [
      [
        163.53846153846155,
        298.46153846153845,
        214.57741889786087,
        432.27624309392263
      ]
    ]
  }
}