{
  "labels": {
    "LDK": [
      [
        [
          48.193548387096776,
          38.96774193548387
        ],
        [
          44.96774193548387,
          567.1935483870968
        ],
        [
          343.35483870967744,
          568.8064516129032
        ],
        [
          338.51612903225805,
          338.16129032258067
        ],
        [
          415.93548387096774,
          338.16129032258067
        ],
        [
          412.7096774193548,
          46.2258064516129
        ]
      ]
    ],
    "廊下": [
      [
        [
          341.741935483871,
          344.61290322580646
        ],
        [
          345.7741935483871,
          487.35483870967744
        ],
        [
          490.93548387096774,
          486.54838709677415
        ],
        [
          484.48387096774195,
          412.35483870967744
        ],
        [
          418.35483870967744,
          409.93548387096774
        ],
        [
          422.38709677419354,
          334.93548387096774
        ]
      ]
    ],
    "浴室": [
      [
        [
          411.90322580645164,
          41.38709677419355
        ],
        [
          558.6774193548387,
          41.38709677419355
        ],
        [
          558.6774193548387,
          192.19354838709677
        ],
        [
          411.90322580645164,
          192.19354838709677
        ]
      ]
    ],
    "折戸": [
      [
        419.75886524822704,
        157.67669356810956,
        485.9757887013941,
        216.0212765957447
      ]
    ],
    "引戸": [
      [
        389.26241134751774,
        198.6989483981413,
        439.9254096356077,
        333.0425531914894
      ],
      [
        316.37931034482756,
        421.6950354609929,
        362.3120567375887,
        554.4827586206897
      ],
      [
        465.1489361702128,
        419.56737588652487,
        509.48275862068965,
        555.1724137931035
      ]
    ]
  }
}