{
  "labels": {
    "洋室": [
      [
        [
          673.8571428571428,
          340.71428571428567
        ],
        [
          751.7142857142857,
          340.71428571428567
        ],
        [
          751.7142857142857,
          394.2857142857142
        ],
        [
          1001.7142857142856,
          397.85714285714283
        ],
        [
          1003.1428571428571,
          669.2857142857142
        ],
        [
          675.9999999999999,
          667.1428571428571
        ]
      ]
    ],
    "浴室": [
      [
        [
          842.4285714285713,
          22.857142857142854
        ],
        [
          997.4285714285713,
          22.142857142857142
        ],
        [
          999.5714285714284,
          186.42857142857142
        ],
        [
          843.1428571428571,
          186.42857142857142
        ]
      ]
    ],
    "廊下": [
      [
        [
          418.1428571428571,
          177.85714285714283
        ],
        [
          750.2857142857142,
          189.28571428571428
        ],
        [
          750.9999999999999,
          338.57142857142856
        ],
        [
          675.9999999999999,
          338.57142857142856
        ],
        [
          678.1428571428571,
          264.2857142857143
        ],
        [
          419.5714285714285,
          258.57142857142856
        ]
      ]
    ],
    "引戸": [
      [
        771.9259259259259,
        379.25925925925924,
        911.0,
        419.6
      ],
      [
        680.0920634920634,
        165.66878306878306,
        816.7851851851851,
        198.34074074074073
      ],
      [
        828.2222222222222,
        69.62962962962962,
        857.1111111111111,
        177.03703703703704
      ]
    ],
    "開戸": [
      [
        677.1428571428571,
        318.7428571428571,
        747.0,
        414.8
      ],
      [
        663.7777777777777,
        266.66666666666663,
        704.5185185185185,
        333.3333333333333
      ],
      [
        511.0,
        166.8,
        585.1999999999999,
        225.18518518518516
      ],
      [
        420.6,
        157.2,
        497.6137566137565,
        249.84126984126982
      ],
      [
        544.0148148148147,
        261.6592592592592,
        599.8878306878305,
        337.13544973544964
      ]
    ]
  }
}