{
  "labels": {
    "LDK": [
      [
        [
          280.2429906542056,
          197.3551401869159
        ],
        [
          277.4392523364486,
          346.8878504672897
        ],
        [
          251.27102803738316,
          347.822429906542
        ],
        [
          255.94392523364485,
          494.5514018691589
        ],
        [
          482.11214953271025,
          496.42056074766356
        ],
        [
          481.1775700934579,
          567.4485981308411
        ],
        [
          788.6542056074766,
          570.252336448598
        ],
        [
          783.9813084112149,
          44.0841121495327
        ],
        [
          481.1775700934579,
          42.21495327102804
        ],
        [
          483.0467289719626,
          191.74766355140184
        ]
      ]
    ],
    "廊下": [
      [
        [
          330.7102803738318,
          38.47663551401868
        ],
        [
          482.11214953271025,
          38.47663551401868
        ],
        [
          482.11214953271025,
          198.28971962616822
        ],
        [
          330.7102803738318,
          198.28971962616822
        ]
      ]
    ],
    "浴室": [
      [
        [
          176.50467289719626,
          498.2897196261682
        ],
        [
          336.31775700934577,
          498.2897196261682
        ],
        [
          336.31775700934577,
          652.4953271028037
        ],
        [
          176.50467289719626,
          652.4953271028037
        ]
      ]
    ],
    "開戸": [
      [
        454.7894736842105,
        125.02712388447753,
        547.1462300611341,
        184.7142857142857
      ],
      [
        493.36926428220073,
        532.0827067669172,
        550.2781954887217,
        587.3417890520693
      ],
      [
        269.0751879699248,
        508.5911741971753,
        368.60642259855246,
        565.1654135338346
      ],
      [
        229.48759749841895,
        438.09774436090225,
        314.9398496240601,
        489.8574239336659
      ]
    ],
    "引戸": [
      [
        335.62911952779143,
        160.65413533834584,
        474.3383458646616,
        227.32492446068437
      ],
      [
        342.69819408333916,
        464.4135338345864,
        471.33082706766913,
        531.8362026561724
      ]
    ]
  }
}