{
  "labels": {
    "廊下": [
      [
        [
          124.60264900662253,
          236.42384105960264
        ],
        [
          124.60264900662253,
          409.9337748344371
        ],
        [
          315.33112582781456,
          409.9337748344371
        ],
        [
          315.33112582781456,
          351.65562913907286
        ],
        [
          342.4834437086093,
          350.9933774834437
        ],
        [
          343.8079470198675,
          296.6887417218543
        ],
        [
          298.112582781457,
          294.70198675496687
        ],
        [
          296.12582781456956,
          235.76158940397352
        ]
      ]
    ],
    "洋室": [
      [
        [
          8.70860927152318,
          62.25165562913907
        ],
        [
          295.4635761589404,
          62.25165562913907
        ],
        [
          295.4635761589404,
          235.76158940397352
        ],
        [
          8.70860927152318,
          235.76158940397352
        ]
      ],
      [
        [
          8.70860927152318,
          413.2450331125828
        ],
        [
          183.54304635761588,
          413.2450331125828
        ],
        [
          183.54304635761588,
          581.4569536423841
        ],
        [
          8.70860927152318,
          581.4569536423841
        ]
      ],
      [
        [
          237.18543046357615,
          408.6092715231788
        ],
        [
          430.5629139072848,
          408.6092715231788
        ],
        [
          430.5629139072848,
          580.1324503311258
        ],
        [
          237.18543046357615,
          580.1324503311258
        ]
      ]
    ],
    "開戸": [
      [
        127.87145525556122,
        391.068093054848,
        173.17948717948718,
        455.4102564102564
      ],
      [
        280.6817795890644,
        355.4102564102564,
        332.7948717948718,
        392.2652402784853
      ]
    ],
    "折戸": [
      [
        225.1025641025641,
        419.1840719986415,
        255.83460689420951,
        490.025641025641
      ],
      [
        158.31380539989814,
        500.1061300730174,
        197.53846153846155,
        575.2820512820513
      ]
    ],
    "引戸": [
      [
        243.05128205128204,
        391.025641025641,
        347.05552725420273,
        425.9230769230769
      ],
      [
        184.71794871794873,
        217.66428935303108,
        290.3353710307353,
        252.84615384615384
      ],
      [
        277.66666666666663,
        117.96569876040074,
        313.0472066564782,
        230.4102564102564
      ],
      [
        186.64102564102564,
        45.30905077262694,
        292.7721175072168,
        81.6923076923077
      ]
    ]
  }
}