{
  "labels": {
    "洋室": [
      [
        [
          20.666666666666668,
          153.33333333333334
        ],
        [
          144.55555555555554,
          152.77777777777777
        ],
        [
          143.44444444444443,
          298.88888888888886
        ],
        [
          20.11111111111111,
          297.77777777777777
        ]
      ],
      [
        [
          274.55555555555554,
          63.888888888888886
        ],
        [
          410.66666666666663,
          65.0
        ],
        [
          411.77777777777777,
          360.0
        ],
        [
          287.3333333333333,
          360.0
        ],
        [
          287.88888888888886,
          167.22222222222223
        ],
        [
          276.22222222222223,
          167.22222222222223
        ]
      ]
    ],
    "廊下": [
      [
        [
          152.88888888888889,
          148.33333333333334
        ],
        [
          189.55555555555554,
          148.88888888888889
        ],
        [
          190.11111111111111,
          172.77777777777777
        ],
        [
          277.88888888888886,
          173.88888888888889
        ],
        [
          277.3333333333333,
          256.6666666666667
        ],
        [
          242.88888888888889,
          256.1111111111111
        ],
        [
          242.33333333333331,
          210.55555555555554
        ],
        [
          153.44444444444443,
          210.0
        ]
      ]
    ],
    "開戸": [
      [
        244.0,
        170.0,
        294.0,
        214.44444444444443
      ],
      [
        244.0,
        213.88888888888889,
        295.1111111111111,
        257.22222222222223
      ]
    ],
    "引戸": [
      [
        133.98901098901098,
        160.53846153846152,
        160.36263736263734,
        246.25274725274724
      ],
      [
        155.41758241758242,
        201.1978021978022,
        233.98901098901098,
        225.9230769230769
      ]
    ],
    "折戸": [
      [
        286.77777777777777,
        337.22222222222223,
        411.17180616740086,
        368.7224669603524
      ],
      [
        262.88888888888886,
        68.88888888888889,
        293.44444444444446,
        158.33333333333334
      ]
    ]
  }
}