{
  "labels": {
    "洋室": [
      [
        [
          397.83193277310926,
          241.1764705882353
        ],
        [
          551.6134453781513,
          241.1764705882353
        ],
        [
          550.7731092436975,
          429.4117647058824
        ],
        [
          397.83193277310926,
          428.5714285714286
        ]
      ],
      [
        [
          549.09243697479,
          428.5714285714286
        ],
        [
          552.453781512605,
          531.9327731092437
        ],
        [
          630.6050420168068,
          533.6134453781513
        ],
        [
          629.7647058823529,
          597.4789915966387
        ],
        [
          397.83193277310926,
          599.1596638655462
        ],
        [
          396.9915966386555,
          426.890756302521
        ]
      ]
    ],
    "LDK": [
      [
        [
          628.9243697478992,
          316.8067226890756
        ],
        [
          629.7647058823529,
          595.7983193277311
        ],
        [
          818.8403361344539,
          600.8403361344538
        ],
        [
          818.8403361344539,
          314.2857142857143
        ]
      ]
    ],
    "浴室": [
      [
        [
          629.7647058823529,
          238.65546218487395
        ],
        [
          698.6722689075631,
          238.65546218487395
        ],
        [
          699.5126050420168,
          315.1260504201681
        ],
        [
          630.6050420168068,
          315.96638655462186
        ]
      ]
    ],
    "引戸": [
      [
        534.8,
        264.8,
        565.2605042016806,
        377.71092436974794
      ],
      [
        475.82184873949575,
        413.8857142857143,
        550.0,
        444.4
      ],
      [
        701.1899159663866,
        301.5596638655462,
        760.8,
        328.4
      ],
      [
        611.2773109243698,
        381.51260504201684,
        642.0,
        441.2
      ]
    ],
    "開戸": [
      [
        503.7142857142858,
        373.9495798319328,
        573.4621848739496,
        428.5714285714286
      ],
      [
        623.1929824561403,
        336.59649122807014,
        666.1754385964912,
        381.3333333333333
      ],
      [
        661.6974789915967,
        268.06722689075633,
        712.9579831932773,
        316.8067226890756
      ]
    ],
    "折戸": [
      [
        531.9649122807017,
        530.4561403508771,
        558.2807017543859,
        597.9999999999999
      ]
    ]
  }
}