{
  "labels": {
    "LDK": [
      [
        [
          45.0,
          353.0
        ],
        [
          50.0,
          537.0
        ],
        [
          166.0,
          536.0
        ],
        [
          164.0,
          596.0
        ],
        [
          324.0,
          597.0
        ],
        [
          326.0,
          535.0
        ],
        [
          392.0,
          535.0
        ],
        [
          390.0,
          352.0
        ]
      ]
    ],
    "廊下": [
      [
        [
          135.0,
          245.0
        ],
        [
          133.0,
          301.0
        ],
        [
          170.0,
          304.0
        ],
        [
          165.0,
          355.0
        ],
        [
          243.0,
          354.0
        ],
        [
          245.0,
          259.0
        ],
        [
          196.0,
          259.0
        ],
        [
          193.0,
          242.0
        ]
      ]
    ],
    "浴室": [
      [
        [
          43.0,
          66.0
        ],
        [
          136.0,
          66.0
        ],
        [
          136.0,
          172.0
        ],
        [
          43.0,
          172.0
        ]
      ]
    ],
    "洋室": [
      [
        [
          39.0,
          589.0
        ],
        [
          218.0,
          589.0
        ],
        [
          218.0,
          820.0
        ],
        [
          39.0,
          820.0
        ]
      ],
      [
        [
          219.0,
          596.0
        ],
        [
          393.0,
          596.0
        ],
        [
          393.0,
          820.0
        ],
        [
          219.0,
          820.0
        ]
      ]
    ],
    "開戸": [
      [
        192.46153846153845,
        298.96153846153845,
        244.5769230769231,
        374.88461538461536
      ],
      [
        152.0769230769231,
        309.0,
        190.4230769230769,
        348.9230769230769
      ],
      [
        140.5769230769231,
        194.1153846153846,
        186.69230769230762,
        259.4230769230769
      ],
      [
        298.69230769230774,
        538.3461538461538,
        349.1923076923076,
        592.0384615384615
      ],
      [
        167.46153846153845,
        577.7692307692307,
        218.0,
        650.0
      ]
    ],
    "折戸": [
      [
        92.0,
        154.0,
        133.0,
        183.0
      ],
      [
        52.96153846153845,
        572.3846153846154,
        158.96153846153845,
        619.3846153846154
      ]
    ],
    "引戸": [
      [
        224.19230769230774,
        582.1153846153846,
        324.0769230769231,
        610.4615384615385
      ],
      [
        123.23076923076917,
        197.96153846153845,
        150.1538461538462,
        283.53846153846155
      ],
      [
        64.57692307692304,
        274.88461538461536,
        134.76923076923072,
        299.88461538461536
      ]
    ]
  }
}