{
  "labels": {
    "LDK": [
      [
        [
          363.55140186915884,
          163.55140186915887
        ],
        [
          615.8878504672897,
          166.3551401869159
        ],
        [
          615.8878504672897,
          245.79439252336448
        ],
        [
          585.981308411215,
          244.85981308411215
        ],
        [
          584.1121495327102,
          567.2897196261682
        ],
        [
          366.3551401869159,
          570.0934579439252
        ]
      ]
    ],
    "浴室": [
      [
        [
          617.7570093457944,
          166.3551401869159
        ],
        [
          716.822429906542,
          164.4859813084112
        ],
        [
          714.9532710280373,
          243.9252336448598
        ],
        [
          614.9532710280373,
          242.99065420560746
        ]
      ]
    ],
    "洋室": [
      [
        [
          689.356953550007,
          414.76496024550147
        ],
        [
          876.2728414004742,
          415.6995396847538
        ],
        [
          878.1420002789789,
          571.774306039894
        ],
        [
          686.55321523225,
          569.9051471613893
        ]
      ],
      [
        [
          760.7476635514018,
          337.38317757009344
        ],
        [
          881.3084112149533,
          336.4485981308411
        ],
        [
          878.5046728971962,
          166.3551401869159
        ],
        [
          758.8785046728972,
          166.3551401869159
        ]
      ]
    ],
    "廊下": [
      [
        [
          587.8504672897196,
          336.4485981308411
        ],
        [
          811.214953271028,
          340.18691588785043
        ],
        [
          811.214953271028,
          416.822429906542
        ],
        [
          740.1869158878504,
          414.95327102803736
        ],
        [
          739.252336448598,
          390.6542056074766
        ],
        [
          585.981308411215,
          388.78504672897196
        ]
      ]
    ],
    "折戸": [
      [
        748.8636363636364,
        168.1818181818182,
        779.9242424242425,
        243.4848484848485
      ],
      [
        619.1666666666667,
        224.16666666666669,
        658.5227272727273,
        257.95454545454544
      ]
    ],
    "引戸": [
      [
        694.8756218905473,
        403.4203980099503,
        779.1044776119403,
        428.35820895522386
      ],
      [
        765.8333333333334,
        328.33333333333337,
        846.2686567164178,
        350.0
      ],
      [
        717.0454545454545,
        323.8636363636364,
        755.4545454545454,
        345.83333333333337
      ],
      [
        568.8070175438596,
        306.77192982456137,
        598.3333333333334,
        385.83333333333337
      ],
      [
        627.7683413078149,
        326.22966507177034,
        712.5,
        350.0
      ],
      [
        586.3508771929824,
        374.31578947368416,
        662.9824561403509,
        404.1666666666667
      ],
      [
        682.9545454545455,
        431.8181818181818,
        702.8409090909091,
        473.29545454545456
      ],
      [
        572.7272727272727,
        259.09090909090907,
        599.4318181818181,
        289.20454545454544
      ]
    ]
  }
}