{
  "labels": {
    "廊下": [
      [
        [
          231.73076923076923,
          259.7307692307692
        ],
        [
          537.5,
          259.7307692307692
        ],
        [
          537.5,
          317.4230769230769
        ],
        [
          231.73076923076923,
          317.4230769230769
        ]
      ]
    ],
    "洋室": [
      [
        [
          49.03846153846154,
          52.03846153846152
        ],
        [
          236.53846153846152,
          52.03846153846152
        ],
        [
          236.53846153846152,
          317.4230769230769
        ],
        [
          49.03846153846154,
          317.4230769230769
        ]
      ],
      [
        [
          229.8076923076923,
          316.46153846153845
        ],
        [
          474.03846153846155,
          316.46153846153845
        ],
        [
          474.03846153846155,
          499.1538461538461
        ],
        [
          229.8076923076923,
          499.1538461538461
        ]
      ],
      [
        [
          533.6538461538462,
          77.03846153846152
        ],
        [
          750.0,
          77.03846153846152
        ],
        [
          750.0,
          347.2307692307692
        ],
        [
          533.6538461538462,
          347.2307692307692
        ]
      ]
    ],
    "開戸": [
      [
        179.12422360248445,
        263.4574773053034,
        253.98948877209747,
        311.6335403726708
      ],
      [
        238.1304347826087,
        236.33134257047305,
        283.0327281414238,
        303.55900621118013
      ],
      [
        420.1180124223602,
        301.07453416149065,
        468.95007166746296,
        370.76755852842814
      ],
      [
        518.4483994266603,
        261.0924510272336,
        590.563784042045,
        313.01552795031057
      ]
    ],
    "折戸": [
      [
        520.3117534639274,
        107.28571428571428,
        566.7018633540372,
        165.05805064500717
      ],
      [
        211.4223602484472,
        79.18251313903488,
        254.0492116579073,
        161.32298136645963
      ],
      [
        445.583850931677,
        384.1514572384138,
        492.28977544194936,
        494.2422360248447
      ],
      [
        479.68824653607265,
        291.7577639751553,
        529.4347826086956,
        333.87075967510754
      ]
    ]
  }
}