{
  "labels": {
    "LDK": [
      [
        [
          32.820512820512825,
          105.61538461538461
        ],
        [
          324.61538461538464,
          105.61538461538461
        ],
        [
          324.61538461538464,
          317.4102564102564
        ],
        [
          32.820512820512825,
          317.4102564102564
        ]
      ]
    ],
    "廊下": [
      [
        [
          260.5128205128205,
          80.4871794871795
        ],
        [
          323.0769230769231,
          80.4871794871795
        ],
        [
          323.0769230769231,
          107.15384615384616
        ],
        [
          260.5128205128205,
          107.15384615384616
        ]
      ],
      [
        [
          108.2051282051282,
          21.0
        ],
        [
          158.46153846153845,
          21.0
        ],
        [
          158.46153846153845,
          104.0769230769231
        ],
        [
          108.2051282051282,
          104.0769230769231
        ]
      ]
    ],
    "開戸": [
      [
        286.053412462908,
        94.95548961424332,
        318.974358974359,
        144.0769230769231
      ],
      [
        98.86783839306096,
        72.10682492581603,
        143.026706231454,
        99.43566917750894
      ],
      [
        177.52380952380952,
        43.197278911564624,
        260.17687074829934,
        68.70748299319727
      ]
    ],
    "引戸": [
      [
        191.2820512820513,
        101.51282051282053,
        264.61538461538464,
        113.82051282051282
      ]
    ]
  }
}