{
  "labels": {
    "廊下": [
      [
        [
          146.10743801652893,
          121.31404958677686
        ],
        [
          147.7603305785124,
          193.21487603305786
        ],
        [
          221.31404958677686,
          194.86776859504133
        ],
        [
          218.83471074380165,
          481.6446280991736
        ],
        [
          288.25619834710744,
          483.297520661157
        ],
        [
          289.08264462809916,
          337.8429752066116
        ],
        [
          360.1570247933884,
          337.8429752066116
        ],
        [
          360.1570247933884,
          194.86776859504133
        ],
        [
          287.4297520661157,
          192.38842975206612
        ],
        [
          289.08264462809916,
          122.14049586776859
        ]
      ]
    ],
    "洋室": [
      [
        [
          360.1570247933884,
          51.892561983471076
        ],
        [
          570.900826446281,
          51.892561983471076
        ],
        [
          570.900826446281,
          265.11570247933884
        ],
        [
          360.1570247933884,
          265.11570247933884
        ]
      ],
      [
        [
          359.3305785123967,
          264.2892561983471
        ],
        [
          573.3801652892562,
          264.2892561983471
        ],
        [
          573.3801652892562,
          477.5123966942149
        ],
        [
          359.3305785123967,
          477.5123966942149
        ]
      ],
      [
        [
          78.33884297520662,
          478.3388429752066
        ],
        [
          361.8099173553719,
          478.3388429752066
        ],
        [
          361.8099173553719,
          687.4297520661157
        ],
        [
          78.33884297520662,
          687.4297520661157
        ]
      ]
    ],
    "開戸": [
      [
        297.6666666666667,
        198.4126984126984,
        380.85753640299095,
        261.9083038173947
      ],
      [
        296.07936507936506,
        269.0839564475928,
        378.50937950937947,
        330.1587301587302
      ],
      [
        223.4326380690017,
        416.6666666666667,
        285.76190476190476,
        495.169487078578
      ]
    ],
    "折戸": [
      [
        340.81424635970103,
        59.523809523809526,
        393.69841269841265,
        189.9746818837728
      ],
      [
        332.91053391053396,
        342.85714285714283,
        393.69841269841265,
        475.92509510691326
      ]
    ],
    "引戸": [
      [
        201.7089072543618,
        199.62967335694609,
        235.76190476190476,
        308.73015873015873
      ],
      [
        200.05601469237834,
        341.8768201495475,
        236.55555555555554,
        476.984126984127
      ]
    ]
  }
}