{
  "labels": {
    "廊下": [
      [
        [
          65.41379310344828,
          108.04597701149426
        ],
        [
          64.83908045977012,
          243.10344827586206
        ],
        [
          92.42528735632183,
          243.10344827586206
        ],
        [
          92.42528735632183,
          162.64367816091954
        ],
        [
          118.86206896551724,
          162.64367816091954
        ],
        [
          120.01149425287358,
          107.47126436781609
        ]
      ]
    ],
    "洋室": [
      [
        [
          13.11494252873564,
          34.48275862068966
        ],
        [
          119.4367816091954,
          34.48275862068966
        ],
        [
          119.4367816091954,
          109.19540229885058
        ],
        [
          13.11494252873564,
          109.19540229885058
        ]
      ],
      [
        [
          119.4367816091954,
          106.89655172413794
        ],
        [
          198.74712643678163,
          106.89655172413794
        ],
        [
          198.74712643678163,
          216.09195402298852
        ],
        [
          119.4367816091954,
          216.09195402298852
        ]
      ],
      [
        [
          9.666666666666671,
          242.5287356321839
        ],
        [
          117.71264367816093,
          242.5287356321839
        ],
        [
          117.71264367816093,
          348.85057471264366
        ],
        [
          9.666666666666671,
          348.85057471264366
        ]
      ]
    ],
    "開戸": [
      [
        27.666177549523127,
        231.91489361702128,
        49.5390070921986,
        263.92761066275364
      ],
      [
        65.49645390070924,
        218.39080459770116,
        90.70114942528735,
        251.77304964539007
      ],
      [
        56.79310344827587,
        110.3448275862069,
        87.2528735632184,
        132.183908045977
      ]
    ],
    "折戸": [
      [
        15.496453900709241,
        25.531914893617024,
        116.79554903399364,
        48.85057471264368
      ],
      [
        120.50061139642946,
        203.54609929078015,
        199.53900709219857,
        224.0156517485938
      ]
    ],
    "引戸": [
      [
        44.57446808510642,
        100.35460992907802,
        93.18341892883348,
        113.82978723404257
      ],
      [
        111.39080459770116,
        108.62068965517241,
        127.55319148936172,
        162.05673758865248
      ]
    ]
  }
}