{
  "labels": {
    "LDK": [
      [
        [
          14.777777777777771,
          15.555555555555555
        ],
        [
          343.22222222222223,
          16.0
        ],
        [
          344.55555555555554,
          373.77777777777777
        ],
        [
          321.44444444444446,
          373.77777777777777
        ],
        [
          319.75690607734805,
          416.0220994475138
        ],
        [
          108.15469613259665,
          414.36464088397787
        ],
        [
          109.81215469613261,
          204.97237569060772
        ],
        [
          14.784530386740329,
          202.7624309392265
        ]
      ]
    ],
    "洋室": [
      [
        [
          109.53846153846152,
          414.6153846153846
        ],
        [
          109.15384615384616,
          532.6923076923076
        ],
        [
          297.6153846153846,
          533.0769230769231
        ],
        [
          298.0,
          469.6153846153846
        ],
        [
          251.07692307692304,
          468.46153846153845
        ],
        [
          251.07692307692304,
          415.7692307692308
        ]
      ]
    ],
    "廊下": [
      [
        [
          345.6923076923077,
          274.6153846153846
        ],
        [
          390.6923076923077,
          275.0
        ],
        [
          392.6153846153846,
          358.07692307692304
        ],
        [
          446.0769230769231,
          357.6923076923077
        ],
        [
          446.46153846153845,
          412.6923076923077
        ],
        [
          364.9230769230769,
          433.07692307692304
        ],
        [
          364.9230769230769,
          415.0
        ],
        [
          349.15384615384613,
          415.0
        ]
      ]
    ],
    "浴室": [
      [
        [
          343.38461538461536,
          16.153846153846153
        ],
        [
          438.0,
          16.153846153846153
        ],
        [
          437.6153846153846,
          110.38461538461539
        ],
        [
          345.3076923076923,
          109.23076923076923
        ]
      ]
    ],
    "折戸": [
      [
        228.3119673654024,
        474.6395250212044,
        263.7557251908397,
        528.2442748091603
      ]
    ],
    "引戸": [
      [
        113.24269962437896,
        399.5234056302759,
        295.0534351145038,
        425.57251908396944
      ],
      [
        349.5890787188497,
        261.16765620582413,
        424.44274809160305,
        288.54961832061065
      ],
      [
        379.8346459873177,
        279.3832545740943,
        405.3587786259542,
        353.8167938931298
      ],
      [
        331.25231229048023,
        114.27763641504102,
        358.03053435114504,
        199.23664122137404
      ]
    ],
    "開戸": [
      [
        351.0027060866756,
        63.83941193101498,
        392.381679389313,
        119.46564885496183
      ]
    ]
  }
}