{
  "labels": {
    "LDK": [
      [
        [
          161.5343915343915,
          193.65079365079364
        ],
        [
          530.8465608465608,
          195.2380952380952
        ],
        [
          529.2592592592592,
          464.5502645502645
        ],
        [
          382.69841269841265,
          462.43386243386243
        ],
        [
          382.1693121693121,
          391.005291005291
        ],
        [
          161.5343915343915,
          389.9470899470899
        ]
      ]
    ],
    "浴室": [
      [
        [
          430.8465608465608,
          46.03174603174603
        ],
        [
          529.7883597883598,
          46.56084656084656
        ],
        [
          528.7301587301587,
          144.97354497354496
        ],
        [
          431.9047619047618,
          144.44444444444443
        ]
      ]
    ],
    "引戸": [
      [
        138.5499058380414,
        177.82261680566765,
        232.12994350282486,
        213.68926553672316
      ],
      [
        338.5050668101515,
        127.7643260694108,
        427.6101694915254,
        159.45197740112994
      ],
      [
        415.2246435297282,
        50.668101515559144,
        447.9491525423729,
        136.85310734463278
      ],
      [
        191.45197740112997,
        373.5762711864407,
        280.1525423728813,
        405.77966101694915
      ],
      [
        289.19209039548025,
        373.5762711864407,
        376.1977401129943,
        406.909604519774
      ]
    ],
    "折戸": [
      [
        385.67572415030037,
        178.65662272441932,
        425.91525423728814,
        215.38418079096044
      ],
      [
        211.66442471527216,
        48.542731593579056,
        255.29378531073445,
        140.80790960451978
      ]
    ],
    "開戸": [
      [
        268.206438884405,
        147.97775984216662,
        309.5310734463277,
        190.52542372881356
      ],
      [
        292.652676889965,
        113.37099811676082,
        327.045197740113,
        158.32203389830508
      ]
    ]
  }
}