{
  "labels": {
    "廊下": [
      [
        [
          33.81818181818181,
          284.6363636363636
        ],
        [
          31.545454545454533,
          441.45454545454544
        ],
        [
          354.27272727272725,
          441.45454545454544
        ],
        [
          353.1363636363636,
          358.5
        ],
        [
          152.0,
          361.90909090909093
        ],
        [
          155.4090909090909,
          282.3636363636364
        ]
      ]
    ],
    "洋室": [
      [
        [
          352.0,
          39.18181818181818
        ],
        [
          595.1818181818181,
          39.18181818181818
        ],
        [
          595.1818181818181,
          440.3181818181818
        ],
        [
          352.0,
          440.3181818181818
        ]
      ],
      [
        [
          31.545454545454533,
          440.3181818181818
        ],
        [
          278.1363636363636,
          440.3181818181818
        ],
        [
          278.1363636363636,
          685.7727272727273
        ],
        [
          31.545454545454533,
          685.7727272727273
        ]
      ],
      [
        [
          273.59090909090907,
          441.45454545454544
        ],
        [
          514.5,
          441.45454545454544
        ],
        [
          514.5,
          757.3636363636364
        ],
        [
          273.59090909090907,
          757.3636363636364
        ]
      ]
    ],
    "開戸": [
      [
        197.45454545454544,
        430.09090909090907,
        270.1818181818182,
        513.0454545454545
      ],
      [
        275.8636363636364,
        429.1139240506329,
        350.1518987341772,
        521.0
      ],
      [
        342.5569620253164,
        363.6363636363636,
        434.36363636363626,
        431.6455696202531
      ],
      [
        520.4050632911392,
        373.27272727272725,
        589.5,
        462.02531645569616
      ],
      [
        39.5,
        267.27272727272725,
        90.72727272727269,
        339.1818181818182
      ]
    ],
    "折戸": [
      [
        202.05063291139237,
        644.8636363636364,
        273.59090909090907,
        700.632911392405
      ],
      [
        465.97468354430373,
        525.9493670886076,
        541.2911392405063,
        755.6962025316456
      ]
    ]
  }
}