{
  "labels": {
    "洋室": [
      [
        [
          199.69911504424778,
          398.88495575221236
        ],
        [
          561.646017699115,
          400.65486725663715
        ],
        [
          561.646017699115,
          616.5840707964601
        ],
        [
          201.46902654867256,
          614.8141592920354
        ]
      ],
      [
        [
          558.1061946902654,
          400.65486725663715
        ],
        [
          774.0353982300884,
          401.5398230088495
        ],
        [
          774.0353982300884,
          544.9026548672566
        ],
        [
          849.2566371681415,
          544.9026548672566
        ],
        [
          846.6017699115043,
          683.8407079646017
        ],
        [
          560.7610619469026,
          684.7256637168141
        ]
      ],
      [
        [
          775.8053097345132,
          184.72566371681415
        ],
        [
          990.8495575221239,
          186.4955752212389
        ],
        [
          990.8495575221239,
          542.2477876106194
        ],
        [
          776.6902654867256,
          544.0176991150441
        ]
      ]
    ],
    "廊下": [
      [
        [
          488.19469026548666,
          328.0884955752212
        ],
        [
          633.3274336283185,
          328.9734513274336
        ],
        [
          632.4424778761061,
          309.504424778761
        ],
        [
          703.2389380530973,
          310.3893805309734
        ],
        [
          703.2389380530973,
          328.0884955752212
        ],
        [
          777.575221238938,
          328.0884955752212
        ],
        [
          778.4601769911503,
          400.65486725663715
        ],
        [
          489.079646017699,
          400.65486725663715
        ]
      ]
    ],
    "折戸": [
      [
        742.8395496455543,
        549.1560024093036,
        800.523560209424,
        678.5340314136125
      ],
      [
        854.4181068433488,
        233.56039475513134,
        982.198952879581,
        288.4816753926701
      ],
      [
        783.0980864569336,
        234.40828429782695,
        840.8376963350785,
        283.2460732984293
      ]
    ],
    "開戸": [
      [
        754.4551730528656,
        336.4654589260065,
        836.6492146596858,
        391.6230366492146
      ],
      [
        709.9340221470601,
        377.42362044201445,
        767.5392670157067,
        460.7329842931937
      ],
      [
        496.2102580734837,
        376.12630310892825,
        552.8795811518324,
        460.7329842931937
      ]
    ],
    "引戸": [
      [
        495.362368530788,
        306.6132604364546,
        625.130890052356,
        352.87958115183244
      ],
      [
        281.5042394477134,
        377.51165268961677,
        409.42408376963346,
        424.0837696335078
      ]
    ]
  }
}