{
  "labels": {
    "洋室": [
      [
        [
          326.8627450980392,
          126.41176470588235
        ],
        [
          556.2745098039215,
          126.41176470588235
        ],
        [
          554.313725490196,
          282.29411764705884
        ],
        [
          628.8235294117646,
          282.29411764705884
        ],
        [
          632.7450980392157,
          663.6666666666666
        ],
        [
          323.921568627451,
          661.7058823529412
        ]
      ],
      [
        [
          862.156862745098,
          277.3921568627451
        ],
        [
          1096.4705882352941,
          279.3529411764706
        ],
        [
          1097.450980392157,
          659.7450980392157
        ],
        [
          863.1372549019608,
          659.7450980392157
        ]
      ]
    ],
    "廊下": [
      [
        [
          634.7058823529412,
          284.2549019607843
        ],
        [
          718.0392156862745,
          282.29411764705884
        ],
        [
          717.0588235294117,
          234.2549019607843
        ],
        [
          773.9215686274509,
          235.23529411764704
        ],
        [
          773.9215686274509,
          289.156862745098
        ],
        [
          797.4509803921568,
          289.156862745098
        ],
        [
          796.4705882352941,
          262.6862745098039
        ],
        [
          859.2156862745098,
          264.6470588235294
        ],
        [
          861.1764705882352,
          343.078431372549
        ],
        [
          776.8627450980392,
          341.11764705882354
        ],
        [
          778.8235294117646,
          368.5686274509804
        ],
        [
          816.078431372549,
          367.5882352941176
        ],
        [
          815.0980392156863,
          426.4117647058823
        ],
        [
          633.7254901960785,
          422.4901960784314
        ]
      ]
    ],
    "引戸": [
      [
        848.9304812834224,
        277.1782531194296,
        884.1818181818181,
        411.1818181818182
      ]
    ],
    "開戸": [
      [
        800.3921568627451,
        254.84313725490193,
        864.1176470588235,
        312.6862745098039
      ],
      [
        566.0784313725491,
        359.7450980392157,
        648.4313725490196,
        420.52941176470586
      ],
      [
        560.1960784313725,
        281.3137254901961,
        649.6363636363636,
        347.5454545454545
      ]
    ],
    "折戸": [
      [
        517.0588235294117,
        134.2549019607843,
        570.0,
        286.2156862745098
      ]
    ]
  }
}