{
  "labels": {
    "洋室": [
      [
        [
          457.99999999999994,
          64.57142857142856
        ],
        [
          456.57142857142856,
          285.2857142857143
        ],
        [
          623.2525252525253,
          285.35353535353534
        ],
        [
          625.1428571428571,
          63.85714285714283
        ]
      ]
    ],
    "浴室": [
      [
        [
          7.285714285714285,
          6.714285714285708
        ],
        [
          10.857142857142856,
          122.42857142857142
        ],
        [
          123.71428571428571,
          118.85714285714283
        ],
        [
          121.57142857142856,
          3.142857142857139
        ]
      ]
    ],
    "LDK": [
      [
        [
          155.85714285714283,
          289.57142857142856
        ],
        [
          155.85714285714283,
          454.57142857142856
        ],
        [
          462.99999999999994,
          452.42857142857133
        ],
        [
          459.4285714285714,
          119.57142857142856
        ],
        [
          181.57142857142856,
          117.42857142857142
        ],
        [
          184.42857142857142,
          290.2857142857143
        ]
      ]
    ],
    "廊下": [
      [
        [
          67.28571428571428,
          239.57142857142856
        ],
        [
          68.71428571428571,
          385.99999999999994
        ],
        [
          154.42857142857142,
          385.99999999999994
        ],
        [
          155.14285714285714,
          288.85714285714283
        ],
        [
          125.14285714285712,
          289.57142857142856
        ],
        [
          125.85714285714285,
          238.1428571428571
        ]
      ]
    ],
    "開戸": [
      [
        167.6969696969697,
        125.25252525252526,
        214.16161616161617,
        170.2020202020202
      ]
    ],
    "折戸": [
      [
        576.7878787878788,
        48.98989898989899,
        618.7070707070707,
        86.86868686868686
      ]
    ],
    "引戸": [
      [
        462.99999999999994,
        51.01010101010101,
        563.1515151515151,
        75.99999999999997
      ],
      [
        447.2857142857142,
        118.85714285714283,
        469.7171717171717,
        226.26262626262627
      ],
      [
        353.55555555555554,
        109.59595959595961,
        453.55555555555554,
        132.8282828282828
      ],
      [
        173.25252525252526,
        180.28571428571428,
        197.99999999999997,
        283.3333333333333
      ],
      [
        145.14285714285714,
        291.71428571428567,
        166.57142857142856,
        387.4285714285714
      ],
      [
        108.08658008658007,
        14.694083694083687,
        127.37229437229436,
        114.69408369408367
      ],
      [
        447.2857142857142,
        230.28571428571428,
        470.22222222222223,
        336.3636363636364
      ],
      [
        221.73737373737373,
        15.656565656565657,
        246.4848484848485,
        113.63636363636364
      ],
      [
        358.1010101010101,
        51.515151515151516,
        445.47474747474746,
        74.24242424242425
      ]
    ]
  }
}