{
  "labels": {
    "浴室": [
      [
        [
          20.01030927835052,
          26.804123711340207
        ],
        [
          99.39175257731961,
          28.8659793814433
        ],
        [
          99.39175257731961,
          168.55670103092783
        ],
        [
          18.463917525773212,
          167.5257731958763
        ]
      ]
    ],
    "廊下": [
      [
        [
          178.7731958762887,
          108.76288659793815
        ],
        [
          225.16494845360825,
          109.27835051546393
        ],
        [
          225.16494845360825,
          119.0721649484536
        ],
        [
          328.2577319587629,
          120.61855670103093
        ],
        [
          329.2886597938144,
          310.82474226804123
        ],
        [
          229.28865979381442,
          311.340206185567
        ],
        [
          230.83505154639175,
          170.10309278350516
        ],
        [
          177.74226804123714,
          169.58762886597938
        ]
      ]
    ],
    "折戸": [
      [
        85.98969072164948,
        83.50515463917526,
        110.21649484536084,
        130.41237113402062
      ]
    ],
    "引戸": [
      [
        166.92116182572613,
        69.70954356846472,
        183.92783505154637,
        145.36082474226822
      ],
      [
        214.4150660906019,
        240.42007100996705,
        235.38589211618256,
        324.48132780082983
      ],
      [
        130.00517602771959,
        215.53877743080807,
        224.59751037344398,
        233.19502074688796
      ]
    ],
    "開戸": [
      [
        174.64948453608247,
        96.3917525773196,
        223.6185567010309,
        145.87628865979383
      ],
      [
        290.62886597938143,
        108.76288659793815,
        335.9896907216495,
        153.60824742268042
      ]
    ]
  }
}