{
  "labels": {
    "洋室": [
      [
        [
          491.33333333333326,
          153.78787878787878
        ],
        [
          664.8181818181818,
          157.57575757575756
        ],
        [
          661.7878787878788,
          430.30303030303025
        ],
        [
          404.96969696969694,
          426.5151515151515
        ],
        [
          404.96969696969694,
          368.93939393939394
        ],
        [
          490.5757575757575,
          368.93939393939394
        ]
      ],
      [
        [
          149.66666666666666,
          152.27272727272725
        ],
        [
          376.93939393939394,
          156.06060606060606
        ],
        [
          376.93939393939394,
          372.7272727272727
        ],
        [
          262.5454545454545,
          368.1818181818182
        ],
        [
          260.27272727272725,
          416.66666666666663
        ],
        [
          146.63636363636363,
          412.8787878787879
        ]
      ]
    ],
    "LDK": [
      [
        [
          259.5151515151515,
          500.75757575757575
        ],
        [
          255.7272727272727,
          764.3939393939394
        ],
        [
          916.3333333333333,
          771.2121212121211
        ],
        [
          922.3939393939394,
          159.0909090909091
        ],
        [
          664.8181818181818,
          156.8181818181818
        ],
        [
          660.2727272727273,
          430.30303030303025
        ],
        [
          371.6363636363636,
          426.5151515151515
        ],
        [
          374.66666666666663,
          370.45454545454544
        ],
        [
          259.5151515151515,
          367.4242424242424
        ]
      ]
    ],
    "浴室": [
      [
        [
          142.84848484848484,
          640.1515151515151
        ],
        [
          255.7272727272727,
          639.3939393939394
        ],
        [
          256.48484848484844,
          763.6363636363636
        ],
        [
          139.06060606060606,
          762.1212121212121
        ]
      ]
    ],
    "折戸": [
      [
        195.23809523809524,
        622.8571428571428,
        258.0,
        662.1212121212121
      ],
      [
        149.52380952380952,
        339.04761904761904,
        263.85714285714283,
        380.0
      ],
      [
        261.90476190476187,
        534.2857142857142,
        314.2857142857142,
        580.0
      ]
    ],
    "引戸": [
      [
        234.33333333333331,
        511.4285714285714,
        274.66666666666663,
        631.060606060606
      ],
      [
        381.9047619047619,
        353.3333333333333,
        481.9047619047619,
        377.1428571428571
      ],
      [
        459.04761904761904,
        414.2857142857143,
        568.5714285714286,
        440.9523809523809
      ]
    ],
    "開戸": [
      [
        241.33333333333331,
        440.1515151515151,
        314.8181818181818,
        502.27272727272725
      ],
      [
        262.58874458874453,
        347.92207792207785,
        336.07359307359303,
        425.9523809523809
      ]
    ]
  }
}