{
  "labels": {
    "廊下": [
      [
        [
          195.0625,
          281.03125
        ],
        [
          195.8421052631579,
          405.6842105263158
        ],
        [
          243.5,
          405.25
        ],
        [
          241.15625,
          512.28125
        ],
        [
          306.0,
          512.28125
        ],
        [
          305.31578947368416,
          455.1578947368421
        ],
        [
          470.57894736842104,
          454.1052631578947
        ],
        [
          474.7894736842105,
          280.4210526315789
        ],
        [
          306.36842105263156,
          278.31578947368416
        ],
        [
          303.2105263157895,
          221.4736842105263
        ],
        [
          246.36842105263156,
          220.4210526315789
        ],
        [
          242.15789473684208,
          281.4736842105263
        ]
      ]
    ],
    "洋室": [
      [
        [
          307.4210526315789,
          43.57894736842104
        ],
        [
          475.84210526315786,
          43.57894736842104
        ],
        [
          475.84210526315786,
          280.4210526315789
        ],
        [
          307.4210526315789,
          280.4210526315789
        ]
      ],
      [
        [
          303.44901315789474,
          458.5542763157895
        ],
        [
          476.0805921052631,
          458.5542763157895
        ],
        [
          476.0805921052631,
          688.0279605263157
        ],
        [
          303.44901315789474,
          688.0279605263157
        ]
      ]
    ],
    "開戸": [
      [
        295.2314049586777,
        219.2,
        353.6,
        271.55371900826447
      ],
      [
        294.40495867768595,
        454.40953947368416,
        362.1578947368421,
        505.43801652892563
      ],
      [
        199.0,
        416.2105263157894,
        261.10526315789474,
        462.52631578947364
      ],
      [
        197.94736842105263,
        220.4210526315789,
        259.0,
        277.2631578947368
      ]
    ],
    "折戸": [
      [
        296.89473684210526,
        61.6,
        340.79999999999995,
        202.52631578947364
      ],
      [
        297.9473684210526,
        522.5263157894736,
        340.05263157894734,
        673.0526315789473
      ]
    ]
  }
}