{
  "labels": {
    "廊下": [
      [
        [
          302.73972602739724,
          58.10958904109589
        ],
        [
          301.36986301369865,
          203.3150684931507
        ],
        [
          154.7945205479452,
          201.94520547945206
        ],
        [
          154.7945205479452,
          251.26027397260276
        ],
        [
          352.05479452054794,
          254.0
        ],
        [
          350.6849315068493,
          54.684931506849324
        ]
      ]
    ],
    "洋室": [
      [
        [
          9.589041095890412,
          1.2602739726027465
        ],
        [
          198.63013698630138,
          1.2602739726027465
        ],
        [
          198.63013698630138,
          206.05479452054794
        ],
        [
          9.589041095890412,
          206.05479452054794
        ]
      ],
      [
        [
          5.47945205479452,
          206.05479452054794
        ],
        [
          154.1095890410959,
          206.05479452054794
        ],
        [
          154.1095890410959,
          400.57534246575347
        ],
        [
          5.47945205479452,
          400.57534246575347
        ]
      ],
      [
        [
          202.73972602739727,
          253.3150684931507
        ],
        [
          404.79452054794524,
          253.3150684931507
        ],
        [
          404.79452054794524,
          400.57534246575347
        ],
        [
          202.73972602739727,
          400.57534246575347
        ]
      ]
    ],
    "開戸": [
      [
        302.4159292035398,
        207.4246575342466,
        353.4246575342466,
        270.7964601769911
      ],
      [
        158.21917808219177,
        158.8495575221239,
        201.5309734513274,
        218.12898533155533
      ],
      [
        107.97672445144865,
        205.12740938295548,
        169.6725663716814,
        248.2300884955752
      ],
      [
        115.75342465753425,
        260.16438356164383,
        169.6034482758621,
        322.8448275862069
      ],
      [
        189.43103448275866,
        331.3972602739726,
        242.46575342465755,
        399.1379310344828
      ]
    ],
    "折戸": [
      [
        183.38938053097343,
        7.758620689655173,
        218.58498626792797,
        100.44247787610618
      ]
    ],
    "引戸": [
      [
        256.39823008849555,
        40.028609528427694,
        347.5754636925688,
        64.15929203539822
      ]
    ]
  }
}