{
  "labels": {
    "浴室": [
      [
        [
          215.17529880478088,
          33.46613545816733
        ],
        [
          215.97211155378483,
          85.25896414342628
        ],
        [
          268.5617529880478,
          85.25896414342628
        ],
        [
          270.1553784860557,
          30.677290836653384
        ]
      ]
    ],
    "LDK": [
      [
        [
          111.19123505976094,
          98.40637450199202
        ],
        [
          111.98804780876492,
          336.65338645418325
        ],
        [
          244.25896414342628,
          336.2549800796812
        ],
        [
          245.05577689243023,
          151.79282868525894
        ],
        [
          270.1553784860557,
          153.38645418326692
        ],
        [
          269.3585657370518,
          96.81274900398405
        ]
      ]
    ],
    "廊下": [
      [
        [
          59.796812749003976,
          98.80478087649402
        ],
        [
          58.601593625498,
          137.45019920318722
        ],
        [
          109.99601593625496,
          137.05179282868525
        ],
        [
          111.98804780876492,
          97.60956175298804
        ]
      ],
      [
        [
          137.4860557768924,
          98.80478087649402
        ],
        [
          136.68924302788844,
          56.17529880478087
        ],
        [
          162.9840637450199,
          55.37848605577689
        ],
        [
          164.97609561752986,
          98.00796812749003
        ]
      ]
    ],
    "開戸": [
      [
        104.0199203187251,
        101.59362549800795,
        137.0876494023904,
        124.70119521912349
      ],
      [
        208.6168582375479,
        58.96414342629482,
        239.87649402390434,
        79.69348659003832
      ],
      [
        139.46282303735248,
        45.593869731800766,
        161.1072796934866,
        64.18922013097037
      ]
    ],
    "折戸": [
      [
        217.93361420219503,
        89.87040344369646,
        266.4712643678161,
        110.72796934865902
      ]
    ],
    "引戸": [
      [
        128.1570881226054,
        51.34099616858238,
        145.7816091954023,
        96.93486590038314
      ],
      [
        158.601593625498,
        36.39846743295019,
        173.367816091954,
        79.58663430568907
      ],
      [
        139.26819923371647,
        91.95402298850576,
        185.24521072796938,
        107.27969348659005
      ],
      [
        99.42145593869733,
        142.52873563218392,
        115.89655172413794,
        232.95019157088123
      ],
      [
        47.11974110032362,
        47.249190938511326,
        64.55555555555557,
        96.55172413793103
      ]
    ]
  }
}