{
  "labels": {
    "LDK": [
      [
        [
          178.99999999999997,
          306.9565217391304
        ],
        [
          178.1304347826087,
          379.13043478260863
        ],
        [
          143.3478260869565,
          380.86956521739125
        ],
        [
          142.4782608695652,
          447.8260869565217
        ],
        [
          246.82608695652172,
          448.695652173913
        ],
        [
          245.0869565217391,
          482.6086956521739
        ],
        [
          380.73913043478257,
          482.6086956521739
        ],
        [
          384.21739130434776,
          581.7391304347825
        ],
        [
          660.7391304347825,
          580.8695652173913
        ],
        [
          653.7826086956521,
          105.21739130434781
        ],
        [
          314.65217391304344,
          102.6086956521739
        ],
        [
          311.17391304347825,
          170.43478260869563
        ],
        [
          286.8260869565217,
          173.91304347826085
        ],
        [
          278.99999999999994,
          304.3478260869565
        ]
      ]
    ],
    "浴室": [
      [
        [
          38.99999999999999,
          33.91304347826086
        ],
        [
          182.4782608695652,
          33.91304347826086
        ],
        [
          182.4782608695652,
          178.26086956521738
        ],
        [
          38.99999999999999,
          178.26086956521738
        ]
      ]
    ],
    "開戸": [
      [
        117.64939870490285,
        113.8936170212766,
        172.92198581560285,
        192.85846438482884
      ],
      [
        157.60622880049337,
        319.5673758865248,
        221.14893617021278,
        368.0789392537773
      ],
      [
        125.72833795868019,
        383.3971631205674,
        194.9078014184397,
        433.29633055812513
      ]
    ],
    "引戸": [
      [
        127.53191489361703,
        436.5886524822696,
        164.4113475177305,
        544.3900709219861
      ],
      [
        112.63829787234044,
        285.5248226950355,
        248.09929078014187,
        322.40425531914894
      ]
    ]
  }
}