{
  "labels": {
    "洋室": [
      [
        [
          267.7049180327869,
          209.47540983606558
        ],
        [
          389.016393442623,
          209.47540983606558
        ],
        [
          389.016393442623,
          313.57377049180326
        ],
        [
          270.1639344262295,
          311.9344262295082
        ]
      ],
      [
        [
          418.5245901639345,
          210.29508196721312
        ],
        [
          566.0655737704918,
          210.29508196721312
        ],
        [
          567.7049180327868,
          312.75409836065575
        ],
        [
          421.80327868852464,
          310.2950819672131
        ]
      ],
      [
        [
          265.24590163934425,
          351.27868852459017
        ],
        [
          566.8852459016393,
          352.91803278688525
        ],
        [
          567.7049180327868,
          490.62295081967216
        ],
        [
          269.344262295082,
          491.44262295081967
        ]
      ]
    ],
    "廊下": [
      [
        [
          267.7049180327869,
          316.0327868852459
        ],
        [
          493.9344262295082,
          317.672131147541
        ],
        [
          494.7540983606558,
          348.81967213114757
        ],
        [
          268.5245901639344,
          348.81967213114757
        ]
      ]
    ],
    "開戸": [
      [
        257.04918032786884,
        314.39344262295083,
        303.7704918032787,
        354.55737704918033
      ],
      [
        468.77595628415304,
        316.7978142076502,
        509.66666666666674,
        354.3333333333333
      ],
      [
        422.3333333333333,
        337.0,
        465.2459016393443,
        387.344262295082
      ],
      [
        422.62295081967216,
        280.78688524590166,
        462.78688524590166,
        324.2295081967213
      ],
      [
        402.3333333333333,
        207.66666666666666,
        448.03278688524597,
        261.9344262295082
      ],
      [
        360.327868852459,
        261.9344262295082,
        398.03278688524597,
        313.57377049180326
      ]
    ],
    "引戸": [
      [
        232.33333333333331,
        214.33333333333334,
        257.6666666666667,
        315.0
      ],
      [
        299.0,
        301.0,
        375.6666666666667,
        326.3333333333333
      ],
      [
        297.0,
        338.3333333333333,
        379.0,
        363.6666666666667
      ]
    ]
  }
}