{
  "labels": {
    "洋室": [
      [
        [
          230.47480106100795,
          25.9946949602122
        ],
        [
          308.9893899204244,
          25.72944297082228
        ],
        [
          308.7241379310345,
          128.3819628647215
        ],
        [
          230.47480106100795,
          128.91246684350133
        ]
      ],
      [
        [
          23.84350132625994,
          26.79045092838196
        ],
        [
          179.81167108753314,
          26.79045092838196
        ],
        [
          179.28116710875332,
          103.9787798408488
        ],
        [
          22.251989389920425,
          103.44827586206897
        ]
      ]
    ],
    "廊下": [
      [
        [
          230.74005305039788,
          78.24933687002653
        ],
        [
          179.0159151193634,
          78.51458885941645
        ],
        [
          179.54641909814325,
          104.77453580901857
        ],
        [
          74.24137931034483,
          103.44827586206897
        ],
        [
          74.24137931034483,
          131.29973474801062
        ],
        [
          230.74005305039788,
          130.50397877984085
        ]
      ]
    ],
    "引戸": [
      [
        225.0579608479295,
        78.7389204317104,
        240.8071625344353,
        128.65013774104682
      ],
      [
        49.838196286472154,
        94.96021220159152,
        100.23607427055703,
        107.6923076923077
      ],
      [
        101.0318302387268,
        94.16445623342175,
        150.368700265252,
        108.75331564986737
      ]
    ],
    "開戸": [
      [
        65.22281167108753,
        104.77453580901857,
        100.23607427055703,
        129.70822281167108
      ]
    ]
  }
}