{
  "labels": {
    "LDK": [
      [
        [
          87.70967741935483,
          215.70967741935485
        ],
        [
          86.90322580645162,
          504.41935483870964
        ],
        [
          499.0,
          505.2258064516129
        ],
        [
          499.0,
          215.70967741935485
        ],
        [
          401.4193548387097,
          212.48387096774195
        ],
        [
          400.61290322580646,
          53.61290322580645
        ],
        [
          213.51612903225808,
          53.61290322580645
        ],
        [
          215.1290322580645,
          90.70967741935483
        ],
        [
          152.2258064516129,
          91.51612903225806
        ],
        [
          149.80645161290323,
          214.09677419354838
        ]
      ]
    ],
    "浴室": [
      [
        [
          564.3225806451613,
          55.2258064516129
        ],
        [
          559.483870967742,
          185.06451612903226
        ],
        [
          687.7096774193549,
          182.6451612903226
        ],
        [
          689.3225806451613,
          52.0
        ]
      ]
    ],
    "廊下": [
      [
        [
          498.19354838709677,
          182.6451612903226
        ],
        [
          502.2258064516129,
          340.7096774193548
        ],
        [
          586.9032258064516,
          340.7096774193548
        ],
        [
          590.1290322580645,
          307.64516129032256
        ],
        [
          624.0,
          307.64516129032256
        ],
        [
          657.8709677419355,
          245.5483870967742
        ],
        [
          562.7096774193549,
          247.16129032258067
        ],
        [
          560.2903225806451,
          182.6451612903226
        ]
      ]
    ],
    "開戸": [
      [
        440.79562043795613,
        224.27454673887448,
        524.1589357193313,
        279.2919708029197
      ],
      [
        502.7261596421003,
        158.9460795855898,
        555.3941605839416,
        239.14598540145982
      ],
      [
        63.42335766423358,
        444.2554744525547,
        126.19708029197079,
        495.35036496350364
      ],
      [
        95.35625147162703,
        191.6632917353426,
        150.2846715328467,
        248.63503649635035
      ],
      [
        31.30656934306569,
        150.82481751824815,
        87.51094890510947,
        204.10948905109487
      ]
    ],
    "折戸": [
      [
        159.2189781021898,
        68.31740051801273,
        210.8686131386861,
        114.32846715328466
      ]
    ],
    "引戸": [
      [
        575.9602072050859,
        223.81751824817516,
        680.941605839416,
        271.97292206263245
      ],
      [
        548.0948905109489,
        73.7741935483871,
        578.5326112550036,
        172.72262773722628
      ],
      [
        378.9505533317636,
        64.6934306569343,
        426.1970802919708,
        171.7374617376972
      ]
    ]
  }
}