{
  "labels": {
    "洋室": [
      [
        [
          306.09090909090907,
          199.81818181818176
        ],
        [
          595.4848484848485,
          199.81818181818176
        ],
        [
          595.4848484848485,
          366.4848484848485
        ],
        [
          306.09090909090907,
          366.4848484848485
        ]
      ],
      [
        [
          416.6969696969697,
          369.5151515151515
        ],
        [
          642.4545454545454,
          369.5151515151515
        ],
        [
          642.4545454545454,
          537.6969696969696
        ],
        [
          416.6969696969697,
          537.6969696969696
        ]
      ],
      [
        [
          643.9696969696969,
          264.969696969697
        ],
        [
          898.5151515151515,
          264.969696969697
        ],
        [
          898.5151515151515,
          487.69696969696963
        ],
        [
          643.9696969696969,
          487.69696969696963
        ]
      ],
      [
        [
          897.0,
          264.969696969697
        ],
        [
          1156.090909090909,
          264.969696969697
        ],
        [
          1156.090909090909,
          481.6363636363636
        ],
        [
          897.0,
          481.6363636363636
        ]
      ]
    ],
    "廊下": [
      [
        [
          568.2121212121211,
          83.15151515151513
        ],
        [
          566.6969696969696,
          196.78787878787875
        ],
        [
          593.969696969697,
          196.78787878787875
        ],
        [
          592.4545454545454,
          360.4242424242424
        ],
        [
          651.5454545454545,
          371.030303030303
        ],
        [
          653.060606060606,
          78.60606060606057
        ]
      ]
    ],
    "開戸": [
      [
        596.4557222712563,
        350.40659017358035,
        649.3980582524272,
        418.21359223300965
      ],
      [
        546.4854368932039,
        200.73786407766988,
        614.1668137687554,
        249.08267137393352
      ]
    ],
    "折戸": [
      [
        669.7864077669902,
        242.9043836422477,
        789.3065607531627,
        288.11650485436894
      ],
      [
        794.0582524271845,
        244.34598411297435,
        900.3392174168873,
        284.2330097087379
      ],
      [
        907.5177993527508,
        246.36893203883494,
        990.1747572815534,
        285.28449543983515
      ],
      [
        403.7669902912621,
        453.1650485436893,
        448.4271844660194,
        506.5631067961165
      ],
      [
        396.97087378640776,
        175.61988820241243,
        451.5454545454545,
        220.15533980582524
      ]
    ],
    "引戸": [
      [
        547.4563106796116,
        86.18181818181816,
        586.0408943807001,
        195.88349514563103
      ],
      [
        630.9514563106796,
        262.98381877022643,
        669.8449543983525,
        371.6116504854369
      ],
      [
        1047.4563106796115,
        245.39805825242718,
        1152.3106796116504,
        278.40776699029124
      ],
      [
        882.2487635098003,
        267.9172009525554,
        924.3018867924528,
        384.37735849056605
      ]
    ]
  }
}