{
  "labels": {
    "洋室": [
      [
        [
          163.42857142857142,
          200.42857142857142
        ],
        [
          398.4285714285714,
          201.85714285714283
        ],
        [
          398.4285714285714,
          374.71428571428567
        ],
        [
          163.42857142857142,
          375.4285714285714
        ]
      ],
      [
        [
          514.1428571428571,
          25.428571428571427
        ],
        [
          744.1428571428571,
          24.71428571428571
        ],
        [
          744.1428571428571,
          198.99999999999997
        ],
        [
          514.1428571428571,
          199.7142857142857
        ]
      ],
      [
        [
          515.5714285714286,
          203.28571428571428
        ],
        [
          745.5714285714284,
          203.99999999999997
        ],
        [
          746.2857142857142,
          374.71428571428567
        ],
        [
          516.2857142857142,
          375.4285714285714
        ]
      ]
    ],
    "廊下": [
      [
        [
          404.1428571428571,
          30.428571428571427
        ],
        [
          509.8571428571428,
          30.428571428571427
        ],
        [
          509.1428571428571,
          112.57142857142856
        ],
        [
          449.1428571428571,
          112.57142857142856
        ],
        [
          451.99999999999994,
          294.71428571428567
        ],
        [
          507.0,
          296.1428571428571
        ],
        [
          509.1428571428571,
          371.1428571428571
        ],
        [
          403.4285714285714,
          370.4285714285714
        ]
      ]
    ],
    "引戸": [
      [
        197.91566265060237,
        188.15662650602408,
        310.57142857142856,
        214.7142857142857
      ],
      [
        381.6506024096385,
        30.92771084337349,
        413.4285714285714,
        139.0
      ]
    ],
    "折戸": [
      [
        378.5641826565521,
        145.38554216867468,
        422.45679012345676,
        193.82716049382714
      ],
      [
        679.1428571428571,
        291.85714285714283,
        715.9879518072288,
        370.0843373493976
      ],
      [
        679.8571428571428,
        112.57142857142856,
        719.3703703703703,
        195.679012345679
      ]
    ],
    "開戸": [
      [
        344.1428571428571,
        200.42857142857142,
        416.2857142857142,
        256.85714285714283
      ],
      [
        498.0068846815833,
        323.8881239242685,
        563.0068846815833,
        376.0309810671256
      ],
      [
        496.1084337349397,
        32.734939759036145,
        562.0258175559379,
        80.31669535283993
      ]
    ]
  }
}