{
  "labels": {
    "廊下": [
      [
        [
          21.142857142857142,
          52.28571428571429
        ],
        [
          20.0,
          100.85714285714286
        ],
        [
          70.28571428571429,
          100.28571428571429
        ],
        [
          68.57142857142857,
          120.85714285714286
        ],
        [
          138.28571428571428,
          120.85714285714286
        ],
        [
          138.85714285714286,
          53.42857142857143
        ]
      ]
    ],
    "LDK": [
      [
        [
          137.14285714285714,
          52.85714285714286
        ],
        [
          406.2857142857143,
          52.85714285714286
        ],
        [
          406.2857142857143,
          323.14285714285717
        ],
        [
          137.14285714285714,
          323.14285714285717
        ]
      ]
    ],
    "浴室": [
      [
        [
          407.42857142857144,
          7.714285714285715
        ],
        [
          500.0,
          7.714285714285715
        ],
        [
          500.0,
          98.57142857142857
        ],
        [
          407.42857142857144,
          98.57142857142857
        ]
      ]
    ],
    "開戸": [
      [
        119.97818974918209,
        60.85932388222463,
        177.48091603053433,
        98.47328244274809
      ],
      [
        233.34569247546347,
        36.64776444929116,
        270.2290076335878,
        76.71755725190839
      ],
      [
        8.015267175572518,
        55.5267175572519,
        45.90403489640131,
        93.51145038167938
      ],
      [
        418.9288291367589,
        333.58588735710754,
        467.17557251908397,
        388.16793893129767
      ],
      [
        416.7412935323382,
        406.0916790095324,
        468.3206106870229,
        455.7251908396946
      ]
    ],
    "折戸": [
      [
        451.14503816793894,
        77.81461286804797,
        491.42420937840785,
        116.79389312977099
      ]
    ],
    "引戸": [
      [
        7.633587786259541,
        33.415485278080695,
        91.62268266085059,
        66.03053435114504
      ],
      [
        388.16793893129767,
        240.45801526717557,
        420.20283533260636,
        320.6564885496183
      ],
      [
        49.23664122137405,
        99.23664122137404,
        81.6793893129771,
        166.793893129771
      ],
      [
        300.381679389313,
        40.45801526717557,
        372.13740458015263,
        64.50381679389312
      ],
      [
        321.37404580152673,
        307.25190839694653,
        445.41984732824426,
        346.9465648854962
      ],
      [
        409.5419847328244,
        271.7557251908397,
        493.89312977099235,
        304.96183206106866
      ]
    ]
  }
}