{
  "labels": {
    "LDK": [
      [
        [
          307.0,
          146.33333333333337
        ],
        [
          313.6666666666667,
          513.0
        ],
        [
          818.6666666666667,
          518.0
        ],
        [
          812.0,
          699.6666666666667
        ],
        [
          1182.0,
          701.3333333333335
        ],
        [
          1178.6666666666667,
          328.0
        ],
        [
          815.3333333333334,
          339.66666666666674
        ],
        [
          812.0,
          159.66666666666669
        ]
      ]
    ],
    "廊下": [
      [
        [
          158.66666666666669,
          293.0
        ],
        [
          165.33333333333334,
          424.66666666666674
        ],
        [
          38.66666666666667,
          428.0
        ],
        [
          30.333333333333336,
          516.3333333333334
        ],
        [
          310.33333333333337,
          518.0
        ],
        [
          320.33333333333337,
          284.66666666666674
        ]
      ]
    ],
    "浴室": [
      [
        [
          135.33333333333334,
          516.3333333333334
        ],
        [
          318.6666666666667,
          516.3333333333334
        ],
        [
          318.6666666666667,
          701.3333333333335
        ],
        [
          135.33333333333334,
          701.3333333333335
        ]
      ]
    ],
    "引戸": [
      [
        288.695652173913,
        527.3218916857359,
        336.30816170861937,
        684.6521739130434
      ],
      [
        288.07017543859644,
        353.4,
        344.0,
        508.9999999999999
      ],
      [
        399.37391304347835,
        487.2608695652173,
        554.7826086956521,
        550.6869565217391
      ],
      [
        611.7334839073969,
        485.52173913043475,
        759.1304347826086,
        536.4387351778656
      ],
      [
        39.636363636363626,
        492.6,
        192.8,
        539.1818181818181
      ],
      [
        655.6150261551409,
        522.4699082705646,
        708.695652173913,
        668.9999999999999
      ]
    ],
    "開戸": [
      [
        678.4,
        59.0,
        757.6,
        139.8
      ]
    ]
  }
}