{
  "labels": {
    "洋室": [
      [
        [
          34.91489361702128,
          40.42553191489362
        ],
        [
          178.0,
          39.89361702127659
        ],
        [
          181.7234042553191,
          330.31914893617017
        ],
        [
          36.51063829787233,
          330.8510638297872
        ]
      ],
      [
        [
          225.8723404255319,
          136.70212765957447
        ],
        [
          394.48936170212767,
          135.1063829787234
        ],
        [
          396.61702127659566,
          329.25531914893617
        ],
        [
          228.531914893617,
          329.78723404255317
        ]
      ]
    ],
    "浴室": [
      [
        [
          178.531914893617,
          88.82978723404254
        ],
        [
          299.27659574468083,
          88.29787234042553
        ],
        [
          299.27659574468083,
          136.17021276595744
        ],
        [
          179.063829787234,
          135.1063829787234
        ]
      ]
    ],
    "引戸": [
      [
        233.31914893617017,
        125.3399456087026,
        322.0,
        143.72765246449458
      ],
      [
        163.00639897616378,
        90.12158054711247,
        187.76691729323306,
        177.0676691729323
      ]
    ],
    "折戸": [
      [
        195.65317549192127,
        77.65157574788034,
        287.390977443609,
        110.15037593984962
      ],
      [
        213.78627419612857,
        140.52551591745322,
        245.28571428571428,
        230.82706766917292
      ],
      [
        156.22748360262358,
        237.11406175012,
        194.9097744360902,
        329.32330827067665
      ]
    ]
  }
}