{
  "labels": {
    "洋室": [
      [
        [
          252.0481927710843,
          50.602409638554214
        ],
        [
          403.8554216867469,
          49.39759036144578
        ],
        [
          403.2530120481928,
          242.16867469879517
        ],
        [
          252.6506024096385,
          242.16867469879517
        ]
      ],
      [
        [
          93.01204819277106,
          10.843373493975903
        ],
        [
          207.46987951807228,
          10.843373493975903
        ],
        [
          206.86746987951807,
          89.15662650602408
        ],
        [
          246.62650602409633,
          89.7590361445783
        ],
        [
          245.42168674698792,
          163.85542168674698
        ],
        [
          133.3734939759036,
          163.25301204819274
        ],
        [
          133.97590361445782,
          46.98795180722891
        ],
        [
          93.01204819277106,
          46.3855421686747
        ]
      ],
      [
        [
          14.096385542168662,
          274.69879518072287
        ],
        [
          129.15662650602405,
          274.69879518072287
        ],
        [
          129.15662650602405,
          427.71084337349396
        ],
        [
          16.506024096385516,
          428.31325301204816
        ]
      ]
    ],
    "廊下": [
      [
        [
          39.99999999999997,
          53.01204819277108
        ],
        [
          127.34939759036143,
          52.40963855421686
        ],
        [
          128.55421686746985,
          168.67469879518072
        ],
        [
          247.2289156626506,
          169.27710843373492
        ],
        [
          246.62650602409633,
          203.6144578313253
        ],
        [
          129.15662650602405,
          204.2168674698795
        ],
        [
          130.36144578313252,
          272.289156626506
        ],
        [
          96.62650602409639,
          272.289156626506
        ],
        [
          94.2168674698795,
          86.74698795180723
        ],
        [
          39.99999999999997,
          87.34939759036143
        ]
      ]
    ],
    "開戸": [
      [
        86.98795180722888,
        236.144578313253,
        131.51231527093594,
        288.1773399014778
      ],
      [
        212.28915662650599,
        166.26506024096383,
        265.50246305418716,
        205.41871921182263
      ]
    ],
    "引戸": [
      [
        13.35153421568043,
        35.71131817912042,
        91.61083743842363,
        60.09852216748768
      ],
      [
        117.22120007122084,
        88.35539201139535,
        143.8275862068965,
        166.9950738916256
      ]
    ],
    "折戸": [
      [
        12.793103448275843,
        259.60591133004925,
        89.99999999999997,
        292.77108433734935
      ],
      [
        74.86206896551721,
        166.9950738916256,
        111.08433734939757,
        225.9036144578313
      ],
      [
        186.38554216867465,
        9.036144578313252,
        227.0788177339901,
        89.6551724137931
      ],
      [
        249.7389162561576,
        33.990147783251224,
        329.15662650602405,
        69.27710843373494
      ],
      [
        331.0197044334975,
        33.497536945812804,
        407.3743842364531,
        68.47290640394088
      ]
    ]
  }
}