{
  "labels": {
    "廊下": [
      [
        [
          358.0588235294117,
          506.7058823529411
        ],
        [
          358.0588235294117,
          577.2941176470588
        ],
        [
          322.7647058823529,
          580.2352941176471
        ],
        [
          322.7647058823529,
          646.4117647058823
        ],
        [
          285.99999999999994,
          644.9411764705882
        ],
        [
          285.99999999999994,
          719.9411764705882
        ],
        [
          425.7058823529411,
          717.0
        ],
        [
          428.6470588235294,
          789.0588235294117
        ],
        [
          503.6470588235294,
          786.1176470588234
        ],
        [
          502.17647058823525,
          499.35294117647055
        ]
      ]
    ],
    "洋室": [
      [
        [
          213.94117647058823,
          214.05882352941174
        ],
        [
          644.8235294117646,
          214.05882352941174
        ],
        [
          644.8235294117646,
          503.7647058823529
        ],
        [
          213.94117647058823,
          503.7647058823529
        ]
      ],
      [
        [
          213.94117647058823,
          784.6470588235294
        ],
        [
          715.4117647058823,
          784.6470588235294
        ],
        [
          715.4117647058823,
          1078.764705882353
        ],
        [
          213.94117647058823,
          1078.764705882353
        ]
      ]
    ],
    "開戸": [
      [
        364.9859154929578,
        764.4931506849315,
        418.3835616438357,
        854.1549295774648
      ],
      [
        433.60640555662735,
        728.8028169014085,
        495.9718309859155,
        821.0434111518426
      ],
      [
        296.4657534246576,
        584.6470588235294,
        388.9411764705882,
        641.2054794520548
      ]
    ],
    "折戸": [
      [
        216.8202154101076,
        469.6478873239437,
        355.12676056338034,
        528.1433305716653
      ]
    ],
    "引戸": [
      [
        509.3429991714995,
        763.9966859983429,
        638.2253521126761,
        811.9014084507043
      ],
      [
        504.86909693454834,
        478.0985915492958,
        638.2253521126761,
        526.7348798674398
      ],
      [
        366.88235294117646,
        475.45205479452056,
        497.8356164383563,
        521.4117647058823
      ]
    ]
  }
}