{
  "labels": {
    "LDK": [
      [
        [
          250.80722891566262,
          163.16867469879514
        ],
        [
          876.1084337349397,
          163.16867469879514
        ],
        [
          876.1084337349397,
          484.8554216867469
        ],
        [
          250.80722891566262,
          484.8554216867469
        ]
      ]
    ],
    "浴室": [
      [
        [
          717.0722891566264,
          8.95180722891564
        ],
        [
          878.5180722891565,
          8.95180722891564
        ],
        [
          878.5180722891565,
          170.39759036144574
        ],
        [
          717.0722891566264,
          170.39759036144574
        ]
      ]
    ],
    "廊下": [
      [
        [
          174.9036144578313,
          90.8795180722891
        ],
        [
          329.12048192771084,
          90.8795180722891
        ],
        [
          329.12048192771084,
          161.96385542168673
        ],
        [
          174.9036144578313,
          161.96385542168673
        ]
      ],
      [
        [
          488.15662650602405,
          83.65060240963851
        ],
        [
          565.2650602409639,
          83.65060240963851
        ],
        [
          565.2650602409639,
          174.01204819277103
        ],
        [
          488.15662650602405,
          174.01204819277103
        ]
      ]
    ],
    "開戸": [
      [
        253.89610389610388,
        145.3409090909091,
        320.15909090909093,
        235.9220779220779
      ],
      [
        98.4375,
        84.89583333333334,
        167.1875,
        141.66666666666669
      ]
    ],
    "引戸": [
      [
        417.0722891566265,
        147.5060240963855,
        552.0120481927711,
        183.6506024096385
      ],
      [
        437.6623376623377,
        63.168674698795144,
        560.1641370677514,
        98.9090909090909
      ],
      [
        567.6746987951807,
        141.48192771084337,
        712.2530120481927,
        174.01204819277103
      ],
      [
        218.44922547332186,
        252.8051948051948,
        275.3246753246753,
        474.3875762791425
      ],
      [
        99.70454545454545,
        226.5909090909091,
        239.47727272727272,
        260.1136363636364
      ]
    ],
    "折戸": [
      [
        707.0909090909091,
        92.5,
        758.7954545454545,
        152.1590909090909
      ],
      [
        291.1818181818182,
        12.386363636363633,
        338.34090909090907,
        80.0
      ]
    ]
  }
}