{
  "labels": {
    "洋室": [
      [
        [
          502.76190476190476,
          20.809523809523824
        ],
        [
          813.4761904761905,
          20.809523809523824
        ],
        [
          813.4761904761905,
          274.3809523809524
        ],
        [
          502.76190476190476,
          274.3809523809524
        ]
      ],
      [
        [
          246.80952380952382,
          555.3333333333334
        ],
        [
          501.5714285714286,
          555.3333333333334
        ],
        [
          501.5714285714286,
          736.2857142857143
        ],
        [
          246.80952380952382,
          736.2857142857143
        ]
      ],
      [
        [
          593.2380952380953,
          556.5238095238095
        ],
        [
          844.4285714285714,
          556.5238095238095
        ],
        [
          844.4285714285714,
          741.047619047619
        ],
        [
          593.2380952380953,
          741.047619047619
        ]
      ]
    ],
    "廊下": [
      [
        [
          626.5714285714286,
          279.14285714285717
        ],
        [
          625.3809523809524,
          492.2380952380953
        ],
        [
          504.30894308943095,
          496.5609756097561
        ],
        [
          501.05691056910575,
          611.1951219512196
        ],
        [
          592.1138211382114,
          614.4471544715448
        ],
        [
          592.047619047619,
          560.0952380952381
        ],
        [
          759.9047619047619,
          557.7142857142858
        ],
        [
          755.1428571428572,
          454.1428571428571
        ],
        [
          690.8571428571429,
          458.9047619047619
        ],
        [
          688.4761904761905,
          273.1904761904762
        ]
      ]
    ],
    "開戸": [
      [
        631.5683760683762,
        254.0,
        680.3247863247864,
        328.20512820512823
      ],
      [
        452.1196581196582,
        560.6837606837607,
        526.3547008547008,
        614.0
      ],
      [
        576.5714285714286,
        558.9047619047619,
        640.8571428571429,
        616.047619047619
      ]
    ],
    "折戸": [
      [
        576.6585365853659,
        608.1498257839721,
        624.2775842044135,
        737.9117305458769
      ],
      [
        467.04761904761904,
        613.6666666666667,
        519.6666666666667,
        734.8333333333334
      ]
    ],
    "引戸": [
      [
        736.7362637362637,
        464.957264957265,
        776.0512820512821,
        552.4639804639805
      ]
    ]
  }
}