{
  "labels": {
    "LDK": [
      [
        [
          357.2368421052632,
          460.5263157894737
        ],
        [
          664.4736842105264,
          461.1842105263158
        ],
        [
          665.7894736842105,
          595.3947368421052
        ],
        [
          580.2631578947369,
          592.7631578947369
        ],
        [
          580.2631578947369,
          616.4473684210526
        ],
        [
          355.92105263157896,
          617.1052631578947
        ]
      ]
    ],
    "廊下": [
      [
        [
          248.02631578947367,
          454.60526315789474
        ],
        [
          353.2894736842105,
          457.2368421052632
        ],
        [
          353.2894736842105,
          499.34210526315786
        ],
        [
          245.39473684210526,
          499.34210526315786
        ]
      ]
    ],
    "浴室": [
      [
        [
          596.0526315789474,
          651.9736842105264
        ],
        [
          666.4473684210526,
          653.2894736842105
        ],
        [
          666.4473684210526,
          717.1052631578947
        ],
        [
          596.0526315789474,
          717.7631578947369
        ]
      ]
    ],
    "引戸": [
      [
        282.3739837398374,
        384.3658536585366,
        307.5772357723577,
        454.2845528455285
      ],
      [
        491.31707317073176,
        609.569105691057,
        562.8617886178862,
        628.2682926829268
      ],
      [
        340.9105691056911,
        525.829268292683,
        365.3008130081301,
        615.260162601626
      ],
      [
        587.2520325203252,
        598.1869918699188,
        609.8684210526316,
        648.6842105263158
      ],
      [
        587.2520325203252,
        651.0325203252032,
        610.829268292683,
        714.4471544715448
      ]
    ],
    "折戸": [
      [
        309.2105263157895,
        481.57894736842104,
        353.2894736842105,
        505.2631578947368
      ],
      [
        309.2105263157895,
        547.3684210526316,
        353.9473684210526,
        573.6842105263158
      ]
    ]
  }
}