{
  "labels": {
    "洋室": [
      [
        [
          1634.8461538461538,
          121.56410256410254
        ],
        [
          1627.1538461538462,
          703.6153846153845
        ],
        [
          2206.6410256410254,
          701.051282051282
        ],
        [
          2211.7692307692305,
          113.87179487179486
        ]
      ]
    ],
    "浴室": [
      [
        [
          132.28205128205127,
          126.69230769230768
        ],
        [
          137.4102564102564,
          498.48717948717945
        ],
        [
          509.2051282051282,
          498.48717948717945
        ],
        [
          506.64102564102564,
          116.4358974358974
        ]
      ]
    ],
    "廊下": [
      [
        [
          834.8461538461538,
          690.7948717948717
        ],
        [
          1452.7948717948718,
          690.7948717948717
        ],
        [
          1442.5384615384614,
          336.9487179487179
        ],
        [
          1234.8461538461538,
          331.8205128205128
        ],
        [
          1227.1538461538462,
          526.6923076923076
        ],
        [
          839.9743589743589,
          511.30769230769226
        ]
      ]
    ],
    "LDK": [
      [
        [
          132.28205128205127,
          498.48717948717945
        ],
        [
          124.58974358974359,
          1449.7692307692307
        ],
        [
          2219.4615384615386,
          1449.7692307692307
        ],
        [
          2211.7692307692305,
          708.7435897435897
        ],
        [
          501.51282051282044,
          703.6153846153845
        ],
        [
          511.7692307692307,
          498.48717948717945
        ]
      ]
    ],
    "開戸": [
      [
        310.35849056603774,
        303.61538461538464,
        569.6308659893565,
        476.6792452830188
      ],
      [
        1056.8103531688437,
        649.5273343009192,
        1214.132075471698,
        869.132075471698
      ]
    ],
    "折戸": [
      [
        1388.6923076923076,
        398.48717948717945,
        1470.7435897435896,
        693.3589743589744
      ]
    ],
    "引戸": [
      [
        1243.6028059990324,
        295.9230769230769,
        1578.2830188679245,
        374.79245283018867
      ],
      [
        1652.359458151911,
        640.8301886792452,
        1983.9433962264152,
        745.0280599903241
      ],
      [
        511.0919206579583,
        665.3584905660376,
        821.6792452830189,
        756.6390904692792
      ]
    ]
  }
}