{
  "labels": {
    "洋室": [
      [
        [
          21.51724137931035,
          117.24137931034483
        ],
        [
          163.58620689655174,
          117.24137931034483
        ],
        [
          163.58620689655174,
          215.86206896551724
        ],
        [
          19.448275862068954,
          215.86206896551724
        ]
      ]
    ],
    "LDK": [
      [
        [
          20.82758620689657,
          215.86206896551724
        ],
        [
          203.58620689655174,
          215.86206896551724
        ],
        [
          204.27586206896552,
          362.0689655172414
        ],
        [
          244.9655172413793,
          361.3793103448276
        ],
        [
          244.27586206896558,
          466.2068965517241
        ],
        [
          202.20689655172413,
          466.2068965517241
        ],
        [
          200.82758620689657,
          453.1034482758621
        ],
        [
          82.20689655172413,
          452.4137931034483
        ],
        [
          81.51724137931035,
          431.0344827586207
        ],
        [
          19.448275862068954,
          433.1034482758621
        ]
      ]
    ],
    "浴室": [
      [
        [
          120.82758620689657,
          455.1724137931035
        ],
        [
          204.9655172413793,
          455.1724137931035
        ],
        [
          203.58620689655174,
          534.4827586206897
        ],
        [
          123.58620689655174,
          533.7931034482759
        ]
      ]
    ],
    "廊下": [
      [
        [
          164.27586206896552,
          117.24137931034483
        ],
        [
          206.34482758620692,
          118.62068965517241
        ],
        [
          207.0344827586207,
          213.10344827586206
        ],
        [
          164.27586206896552,
          211.72413793103448
        ]
      ]
    ],
    "折戸": [
      [
        201.80842911877397,
        60.30651340996169,
        226.22222222222223,
        115.11111111111111
      ],
      [
        201.45593869731806,
        120.6896551724138,
        224.8888888888889,
        156.44444444444446
      ],
      [
        23.54022988505747,
        422.7586206896552,
        78.22222222222223,
        440.44444444444446
      ],
      [
        106.81992337164758,
        456.55172413793105,
        134.66666666666669,
        488.0
      ]
    ],
    "開戸": [
      [
        175.0651340996169,
        163.31034482758622,
        218.22222222222223,
        190.66666666666666
      ],
      [
        167.4329501915709,
        182.95785440613028,
        199.1111111111111,
        233.33333333333334
      ],
      [
        185.16475095785444,
        229.11877394636016,
        215.55555555555554,
        264.8888888888889
      ],
      [
        30.911877394636008,
        456.7049808429119,
        59.111111111111114,
        489.77777777777777
      ]
    ],
    "引戸": [
      [
        49.79310344827587,
        203.9846743295019,
        160.8888888888889,
        226.66666666666666
      ],
      [
        152.19923371647513,
        120.30651340996167,
        176.44444444444446,
        196.88888888888889
      ],
      [
        42.00578034682081,
        442.19653179190755,
        120.13793103448279,
        462.0689655172414
      ]
    ]
  }
}