{
  "labels": {
    "浴室": [
      [
        [
          36.94029850746267,
          61.19402985074627
        ],
        [
          148.88059701492534,
          62.6865671641791
        ],
        [
          148.13432835820896,
          166.4179104477612
        ],
        [
          36.19402985074626,
          164.92537313432834
        ]
      ]
    ],
    "廊下": [
      [
        [
          317.5373134328358,
          91.79104477611939
        ],
        [
          363.05970149253733,
          91.79104477611939
        ],
        [
          363.80597014925365,
          223.13432835820893
        ],
        [
          154.85074626865668,
          223.13432835820893
        ],
        [
          154.1044776119403,
          176.86567164179104
        ],
        [
          317.5373134328358,
          175.3731343283582
        ]
      ]
    ],
    "LDK": [
      [
        [
          17.537313432835816,
          335.820895522388
        ],
        [
          533.9552238805969,
          338.0597014925373
        ],
        [
          533.2089552238806,
          389.55223880597015
        ],
        [
          557.8358208955224,
          391.7910447761194
        ],
        [
          557.8358208955224,
          501.4925373134328
        ],
        [
          530.2238805970148,
          501.4925373134328
        ],
        [
          531.7164179104477,
          555.2238805970148
        ],
        [
          37.68656716417908,
          555.9701492537313
        ],
        [
          37.68656716417908,
          450.0
        ],
        [
          15.298507462686558,
          450.0
        ]
      ]
    ],
    "折戸": [
      [
        335.4477611940298,
        76.86567164179104,
        437.6865671641791,
        115.67164179104476
      ],
      [
        149.62686567164178,
        206.71641791044775,
        229.47761194029846,
        230.59701492537312
      ],
      [
        249.62686567164178,
        228.35820895522386,
        280.97014925373134,
        281.34328358208955
      ],
      [
        314.55223880597015,
        200.0,
        368.28358208955217,
        231.34328358208953
      ]
    ],
    "引戸": [
      [
        241.90243902439022,
        64.6341463414634,
        273.2981434291954,
        151.22861303239887
      ],
      [
        45.5609756097561,
        153.65853658536585,
        143.65671641791045,
        180.5242082271569
      ],
      [
        38.85365853658536,
        264.6341463414634,
        126.65853658536582,
        296.3414634146342
      ],
      [
        352.8212595558791,
        172.38805970149252,
        381.5365853658536,
        262.1951219512195
      ],
      [
        131.51619949035307,
        170.14925373134326,
        164.46341463414632,
        264.0243902439024
      ],
      [
        365.68292682926824,
        316.4634146341463,
        529.7073170731707,
        349.390243902439
      ]
    ],
    "開戸": [
      [
        351.6585365853658,
        268.29268292682923,
        407.8358208955224,
        331.34328358208955
      ]
    ]
  }
}