{
  "labels": {
    "洋室": [
      [
        [
          45.34482758620689,
          232.33333333333334
        ],
        [
          293.62068965517244,
          234.632183908046
        ],
        [
          292.4712643678161,
          448.42528735632186
        ],
        [
          45.34482758620689,
          449.57471264367814
        ]
      ],
      [
        [
          293.62068965517244,
          262.2183908045977
        ],
        [
          632.7011494252873,
          263.367816091954
        ],
        [
          631.551724137931,
          511.0689655172414
        ],
        [
          351.6666666666667,
          511.0689655172414
        ],
        [
          352.2413793103448,
          450.7241379310345
        ],
        [
          292.4712643678161,
          450.14942528735634
        ]
      ],
      [
        [
          415.45977011494256,
          48.42528735632184
        ],
        [
          630.9770114942529,
          47.85057471264368
        ],
        [
          633.8505747126437,
          265.0919540229885
        ],
        [
          416.0344827586207,
          263.9425287356322
        ]
      ]
    ],
    "廊下": [
      [
        [
          228.67816091954023,
          170.83908045977012
        ],
        [
          354.5402298850575,
          172.5632183908046
        ],
        [
          354.5402298850575,
          161.06896551724137
        ],
        [
          416.60919540229884,
          162.2183908045977
        ],
        [
          416.0344827586207,
          262.7931034482759
        ],
        [
          293.04597701149424,
          262.2183908045977
        ],
        [
          293.04597701149424,
          233.48275862068965
        ],
        [
          230.4022988505747,
          231.75862068965517
        ]
      ]
    ],
    "折戸": [
      [
        344.2347661785546,
        274.60226735947094,
        387.2146118721461,
        439.7260273972603
      ],
      [
        547.4885844748859,
        102.73972602739727,
        621.9178082191781,
        135.6164383561644
      ]
    ],
    "開戸": [
      [
        358.85451110061405,
        247.72461029759089,
        410.04566210045664,
        319.17808219178085
      ],
      [
        399.792945992757,
        208.45520390489685,
        473.5159817351598,
        258.9041095890411
      ],
      [
        359.36073059360734,
        144.7488584474886,
        411.1297433475043,
        216.15477877499606
      ],
      [
        236.14942528735634,
        217.7686978428594,
        285.8447488584475,
        289.4977168949772
      ]
    ],
    "引戸": [
      [
        213.2420091324201,
        130.13698630136986,
        239.3536450952606,
        226.27916863486067
      ]
    ]
  }
}