{
  "labels": {
    "廊下": [
      [
        [
          201.30630630630628,
          172.5225225225225
        ],
        [
          201.2121212121212,
          225.06060606060606
        ],
        [
          252.72727272727272,
          226.87878787878788
        ],
        [
          251.5151515151515,
          377.78787878787875
        ],
        [
          295.75757575757575,
          378.99999999999994
        ],
        [
          296.96969696969694,
          172.33333333333331
        ]
      ]
    ],
    "洋室": [
      [
        [
          252.72727272727272,
          225.66666666666663
        ],
        [
          50.3030303030303,
          229.90909090909088
        ],
        [
          53.33333333333333,
          380.2121212121212
        ],
        [
          211.5151515151515,
          376.57575757575756
        ],
        [
          212.1212121212121,
          272.3333333333333
        ],
        [
          253.9393939393939,
          275.3636363636363
        ]
      ]
    ],
    "浴室": [
      [
        [
          303.6363636363636,
          48.09090909090908
        ],
        [
          404.8484848484848,
          48.09090909090908
        ],
        [
          404.8484848484848,
          149.90909090909088
        ],
        [
          303.6363636363636,
          149.90909090909088
        ]
      ]
    ],
    "開戸": [
      [
        206.7117117117117,
        229.27927927927925,
        268.00163800163796,
        270.3759213759213
      ],
      [
        263.9148239148239,
        279.2457002457002,
        310.7657657657657,
        313.06306306306305
      ]
    ],
    "折戸": [
      [
        306.1670761670761,
        131.26044226044226,
        349.1973791973791,
        157.3210483210483
      ],
      [
        192.26315789473682,
        277.1929824561403,
        225.18018018018017,
        370.27027027027026
      ]
    ],
    "引戸": [
      [
        289.1441441441441,
        181.68632268632265,
        314.7911547911547,
        270.7207207207207
      ]
    ]
  }
}