{
  "labels": {
    "LDK": [
      [
        [
          105.0,
          61.333333333333336
        ],
        [
          275.66666666666663,
          64.0
        ],
        [
          273.0,
          538.0
        ],
        [
          105.66666666666669,
          536.6666666666666
        ],
        [
          105.0,
          456.0
        ],
        [
          146.33333333333331,
          454.6666666666667
        ],
        [
          146.33333333333331,
          207.33333333333334
        ],
        [
          105.0,
          206.0
        ]
      ]
    ],
    "廊下": [
      [
        [
          105.0,
          330.0
        ],
        [
          145.66666666666669,
          331.3333333333333
        ],
        [
          144.33333333333331,
          391.3333333333333
        ],
        [
          105.0,
          392.0
        ]
      ]
    ],
    "引戸": [
      [
        140.9896373056995,
        209.84455958549225,
        163.7875647668394,
        290.1554404145078
      ],
      [
        139.887737478411,
        293.3333333333333,
        164.55440414507768,
        376.6666666666667
      ]
    ],
    "開戸": [
      [
        107.59067357512953,
        357.40587219343695,
        139.9533678756477,
        404.14507772020727
      ]
    ]
  }
}