{
  "labels": {
    "LDK": [
      [
        [
          41.58373205741627,
          163.20574162679426
        ],
        [
          457.3732057416268,
          163.20574162679426
        ],
        [
          454.9808612440192,
          301.9617224880383
        ],
        [
          42.54066985645933,
          301.9617224880383
        ]
      ]
    ],
    "洋室": [
      [
        [
          76.51196172248804,
          22.057416267942585
        ],
        [
          175.555023923445,
          23.014354066985646
        ],
        [
          175.07655502392345,
          158.42105263157896
        ],
        [
          77.94736842105263,
          159.37799043062202
        ]
      ],
      [
        [
          181.7751196172249,
          21.578947368421055
        ],
        [
          283.688995215311,
          21.100478468899524
        ],
        [
          283.2105263157895,
          160.33492822966508
        ],
        [
          249.23923444976077,
          160.81339712918663
        ],
        [
          248.76076555023926,
          124.44976076555025
        ],
        [
          179.86124401913878,
          125.40669856459331
        ]
      ]
    ],
    "浴室": [
      [
        [
          319.0956937799043,
          19.1866028708134
        ],
        [
          386.55980861244024,
          20.14354066985646
        ],
        [
          387.9952153110048,
          88.56459330143541
        ],
        [
          318.6172248803828,
          88.56459330143541
        ]
      ]
    ],
    "廊下": [
      [
        [
          370.7703349282297,
          125.88516746411483
        ],
        [
          437.75598086124404,
          126.36363636363637
        ],
        [
          437.75598086124404,
          157.94258373205741
        ],
        [
          370.29186602870817,
          157.4641148325359
        ]
      ]
    ],
    "開戸": [
      [
        320.1021897810219,
        59.85401459854014,
        350.6746411483254,
        94.30622009569379
      ],
      [
        284.719274962456,
        84.85034750113506,
        318.2773722627737,
        121.8978102189781
      ],
      [
        251.1531100478469,
        130.19138755980862,
        286.0813397129187,
        164.16267942583733
      ],
      [
        139.19138755980862,
        128.2775119617225,
        177.4688995215311,
        167.99043062200957
      ]
    ],
    "引戸": [
      [
        65.98564593301435,
        21.100478468899524,
        85.06569343065692,
        84.30656934306569
      ],
      [
        65.70974050920269,
        90.70547969126532,
        85.43065693430657,
        159.4890510948905
      ],
      [
        284.78388572625994,
        150.8057136870045,
        352.94890510948903,
        172.62773722627736
      ],
      [
        373.40875912408757,
        148.54014598540144,
        427.05839416058393,
        174.45255474452554
      ],
      [
        182.16788321167883,
        117.88321167883211,
        245.3065693430657,
        133.94160583941604
      ]
    ]
  }
}