{
  "labels": {
    "廊下": [
      [
        [
          156.16564417177912,
          113.11042944785275
        ],
        [
          154.3251533742331,
          262.80368098159505
        ],
        [
          372.73006134969324,
          260.3496932515337
        ],
        [
          370.88957055214723,
          151.14723926380367
        ],
        [
          326.7177914110429,
          153.60122699386503
        ],
        [
          327.9447852760736,
          216.17791411042944
        ],
        [
          200.33742331288343,
          219.24539877300612
        ],
        [
          198.49693251533742,
          110.65644171779141
        ]
      ]
    ],
    "洋室": [
      [
        [
          24.877300613496928,
          22.926380368098158
        ],
        [
          26.104294478527606,
          157.8957055214724
        ],
        [
          113.2208588957055,
          153.60122699386503
        ],
        [
          112.60736196319017,
          200.22699386503066
        ],
        [
          156.77914110429447,
          197.7730061349693
        ],
        [
          154.93865030674846,
          23.539877300613494
        ]
      ],
      [
        [
          26.599343983478093,
          265.25766871165644
        ],
        [
          200.83247281783392,
          265.25766871165644
        ],
        [
          200.83247281783392,
          393.4785276073619
        ],
        [
          26.599343983478093,
          393.4785276073619
        ]
      ],
      [
        [
          197.88343558282207,
          263.4171779141104
        ],
        [
          329.17177914110425,
          263.4171779141104
        ],
        [
          329.17177914110425,
          392.2515337423313
        ],
        [
          197.88343558282207,
          392.2515337423313
        ]
      ]
    ],
    "開戸": [
      [
        162.3006134969325,
        97.01980198019803,
        195.2772277227723,
        149.920245398773
      ],
      [
        119.1325050696922,
        156.90376569037656,
        170.66527196652717,
        195.9325153374233
      ],
      [
        331.4924810472679,
        237.23189670662524,
        366.7901789152142,
        273.82911471063426
      ]
    ],
    "引戸": [
      [
        125.97029702970298,
        251.97029702970298,
        193.79207920792078,
        274.2475247524753
      ],
      [
        245.77227722772278,
        249.0,
        323.4950495049505,
        274.2475247524753
      ],
      [
        43.05020920502092,
        252.6952649239819,
        107.12320311529061,
        277.8242677824268
      ]
    ]
  }
}