{
  "labels": {
    "LDK": [
      [
        [
          229.1379310344828,
          110.0
        ],
        [
          228.79310344827587,
          157.24137931034483
        ],
        [
          133.6206896551724,
          158.27586206896552
        ],
        [
          133.27586206896552,
          229.31034482758622
        ],
        [
          157.41379310344828,
          229.6551724137931
        ],
        [
          157.41379310344828,
          324.1379310344828
        ],
        [
          252.9310344827586,
          324.1379310344828
        ],
        [
          252.58620689655174,
          252.41379310344828
        ],
        [
          300.51724137931035,
          253.44827586206898
        ],
        [
          300.1724137931035,
          158.6206896551724
        ],
        [
          276.7241379310345,
          158.6206896551724
        ],
        [
          276.7241379310345,
          110.3448275862069
        ]
      ]
    ],
    "廊下": [
      [
        [
          252.58620689655174,
          287.9310344827586
        ],
        [
          325.0,
          288.9655172413793
        ],
        [
          325.6896551724138,
          310.6896551724138
        ],
        [
          253.9655172413793,
          324.1379310344828
        ]
      ]
    ],
    "浴室": [
      [
        [
          109.48275862068965,
          110.0
        ],
        [
          157.41379310344828,
          110.3448275862069
        ],
        [
          157.41379310344828,
          157.93103448275863
        ],
        [
          109.82758620689657,
          158.27586206896552
        ]
      ]
    ],
    "折戸": [
      [
        271.55172413793105,
        281.0344827586207,
        302.61849710982665,
        300.57803468208095
      ],
      [
        144.81502890173408,
        135.83815028901734,
        160.94379111022528,
        155.73051624476778
      ]
    ],
    "引戸": [
      [
        240.86206896551727,
        273.44827586206895,
        263.62068965517244,
        326.55172413793105
      ],
      [
        158.44827586206898,
        314.48275862068965,
        250.86206896551727,
        332.4137931034483
      ],
      [
        151.55172413793105,
        273.7931034482759,
        167.75862068965517,
        323.7931034482759
      ],
      [
        111.89655172413794,
        317.2413793103448,
        158.79310344827587,
        333.44827586206895
      ],
      [
        248.79310344827587,
        242.0689655172414,
        295.3448275862069,
        261.7241379310345
      ],
      [
        156.3793103448276,
        148.9655172413793,
        204.65517241379314,
        164.82758620689657
      ]
    ],
    "開戸": [
      [
        131.20689655172416,
        157.24137931034483,
        158.44827586206898,
        183.10344827586206
      ]
    ]
  }
}