{
  "labels": {
    "LDK": [
      [
        [
          160.27272727272725,
          77.09090909090908
        ],
        [
          159.36363636363632,
          315.27272727272725
        ],
        [
          246.63636363636363,
          316.18181818181813
        ],
        [
          243.90909090909088,
          665.2727272727273
        ],
        [
          482.090909090909,
          665.2727272727273
        ],
        [
          483.9090909090909,
          433.45454545454544
        ],
        [
          423.0,
          433.45454545454544
        ],
        [
          423.0,
          309.8181818181818
        ],
        [
          488.4545454545454,
          312.5454545454545
        ],
        [
          487.5454545454545,
          78.9090909090909
        ]
      ]
    ],
    "浴室": [
      [
        [
          39.363636363636346,
          74.36363636363636
        ],
        [
          154.8181818181818,
          74.36363636363636
        ],
        [
          154.8181818181818,
          196.18181818181816
        ],
        [
          39.363636363636346,
          196.18181818181816
        ]
      ]
    ],
    "廊下": [
      [
        [
          159.36363636363632,
          318.9090909090909
        ],
        [
          243.90909090909088,
          318.9090909090909
        ],
        [
          243.90909090909088,
          556.1818181818181
        ],
        [
          159.36363636363632,
          556.1818181818181
        ]
      ]
    ],
    "開戸": [
      [
        145.33201581027663,
        385.9841897233201,
        215.33201581027663,
        434.16600790513826
      ],
      [
        429.7391304347825,
        283.45454545454544,
        479.36363636363626,
        329.5652173913043
      ],
      [
        432.3478260869564,
        420.094861660079,
        473.9090909090909,
        464.34782608695645
      ]
    ],
    "引戸": [
      [
        229.36363636363632,
        318.9090909090909,
        265.7272727272727,
        438.9090909090909
      ],
      [
        142.78260869565213,
        436.52173913043475,
        181.0434782608695,
        553.9130434782608
      ],
      [
        146.26086956521732,
        208.69565217391303,
        180.1739130434782,
        313.0434782608695
      ]
    ],
    "折戸": [
      [
        108.86956521739125,
        179.1304347826087,
        155.8260869565217,
        217.39130434782606
      ]
    ]
  }
}