{
  "labels": {
    "廊下": [
      [
        [
          363.65517241379314,
          256.2758620689655
        ],
        [
          441.2413793103449,
          256.2758620689655
        ],
        [
          441.2413793103449,
          639.0344827586207
        ],
        [
          363.65517241379314,
          639.0344827586207
        ]
      ]
    ],
    "洋室": [
      [
        [
          442.1034482758621,
          180.41379310344828
        ],
        [
          746.4137931034484,
          180.41379310344828
        ],
        [
          746.4137931034484,
          409.72413793103453
        ],
        [
          442.1034482758621,
          409.72413793103453
        ]
      ],
      [
        [
          136.0689655172414,
          28.689655172413794
        ],
        [
          439.51724137931035,
          28.689655172413794
        ],
        [
          439.51724137931035,
          260.58620689655174
        ],
        [
          136.0689655172414,
          260.58620689655174
        ]
      ],
      [
        [
          136.0689655172414,
          259.7241379310345
        ],
        [
          361.0689655172414,
          259.7241379310345
        ],
        [
          361.0689655172414,
          555.4137931034484
        ],
        [
          136.0689655172414,
          555.4137931034484
        ]
      ]
    ],
    "開戸": [
      [
        374.6449553001277,
        196.77777777777777,
        433.5185185185185,
        287.8595146871011
      ],
      [
        302.4074074074074,
        264.18518518518516,
        393.5185185185185,
        323.4444444444444
      ],
      [
        409.91315453384425,
        343.4444444444444,
        504.62962962962956,
        400.4584929757344
      ]
    ],
    "折戸": [
      [
        143.9616858237548,
        532.3333333333333,
        226.85185185185185,
        579.4559386973181
      ],
      [
        407.59259259259255,
        34.602809706257986,
        464.4086845466156,
        173.07407407407408
      ]
    ],
    "引戸": [
      [
        333.82120051085576,
        513.074074074074,
        398.7037037037037,
        627.3167305236271
      ],
      [
        526.4648786717753,
        146.4074074074074,
        658.7037037037037,
        215.93103448275863
      ]
    ]
  }
}