{
  "labels": {
    "浴室": [
      [
        [
          591.2857142857144,
          111.76190476190476
        ],
        [
          996.0476190476193,
          123.66666666666669
        ],
        [
          993.666666666667,
          518.9047619047619
        ],
        [
          598.4285714285716,
          514.1428571428572
        ]
      ]
    ],
    "廊下": [
      [
        [
          598.4285714285716,
          916.5238095238096
        ],
        [
          793.666666666667,
          921.2857142857142
        ],
        [
          800.8095238095239,
          1116.5238095238096
        ],
        [
          1000.8095238095239,
          1118.904761904762
        ],
        [
          1003.1904761904761,
          1318.904761904762
        ],
        [
          600.8095238095239,
          1321.2857142857144
        ]
      ]
    ],
    "洋室": [
      [
        [
          127.0,
          245.09523809523813
        ],
        [
          319.8571428571429,
          240.33333333333337
        ],
        [
          322.2380952380954,
          116.52380952380952
        ],
        [
          593.6666666666667,
          107.0
        ],
        [
          600.8095238095239,
          1311.7619047619048
        ],
        [
          136.52380952380963,
          1316.5238095238096
        ]
      ]
    ],
    "開戸": [
      [
        431.88235294117635,
        936.2549019607843,
        675.0196078431372,
        1106.8431372549019
      ],
      [
        602.4705882352941,
        736.2549019607843,
        786.7843137254902,
        987.2352941176471
      ]
    ],
    "折戸": [
      [
        616.3557422969188,
        431.3697478991597,
        778.9411764705883,
        557.8235294117648
      ],
      [
        420.1176470588234,
        287.2352941176471,
        575.1792717086835,
        408.6806722689076
      ]
    ]
  }
}