{
  "labels": {
    "LDK": [
      [
        [
          257.27272727272725,
          178.99999999999997
        ],
        [
          253.63636363636363,
          385.3636363636363
        ],
        [
          220.90909090909088,
          383.5454545454545
        ],
        [
          217.27272727272725,
          452.6363636363636
        ],
        [
          257.27272727272725,
          450.81818181818176
        ],
        [
          254.5454545454545,
          779.9090909090909
        ],
        [
          520.9090909090909,
          785.3636363636363
        ],
        [
          522.7272727272726,
          182.63636363636363
        ]
      ]
    ],
    "廊下": [
      [
        [
          119.99999999999997,
          247.18181818181816
        ],
        [
          116.36363636363635,
          312.6363636363636
        ],
        [
          154.54545454545453,
          309.9090909090909
        ],
        [
          152.72727272727272,
          387.18181818181813
        ],
        [
          255.45454545454544,
          384.45454545454544
        ],
        [
          258.18181818181813,
          246.27272727272725
        ]
      ]
    ],
    "浴室": [
      [
        [
          389.99999999999994,
          41.72727272727273
        ],
        [
          531.8181818181818,
          41.72727272727273
        ],
        [
          531.8181818181818,
          184.45454545454544
        ],
        [
          389.99999999999994,
          184.45454545454544
        ]
      ]
    ],
    "洋室": [
      [
        [
          48.18181818181817,
          589.0
        ],
        [
          252.7272727272727,
          589.0
        ],
        [
          252.7272727272727,
          785.3636363636363
        ],
        [
          48.18181818181817,
          785.3636363636363
        ]
      ]
    ],
    "開戸": [
      [
        103.29059829059833,
        250.81818181818178,
        167.27272727272725,
        296.2905982905983
      ],
      [
        141.75213675213683,
        317.18181818181813,
        185.45454545454544,
        378.34188034188037
      ]
    ],
    "折戸": [
      [
        115.45454545454544,
        557.8290598290598,
        190.47008547008545,
        614.4545454545454
      ],
      [
        371.23543123543124,
        97.18181818181817,
        416.6899766899767,
        178.99999999999997
      ],
      [
        136.62393162393164,
        150.991452991453,
        184.48717948717956,
        208.25641025641028
      ]
    ],
    "引戸": [
      [
        259.1452991452991,
        159.53846153846155,
        375.0854700854701,
        198.6192696192696
      ],
      [
        238.33333333333337,
        251.67288267288265,
        274.11033411033407,
        376.63247863247864
      ],
      [
        236.62393162393175,
        588.5982905982906,
        272.23776223776224,
        783.5454545454545
      ]
    ]
  }
}