{
  "labels": {
    "洋室": [
      [
        [
          100.05847953216374,
          182.5730994152047
        ],
        [
          244.5029239766082,
          182.5730994152047
        ],
        [
          242.16374269005848,
          325.2631578947369
        ],
        [
          100.05847953216374,
          325.84795321637426
        ]
      ],
      [
        [
          314.67836257309943,
          111.2280701754386
        ],
        [
          459.70760233918134,
          112.98245614035088
        ],
        [
          460.2923976608188,
          219.41520467836256
        ],
        [
          314.093567251462,
          218.83040935672517
        ]
      ],
      [
        [
          313.50877192982455,
          218.83040935672517
        ],
        [
          313.50877192982455,
          326.4327485380117
        ],
        [
          457.953216374269,
          327.60233918128654
        ],
        [
          457.953216374269,
          220.58479532163744
        ]
      ]
    ],
    "廊下": [
      [
        [
          245.08771929824564,
          182.5730994152047
        ],
        [
          314.67836257309943,
          181.98830409356725
        ],
        [
          313.50877192982455,
          255.67251461988303
        ],
        [
          243.33333333333331,
          253.91812865497076
        ]
      ]
    ],
    "折戸": [
      [
        220.96491228070178,
        255.81871345029236,
        254.28070175438592,
        329.8245614035087
      ],
      [
        335.0,
        254.94152046783626,
        364.8070175438596,
        326.7543859649122
      ],
      [
        333.2456140350877,
        113.42105263157896,
        361.578947368421,
        180.7017543859649
      ]
    ],
    "開戸": [
      [
        212.89473684210526,
        219.73684210526312,
        254.8830409356725,
        252.60233918128654
      ],
      [
        301.0818713450293,
        222.48538011695908,
        345.9473684210526,
        254.38596491228068
      ],
      [
        301.2105263157894,
        183.33333333333331,
        344.2105263157895,
        216.49122807017542
      ]
    ]
  }
}