{
  "labels": {
    "洋室": [
      [
        [
          39.80000000000001,
          116.6
        ],
        [
          236.60000000000002,
          115.8
        ],
        [
          237.39999999999998,
          313.4
        ],
        [
          39.0,
          314.2
        ]
      ]
    ],
    "浴室": [
      [
        [
          444.6,
          115.0
        ],
        [
          541.4,
          115.8
        ],
        [
          543.8,
          210.2
        ],
        [
          447.0,
          207.0
        ]
      ]
    ],
    "LDK": [
      [
        [
          247.0,
          212.6
        ],
        [
          444.6,
          214.2
        ],
        [
          443.0,
          519.8
        ],
        [
          275.8,
          520.6
        ],
        [
          275.0,
          567.8
        ],
        [
          39.0,
          569.4
        ],
        [
          39.0,
          370.2
        ],
        [
          246.2,
          369.4
        ]
      ]
    ],
    "廊下": [
      [
        [
          443.79999999999995,
          443.0
        ],
        [
          497.4,
          440.6
        ],
        [
          495.79999999999995,
          515.8
        ],
        [
          447.0,
          516.6
        ]
      ],
      [
        [
          244.60000000000002,
          164.6
        ],
        [
          339.0,
          164.6
        ],
        [
          339.0,
          207.0
        ],
        [
          243.8,
          208.6
        ]
      ]
    ],
    "引戸": [
      [
        226.56744186046518,
        215.90697674418604,
        255.39534883720933,
        308.30232558139534
      ],
      [
        45.03720930232558,
        298.86046511627904,
        177.48837209302326,
        333.30232558139534
      ],
      [
        423.8046511627908,
        418.52093023255816,
        458.30232558139534,
        503.6511627906977
      ],
      [
        428.46046511627907,
        244.16279069767444,
        458.30232558139534,
        326.3255813953488
      ],
      [
        245.72093023255815,
        146.4232558139535,
        336.7906976744186,
        174.0
      ],
      [
        324.89767441860465,
        123.75348837209302,
        355.9767441860465,
        204.8139534883721
      ]
    ],
    "折戸": [
      [
        430.3953488372093,
        160.04651162790697,
        470.51162790697674,
        205.3953488372093
      ]
    ],
    "開戸": [
      [
        226.90697674418607,
        318.1860465116279,
        273.4,
        369.4
      ]
    ]
  }
}