{
  "labels": {
    "浴室": [
      [
        [
          342.2172563625078,
          156.18373680943515
        ],
        [
          396.44444444444446,
          156.88888888888889
        ],
        [
          396.0,
          235.55555555555554
        ],
        [
          342.6666666666667,
          235.11111111111111
        ]
      ]
    ],
    "LDK": [
      [
        [
          127.93296089385474,
          103.35195530726257
        ],
        [
          264.804469273743,
          105.02793296089385
        ],
        [
          265.77777777777777,
          152.88888888888889
        ],
        [
          249.16201117318434,
          152.51396648044692
        ],
        [
          250.22222222222223,
          237.33333333333334
        ],
        [
          278.7709497206704,
          237.43016759776535
        ],
        [
          278.7709497206704,
          378.2122905027933
        ],
        [
          128.49162011173183,
          374.8603351955307
        ]
      ]
    ],
    "引戸": [
      [
        807.1111111111111,
        328.8888888888889,
        838.6666666666666,
        444.8888888888889
      ],
      [
        801.2777777777777,
        164.58333333333334,
        888.0,
        196.44444444444446
      ],
      [
        634.6666666666666,
        236.0,
        732.0,
        265.77777777777777
      ],
      [
        581.3333333333334,
        112.88888888888889,
        612.8888888888889,
        203.11111111111111
      ],
      [
        283.1111111111111,
        359.1111111111111,
        369.77777777777777,
        389.77777777777777
      ],
      [
        265.97222222222223,
        381.6388888888889,
        296.44444444444446,
        469.77777777777777
      ],
      [
        330.55555555555554,
        160.9722222222222,
        349.77777777777777,
        228.44444444444446
      ],
      [
        136.0,
        435.55555555555554,
        224.0,
        464.8888888888889
      ]
    ],
    "開戸": [
      [
        636.8888888888889,
        262.6666666666667,
        705.3333333333334,
        359.55555555555554
      ],
      [
        232.44444444444446,
        450.6666666666667,
        274.6666666666667,
        514.6666666666666
      ],
      [
        231.55555555555554,
        328.0,
        273.55555555555543,
        386.7777777777778
      ],
      [
        241.77777777777777,
        195.11111111111111,
        293.0833333333333,
        232.22222222222223
      ],
      [
        300.0,
        113.77777777777777,
        337.0833333333333,
        166.91666666666666
      ]
    ]
  }
}