{
  "labels": {
    "廊下": [
      [
        [
          176.1627906976744,
          131.65116279069767
        ],
        [
          173.25581395348837,
          171.7674418604651
        ],
        [
          317.4418604651163,
          172.3488372093023
        ],
        [
          316.27906976744185,
          240.37209302325584
        ],
        [
          390.1162790697675,
          238.6279069767442
        ],
        [
          389.5348837209302,
          76.41860465116278
        ],
        [
          355.2325581395349,
          77.0
        ],
        [
          355.55555555555554,
          95.3584229390681
        ],
        [
          316.8604651162791,
          96.18604651162792
        ],
        [
          317.4418604651163,
          130.48837209302326
        ]
      ]
    ],
    "洋室": [
      [
        [
          31.976744186046513,
          60.720930232558146
        ],
        [
          176.1627906976744,
          60.720930232558146
        ],
        [
          176.1627906976744,
          239.2093023255814
        ],
        [
          31.976744186046513,
          239.2093023255814
        ]
      ],
      [
        [
          175.58139534883722,
          22.930232558139537
        ],
        [
          319.1860465116279,
          22.930232558139537
        ],
        [
          319.1860465116279,
          130.48837209302326
        ],
        [
          175.58139534883722,
          130.48837209302326
        ]
      ]
    ],
    "開戸": [
      [
        286.1423689255647,
        102.52688172043011,
        314.336917562724,
        141.630741018588
      ],
      [
        145.51971326164875,
        133.70967741935485,
        186.72376427440193,
        165.41168625489706
      ],
      [
        373.57464366091517,
        134.16012336417435,
        397.8494623655914,
        164.53405017921148
      ]
    ],
    "折戸": [
      [
        301.7921146953405,
        27.97491039426523,
        327.11094440276736,
        94.2584812869884
      ],
      [
        35.73601733766775,
        49.29932483120781,
        171.32616487455198,
        76.36200716845877
      ]
    ],
    "引戸": [
      [
        379.2114695340502,
        176.3620071684588,
        399.6415770609319,
        234.42652329749106
      ]
    ]
  }
}