{
  "labels": {
    "LDK": [
      [
        [
          14.806451612903231,
          84.90322580645162
        ],
        [
          246.41935483870964,
          87.48387096774192
        ],
        [
          245.77419354838707,
          119.09677419354838
        ],
        [
          311.58064516129025,
          121.67741935483869
        ],
        [
          309.0,
          299.741935483871
        ],
        [
          22.548387096774206,
          298.4516129032258
        ],
        [
          23.83870967741933,
          254.5806451612903
        ],
        [
          11.580645161290306,
          254.5806451612903
        ]
      ]
    ],
    "浴室": [
      [
        [
          15.451612903225794,
          16.516129032258064
        ],
        [
          83.19354838709677,
          18.451612903225808
        ],
        [
          80.61290322580646,
          83.61290322580643
        ],
        [
          14.161290322580612,
          82.96774193548387
        ]
      ]
    ],
    "廊下": [
      [
        [
          309.64516129032256,
          255.22580645161287
        ],
        [
          343.1935483870967,
          255.8709677419355
        ],
        [
          341.9032258064516,
          388.7741935483871
        ],
        [
          307.0645161290322,
          388.7741935483871
        ]
      ]
    ],
    "開戸": [
      [
        316.7388187626616,
        256.9961040984884,
        348.72946859903385,
        283.57487922705315
      ],
      [
        362.3707339878448,
        147.63659030699702,
        405.2222222222223,
        173.91304347826087
      ],
      [
        314.8840579710145,
        109.17874396135267,
        359.64671965092725,
        129.74037712326628
      ],
      [
        81.41390057659339,
        89.41312139629109,
        121.19323671497585,
        117.3913043478261
      ]
    ],
    "引戸": [
      [
        311.4092254947795,
        242.79943899018232,
        380.584541062802,
        263.768115942029
      ],
      [
        297.49275362318843,
        205.79710144927537,
        318.0353747857254,
        287.8173601371358
      ],
      [
        26.500389590151173,
        291.6633941093969,
        140.0338164251208,
        307.24637681159425
      ],
      [
        111.57752844008098,
        73.60822814399252,
        176.74879227053145,
        95.65217391304348
      ],
      [
        71.89855072463769,
        22.47529998441638,
        89.79227053140099,
        82.6086956521739
      ],
      [
        211.41545893719808,
        78.28330995792427,
        274.33333333333337,
        95.16908212560388
      ],
      [
        310.08212560386477,
        380.6763285024155,
        370.4685990338164,
        399.0338164251208
      ]
    ],
    "折戸": [
      [
        46.41623811750043,
        328.92067944522364,
        67.08695652173915,
        420.2898550724638
      ]
    ]
  }
}