{
  "labels": {
    "洋室": [
      [
        [
          22.64227642276424,
          25.715447154471548
        ],
        [
          180.3658536585366,
          26.9349593495935
        ],
        [
          178.33333333333331,
          104.98373983739839
        ],
        [
          23.86178861788619,
          103.76422764227644
        ]
      ],
      [
        [
          230.3658536585366,
          26.528455284552848
        ],
        [
          310.0406504065041,
          26.9349593495935
        ],
        [
          308.0081300813008,
          132.21951219512195
        ],
        [
          230.77235772357722,
          131.8130081300813
        ]
      ]
    ],
    "廊下": [
      [
        [
          179.14634146341461,
          77.34146341463415
        ],
        [
          230.3658536585366,
          78.5609756097561
        ],
        [
          230.77235772357722,
          130.1869918699187
        ],
        [
          73.86178861788619,
          130.1869918699187
        ],
        [
          74.67479674796749,
          103.35772357723579
        ],
        [
          179.14634146341461,
          104.57723577235774
        ]
      ]
    ],
    "引戸": [
      [
        225.10817711482895,
        81.0,
        239.98071625344352,
        128.099173553719
      ],
      [
        101.1109991265202,
        94.84801451320297,
        152.65289256198346,
        110.19283746556474
      ],
      [
        52.10192837465566,
        93.66391184573003,
        100.12665457233084,
        109.70389034468857
      ]
    ],
    "開戸": [
      [
        65.32520325203254,
        104.17073170731709,
        98.65853658536585,
        132.21951219512195
      ]
    ]
  }
}