{
  "labels": {
    "洋室": [
      [
        [
          50.15384615384615,
          73.0
        ],
        [
          50.15384615384615,
          96.69230769230768
        ],
        [
          5.230769230769231,
          97.0
        ],
        [
          6.461538461538462,
          160.07692307692307
        ],
        [
          157.84615384615384,
          161.30769230769232
        ],
        [
          158.46153846153845,
          95.15384615384616
        ],
        [
          92.3076923076923,
          95.46153846153845
        ],
        [
          92.92307692307692,
          73.3076923076923
        ]
      ],
      [
        [
          135.3846153846154,
          7.153846153846153
        ],
        [
          221.23076923076923,
          7.153846153846153
        ],
        [
          221.23076923076923,
          95.15384615384616
        ],
        [
          135.3846153846154,
          95.15384615384616
        ]
      ]
    ],
    "廊下": [
      [
        [
          6.769230769230769,
          52.07692307692308
        ],
        [
          135.3846153846154,
          52.07692307692308
        ],
        [
          135.3846153846154,
          74.23076923076923
        ],
        [
          6.769230769230769,
          74.23076923076923
        ]
      ]
    ],
    "開戸": [
      [
        51.14814814814814,
        66.8724279835391,
        69.53846153846153,
        89.92307692307693
      ],
      [
        71.31275720164608,
        67.48971193415638,
        92.30041152263374,
        90.74074074074073
      ]
    ],
    "折戸": [
      [
        8.307692307692308,
        91.65400443178221,
        47.69230769230769,
        103.34631212408989
      ],
      [
        93.53846153846153,
        89.92307692307693,
        133.276955602537,
        102.74841437632135
      ]
    ],
    "引戸": [
      [
        170.76923076923077,
        91.46153846153845,
        204.92307692307693,
        99.46153846153845
      ],
      [
        131.69230769230768,
        50.53846153846153,
        140.92307692307693,
        90.23076923076923
      ],
      [
        132.30769230769232,
        12.384615384615387,
        139.3846153846154,
        50.230769230769226
      ],
      [
        52.500243942104404,
        46.088794926004226,
        90.78224101479914,
        55.73150105708245
      ]
    ]
  }
}