{
  "labels": {
    "洋室": [
      [
        [
          635.8333333333334,
          253.33333333333334
        ],
        [
          714.1666666666667,
          254.16666666666669
        ],
        [
          715.0,
          378.33333333333337
        ],
        [
          634.1666666666667,
          378.33333333333337
        ]
      ]
    ],
    "浴室": [
      [
        [
          430.0,
          253.33333333333334
        ],
        [
          494.1666666666667,
          254.16666666666669
        ],
        [
          494.1666666666667,
          315.0
        ],
        [
          430.0,
          316.6666666666667
        ]
      ]
    ],
    "LDK": [
      [
        [
          497.5,
          253.33333333333334
        ],
        [
          632.5,
          253.33333333333334
        ],
        [
          632.5,
          559.1666666666667
        ],
        [
          495.83333333333337,
          557.5
        ],
        [
          495.83333333333337,
          591.6666666666667
        ],
        [
          429.1666666666667,
          592.5
        ],
        [
          429.1666666666667,
          481.6666666666667
        ],
        [
          497.5,
          481.6666666666667
        ]
      ]
    ],
    "廊下": [
      [
        [
          635.0,
          452.5
        ],
        [
          675.0,
          451.6666666666667
        ],
        [
          675.0,
          513.3333333333334
        ],
        [
          635.8333333333334,
          515.0
        ]
      ]
    ],
    "折戸": [
      [
        657.5,
        368.33333333333337,
        712.5,
        385.83333333333337
      ]
    ],
    "開戸": [
      [
        464.1666666666667,
        364.1666666666667,
        508.33333333333337,
        400.0
      ],
      [
        490.83333333333337,
        410.83333333333337,
        533.3333333333334,
        450.83333333333337
      ],
      [
        460.83333333333337,
        290.0,
        495.83333333333337,
        321.6666666666667
      ]
    ],
    "引戸": [
      [
        621.25,
        316.42857142857144,
        642.8571428571428,
        376.7857142857142
      ],
      [
        622.3809523809524,
        452.0238095238096,
        643.7499999999999,
        513.3928571428571
      ]
    ]
  }
}