{
  "labels": {
    "LDK": [
      [
        [
          195.25352112676057,
          93.21126760563382
        ],
        [
          495.7230046948357,
          95.08920187793427
        ],
        [
          492.906103286385,
          247.20187793427232
        ],
        [
          137.03755868544602,
          242.97652582159628
        ],
        [
          137.50704225352115,
          130.3004694835681
        ],
        [
          194.31455399061034,
          130.3004694835681
        ]
      ]
    ],
    "廊下": [
      [
        [
          138.44600938967136,
          17.62441314553991
        ],
        [
          137.50704225352115,
          129.36150234741785
        ],
        [
          195.72300469483568,
          130.3004694835681
        ],
        [
          194.78403755868547,
          64.57276995305165
        ],
        [
          174.1267605633803,
          64.10328638497653
        ],
        [
          174.1267605633803,
          17.15492957746479
        ]
      ],
      [
        [
          232.34272300469485,
          58.0
        ],
        [
          342.8115015974441,
          59.134185303514386
        ],
        [
          343.14084507042253,
          91.33333333333334
        ],
        [
          232.34272300469485,
          90.86384976525821
        ]
      ]
    ],
    "浴室": [
      [
        [
          421.07511737089203,
          18.563380281690144
        ],
        [
          496.19248826291084,
          19.032863849765263
        ],
        [
          495.7230046948357,
          93.68075117370893
        ],
        [
          420.6056338028169,
          92.27230046948358
        ]
      ]
    ],
    "折戸": [
      [
        99.79679124616466,
        40.99323500055452,
        134.251968503937,
        68.90551181102362
      ]
    ],
    "開戸": [
      [
        162.29910169679493,
        93.5439724963957,
        207.48031496062993,
        126.77952755905511
      ],
      [
        219.68503937007873,
        65.36220472440945,
        258.63380281690144,
        92.74178403755869
      ],
      [
        233.07086614173227,
        43.31496062992126,
        266.04018335736214,
        70.9034046800488
      ]
    ],
    "引戸": [
      [
        271.7878463623852,
        82.33357745864724,
        341.33858267716533,
        104.33858267716536
      ],
      [
        334.5047923322684,
        38.04792332268371,
        355.12542561010366,
        91.18333858314958
      ],
      [
        407.66773162939296,
        31.019169329073485,
        430.6927807526736,
        92.23330183443578
      ]
    ]
  }
}