{
  "labels": {
    "洋室": [
      [
        [
          27.217391304347814,
          25.08695652173913
        ],
        [
          297.6521739130434,
          25.08695652173913
        ],
        [
          297.6521739130434,
          160.7391304347826
        ],
        [
          25.47826086956519,
          159.86956521739128
        ]
      ],
      [
        [
          26.347826086956502,
          301.6086956521739
        ],
        [
          226.3478260869565,
          301.6086956521739
        ],
        [
          229.82608695652164,
          502.47826086956513
        ],
        [
          27.217391304347814,
          507.695652173913
        ]
      ],
      [
        [
          228.95652173913038,
          299.86956521739125
        ],
        [
          428.9565217391304,
          298.99999999999994
        ],
        [
          441.13043478260863,
          502.47826086956513
        ],
        [
          232.43478260869563,
          501.6086956521739
        ]
      ]
    ],
    "廊下": [
      [
        [
          167.21739130434776,
          165.9565217391304
        ],
        [
          431.56521739130426,
          165.9565217391304
        ],
        [
          435.0434782608695,
          225.9565217391304
        ],
        [
          294.17391304347814,
          225.0869565217391
        ],
        [
          292.4347826086956,
          297.2608695652174
        ],
        [
          170.695652173913,
          295.52173913043475
        ]
      ]
    ],
    "引戸": [
      [
        107.48257786000607,
        136.2556275053962,
        225.73758865248232,
        178.43262411347519
      ]
    ],
    "折戸": [
      [
        302.86956521739125,
        278.7964847363552,
        433.53900709219863,
        329.49645390070924
      ],
      [
        30.991674375578157,
        281.3126734505087,
        157.6524822695036,
        330.9148936170213
      ]
    ],
    "開戸": [
      [
        165.0897317298797,
        278.99999999999994,
        232.0462534690102,
        360.73913043478257
      ],
      [
        233.14400246685165,
        274.7446808510638,
        295.7526981190255,
        356.4838112858464
      ],
      [
        125.08973172987965,
        177.42121492445267,
        192.04625346901014,
        230.4646931853222
      ]
    ]
  }
}