{
  "labels": {
    "LDK": [
      [
        [
          8.059701492537272,
          159.19402985074623
        ],
        [
          205.820895522388,
          159.94029850746267
        ],
        [
          203.5820895522388,
          306.2089552238806
        ],
        [
          399.1044776119403,
          306.2089552238806
        ],
        [
          398.35820895522386,
          496.5074626865671
        ],
        [
          204.32835820895514,
          498.74626865671644
        ],
        [
          204.32835820895514,
          450.98507462686564
        ],
        [
          11.791044776119406,
          451.7313432835821
        ]
      ]
    ],
    "浴室": [
      [
        [
          205.820895522388,
          12.925373134328353
        ],
        [
          303.5820895522388,
          12.925373134328353
        ],
        [
          305.0746268656716,
          110.68656716417908
        ],
        [
          208.80597014925365,
          111.43283582089552
        ]
      ]
    ],
    "廊下": [
      [
        [
          59.55223880597015,
          109.94029850746267
        ],
        [
          254.32835820895514,
          112.92537313432834
        ],
        [
          253.5820895522388,
          221.88059701492534
        ],
        [
          281.19402985074623,
          222.62686567164178
        ],
        [
          280.4477611940298,
          306.2089552238806
        ],
        [
          205.07462686567158,
          304.7164179104477
        ],
        [
          206.56716417910445,
          160.6865671641791
        ],
        [
          61.04477611940297,
          157.7014925373134
        ]
      ]
    ],
    "折戸": [
      [
        304.70786516853934,
        209.67415730337078,
        351.695455307731,
        245.5515680026832
      ],
      [
        232.13315445245678,
        177.11286265302698,
        264.82022471910113,
        220.91011235955057
      ]
    ],
    "開戸": [
      [
        219.44658728827767,
        114.81200737883614,
        267.87640449438203,
        155.17977528089887
      ],
      [
        62.573033707865136,
        51.247191011235955,
        108.05970149253727,
        91.28358208955223
      ],
      [
        160.51651853094074,
        181.96780144222703,
        204.95505617977528,
        221.47191011235955
      ]
    ],
    "引戸": [
      [
        122.68539325842698,
        98.43820224719101,
        204.32835820895514,
        123.37313432835819
      ],
      [
        188.6567164179104,
        30.835820895522374,
        215.52238805970148,
        106.955223880597
      ],
      [
        194.05668287774603,
        171.31041422102967,
        218.19101123595505,
        254.61797752808988
      ],
      [
        217.41740734529589,
        292.4239476773436,
        305.2696629213483,
        323.7191011235955
      ]
    ]
  }
}