{
  "labels": {
    "LDK": [
      [
        [
          639.4358974358975,
          222.4358974358974
        ],
        [
          1056.102564102564,
          226.28205128205127
        ],
        [
          1049.6923076923076,
          660.8974358974359
        ],
        [
          863.7948717948718,
          658.3333333333333
        ],
        [
          865.0769230769231,
          605.7692307692307
        ],
        [
          638.1538461538461,
          600.6410256410256
        ]
      ]
    ],
    "洋室": [
      [
        [
          1057.3846153846152,
          225.0
        ],
        [
          1449.6923076923076,
          227.56410256410254
        ],
        [
          1443.2820512820513,
          771.1538461538461
        ],
        [
          1049.6923076923076,
          769.8717948717948
        ]
      ]
    ],
    "廊下": [
      [
        [
          456.1025641025641,
          278.8461538461538
        ],
        [
          549.6923076923076,
          276.28205128205127
        ],
        [
          548.4102564102564,
          219.87179487179486
        ],
        [
          643.2820512820513,
          221.15384615384613
        ],
        [
          640.7179487179487,
          463.46153846153845
        ],
        [
          452.2564102564103,
          462.1794871794872
        ]
      ]
    ],
    "浴室": [
      [
        [
          263.79487179487177,
          405.7692307692307
        ],
        [
          449.6923076923076,
          407.051282051282
        ],
        [
          449.6923076923076,
          600.6410256410256
        ],
        [
          262.5128205128205,
          600.6410256410256
        ]
      ]
    ],
    "折戸": [
      [
        1267.093023255814,
        601.6744186046511,
        1435.1425163983304,
        680.9630292188432
      ],
      [
        353.17204301075265,
        389.54838709677415,
        442.11926058437683,
        453.4734645199761
      ]
    ],
    "引戸": [
      [
        1106.102564102564,
        225.0,
        1164.7674418604652,
        334.2325581395349
      ],
      [
        1017.6410256410256,
        426.28205128205127,
        1080.4615384615383,
        646.7948717948718
      ],
      [
        865.0769230769231,
        640.3846153846154,
        1045.8461538461538,
        692.9487179487179
      ],
      [
        613.7948717948717,
        242.94871794871796,
        670.2051282051282,
        440.38461538461536
      ],
      [
        422.7692307692307,
        275.0,
        490.71794871794873,
        471.1538461538462
      ]
    ],
    "開戸": [
      [
        457.38461538461536,
        250.64102564102564,
        553.5384615384615,
        336.53846153846155
      ]
    ]
  }
}