{
  "labels": {
    "LDK": [
      [
        [
          45.11111111111111,
          42.44444444444444
        ],
        [
          341.4074074074074,
          44.29629629629629
        ],
        [
          344.18518518518516,
          353.55555555555554
        ],
        [
          421.037037037037,
          353.55555555555554
        ],
        [
          422.88888888888886,
          648.9259259259259
        ],
        [
          46.96296296296296,
          648.9259259259259
        ]
      ]
    ],
    "浴室": [
      [
        [
          581.2222222222222,
          45.22222222222222
        ],
        [
          724.7407407407406,
          44.29629629629629
        ],
        [
          722.8888888888888,
          185.03703703703704
        ],
        [
          584.0,
          185.03703703703704
        ]
      ]
    ],
    "廊下": [
      [
        [
          502.5185185185185,
          199.85185185185185
        ],
        [
          570.1111111111111,
          199.85185185185185
        ],
        [
          570.1111111111111,
          272.0740740740741
        ],
        [
          587.7037037037037,
          273.9259259259259
        ],
        [
          587.7037037037037,
          309.1111111111111
        ],
        [
          610.8518518518518,
          310.037037037037
        ],
        [
          609.9259259259259,
          418.3703703703703
        ],
        [
          429.3703703703703,
          418.3703703703703
        ],
        [
          428.4444444444444,
          348.0
        ],
        [
          506.2222222222222,
          347.0740740740741
        ]
      ]
    ],
    "開戸": [
      [
        524.7407407407408,
        208.18518518518516,
        600.6666666666666,
        264.66666666666663
      ],
      [
        554.3046357615895,
        111.54304635761589,
        646.037037037037,
        188.74074074074073
      ],
      [
        356.6269315673289,
        348.52734854059355,
        451.99730193769926,
        425.3792003924454
      ],
      [
        476.8211920529801,
        201.60927152317882,
        538.6296296296296,
        262.8148148148148
      ]
    ],
    "引戸": [
      [
        450.33112582781456,
        171.80794701986756,
        569.84130488104,
        213.0907530046603
      ],
      [
        500.6622516556291,
        400.94701986754967,
        645.6953642384105,
        445.317880794702
      ],
      [
        402.64900662251654,
        444.65562913907286,
        452.9801324503311,
        644.6556291390729
      ],
      [
        322.47804758400787,
        47.91415256315919,
        370.19867549668874,
        184.39072847682118
      ]
    ],
    "折戸": [
      [
        621.8341918077016,
        503.95413294088786,
        679.4701986754966,
        645.9801324503311
      ],
      [
        352.9293598233996,
        158.44885945548197,
        419.8675496688742,
        212.86754966887418
      ],
      [
        317.60313956340445,
        259.63845965170464,
        370.3809173411822,
        345.7495707628158
      ],
      [
        659.6026490066225,
        393.6622516556291,
        727.1523178807947,
        447.3046357615894
      ]
    ]
  }
}