{
  "labels": {
    "洋室": [
      [
        [
          19.394736842105264,
          173.9736842105263
        ],
        [
          245.71052631578948,
          175.94736842105263
        ],
        [
          243.07894736842104,
          480.55263157894734
        ],
        [
          17.42105263157895,
          479.89473684210526
        ]
      ],
      [
        [
          317.42105263157896,
          254.23684210526318
        ],
        [
          641.1052631578947,
          257.5263157894737
        ],
        [
          640.4473684210526,
          482.5263157894737
        ],
        [
          317.42105263157896,
          479.89473684210526
        ]
      ],
      [
        [
          395.05263157894734,
          18.05263157894737
        ],
        [
          643.078947368421,
          18.05263157894737
        ],
        [
          641.7631578947369,
          244.3684210526316
        ],
        [
          397.0263157894737,
          242.39473684210526
        ]
      ]
    ],
    "廊下": [
      [
        [
          250.9736842105263,
          174.6315789473684
        ],
        [
          393.07894736842104,
          174.6315789473684
        ],
        [
          389.7894736842105,
          241.73684210526315
        ],
        [
          250.9736842105263,
          239.76315789473685
        ]
      ]
    ],
    "開戸": [
      [
        176.6315789473684,
        172.0,
        264.2645502645502,
        245.56084656084656
      ],
      [
        254.92105263157893,
        194.3684210526316,
        308.86842105263156,
        252.26315789473685
      ],
      [
        313.4736842105263,
        240.42105263157893,
        384.5263157894737,
        320.6842105263158
      ],
      [
        374.8465608465608,
        177.3068783068783,
        470.05263157894734,
        246.3421052631579
      ],
      [
        53.15343915343914,
        152.96825396825395,
        130.82706766917292,
        242.69924812030075
      ]
    ],
    "折戸": [
      [
        376.63157894736844,
        16.07894736842105,
        438.4736842105263,
        157.52631578947367
      ],
      [
        302.2894736842105,
        323.3157894736842,
        351.63157894736844,
        476.60526315789474
      ]
    ]
  }
}