{
  "labels": {
    "浴室": [
      [
        [
          143.0632911392405,
          151.43037974683543
        ],
        [
          311.4177215189873,
          152.69620253164555
        ],
        [
          308.88607594936707,
          289.40506329113924
        ],
        [
          144.32911392405063,
          290.67088607594934
        ]
      ]
    ],
    "LDK": [
      [
        [
          496.22784810126575,
          256.49367088607596
        ],
        [
          656.9873417721519,
          255.2278481012658
        ],
        [
          658.253164556962,
          148.89873417721518
        ],
        [
          910.1518987341772,
          146.36708860759492
        ],
        [
          906.3544303797468,
          812.1898734177215
        ],
        [
          630.4050632911392,
          813.4556962025316
        ],
        [
          627.873417721519,
          604.5949367088607
        ],
        [
          493.69620253164555,
          604.5949367088607
        ]
      ]
    ],
    "廊下": [
      [
        [
          353.1898734177215,
          365.3544303797468
        ],
        [
          493.69620253164555,
          366.62025316455697
        ],
        [
          492.43037974683546,
          464.08860759493666
        ],
        [
          355.72151898734177,
          462.82278481012656
        ]
      ]
    ],
    "開戸": [
      [
        243.0632911392405,
        348.89873417721515,
        316.4810126582278,
        408.3924050632911
      ],
      [
        479.77215189873414,
        379.27848101265823,
        570.9113924050632,
        448.89873417721515
      ],
      [
        397.4936708860759,
        399.53164556962025,
        482.30379746835445,
        475.4810126582278
      ],
      [
        359.5189873417721,
        298.2658227848101,
        426.60759493670884,
        376.746835443038
      ],
      [
        459.5189873417721,
        190.67088607594937,
        541.7974683544304,
        252.69620253164555
      ]
    ],
    "引戸": [
      [
        288.3390596745027,
        156.12070524412295,
        329.60714285714283,
        261.3928571428571
      ],
      [
        405.08860759493666,
        603.3291139240506,
        441.79746835443035,
        737.506329113924
      ],
      [
        601.9285714285713,
        610.4999999999999,
        650.1428571428571,
        797.1071428571428
      ]
    ]
  }
}