{
  "labels": {
    "LDK": [
      [
        [
          35.714285714285715,
          52.472527472527474
        ],
        [
          36.81318681318681,
          304.67032967032964
        ],
        [
          236.26373626373626,
          306.3186813186813
        ],
        [
          236.8131868131868,
          255.2197802197802
        ],
        [
          387.9120879120879,
          256.3186813186813
        ],
        [
          384.6153846153846,
          102.47252747252747
        ],
        [
          185.7142857142857,
          100.27472527472527
        ],
        [
          186.8131868131868,
          52.472527472527474
        ]
      ]
    ],
    "廊下": [
      [
        [
          236.8131868131868,
          254.67032967032964
        ],
        [
          335.16483516483515,
          254.67032967032964
        ],
        [
          335.16483516483515,
          315.1098901098901
        ],
        [
          236.8131868131868,
          315.1098901098901
        ]
      ]
    ],
    "浴室": [
      [
        [
          35.16483516483516,
          305.7692307692308
        ],
        [
          137.36263736263737,
          305.7692307692308
        ],
        [
          137.36263736263737,
          409.0659340659341
        ],
        [
          35.16483516483516,
          409.0659340659341
        ]
      ]
    ],
    "開戸": [
      [
        241.00307275662723,
        275.8293838862559,
        274.13270142180096,
        325.78381334305504
      ]
    ],
    "折戸": [
      [
        116.78672985781992,
        308.7222019686475,
        148.35164835164835,
        354.50236966824644
      ]
    ],
    "引戸": [
      [
        242.2868600593719,
        241.70616113744077,
        333.37440758293843,
        264.71147336076245
      ],
      [
        142.8530805687204,
        294.3127962085308,
        231.478672985782,
        315.6398104265403
      ]
    ]
  }
}