{
  "labels": {
    "洋室": [
      [
        [
          155.68794326241135,
          246.09929078014187
        ],
        [
          293.98581560283696,
          245.39007092198582
        ],
        [
          295.404255319149,
          175.88652482269504
        ],
        [
          363.48936170212767,
          176.59574468085108
        ],
        [
          363.48936170212767,
          383.68794326241135
        ],
        [
          158.52482269503548,
          383.68794326241135
        ]
      ],
      [
        [
          157.10638297872345,
          385.10638297872345
        ],
        [
          258.5248226950355,
          385.81560283687946
        ],
        [
          261.36170212765956,
          521.985815602837
        ],
        [
          156.39716312056743,
          522.6950354609929
        ]
      ],
      [
        [
          364.9078014184397,
          522.6950354609929
        ],
        [
          156.39716312056743,
          521.985815602837
        ],
        [
          154.97872340425533,
          641.8439716312057
        ],
        [
          364.19858156028374,
          639.7163120567376
        ]
      ]
    ],
    "廊下": [
      [
        [
          259.9432624113475,
          381.5602836879433
        ],
        [
          293.2765957446809,
          384.39716312056737
        ],
        [
          293.2765957446809,
          452.48226950354615
        ],
        [
          327.3191489361702,
          452.48226950354615
        ],
        [
          327.3191489361702,
          521.985815602837
        ],
        [
          262.7801418439717,
          521.2765957446809
        ]
      ]
    ],
    "折戸": [
      [
        308.6034308073928,
        524.075044544597,
        337.27586206896547,
        581.7733990147783
      ],
      [
        309.8646542989904,
        589.7180589036789,
        341.7093596059113,
        641.871921182266
      ],
      [
        310.02187052370476,
        456.2065471823359,
        338.75369458128074,
        521.1822660098521
      ],
      [
        156.5963036718723,
        411.3090870977885,
        259.935960591133,
        441.87192118226596
      ]
    ],
    "引戸": [
      [
        255.6879432624114,
        507.0921985815603,
        326.60992907801426,
        536.8794326241135
      ]
    ],
    "開戸": [
      [
        225.9007092198582,
        485.81560283687946,
        273.41843971631204,
        528.3687943262412
      ],
      [
        259.23404255319156,
        346.8085106382979,
        297.5319148936171,
        392.90780141843976
      ]
    ]
  }
}