{
  "labels": {
    "LDK": [
      [
        [
          181.61111111111114,
          171.91666666666669
        ],
        [
          341.33333333333337,
          171.22222222222223
        ],
        [
          341.33333333333337,
          386.5
        ],
        [
          324.66666666666674,
          387.19444444444446
        ],
        [
          323.9722222222223,
          493.44444444444446
        ],
        [
          181.61111111111114,
          495.52777777777777
        ]
      ]
    ],
    "浴室": [
      [
        [
          341.33333333333337,
          100.38888888888889
        ],
        [
          431.6111111111111,
          99.69444444444444
        ],
        [
          431.6111111111111,
          173.30555555555557
        ],
        [
          341.33333333333337,
          171.91666666666669
        ]
      ]
    ],
    "廊下": [
      [
        [
          125.36111111111114,
          314.97222222222223
        ],
        [
          179.52777777777777,
          314.97222222222223
        ],
        [
          180.91666666666669,
          389.97222222222223
        ],
        [
          126.75,
          388.58333333333337
        ]
      ]
    ],
    "開戸": [
      [
        137.92473118279568,
        303.22580645161287,
        179.23655913978496,
        350.54569892473125
      ],
      [
        305.66666666666663,
        187.09677419354838,
        350.3163082437276,
        229.86917562724014
      ]
    ],
    "引戸": [
      [
        169.64516129032256,
        318.2795698924731,
        194.3575268817205,
        388.7401433691756
      ],
      [
        166.9569892473118,
        172.04301075268816,
        192.74462365591398,
        242.68279569892474
      ],
      [
        326.18996415770613,
        280.54121863799287,
        350.2903225806451,
        383.3333333333333
      ],
      [
        307.2795698924731,
        390.8602150537634,
        336.4722222222223,
        493.06362007168457
      ],
      [
        256.2043010752688,
        165.59139784946237,
        326.1899641577061,
        186.25358422939067
      ],
      [
        332.54838709677415,
        101.61290322580645,
        355.78225806451616,
        169.16129032258064
      ],
      [
        167.3812949640287,
        106.19424460431654,
        189.68345323741005,
        170.2230215827338
      ],
      [
        224.21582733812943,
        106.19424460431654,
        247.23741007194235,
        170.94244604316546
      ]
    ]
  }
}