{
  "labels": {
    "洋室": [
      [
        [
          94.42483660130719,
          111.33333333333334
        ],
        [
          345.4052287581699,
          111.33333333333334
        ],
        [
          346.05882352941177,
          364.27450980392155
        ],
        [
          91.81045751633987,
          361.66013071895424
        ]
      ],
      [
        [
          542.7908496732026,
          43.359477124183
        ],
        [
          760.437908496732,
          44.01307189542483
        ],
        [
          761.7450980392157,
          232.2483660130719
        ],
        [
          487.2352941176471,
          231.59477124183007
        ],
        [
          488.5424836601307,
          178.0
        ],
        [
          544.0980392156863,
          178.0
        ]
      ],
      [
        [
          424.4901960784314,
          242.70588235294116
        ],
        [
          677.4313725490196,
          242.70588235294116
        ],
        [
          676.124183006536,
          427.6732026143791
        ],
        [
          422.52941176470586,
          429.63398692810455
        ]
      ]
    ],
    "廊下": [
      [
        [
          356.516339869281,
          176.69281045751634
        ],
        [
          476.77777777777777,
          175.3856209150327
        ],
        [
          475.4705882352941,
          230.94117647058823
        ],
        [
          359.1307189542484,
          230.94117647058823
        ]
      ]
    ],
    "開戸": [
      [
        90.50326797385621,
        96.30065359477123,
        153.90196078431373,
        145.3202614379085
      ],
      [
        417.3006535947713,
        231.59477124183007,
        474.8169934640523,
        300.87581699346407
      ],
      [
        456.86075949367086,
        173.91139240506328,
        551.2875816993464,
        240.7450980392157
      ]
    ],
    "引戸": [
      [
        323.3164556962025,
        175.81012658227849,
        366.3544303797468,
        308.0886075949367
      ]
    ],
    "折戸": [
      [
        408.1503267973856,
        242.70588235294116,
        443.44444444444446,
        370.81045751633985
      ],
      [
        518.253164556962,
        37.83544303797467,
        566.3202614379085,
        172.77124183006535
      ],
      [
        156.2278481012658,
        85.9367088607595,
        348.6732026143791,
        137.47712418300654
      ]
    ]
  }
}