{
  "labels": {
    "洋室": [
      [
        [
          384.71929824561397,
          53.175438596491176
        ],
        [
          381.2105263157894,
          414.5789473684209
        ],
        [
          677.7017543859648,
          416.33333333333326
        ],
        [
          670.6842105263157,
          46.15789473684208
        ]
      ]
    ],
    "LDK": [
      [
        [
          674.1929824561403,
          97.03508771929819
        ],
        [
          675.9473684210526,
          411.0701754385964
        ],
        [
          965.4210526315788,
          414.5789473684209
        ],
        [
          965.4210526315788,
          333.877192982456
        ],
        [
          1328.5789473684208,
          340.8947368421052
        ],
        [
          1328.5789473684208,
          267.21052631578937
        ],
        [
          1367.1754385964912,
          268.9649122807017
        ],
        [
          1370.6842105263156,
          49.66666666666663
        ],
        [
          893.4912280701753,
          40.8947368421052
        ],
        [
          896.9999999999999,
          97.03508771929819
        ]
      ]
    ],
    "浴室": [
      [
        [
          1374.1929824561403,
          49.66666666666663
        ],
        [
          1374.1929824561403,
          195.28070175438586
        ],
        [
          1551.3859649122805,
          190.0175438596491
        ],
        [
          1553.1403508771928,
          40.8947368421052
        ]
      ]
    ],
    "開戸": [
      [
        1267.1754385964912,
        266.07407407407413,
        1360.4938271604938,
        329.1338531513969
      ],
      [
        28.39506172839506,
        158.66666666666663,
        80.24691358024691,
        241.38271604938268
      ]
    ],
    "折戸": [
      [
        685.1091617933722,
        69.77777777777777,
        743.2098765432098,
        119.8421052631578
      ]
    ],
    "引戸": [
      [
        1379.0123456790122,
        166.07407407407402,
        1471.6049382716049,
        212.98765432098764
      ],
      [
        759.2592592592592,
        69.77777777777777,
        888.8888888888888,
        116.69135802469134
      ],
      [
        677.896686159844,
        379.6543209876543,
        804.9382716049382,
        422.44119558154637
      ],
      [
        1054.320987654321,
        309.28395061728395,
        1181.4814814814813,
        354.96296296296293
      ],
      [
        391.4769330734243,
        388.2962962962963,
        595.0617283950617,
        429.1338531513968
      ],
      [
        654.3209876543209,
        99.40740740740739,
        701.2345679012345,
        403.1111111111111
      ],
      [
        102.46913580246914,
        94.46913580246911,
        238.2716049382716,
        142.61728395061726
      ],
      [
        250.61728395061726,
        95.7037037037037,
        383.9506172839506,
        142.61728395061726
      ],
      [
        74.07407407407408,
        195.7037037037037,
        125.92592592592592,
        400.6419753086419
      ],
      [
        97.53086419753086,
        383.35802469135797,
        311.1111111111111,
        435.2098765432098
      ]
    ]
  }
}