{
  "labels": {
    "LDK": [
      [
        [
          406.3333333333333,
          17.12962962962963
        ],
        [
          405.4074074074074,
          100.46296296296296
        ],
        [
          365.1296296296296,
          101.38888888888889
        ],
        [
          366.05555555555554,
          145.37037037037035
        ],
        [
          223.92592592592592,
          144.44444444444443
        ],
        [
          222.537037037037,
          312.037037037037
        ],
        [
          517.4444444444445,
          313.4259259259259
        ],
        [
          517.4444444444445,
          18.055555555555554
        ]
      ]
    ],
    "浴室": [
      [
        [
          181.33333333333331,
          16.203703703703702
        ],
        [
          273.9259259259259,
          15.74074074074074
        ],
        [
          273.46296296296293,
          101.38888888888889
        ],
        [
          180.4074074074074,
          101.85185185185185
        ]
      ]
    ],
    "洋室": [
      [
        [
          53.09259259259258,
          15.74074074074074
        ],
        [
          124.85185185185185,
          14.814814814814813
        ],
        [
          125.31481481481481,
          180.55555555555554
        ],
        [
          52.16666666666666,
          181.94444444444443
        ]
      ]
    ],
    "廊下": [
      [
        [
          124.38888888888889,
          100.46296296296296
        ],
        [
          223.46296296296293,
          101.38888888888889
        ],
        [
          222.537037037037,
          272.22222222222223
        ],
        [
          129.48148148148147,
          270.8333333333333
        ],
        [
          130.4074074074074,
          180.09259259259258
        ],
        [
          182.25925925925924,
          180.55555555555554
        ],
        [
          181.7962962962963,
          143.98148148148147
        ],
        [
          125.31481481481481,
          142.59259259259258
        ]
      ]
    ],
    "折戸": [
      [
        477.4230769230769,
        273.5576923076923,
        504.94444444444446,
        314.8148148148148
      ],
      [
        224.38888888888886,
        137.03703703703704,
        270.6923076923077,
        166.82692307692307
      ],
      [
        43.769230769230774,
        355.28846153846155,
        68.76923076923077,
        396.63461538461536
      ]
    ],
    "引戸": [
      [
        334.15384615384613,
        85.09615384615384,
        407.7222222222222,
        112.03703703703702
      ],
      [
        209.1111111111111,
        112.49999999999999,
        232.25925925925924,
        191.2037037037037
      ],
      [
        139.44230769230768,
        259.6153846153846,
        219.25,
        286.0576923076923
      ],
      [
        105.87037037037035,
        97.22222222222221,
        130.4074074074074,
        180.55555555555554
      ],
      [
        210.17948717948713,
        314.5477207977208,
        234.63461538461536,
        437.5
      ],
      [
        46.173076923076906,
        274.03846153846155,
        64.44230769230768,
        353.3653846153846
      ]
    ],
    "開戸": [
      [
        232.25925925925924,
        54.166666666666664,
        276.7037037037037,
        99.53703703703702
      ],
      [
        124.85185185185185,
        87.03703703703704,
        167.4444444444444,
        134.7222222222222
      ]
    ]
  }
}