{
  "labels": {
    "廊下": [
      [
        [
          152.80672268907563,
          296.31932773109247
        ],
        [
          411.6302521008404,
          296.31932773109247
        ],
        [
          411.6302521008404,
          498.8403361344538
        ],
        [
          152.80672268907563,
          498.8403361344538
        ]
      ]
    ],
    "洋室": [
      [
        [
          151.12605042016807,
          500.52100840336135
        ],
        [
          410.78991596638656,
          500.52100840336135
        ],
        [
          410.78991596638656,
          684.5546218487395
        ],
        [
          151.12605042016807,
          684.5546218487395
        ]
      ],
      [
        [
          25.91596638655463,
          109.76470588235294
        ],
        [
          223.3949579831933,
          109.76470588235294
        ],
        [
          223.3949579831933,
          298.8403361344538
        ],
        [
          25.91596638655463,
          298.8403361344538
        ]
      ],
      [
        [
          221.71428571428572,
          108.08403361344538
        ],
        [
          411.6302521008404,
          108.08403361344538
        ],
        [
          411.6302521008404,
          301.3613445378151
        ],
        [
          221.71428571428572,
          301.3613445378151
        ]
      ]
    ],
    "開戸": [
      [
        158.80645161290323,
        243.3781512605042,
        215.83193277310926,
        318.35483870967744
      ],
      [
        230.5806451612903,
        244.16129032258064,
        278.9677419354839,
        324.0
      ],
      [
        139.81102362204723,
        369.42857142857144,
        183.05882352941177,
        420.8346456692913
      ],
      [
        133.71618324749258,
        431.258064516129,
        200.74193548387098,
        477.83193277310926
      ]
    ],
    "引戸": [
      [
        133.43561087122174,
        501.2067564135128,
        174.93548387096774,
        612.7096774193549
      ],
      [
        221.08483616967231,
        470.7741935483871,
        348.32258064516134,
        515.3418846837694
      ],
      [
        200.44094488188978,
        114.53543307086613,
        238.2362204724409,
        291.7007874015748
      ]
    ]
  }
}