{
  "labels": {
    "洋室": [
      [
        [
          30.543933054393303,
          25.414225941422593
        ],
        [
          29.28870292887029,
          116.2092050209205
        ],
        [
          119.24686192468619,
          117.0460251046025
        ],
        [
          118.82845188284519,
          24.57740585774058
        ]
      ],
      [
        [
          28.03347280334728,
          145.0794979079498
        ],
        [
          28.451882845188283,
          278.55230125523013
        ],
        [
          118.82845188284519,
          280.64435146443515
        ],
        [
          119.24686192468619,
          145.0794979079498
        ]
      ],
      [
        [
          178.2426778242678,
          115.7907949790795
        ],
        [
          178.2426778242678,
          234.6192468619247
        ],
        [
          298.74476987447696,
          234.6192468619247
        ],
        [
          297.489539748954,
          117.0460251046025
        ]
      ]
    ],
    "廊下": [
      [
        [
          118.41004184100417,
          24.995815899581586
        ],
        [
          119.24686192468619,
          235.45606694560666
        ],
        [
          177.82426778242677,
          235.03765690376565
        ],
        [
          176.56903765690376,
          156.3765690376569
        ],
        [
          149.7907949790795,
          157.63179916317992
        ],
        [
          147.69874476987448,
          60.97907949790795
        ],
        [
          178.01315789473685,
          62.5
        ],
        [
          177.82426778242677,
          83.99163179916317
        ],
        [
          206.69456066945605,
          83.99163179916317
        ],
        [
          205.43933054393304,
          23.740585774058573
        ]
      ]
    ],
    "折戸": [
      [
        77.61643911032812,
        100.32894736842105,
        117.15789473684211,
        121.83021360933714
      ],
      [
        34.31237612860602,
        137.3086324598106,
        73.40789473684211,
        158.8815789473684
      ],
      [
        180.42694340453644,
        104.34094913014755,
        234.92105263157893,
        128.6184210526316
      ]
    ],
    "引戸": [
      [
        112.28391323497026,
        148.35526315789474,
        126.36842105263159,
        192.23871393966087
      ],
      [
        172.0921052631579,
        166.1184210526316,
        184.5921052631579,
        218.75
      ],
      [
        110.04184100418408,
        60.739594802906836,
        128.87029288702928,
        113.45926007487336
      ],
      [
        200.05263157894737,
        30.26315789473684,
        215.84210526315792,
        81.9078947368421
      ]
    ]
  }
}