{
  "labels": {
    "洋室": [
      [
        [
          14.189189189189193,
          15.216216216216218
        ],
        [
          222.2972972972973,
          13.864864864864865
        ],
        [
          222.2972972972973,
          258.4594594594595
        ],
        [
          14.86486486486487,
          259.13513513513516
        ]
      ],
      [
        [
          376.35135135135135,
          87.51351351351352
        ],
        [
          585.8108108108108,
          90.89189189189189
        ],
        [
          585.1351351351351,
          371.97297297297297
        ],
        [
          376.35135135135135,
          370.6216216216216
        ]
      ],
      [
        [
          124.32432432432432,
          268.5945945945946
        ],
        [
          366.8918918918919,
          271.2972972972973
        ],
        [
          366.2162162162162,
          480.0810810810811
        ],
        [
          123.64864864864865,
          483.4594594594595
        ]
      ]
    ],
    "廊下": [
      [
        [
          231.75675675675677,
          199.0
        ],
        [
          303.3783783783784,
          198.32432432432432
        ],
        [
          306.0810810810811,
          84.8108108108108
        ],
        [
          367.56756756756755,
          84.8108108108108
        ],
        [
          369.5945945945946,
          263.86486486486484
        ],
        [
          234.45945945945948,
          261.1621621621622
        ]
      ]
    ],
    "開戸": [
      [
        167.4931506849315,
        193.84931506849318,
        243.26175490559046,
        260.43095149944475
      ],
      [
        298.47120418848164,
        246.59685863874344,
        366.8918918918919,
        330.0810810810811
      ]
    ],
    "折戸": [
      [
        375.43455497382195,
        65.44502617801047,
        513.5135135135135,
        120.48719400028301
      ],
      [
        515.2251308900524,
        64.92146596858639,
        585.1351351351351,
        117.24324324324324
      ]
    ],
    "引戸": [
      [
        349.8333950388745,
        85.1810440577564,
        393.52054794520546,
        227.4109589041096
      ]
    ]
  }
}