{
  "labels": {
    "LDK": [
      [
        [
          20.600000000000023,
          9.200000000000003
        ],
        [
          124.60000000000002,
          9.200000000000003
        ],
        [
          122.19999999999999,
          63.599999999999994
        ],
        [
          151.79999999999995,
          65.19999999999999
        ],
        [
          151.0,
          112.4
        ],
        [
          277.4,
          113.19999999999999
        ],
        [
          277.4,
          166.0
        ],
        [
          377.4,
          166.0
        ],
        [
          379.0,
          367.6
        ],
        [
          22.19999999999999,
          367.6
        ],
        [
          19.80000000000001,
          112.4
        ],
        [
          7.800000000000011,
          110.80000000000001
        ],
        [
          5.399999999999977,
          61.19999999999999
        ],
        [
          21.399999999999977,
          61.19999999999999
        ]
      ]
    ],
    "浴室": [
      [
        [
          379.79999999999995,
          10.0
        ],
        [
          481.4,
          12.400000000000006
        ],
        [
          480.6,
          114.0
        ],
        [
          377.4,
          112.4
        ]
      ]
    ],
    "廊下": [
      [
        [
          376.6,
          316.4
        ],
        [
          428.6,
          314.8
        ],
        [
          415.79999999999995,
          422.79999999999995
        ],
        [
          378.20000000000005,
          424.4
        ]
      ]
    ],
    "引戸": [
      [
        26.299401197604794,
        353.2934131736527,
        171.311377245509,
        382.03592814371257
      ],
      [
        380.6,
        294.8,
        483.7844311377246,
        331.1377245508982
      ],
      [
        364.12574850299404,
        128.1437125748503,
        392.4131736526946,
        214.00958083832336
      ],
      [
        277.99880239520957,
        147.79161676646706,
        376.39880239520954,
        178.99161676646708
      ],
      [
        366.5209580838324,
        14.371257485029941,
        394.80838323353294,
        110.20119760479042
      ],
      [
        128.2407185628743,
        42.97245508982035,
        228.79640718562877,
        77.84431137724552
      ]
    ],
    "開戸": [
      [
        171.79999999999995,
        95.6,
        226.20000000000005,
        166.8
      ]
    ]
  }
}