{
  "labels": {
    "洋室": [
      [
        [
          484.17647058823525,
          220.58823529411762
        ],
        [
          869.470588235294,
          219.85294117647058
        ],
        [
          869.470588235294,
          486.7647058823529
        ],
        [
          585.6470588235294,
          488.235294117647
        ],
        [
          587.1176470588235,
          288.235294117647
        ],
        [
          484.9117647058823,
          286.02941176470586
        ]
      ],
      [
        [
          487.11764705882354,
          487.49999999999994
        ],
        [
          801.8235294117646,
          486.7647058823529
        ],
        [
          801.8235294117646,
          645.5882352941176
        ],
        [
          485.6470588235294,
          647.0588235294117
        ]
      ],
      [
        [
          235.6470588235294,
          491.17647058823525
        ],
        [
          235.6470588235294,
          742.6470588235294
        ],
        [
          421.67647058823525,
          744.1176470588234
        ],
        [
          422.4117647058823,
          644.8529411764705
        ],
        [
          485.6470588235294,
          646.3235294117646
        ],
        [
          488.58823529411757,
          553.6764705882352
        ],
        [
          351.0882352941176,
          554.4117647058823
        ],
        [
          351.8235294117647,
          489.70588235294116
        ]
      ]
    ],
    "廊下": [
      [
        [
          355.5,
          222.7941176470588
        ],
        [
          353.2941176470588,
          555.8823529411765
        ],
        [
          486.38235294117646,
          555.1470588235294
        ],
        [
          487.8529411764705,
          489.70588235294116
        ],
        [
          420.9411764705882,
          487.49999999999994
        ],
        [
          421.67647058823525,
          284.55882352941177
        ],
        [
          484.17647058823525,
          284.55882352941177
        ],
        [
          486.38235294117646,
          220.58823529411762
        ]
      ]
    ],
    "引戸": [
      [
        339.3235294117647,
        221.3235294117647,
        373.1470588235294,
        357.35294117647055
      ],
      [
        564.2622549019607,
        349.7549019607843,
        610.5857843137254,
        475.4901960784314
      ]
    ],
    "開戸": [
      [
        460.6470588235294,
        217.6470588235294,
        546.6764705882352,
        288.235294117647
      ],
      [
        356.625,
        492.875,
        420.9411764705882,
        578.4313725490198
      ],
      [
        428.2941176470588,
        484.5588235294117,
        512.1176470588235,
        555.1470588235294
      ]
    ],
    "折戸": [
      [
        529.0294117647059,
        556.6176470588235,
        581.970588235294,
        648.5294117647059
      ],
      [
        381.9705882352941,
        566.1764705882352,
        440.7941176470588,
        650.735294117647
      ]
    ]
  }
}