{
  "labels": {
    "洋室": [
      [
        [
          141.20253164556962,
          168.62025316455694
        ],
        [
          237.40506329113924,
          171.1518987341772
        ],
        [
          236.77215189873417,
          324.3164556962025
        ],
        [
          143.1012658227848,
          324.3164556962025
        ]
      ]
    ],
    "廊下": [
      [
        [
          243.1012658227848,
          169.88607594936707
        ],
        [
          366.5189873417721,
          169.25316455696202
        ],
        [
          365.253164556962,
          236.9746835443038
        ],
        [
          301.3291139240506,
          236.3417721518987
        ],
        [
          301.9620253164557,
          202.79746835443038
        ],
        [
          243.73417721518987,
          203.43037974683543
        ]
      ]
    ],
    "引戸": [
      [
        283.08457711442776,
        214.3830845771144,
        307.46268656716416,
        288.0597014925373
      ],
      [
        227.68152906354305,
        167.35443037974682,
        249.7512437810945,
        227.86069651741292
      ]
    ],
    "開戸": [
      [
        300.5320197044335,
        157.1428571428571,
        334.3283582089552,
        186.0696517412935
      ],
      [
        239.44827586206895,
        156.15763546798027,
        269.6517412935323,
        193.5323383084577
      ]
    ],
    "折戸": [
      [
        154.71921182266007,
        155.66502463054184,
        224.74683544303795,
        183.8787179647066
      ]
    ]
  }
}