{
  "labels": {
    "LDK": [
      [
        [
          17.111111111111114,
          12.111111111111114
        ],
        [
          437.1111111111111,
          12.555555555555557
        ],
        [
          435.33333333333337,
          199.66666666666669
        ],
        [
          17.555555555555543,
          199.66666666666669
        ]
      ]
    ],
    "浴室": [
      [
        [
          16.22222222222223,
          200.55555555555554
        ],
        [
          108.66666666666666,
          199.66666666666669
        ],
        [
          109.55555555555554,
          294.77777777777777
        ],
        [
          15.333333333333343,
          293.0
        ]
      ]
    ],
    "廊下": [
      [
        [
          319.3333333333333,
          198.77777777777777
        ],
        [
          320.22222222222223,
          294.77777777777777
        ],
        [
          372.6666666666667,
          294.3333333333333
        ],
        [
          372.22222222222223,
          200.55555555555554
        ]
      ]
    ],
    "開戸": [
      [
        280.07117437722417,
        150.16014234875445,
        366.7939897192566,
        210.1514432582048
      ],
      [
        206.62633451957294,
        209.8034796362199,
        239.8576512455516,
        258.34519572953735
      ],
      [
        162.27758007117438,
        204.2526690391459,
        215.77777777777777,
        241.1724001581653
      ],
      [
        370.8185053380783,
        251.22775800711742,
        409.25266903914587,
        280.05338078291817
      ],
      [
        409.6085409252669,
        250.51601423487543,
        432.02846975088966,
        278.98576512455514
      ]
    ],
    "折戸": [
      [
        33.37999209173586,
        14.693950177935946,
        61.56583629893238,
        55.85409252669039
      ],
      [
        90.36219849742982,
        205.62791617240018,
        119.5729537366548,
        246.60142348754448
      ]
    ]
  }
}