{
  "labels": {
    "洋室": [
      [
        [
          49.0,
          191.33333333333331
        ],
        [
          356.4074074074074,
          191.33333333333331
        ],
        [
          356.4074074074074,
          725.5925925925925
        ],
        [
          49.0,
          725.5925925925925
        ]
      ]
    ],
    "廊下": [
      [
        [
          355.2307692307692,
          192.0
        ],
        [
          354.6,
          496.8
        ],
        [
          625.4230769230769,
          500.6538461538462
        ],
        [
          623.5,
          420.8461538461538
        ],
        [
          549.8,
          419.2
        ],
        [
          550.4230769230769,
          345.8461538461538
        ],
        [
          448.5,
          346.8076923076923
        ],
        [
          451.38461538461536,
          191.03846153846152
        ]
      ]
    ],
    "開戸": [
      [
        396.0365543547362,
        195.01970756516212,
        471.49152542372883,
        255.62711864406782
      ],
      [
        395.6153846153846,
        287.8305084745763,
        468.10169491525426,
        342.96153846153845
      ]
    ],
    "折戸": [
      [
        535.0384615384615,
        424.6923076923077,
        591.8305084745763,
        565.7966101694916
      ]
    ],
    "引戸": [
      [
        369.65384615384613,
        171.8076923076923,
        497.53846153846155,
        206.4230769230769
      ],
      [
        99.33846153846153,
        173.00769230769228,
        252.2,
        210.4
      ],
      [
        324.8813559322034,
        42.067796610169495,
        369.7966101694915,
        187.83050847457628
      ]
    ]
  }
}