{
  "labels": {
    "LDK": [
      [
        [
          421.64864864864865,
          192.43243243243242
        ],
        [
          422.7297297297297,
          487.56756756756755
        ],
        [
          151.3783783783784,
          488.10810810810807
        ],
        [
          151.3783783783784,
          238.9189189189189
        ],
        [
          199.48648648648646,
          237.83783783783784
        ],
        [
          198.94594594594594,
          191.35135135135135
        ]
      ]
    ],
    "浴室": [
      [
        [
          51.37837837837836,
          414.054054054054
        ],
        [
          149.75675675675677,
          416.2162162162162
        ],
        [
          150.2972972972973,
          512.4324324324324
        ],
        [
          51.918918918918905,
          512.9729729729729
        ]
      ]
    ],
    "洋室": [
      [
        [
          51.37837837837836,
          44.32432432432432
        ],
        [
          298.94594594594594,
          43.24324324324324
        ],
        [
          297.86486486486484,
          144.86486486486487
        ],
        [
          249.75675675675672,
          143.24324324324323
        ],
        [
          248.67567567567568,
          191.35135135135135
        ],
        [
          49.756756756756744,
          192.97297297297297
        ]
      ]
    ],
    "廊下": [
      [
        [
          296.78378378378375,
          92.97297297297297
        ],
        [
          398.94594594594594,
          93.51351351351352
        ],
        [
          396.2432432432432,
          192.97297297297297
        ],
        [
          298.94594594594594,
          192.43243243243242
        ]
      ]
    ],
    "折戸": [
      [
        299.5393258426966,
        88.8876404494382,
        400.10112359550556,
        120.91011235955057
      ],
      [
        217.86486486486484,
        37.2972972972973,
        265.97297297297297,
        142.16216216216216
      ],
      [
        241.64864864864865,
        174.59459459459458,
        308.1351351351351,
        216.75675675675674
      ],
      [
        126.51351351351352,
        336.2162162162162,
        168.47290640394087,
        398.4630541871921
      ]
    ],
    "引戸": [
      [
        302.91011235955057,
        179.8988764044944,
        397.29213483146066,
        206.30337078651687
      ],
      [
        150.2972972972973,
        171.89189189189187,
        244.89189189189187,
        215.13513513513513
      ],
      [
        59.486486486486484,
        273.5135135135135,
        145.43243243243242,
        305.4054054054054
      ],
      [
        55.16216216216216,
        321.08108108108104,
        149.75675675675677,
        354.5945945945946
      ],
      [
        63.05418719211822,
        402.40394088669944,
        151.9189189189189,
        427.02702702702703
      ]
    ],
    "開戸": [
      [
        133.54054054054052,
        288.64864864864865,
        203.27027027027026,
        342.16216216216213
      ]
    ]
  }
}