{
  "labels": {
    "浴室": [
      [
        [
          395.5,
          15.833333333333334
        ],
        [
          501.33333333333337,
          18.333333333333336
        ],
        [
          499.66666666666674,
          124.16666666666667
        ],
        [
          394.66666666666674,
          122.5
        ]
      ]
    ],
    "LDK": [
      [
        [
          59.666666666666686,
          147.5
        ],
        [
          276.33333333333337,
          146.66666666666669
        ],
        [
          278.83333333333337,
          590.0
        ],
        [
          58.83333333333334,
          590.8333333333334
        ]
      ]
    ],
    "廊下": [
      [
        [
          283.0,
          374.1666666666667
        ],
        [
          464.66666666666674,
          374.1666666666667
        ],
        [
          466.33333333333337,
          452.5
        ],
        [
          336.33333333333337,
          452.5
        ],
        [
          336.33333333333337,
          425.83333333333337
        ],
        [
          284.6666666666667,
          425.83333333333337
        ]
      ],
      [
        [
          220.5,
          94.16666666666667
        ],
        [
          274.6666666666667,
          94.16666666666667
        ],
        [
          274.6666666666667,
          142.5
        ],
        [
          222.16666666666669,
          143.33333333333334
        ]
      ]
    ],
    "引戸": [
      [
        448.13422818791946,
        377.8523489932886,
        480.3489932885906,
        531.5436241610738
      ],
      [
        372.3064876957495,
        19.87136465324386,
        410.50335570469804,
        118.12080536912752
      ],
      [
        262.30648769574947,
        20.73266219239376,
        296.40939597315435,
        136.91275167785236
      ],
      [
        176.27516778523488,
        71.81208053691275,
        279.8288590604027,
        100.0
      ],
      [
        263.83333333333337,
        367.5,
        289.0268456375839,
        476.51006711409394
      ],
      [
        262.18120805369125,
        146.9798657718121,
        295.7069351230425,
        366.6442953020134
      ],
      [
        333.3691275167786,
        350.3355704697987,
        445.5,
        381.01789709172266
      ],
      [
        395.5,
        172.5,
        508.0,
        193.33333333333334
      ]
    ],
    "開戸": [
      [
        164.66666666666669,
        90.0,
        238.0,
        142.5
      ],
      [
        338.73825503355704,
        118.79194630872483,
        389.66666666666674,
        160.41387024608503
      ],
      [
        283.648769574944,
        181.76174496644296,
        333.3691275167786,
        225.50335570469798
      ],
      [
        281.33333333333337,
        400.83333333333337,
        332.02684563758385,
        440.93959731543623
      ]
    ]
  }
}