{
  "labels": {
    "洋室": [
      [
        [
          346.66666666666663,
          197.03703703703704
        ],
        [
          482.2222222222222,
          199.25925925925924
        ],
        [
          481.48148148148147,
          333.3333333333333
        ],
        [
          346.66666666666663,
          330.3703703703703
        ]
      ],
      [
        [
          344.4444444444444,
          341.48148148148147
        ],
        [
          482.2222222222222,
          341.48148148148147
        ],
        [
          482.2222222222222,
          474.8148148148148
        ],
        [
          343.7037037037037,
          474.8148148148148
        ]
      ],
      [
        [
          103.7037037037037,
          387.4074074074074
        ],
        [
          291.85185185185185,
          388.1481481481481
        ],
        [
          288.88888888888886,
          523.7037037037037
        ],
        [
          102.22222222222221,
          522.2222222222222
        ]
      ]
    ],
    "廊下": [
      [
        [
          251.1111111111111,
          290.3703703703703
        ],
        [
          344.4444444444444,
          290.3703703703703
        ],
        [
          342.96296296296293,
          382.96296296296293
        ],
        [
          249.62962962962962,
          382.2222222222222
        ]
      ]
    ],
    "開戸": [
      [
        331.36094674556216,
        292.3076923076923,
        381.3324567170721,
        333.4823580977427
      ],
      [
        331.36094674556216,
        342.01183431952666,
        385.18518518518516,
        380.7407407407407
      ],
      [
        245.18518518518516,
        377.037037037037,
        295.55555555555554,
        424.4444444444444
      ]
    ],
    "引戸": [
      [
        231.9526627218935,
        295.85798816568047,
        255.55555555555554,
        381.48148148148147
      ],
      [
        330.7692307692308,
        192.89940828402368,
        359.76331360946745,
        285.79881656804736
      ],
      [
        331.36094674556216,
        384.61538461538464,
        356.2130177514793,
        475.7396449704142
      ]
    ],
    "折戸": [
      [
        122.96296296296296,
        377.77777777777777,
        171.1111111111111,
        405.9259259259259
      ]
    ]
  }
}