{
  "labels": {
    "廊下": [
      [
        [
          328.94594594594594,
          143.14414414414412
        ],
        [
          329.8468468468468,
          426.027027027027
        ],
        [
          473.99099099099095,
          421.5225225225225
        ],
        [
          476.69369369369366,
          566.5675675675675
        ],
        [
          617.2342342342341,
          567.4684684684685
        ],
        [
          619.9369369369368,
          357.5585585585585
        ],
        [
          470.3873873873873,
          354.85585585585585
        ],
        [
          473.09009009009003,
          300.8018018018018
        ],
        [
          402.81981981981977,
          301.70270270270265
        ],
        [
          403.7207207207207,
          137.73873873873873
        ]
      ]
    ],
    "洋室": [
      [
        [
          398.3153153153153,
          33.23423423423423
        ],
        [
          401.9189189189189,
          300.8018018018018
        ],
        [
          617.2342342342341,
          300.8018018018018
        ],
        [
          616.3333333333333,
          108.009009009009
        ],
        [
          545.1621621621621,
          105.3063063063063
        ],
        [
          544.2612612612612,
          35.03603603603603
        ]
      ],
      [
        [
          49.66666666666666,
          35.03603603603603
        ],
        [
          334.3513513513513,
          35.03603603603603
        ],
        [
          334.3513513513513,
          418.81981981981977
        ],
        [
          49.66666666666666,
          418.81981981981977
        ]
      ]
    ],
    "開戸": [
      [
        337.7361647361648,
        125.71814671814673,
        395.2857142857142,
        201.42857142857142
      ]
    ],
    "折戸": [
      [
        477.5945945945945,
        267.85714285714283,
        608.8571428571428,
        321.27155727155724
      ]
    ],
    "引戸": [
      [
        204.57142857142856,
        407.7902187902188,
        325.9343629343629,
        429.99999999999994
      ],
      [
        458.8944658944659,
        464.3925353925353,
        491.32689832689834,
        530.158301158301
      ],
      [
        317.2664092664092,
        287.85714285714283,
        345.2857142857142,
        406.88931788931785
      ],
      [
        390.14285714285705,
        178.57142857142856,
        418.8571428571428,
        293.8133848133848
      ],
      [
        316.3912483912483,
        89.99999999999999,
        346.71428571428567,
        205.7117117117117
      ]
    ]
  }
}