{
  "labels": {
    "洋室": [
      [
        [
          369.49541284403665,
          165.80733944954127
        ],
        [
          712.6146788990825,
          163.05504587155963
        ],
        [
          715.3669724770641,
          370.39449541284404
        ],
        [
          370.4128440366972,
          373.14678899082566
        ]
      ],
      [
        [
          713.5321100917431,
          162.13761467889907
        ],
        [
          922.7064220183486,
          162.13761467889907
        ],
        [
          917.2018348623853,
          718.1009174311926
        ],
        [
          715.3669724770641,
          719.9357798165137
        ]
      ]
    ],
    "廊下": [
      [
        [
          641.0550458715596,
          369.4770642201835
        ],
        [
          643.8073394495412,
          579.5688073394494
        ],
        [
          710.7798165137614,
          582.3211009174312
        ],
        [
          708.9449541284404,
          372.2293577981651
        ]
      ]
    ],
    "折戸": [
      [
        722.4370176205038,
        625.4185233726517,
        849.2063492063492,
        686.5079365079365
      ],
      [
        721.9418960244648,
        206.84418232124654,
        844.4444444444445,
        251.5873015873016
      ]
    ],
    "開戸": [
      [
        695.0378622396971,
        515.057375855541,
        783.3333333333334,
        572.2222222222222
      ],
      [
        695.3582350371341,
        378.9280617445755,
        777.7777777777778,
        435.7142857142857
      ],
      [
        650.0,
        305.55555555555554,
        709.389107324887,
        395.95878840832967
      ]
    ]
  }
}