{
  "labels": {
    "洋室": [
      [
        [
          501.3333333333333,
          251.33333333333334
        ],
        [
          598.6666666666666,
          252.0
        ],
        [
          598.0,
          446.6666666666667
        ],
        [
          499.3333333333333,
          446.6666666666667
        ]
      ],
      [
        [
          635.3333333333334,
          254.0
        ],
        [
          715.3333333333334,
          253.33333333333334
        ],
        [
          715.3333333333334,
          344.0
        ],
        [
          636.0,
          340.6666666666667
        ]
      ]
    ],
    "廊下": [
      [
        [
          600.0,
          312.6666666666667
        ],
        [
          631.3333333333334,
          311.3333333333333
        ],
        [
          631.3333333333334,
          345.3333333333333
        ],
        [
          654.6666666666666,
          346.0
        ],
        [
          654.0,
          377.3333333333333
        ],
        [
          631.3333333333334,
          378.6666666666667
        ],
        [
          632.6666666666666,
          445.3333333333333
        ],
        [
          600.6666666666666,
          444.6666666666667
        ]
      ]
    ],
    "開戸": [
      [
        592.6666666666666,
        410.0,
        632.6666666666666,
        446.6666666666667
      ],
      [
        624.6666666666666,
        346.6666666666667,
        660.0,
        377.3333333333333
      ],
      [
        630.6666666666666,
        312.0,
        664.6666666666666,
        345.3333333333333
      ],
      [
        571.3333333333334,
        316.0,
        609.3333333333334,
        347.3333333333333
      ]
    ],
    "折戸": [
      [
        628.0,
        252.66666666666666,
        646.0,
        312.6666666666667
      ]
    ]
  }
}