{
  "labels": {
    "LDK": [
      [
        [
          962.6363636363636,
          182.96103896103895
        ],
        [
          674.3246753246754,
          186.2077922077922
        ],
        [
          677.5714285714286,
          286.85714285714283
        ],
        [
          429.5194805194805,
          287.5064935064935
        ],
        [
          428.87012987012986,
          491.4025974025974
        ],
        [
          966.5324675324675,
          490.1038961038961
        ]
      ]
    ],
    "浴室": [
      [
        [
          789.2597402597403,
          25.16883116883117
        ],
        [
          904.8441558441558,
          26.467532467532465
        ],
        [
          907.4415584415584,
          174.5194805194805
        ],
        [
          791.2077922077922,
          175.16883116883116
        ]
      ]
    ],
    "廊下": [
      [
        [
          308.7402597402597,
          173.2207792207792
        ],
        [
          487.31168831168833,
          173.87012987012986
        ],
        [
          486.6623376623377,
          125.81818181818181
        ],
        [
          542.5064935064935,
          127.11688311688312
        ],
        [
          543.8051948051948,
          169.97402597402598
        ],
        [
          600.9480519480519,
          169.32467532467533
        ],
        [
          600.9480519480519,
          115.42857142857143
        ],
        [
          661.9870129870129,
          114.77922077922078
        ],
        [
          661.3376623376623,
          244.64935064935065
        ],
        [
          427.57142857142856,
          243.35064935064935
        ],
        [
          428.2207792207792,
          412.1818181818182
        ],
        [
          306.79220779220776,
          414.7792207792208
        ]
      ]
    ],
    "折戸": [
      [
        768.9851935605449,
        84.52199429279061,
        815.3428094545845,
        162.66768965702903
      ],
      [
        429.0993377483444,
        214.2317880794702,
        545.7532467532467,
        253.09090909090907
      ],
      [
        545.1425991227316,
        213.51922249935495,
        659.5629139072847,
        249.9933774834437
      ],
      [
        62.87417218543047,
        260.58940397350995,
        89.36423841059603,
        314.89403973509934
      ]
    ],
    "引戸": [
      [
        648.9668874172186,
        74.1844074732138,
        696.1869918699188,
        164.01626016260164
      ],
      [
        645.1038961038961,
        180.36363636363635,
        694.0,
        244.03311258278146
      ],
      [
        291.8060283011018,
        275.9061464029967,
        318.1425725515533,
        376.36499219296826
      ],
      [
        72.1456953642384,
        476.4834437086093,
        298.63576158940396,
        500.3245033112583
      ],
      [
        71.44394005821884,
        245.68929761887279,
        297.0,
        276.2113821138211
      ],
      [
        291.35099337748346,
        134.09933774834437,
        315.8831168831169,
        246.59740259740258
      ],
      [
        315.8543046357616,
        164.56291390728478,
        435.72185430463577,
        185.75496688741723
      ],
      [
        57.57615894039735,
        24.827814569536425,
        88.03973509933775,
        146.68211920529802
      ],
      [
        57.57615894039735,
        149.9933774834437,
        86.05298013245033,
        259.92715231788077
      ]
    ],
    "開戸": [
      [
        609.1951219512196,
        103.04065040650406,
        658.4023862316545,
        149.03876944678106
      ],
      [
        375.4569536423841,
        312.2450331125828,
        448.9668874172185,
        374.49668874172187
      ],
      [
        495.119733924612,
        103.08562981733714,
        541.7154471544716,
        168.08130081300814
      ]
    ]
  }
}