{
  "labels": {
    "洋室": [
      [
        [
          191.61083743842363,
          239.3645320197044
        ],
        [
          469.9359605911329,
          240.34975369458124
        ],
        [
          467.96551724137925,
          453.15763546798024
        ],
        [
          190.62561576354676,
          451.18719211822656
        ]
      ],
      [
        [
          471.90640394088666,
          30.497536945812804
        ],
        [
          747.7684729064039,
          31.97536945812807
        ],
        [
          747.2758620689655,
          277.29556650246303
        ],
        [
          470.4285714285714,
          277.78817733990144
        ]
      ],
      [
        [
          125.10837438423644,
          29.512315270935957
        ],
        [
          334.46798029556646,
          31.48275862068965
        ],
        [
          332.4975369458128,
          169.41379310344826
        ],
        [
          122.1527093596059,
          167.93596059113298
        ]
      ]
    ],
    "廊下": [
      [
        [
          25.600985221674872,
          168.92118226600982
        ],
        [
          470.9211822660098,
          172.3694581280788
        ],
        [
          468.9507389162561,
          240.34975369458124
        ],
        [
          190.62561576354676,
          237.88669950738912
        ],
        [
          191.61083743842363,
          267.4433497536946
        ],
        [
          25.10837438423645,
          267.935960591133
        ]
      ]
    ],
    "開戸": [
      [
        449.8517489060737,
        176.54426617497313,
        529.3636363636364,
        239.8989898989899
      ],
      [
        52.5959595959596,
        148.989898989899,
        120.22905027932961,
        234.21787709497204
      ],
      [
        191.989898989899,
        221.21212121212122,
        265.99507389162557,
        308.33004926108373
      ]
    ],
    "折戸": [
      [
        506.8576585126382,
        36.587748025428624,
        561.1494272332261,
        169.97206703910615
      ],
      [
        227.04304152791917,
        314.61290145031234,
        284.4748603351955,
        445.39106145251395
      ]
    ],
    "引戸": [
      [
        334.60007705644375,
        155.19963122987588,
        464.2121212121212,
        189.8989898989899
      ],
      [
        191.73743016759775,
        150.9776536312849,
        325.6312573960426,
        192.43440570217683
      ]
    ]
  }
}