{
  "labels": {
    "浴室": [
      [
        [
          124.18954248366012,
          349.98039215686276
        ],
        [
          196.08496732026146,
          350.63398692810455
        ],
        [
          195.4313725490196,
          417.9542483660131
        ],
        [
          124.18954248366012,
          419.2614379084967
        ]
      ]
    ],
    "LDK": [
      [
        [
          215.03921568627453,
          170.8954248366013
        ],
        [
          304.58169934640523,
          169.58823529411765
        ],
        [
          305.2352941176471,
          204.88235294117646
        ],
        [
          482.35947712418294,
          204.22875816993465
        ],
        [
          484.9738562091503,
          348.01960784313724
        ],
        [
          340.52941176470586,
          347.3660130718954
        ],
        [
          340.52941176470586,
          419.2614379084967
        ],
        [
          197.39215686274508,
          417.9542483660131
        ],
        [
          198.04575163398692,
          312.72549019607845
        ],
        [
          213.078431372549,
          312.72549019607845
        ]
      ]
    ],
    "廊下": [
      [
        [
          450.9869281045751,
          142.13725490196077
        ],
        [
          485.62745098039215,
          142.13725490196077
        ],
        [
          486.281045751634,
          133.640522875817
        ],
        [
          524.843137254902,
          133.640522875817
        ],
        [
          524.843137254902,
          170.8954248366013
        ],
        [
          554.9084967320262,
          172.20261437908496
        ],
        [
          555.562091503268,
          210.76470588235293
        ],
        [
          486.93464052287584,
          209.45751633986927
        ],
        [
          486.93464052287584,
          200.30718954248366
        ],
        [
          451.64052287581694,
          200.9607843137255
        ]
      ]
    ],
    "引戸": [
      [
        519.0372688082325,
        107.65317758308998,
        542.1063829787233,
        166.02127659574467
      ],
      [
        308.063829787234,
        191.02127659574467,
        411.11764705882354,
        212.0718954248366
      ],
      [
        132.0,
        229.85106382978722,
        194.77777777777777,
        248.01960784313724
      ]
    ],
    "折戸": [
      [
        484.32026143790847,
        127.10457516339869,
        528.7647058823529,
        151.2875816993464
      ],
      [
        438.3829787234042,
        164.95744680851064,
        465.2895285773884,
        202.92156862745097
      ],
      [
        173.20915032679738,
        244.09803921568627,
        200.0065359477124,
        276.77777777777777
      ],
      [
        171.90196078431373,
        277.4313725490196,
        205.23529411764707,
        311.41830065359477
      ],
      [
        158.83006535947712,
        342.7908496732026,
        198.04575163398692,
        364.359477124183
      ]
    ],
    "開戸": [
      [
        442.4901960784314,
        197.0392156862745,
        484.9738562091503,
        236.2549019607843
      ],
      [
        294.77777777777777,
        97.69281045751634,
        340.52941176470586,
        167.62745098039215
      ],
      [
        188.24183006535947,
        314.6862745098039,
        233.99346405228755,
        349.3267973856209
      ]
    ]
  }
}