{
  "labels": {
    "LDK": [
      [
        [
          284.98319327731093,
          133.109243697479
        ],
        [
          30.781512605042025,
          133.109243697479
        ],
        [
          30.361344537815143,
          161.26050420168067
        ],
        [
          14.81512605042019,
          160.0
        ],
        [
          16.075630252100837,
          273.8655462184874
        ],
        [
          285.4033613445378,
          274.7058823529412
        ]
      ]
    ],
    "浴室": [
      [
        [
          225.73949579831935,
          20.084033613445378
        ],
        [
          284.14285714285717,
          21.344537815126053
        ],
        [
          283.7226890756303,
          76.80672268907564
        ],
        [
          227.0,
          76.38655462184875
        ]
      ]
    ],
    "廊下": [
      [
        [
          183.72268907563029,
          78.0672268907563
        ],
        [
          182.88235294117646,
          131.42857142857144
        ],
        [
          81.2016806722689,
          131.42857142857144
        ],
        [
          81.2016806722689,
          95.29411764705884
        ],
        [
          121.53781512605042,
          95.29411764705884
        ],
        [
          121.9579831932773,
          104.95798319327733
        ],
        [
          156.41176470588238,
          104.95798319327733
        ],
        [
          157.25210084033614,
          76.38655462184875
        ]
      ]
    ],
    "引戸": [
      [
        226.95561604923665,
        262.82873712865427,
        278.7887323943662,
        282.3943661971831
      ],
      [
        147.80281690140845,
        53.16901408450705,
        166.49579831932772,
        104.53781512605042
      ],
      [
        70.36903775594749,
        51.97242277192568,
        88.92957746478874,
        99.64788732394366
      ]
    ],
    "開戸": [
      [
        85.40336134453781,
        150.75630252100842,
        115.23529411764707,
        178.4873949579832
      ],
      [
        113.55462184873949,
        150.3361344537815,
        144.2268907563025,
        177.64705882352942
      ],
      [
        155.90140845070422,
        122.1830985915493,
        184.26713220499468,
        160.92022724582793
      ],
      [
        159.85300035507157,
        48.80340868741864,
        183.71830985915494,
        88.02816901408451
      ],
      [
        29.774647887323937,
        243.3098591549296,
        57.943661971831006,
        271.1267605633803
      ]
    ],
    "折戸": [
      [
        197.1680672268908,
        116.30252100840337,
        229.52100840336135,
        143.61344537815125
      ],
      [
        199.9154929577465,
        64.43661971830986,
        226.57983193277312,
        91.51260504201682
      ],
      [
        215.76056338028172,
        49.647887323943664,
        240.8655462184874,
        76.80672268907564
      ]
    ]
  }
}