{
  "labels": {
    "浴室": [
      [
        [
          479.1775700934579,
          100.92523364485982
        ],
        [
          576.3738317757009,
          102.79439252336448
        ],
        [
          577.3084112149533,
          186.90654205607476
        ],
        [
          477.30841121495325,
          188.77570093457942
        ]
      ]
    ],
    "LDK": [
      [
        [
          331.5140186915888,
          315.8785046728972
        ],
        [
          593.196261682243,
          317.74766355140184
        ],
        [
          596.0,
          526.1588785046729
        ],
        [
          332.4485981308411,
          528.0280373831775
        ]
      ]
    ],
    "廊下": [
      [
        [
          222.1682242990654,
          250.45794392523362
        ],
        [
          786.6542056074766,
          253.26168224299062
        ],
        [
          787.588785046729,
          193.4485981308411
        ],
        [
          846.4672897196261,
          193.4485981308411
        ],
        [
          845.5327102803737,
          309.3364485981308
        ],
        [
          323.10280373831773,
          311.2056074766355
        ],
        [
          324.03738317757006,
          385.03738317757006
        ],
        [
          222.1682242990654,
          385.9719626168224
        ]
      ]
    ],
    "開戸": [
      [
        238.05607476635512,
        385.03738317757006,
        273.5700934579439,
        428.9626168224299
      ],
      [
        235.25233644859813,
        425.22429906542055,
        275.4392523364486,
        477.5607476635514
      ],
      [
        732.4485981308411,
        243.9158878504673,
        780.1121495327102,
        278.49532710280374
      ]
    ],
    "引戸": [
      [
        888.990990990991,
        237.74774774774778,
        985.2563472563472,
        262.32268632268637
      ],
      [
        839.4414414414414,
        248.5585585585585,
        865.5675675675675,
        348.5585585585585
      ],
      [
        787.588785046729,
        177.56074766355138,
        873.4545454545454,
        198.7272727272727
      ],
      [
        483.6315567904353,
        236.67500210490857,
        585.3873873873873,
        262.07207207207205
      ],
      [
        489.8918918918919,
        179.18918918918916,
        582.6846846846846,
        210.7207207207207
      ],
      [
        258.7515365833123,
        146.6522690915214,
        283.5855855855856,
        249.45945945945942
      ],
      [
        285.50071566894,
        232.86932727119643,
        385.3873873873874,
        262.97297297297297
      ],
      [
        166.9775195756504,
        233.87126378715158,
        274.57657657657654,
        261.1711711711711
      ],
      [
        384.3303864612276,
        179.66565631051608,
        473.6756756756756,
        210.7207207207207
      ],
      [
        119.70127136482276,
        304.0994358844826,
        218.7207207207207,
        326.9369369369369
      ],
      [
        200.77641277641274,
        335.9017199017199,
        229.5315315315315,
        445.8558558558558
      ],
      [
        328.3903342594931,
        299.1907889197609,
        425.9279279279279,
        327.8378378378378
      ],
      [
        494.1308411214953,
        300.9252336448598,
        592.5945945945946,
        326.9369369369369
      ],
      [
        698.0,
        303.51351351351343,
        803.3755998989643,
        327.8259661530689
      ],
      [
        581.7837837837836,
        319.7297297297297,
        614.2162162162161,
        419.7297297297297
      ],
      [
        791.6936936936935,
        369.27927927927925,
        815.5251326092446,
        478.4953271028037
      ]
    ]
  }
}