{
  "labels": {
    "洋室": [
      [
        [
          129.58558558558556,
          52.95495495495495
        ],
        [
          129.58558558558556,
          191.6936936936937
        ],
        [
          83.63963963963963,
          193.49549549549548
        ],
        [
          83.63963963963963,
          273.6756756756757
        ],
        [
          364.7207207207207,
          273.6756756756757
        ],
        [
          364.7207207207207,
          50.25225225225225
        ]
      ],
      [
        [
          419.6756756756756,
          383.58558558558553
        ],
        [
          416.9729729729729,
          611.5135135135134
        ],
        [
          645.8018018018017,
          613.3153153153153
        ],
        [
          647.6036036036036,
          386.28828828828824
        ]
      ]
    ],
    "廊下": [
      [
        [
          364.7207207207207,
          217.8198198198198
        ],
        [
          364.7207207207207,
          276.37837837837833
        ],
        [
          423.27927927927925,
          279.98198198198196
        ],
        [
          422.37837837837833,
          386.28828828828824
        ],
        [
          476.4324324324324,
          385.3873873873874
        ],
        [
          478.23423423423424,
          319.6216216216216
        ],
        [
          535.8918918918919,
          317.81981981981977
        ],
        [
          535.8918918918919,
          165.56756756756755
        ],
        [
          649.4054054054053,
          167.36936936936937
        ],
        [
          647.6036036036036,
          51.15315315315315
        ],
        [
          589.9459459459459,
          52.05405405405405
        ],
        [
          584.5405405405405,
          110.61261261261261
        ],
        [
          475.5315315315315,
          108.8108108108108
        ],
        [
          477.33333333333326,
          223.22522522522522
        ]
      ]
    ],
    "開戸": [
      [
        425.4449064449064,
        333.3333333333333,
        472.71794871794873,
        404.39293139293136
      ]
    ],
    "折戸": [
      [
        116.85169785169782,
        56.55855855855855,
        151.98683298683295,
        188.0900900900901
      ],
      [
        485.53846153846155,
        374.8537768537769,
        527.6625086625087,
        407.05128205128204
      ],
      [
        565.968121968122,
        375.84130284130276,
        612.4615384615385,
        407.6923076923077
      ]
    ],
    "引戸": [
      [
        485.53846153846155,
        94.4137214137214,
        571.5641025641024,
        118.58974358974359
      ],
      [
        349.64102564102564,
        56.41025641025641,
        380.4102564102564,
        156.4102564102564
      ]
    ]
  }
}