{
  "labels": {
    "廊下": [
      [
        [
          282.8828828828829,
          332.29729729729723
        ],
        [
          281.08108108108104,
          454.8198198198198
        ],
        [
          407.20720720720715,
          453.91891891891885
        ],
        [
          407.37931034482756,
          394.48275862068965
        ],
        [
          527.9279279279278,
          394.4594594594594
        ],
        [
          527.027027027027,
          269.2342342342342
        ],
        [
          402.70270270270265,
          269.2342342342342
        ],
        [
          400.90090090090087,
          334.0990990990991
        ]
      ]
    ],
    "洋室": [
      [
        [
          279.27927927927925,
          29.594594594594582
        ],
        [
          464.86486486486484,
          29.594594594594582
        ],
        [
          464.86486486486484,
          273.73873873873873
        ],
        [
          279.27927927927925,
          273.73873873873873
        ]
      ],
      [
        [
          464.86486486486484,
          28.69369369369369
        ],
        [
          648.6486486486486,
          28.69369369369369
        ],
        [
          648.6486486486486,
          271.036036036036
        ],
        [
          464.86486486486484,
          271.036036036036
        ]
      ],
      [
        [
          39.63963963963963,
          396.2612612612612
        ],
        [
          283.78378378378375,
          396.2612612612612
        ],
        [
          283.78378378378375,
          644.9099099099099
        ],
        [
          39.63963963963963,
          644.9099099099099
        ]
      ]
    ],
    "開戸": [
      [
        224.3243243243243,
        397.16216216216213,
        301.11347517730496,
        448.645390070922
      ],
      [
        405.40540540540536,
        261.1261261261261,
        466.66666666666663,
        334.99999999999994
      ],
      [
        464.86486486486484,
        260.7021276595745,
        523.0992907801419,
        335.90090090090087
      ],
      [
        473.87387387387383,
        343.10810810810807,
        537.8378378378378,
        384.5495495495495
      ]
    ],
    "折戸": [
      [
        289.43795620437953,
        243.10810810810807,
        403.6036036036036,
        285.86131386861314
      ],
      [
        532.5036496350365,
        244.90990990990986,
        642.3423423423422,
        290.970802919708
      ]
    ]
  }
}