{
  "labels": {
    "廊下": [
      [
        [
          135.59322033898306,
          214.7627118644068
        ],
        [
          133.89830508474577,
          277.47457627118644
        ],
        [
          433.0508474576271,
          277.47457627118644
        ],
        [
          439.8305084745763,
          158.83050847457628
        ],
        [
          375.42372881355936,
          156.28813559322037
        ],
        [
          372.0338983050848,
          217.3050847457627
        ]
      ]
    ],
    "洋室": [
      [
        [
          137.28813559322035,
          35.9491525423729
        ],
        [
          377.11864406779665,
          35.9491525423729
        ],
        [
          377.11864406779665,
          215.61016949152543
        ],
        [
          137.28813559322035,
          215.61016949152543
        ]
      ],
      [
        [
          432.2033898305085,
          36.796610169491544
        ],
        [
          612.7118644067797,
          36.796610169491544
        ],
        [
          612.7118644067797,
          275.77966101694915
        ],
        [
          432.2033898305085,
          275.77966101694915
        ]
      ]
    ],
    "開戸": [
      [
        378.1603107344633,
        137.53701353637902,
        426.19395093062604,
        194.22091614327914
      ]
    ],
    "折戸": [
      [
        121.58333333333334,
        67.56108757062148,
        166.61370056497174,
        124.47916666666667
      ]
    ],
    "引戸": [
      [
        258.65482233502536,
        195.4314720812183,
        367.79187817258884,
        234.51776649746193
      ],
      [
        495.2030456852792,
        256.8527918781726,
        601.8020304568528,
        292.89340101522845
      ]
    ]
  }
}