{
  "labels": {
    "洋室": [
      [
        [
          112.35195530726256,
          100.0
        ],
        [
          183.8603351955307,
          100.55865921787709
        ],
        [
          183.8603351955307,
          170.39106145251395
        ],
        [
          113.46927374301674,
          169.83240223463687
        ]
      ],
      [
        [
          184.9776536312849,
          173.18435754189943
        ],
        [
          254.2513966480447,
          173.18435754189943
        ],
        [
          253.6927374301676,
          293.85474860335194
        ],
        [
          184.4189944134078,
          293.29608938547483
        ]
      ],
      [
        [
          114.58659217877096,
          269.2737430167598
        ],
        [
          180.50837988826817,
          269.83240223463685
        ],
        [
          181.06703910614527,
          341.340782122905
        ],
        [
          111.23463687150837,
          341.8994413407821
        ]
      ]
    ],
    "廊下": [
      [
        [
          160.39664804469274,
          172.06703910614524
        ],
        [
          183.8603351955307,
          172.62569832402235
        ],
        [
          182.74301675977654,
          269.2737430167598
        ],
        [
          159.27932960893855,
          268.1564245810056
        ]
      ]
    ],
    "開戸": [
      [
        158.48881577494646,
        153.04612802791087,
        183.45059288537544,
        181.02766798418972
      ],
      [
        164.7709718020624,
        196.08938547486034,
        190.4692958244088,
        220.6703910614525
      ],
      [
        144.19553072625698,
        172.62569832402235,
        170.45251396648047,
        197.76536312849163
      ],
      [
        160.39664804469274,
        248.60335195530726,
        181.0790513833992,
        279.4466403162055
      ]
    ],
    "引戸": [
      [
        186.14355112946316,
        165.29467617638616,
        231.2766798418972,
        181.42292490118575
      ]
    ],
    "折戸": [
      [
        109.55865921787708,
        260.89385474860336,
        159.27932960893855,
        282.68156424581
      ],
      [
        173.05591008457174,
        98.88268156424581,
        191.49166427451587,
        173.18435754189943
      ]
    ]
  }
}