{
  "labels": {
    "洋室": [
      [
        [
          515.2374100719423,
          276.41726618705036
        ],
        [
          443.2949640287769,
          272.82014388489205
        ],
        [
          444.0143884892086,
          393.68345323741005
        ],
        [
          514.5179856115108,
          392.9640287769784
        ]
      ],
      [
        [
          370.96774193548384,
          274.19354838709677
        ],
        [
          443.01075268817203,
          273.1182795698925
        ],
        [
          443.54838709677415,
          394.0860215053763
        ],
        [
          370.4301075268817,
          396.7741935483871
        ]
      ],
      [
        [
          256.98924731182797,
          273.1182795698925
        ],
        [
          371.505376344086,
          273.1182795698925
        ],
        [
          369.89247311827955,
          393.54838709677415
        ],
        [
          254.83870967741933,
          393.54838709677415
        ]
      ]
    ],
    "廊下": [
      [
        [
          233.87096774193546,
          240.32258064516128
        ],
        [
          324.7311827956989,
          241.39784946236557
        ],
        [
          324.7311827956989,
          229.03225806451613
        ],
        [
          548.9247311827957,
          231.1827956989247
        ],
        [
          547.3118279569892,
          274.19354838709677
        ],
        [
          233.33333333333331,
          271.505376344086
        ]
      ]
    ],
    "開戸": [
      [
        482.30769230769226,
        263.8461538461538,
        508.8461538461538,
        302.3076923076923
      ],
      [
        410.0,
        263.8461538461538,
        437.6923076923077,
        302.3076923076923
      ],
      [
        338.07692307692304,
        265.0,
        365.0,
        303.0769230769231
      ],
      [
        233.46153846153845,
        234.6153846153846,
        277.3076923076923,
        263.8461538461538
      ],
      [
        209.23076923076923,
        251.9230769230769,
        240.32258064516128,
        272.04301075268813
      ]
    ],
    "引戸": [
      [
        218.07692307692307,
        263.8461538461538,
        255.59966914805628,
        281.86931348221674
      ],
      [
        245.39288668320927,
        276.28205128205127,
        265.7692307692308,
        375.0
      ]
    ]
  }
}