{
  "labels": {
    "洋室": [
      [
        [
          40.13333333333334,
          96.8
        ],
        [
          92.66666666666666,
          97.06666666666666
        ],
        [
          93.46666666666667,
          131.46666666666667
        ],
        [
          128.93333333333334,
          132.0
        ],
        [
          128.4,
          202.93333333333334
        ],
        [
          40.66666666666667,
          202.13333333333333
        ]
      ],
      [
        [
          163.33333333333334,
          44.266666666666666
        ],
        [
          163.33333333333334,
          62.4
        ],
        [
          145.73333333333332,
          62.13333333333333
        ],
        [
          146.0,
          148.8
        ],
        [
          127.86666666666667,
          149.06666666666666
        ],
        [
          128.93333333333334,
          184.26666666666668
        ],
        [
          198.26666666666665,
          183.73333333333332
        ],
        [
          198.53333333333336,
          45.06666666666667
        ]
      ]
    ],
    "廊下": [
      [
        [
          110.53333333333333,
          71.2
        ],
        [
          128.4,
          71.2
        ],
        [
          128.13333333333333,
          113.86666666666666
        ],
        [
          92.93333333333334,
          114.4
        ],
        [
          92.66666666666666,
          132.0
        ],
        [
          128.66666666666666,
          132.0
        ],
        [
          128.13333333333333,
          148.53333333333333
        ],
        [
          146.26666666666668,
          148.53333333333333
        ],
        [
          146.0,
          44.266666666666666
        ],
        [
          111.06666666666666,
          44.8
        ]
      ]
    ],
    "引戸": [
      [
        139.711943793911,
        151.28805620608898,
        151.42154566744728,
        183.84074941451988
      ],
      [
        139.24355971896955,
        112.6463700234192,
        153.37883643535065,
        147.5132503389623
      ],
      [
        137.79505115247133,
        63.80500431406385,
        153.2950819672131,
        98.82903981264636
      ],
      [
        104.11475409836065,
        46.838407494145194,
        114.63815789473684,
        78.125
      ],
      [
        94.57236842105263,
        125.32894736842105,
        125.49342105263158,
        137.82894736842104
      ]
    ],
    "折戸": [
      [
        163.95522618020462,
        55.77622334524837,
        196.15222482435595,
        68.14988290398125
      ],
      [
        138.65131578947367,
        44.4078947368421,
        154.76973684210526,
        62.33552631578947
      ],
      [
        41.322183532602,
        126.2907524959941,
        90.53161592505853,
        138.8758782201405
      ]
    ]
  }
}