{
  "labels": {
    "LDK": [
      [
        [
          112.0,
          70.0
        ],
        [
          108.0,
          313.0
        ],
        [
          48.0,
          318.0
        ],
        [
          40.0,
          685.0
        ],
        [
          290.0,
          685.0
        ],
        [
          285.0,
          441.0
        ],
        [
          356.0,
          442.0
        ],
        [
          357.0,
          257.0
        ],
        [
          292.0,
          258.0
        ],
        [
          294.0,
          72.0
        ]
      ]
    ],
    "廊下": [
      [
        [
          356.0,
          250.0
        ],
        [
          357.0,
          363.0
        ],
        [
          413.0,
          364.0
        ],
        [
          411.0,
          407.0
        ],
        [
          477.0,
          409.0
        ],
        [
          478.0,
          249.0
        ]
      ]
    ],
    "浴室": [
      [
        [
          288.0,
          621.0
        ],
        [
          404.0,
          621.0
        ],
        [
          404.0,
          738.0
        ],
        [
          288.0,
          738.0
        ]
      ]
    ],
    "開戸": [
      [
        427.7297297297298,
        364.72972972972974,
        467.7297297297298,
        421.72972972972974
      ],
      [
        293.02702702702703,
        260.02702702702703,
        372.02702702702703,
        317.02702702702703
      ],
      [
        257.0,
        442.91530112789957,
        301.3477335603321,
        493.9189189189189
      ],
      [
        254.45945945945948,
        72.94594594594595,
        309.4594594594595,
        128.94594594594594
      ],
      [
        416.207703766759,
        535.1693977442009,
        470.35731006597143,
        578.4213662481379
      ]
    ],
    "折戸": [
      [
        296.8648648648649,
        610.2702702702703,
        346.9189189189189,
        647.2972972972973
      ]
    ],
    "引戸": [
      [
        277.27027027027026,
        137.0,
        308.02702702702703,
        252.02702702702703
      ],
      [
        275.9189189189189,
        507.0863121185702,
        313.35483870967744,
        611.4864864864865
      ]
    ]
  }
}