{
  "labels": {
    "洋室": [
      [
        [
          33.507853403141354,
          45.54973821989528
        ],
        [
          280.6282722513089,
          47.64397905759162
        ],
        [
          281.151832460733,
          147.12041884816753
        ],
        [
          229.84293193717275,
          146.59685863874344
        ],
        [
          230.36649214659684,
          245.0261780104712
        ],
        [
          30.36649214659684,
          241.3612565445026
        ]
      ]
    ],
    "廊下": [
      [
        [
          229.31937172774866,
          146.07329842931935
        ],
        [
          376.4397905759162,
          147.64397905759162
        ],
        [
          376.4397905759162,
          195.8115183246073
        ],
        [
          362.30366492146595,
          197.38219895287958
        ],
        [
          362.30366492146595,
          246.07329842931935
        ],
        [
          278.01047120418843,
          245.0261780104712
        ],
        [
          278.5340314136125,
          295.28795811518324
        ],
        [
          227.7486910994764,
          295.28795811518324
        ]
      ]
    ],
    "開戸": [
      [
        454.97206703910615,
        170.94972067039106,
        494.9720670391061,
        214.4490918131563
      ],
      [
        359.8613589166105,
        151.8353856503554,
        419.77653631284915,
        192.17877094972067
      ],
      [
        285.69832402234636,
        127.37430167597765,
        320.83418643423323,
        182.2662259791161
      ],
      [
        187.93296089385476,
        199.4413407821229,
        246.87472578899644,
        239.54488285705926
      ],
      [
        214.94047793149838,
        250.19450700517706,
        249.9441340782123,
        289.3854748603352
      ],
      [
        61.25946941998886,
        219.96841089239228,
        99.10614525139664,
        259.21787709497204
      ]
    ],
    "折戸": [
      [
        207.48603351955308,
        50.83798882681564,
        244.256924741876,
        142.82371523004466
      ]
    ]
  }
}