{
  "labels": {
    "洋室": [
      [
        [
          452.9696969696969,
          248.09090909090907
        ],
        [
          315.3939393939394,
          247.48484848484847
        ],
        [
          314.18181818181813,
          386.8787878787879
        ],
        [
          455.3939393939394,
          388.09090909090907
        ]
      ]
    ],
    "廊下": [
      [
        [
          347.5151515151515,
          202.030303030303
        ],
        [
          313.57575757575756,
          201.4242424242424
        ],
        [
          312.96969696969694,
          211.72727272727272
        ],
        [
          244.48484848484844,
          212.33333333333331
        ],
        [
          243.87878787878788,
          246.27272727272725
        ],
        [
          350.5454545454545,
          247.48484848484847
        ]
      ]
    ],
    "引戸": [
      [
        315.43967981703827,
        238.99999999999997,
        387.1949685534591,
        265.66666666666663
      ],
      [
        299.1446540880503,
        309.062893081761,
        326.86335048599193,
        387.3476272155517
      ],
      [
        252.96969696969694,
        237.78787878787878,
        310.5454545454545,
        255.96969696969694
      ]
    ],
    "開戸": [
      [
        314.78787878787875,
        191.1212121212121,
        349.9393939393939,
        236.57575757575756
      ],
      [
        340.65408805031444,
        212.2075471698113,
        383.31846769582614,
        243.71126357918808
      ]
    ]
  }
}