{
  "labels": {
    "LDK": [
      [
        [
          468.41025641025635,
          295.7692307692308
        ],
        [
          695.3333333333333,
          297.05128205128204
        ],
        [
          691.4871794871794,
          591.2820512820513
        ],
        [
          466.48717948717945,
          590.0
        ]
      ]
    ],
    "廊下": [
      [
        [
          104.94871794871793,
          475.89743589743586
        ],
        [
          467.1282051282051,
          476.53846153846155
        ],
        [
          465.2051282051282,
          523.3333333333334
        ],
        [
          103.66666666666666,
          521.4102564102564
        ]
      ],
      [
        [
          558.7948717948718,
          205.3846153846154
        ],
        [
          197.25641025641022,
          204.74358974358972
        ],
        [
          196.61538461538458,
          250.8974358974359
        ],
        [
          422.8974358974359,
          250.8974358974359
        ],
        [
          423.53846153846155,
          294.4871794871795
        ],
        [
          558.7948717948718,
          297.6923076923077
        ]
      ]
    ],
    "浴室": [
      [
        [
          287.0,
          24.615384615384613
        ],
        [
          403.025641025641,
          25.256410256410255
        ],
        [
          400.46153846153845,
          114.35897435897435
        ],
        [
          288.9230769230769,
          114.35897435897435
        ]
      ]
    ],
    "洋室": [
      [
        [
          17.12820512820511,
          23.98263027295286
        ],
        [
          197.25641025641022,
          25.90570719602978
        ],
        [
          195.33333333333331,
          248.98263027295286
        ],
        [
          16.487179487179475,
          250.26468155500413
        ]
      ]
    ],
    "開戸": [
      [
        513.9230769230769,
        196.4102564102564,
        555.7741935483871,
        227.74193548387098
      ],
      [
        425.47394540942935,
        248.97435897435895,
        465.45161290322574,
        305.80645161290323
      ],
      [
        185.4516129032258,
        206.4516129032258,
        238.90653432588914,
        245.73200992555832
      ]
    ],
    "折戸": [
      [
        447.8974358974359,
        335.5128205128205,
        495.33333333333326,
        444.48717948717945
      ]
    ],
    "引戸": [
      [
        455.6021505376343,
        477.30355665839534,
        480.1290322580645,
        551.6129032258065
      ],
      [
        271.6153846153846,
        295.12820512820514,
        297.2564102564102,
        475.2564102564102
      ],
      [
        107.5128205128205,
        466.28205128205127,
        288.28205128205127,
        492.56410256410254
      ],
      [
        279.3076923076923,
        470.12820512820514,
        465.45161290322574,
        490.96774193548384
      ],
      [
        195.33333333333331,
        282.94871794871796,
        286.35897435897436,
        306.66666666666663
      ],
      [
        280.5897435897436,
        280.38461538461536,
        338.9230769230769,
        311.15384615384613
      ],
      [
        379.64516129032256,
        197.73758803582297,
        467.1116625310173,
        217.8906070598097
      ],
      [
        291.32371544057486,
        105.43922602047981,
        395.9568733153639,
        120.75471698113208
      ],
      [
        269.05128205128204,
        197.94802681595135,
        355.25606469002696,
        219.13746630727763
      ],
      [
        111.40033085194372,
        59.88006617038876,
        193.08755760368663,
        81.5668202764977
      ],
      [
        18.44334160463191,
        58.598014888337474,
        102.76497695852535,
        81.10599078341014
      ],
      [
        569.0026954177897,
        180.05390835579516,
        645.5525606469002,
        190.8355795148248
      ]
    ]
  }
}