{
  "labels": {
    "廊下": [
      [
        [
          175.4090909090909,
          301.0
        ],
        [
          172.0,
          407.8181818181818
        ],
        [
          252.6818181818182,
          407.8181818181818
        ],
        [
          252.6818181818182,
          391.90909090909093
        ],
        [
          566.3181818181819,
          388.5
        ],
        [
          567.4545454545455,
          299.8636363636364
        ]
      ]
    ],
    "洋室": [
      [
        [
          485.6363636363636,
          24.86363636363636
        ],
        [
          779.9545454545455,
          24.86363636363636
        ],
        [
          779.9545454545455,
          307.8181818181818
        ],
        [
          485.6363636363636,
          307.8181818181818
        ]
      ],
      [
        [
          254.95454545454544,
          387.3636363636364
        ],
        [
          765.1818181818181,
          387.3636363636364
        ],
        [
          765.1818181818181,
          627.1363636363636
        ],
        [
          254.95454545454544,
          627.1363636363636
        ]
      ]
    ],
    "折戸": [
      [
        573.8648648648648,
        276.55172413793105,
        682.1724137931035,
        328.587449518484
      ],
      [
        690.5594905250077,
        273.7931034482759,
        754.5862068965517,
        329.0658589624107
      ],
      [
        228.34141037589308,
        562.0689655172414,
        290.44827586206895,
        618.4103758931345
      ]
    ],
    "引戸": [
      [
        259.02795899347626,
        362.7586206896552,
        407.6896551724138,
        412.4271512892202
      ]
    ],
    "開戸": [
      [
        490.08108108108104,
        281.68468468468467,
        572.0630630630629,
        382.58558558558553
      ]
    ]
  }
}