{
  "labels": {
    "LDK": [
      [
        [
          155.33333333333337,
          330.11111111111114
        ],
        [
          155.33333333333337,
          1521.7777777777778
        ],
        [
          944.2222222222222,
          1521.7777777777778
        ],
        [
          944.2222222222222,
          913.4444444444445
        ],
        [
          1544.2222222222224,
          916.2222222222223
        ],
        [
          1541.4444444444446,
          121.77777777777777
        ],
        [
          1052.5555555555557,
          124.55555555555557
        ],
        [
          1047.0,
          330.11111111111114
        ]
      ]
    ],
    "廊下": [
      [
        [
          738.6666666666667,
          1527.3333333333335
        ],
        [
          1149.7777777777778,
          1527.3333333333335
        ],
        [
          1149.7777777777778,
          1930.111111111111
        ],
        [
          738.6666666666667,
          1930.111111111111
        ]
      ]
    ],
    "浴室": [
      [
        [
          1144.2222222222222,
          927.3333333333334
        ],
        [
          1555.3333333333335,
          927.3333333333334
        ],
        [
          1555.3333333333335,
          1324.5555555555557
        ],
        [
          1144.2222222222222,
          1324.5555555555557
        ]
      ]
    ],
    "開戸": [
      [
        773.3333333333335,
        1451.4481074481075,
        941.6275946275948,
        1683.3333333333335
      ],
      [
        999.3809523809525,
        1539.6349206349207,
        1223.919413919414,
        1699.8058608058607
      ],
      [
        995.8095238095239,
        1732.772893772894,
        1204.3223443223444,
        1897.1746031746034
      ],
      [
        168.9743589743589,
        1999.2564102564102,
        386.9230769230769,
        2165.9230769230767
      ]
    ],
    "折戸": [
      [
        1184.3589743589741,
        1255.111111111111,
        1349.7777777777778,
        1371.051282051282
      ],
      [
        887.0793650793651,
        1336.857142857143,
        998.1904761904764,
        1500.7460317460318
      ],
      [
        1097.142857142857,
        1342.857142857143,
        1222.8205128205127,
        1496.6923076923076
      ]
    ],
    "引戸": [
      [
        685.2380952380952,
        1749.2564102564102,
        813.4798534798533,
        2071.4285714285716
      ],
      [
        871.5384615384614,
        942.8461538461538,
        992.0512820512818,
        1265.923076923077
      ],
      [
        163.8461538461538,
        1447.974358974359,
        717.6923076923076,
        1576.179487179487
      ]
    ]
  }
}