{
  "labels": {
    "洋室": [
      [
        [
          401.5454545454545,
          137.3838383838384
        ],
        [
          110.63636363636363,
          137.3838383838384
        ],
        [
          116.69696969696975,
          350.5151515151515
        ],
        [
          402.55555555555554,
          353.54545454545456
        ]
      ],
      [
        [
          617.7070707070707,
          133.34343434343435
        ],
        [
          400.5353535353536,
          133.34343434343435
        ],
        [
          398.5151515151515,
          350.5151515151515
        ],
        [
          473.2626262626263,
          348.4949494949495
        ],
        [
          474.27272727272725,
          422.2323232323232
        ],
        [
          617.7070707070707,
          423.24242424242425
        ]
      ],
      [
        [
          258.1111111111111,
          493.949494949495
        ],
        [
          614.6767676767677,
          492.93939393939394
        ],
        [
          619.7272727272727,
          708.0909090909091
        ],
        [
          258.1111111111111,
          710.1111111111111
        ]
      ]
    ],
    "廊下": [
      [
        [
          397.50505050505046,
          349.5050505050505
        ],
        [
          400.5353535353536,
          488.8989898989899
        ],
        [
          509.6262626262626,
          492.93939393939394
        ],
        [
          510.6363636363636,
          423.24242424242425
        ],
        [
          473.2626262626263,
          425.26262626262627
        ],
        [
          473.2626262626263,
          346.47474747474746
        ]
      ]
    ],
    "開戸": [
      [
        402.5128205128205,
        334.61538461538464,
        469.31934731934734,
        415.99689199689203
      ]
    ],
    "引戸": [
      [
        376.87179487179486,
        358.3333333333333,
        410.3061383061383,
        482.60528360528366
      ],
      [
        259.56410256410254,
        478.2051282051282,
        394.88267288267286,
        514.6565656565658
      ],
      [
        379.0715249662618,
        143.39001349527663,
        412.7692307692308,
        345.5128205128205
      ],
      [
        477.51282051282044,
        332.6923076923077,
        541.3278943278943,
        367.1429681429682
      ],
      [
        546.7668997668998,
        331.1289821289821,
        614.051282051282,
        366.025641025641
      ],
      [
        506.98445998446005,
        501.60295260295266,
        551.8717948717948,
        564.1025641025641
      ],
      [
        407.64102564102564,
        471.15384615384613,
        546.4366744366744,
        510.3247863247864
      ],
      [
        505.7218337218337,
        569.027195027195,
        551.2307692307692,
        703.8461538461538
      ]
    ]
  }
}