{
  "labels": {
    "LDK": [
      [
        [
          781.7471264367816,
          41.160919540229884
        ],
        [
          779.4482758620691,
          196.33333333333331
        ],
        [
          662.2068965517242,
          195.18390804597703
        ],
        [
          661.0574712643678,
          234.26436781609198
        ],
        [
          586.3448275862069,
          234.26436781609198
        ],
        [
          579.448275862069,
          590.5862068965517
        ],
        [
          1096.6896551724137,
          595.183908045977
        ],
        [
          1096.6896551724137,
          43.45977011494256
        ]
      ]
    ],
    "浴室": [
      [
        [
          307.0344827586207,
          37.71264367816093
        ],
        [
          504.735632183908,
          37.71264367816093
        ],
        [
          507.0344827586207,
          197.48275862068965
        ],
        [
          309.33333333333337,
          195.18390804597703
        ]
      ]
    ],
    "廊下": [
      [
        [
          145.13937988988704,
          144.11658456486043
        ],
        [
          141.69110402781803,
          338.36945812807886
        ],
        [
          576.1738626485077,
          339.51888341543514
        ],
        [
          577.3232879358641,
          261.35796387520526
        ],
        [
          263.53018448758814,
          260.2085385878489
        ],
        [
          263.53018448758814,
          141.81773399014781
        ]
      ]
    ],
    "開戸": [
      [
        73.93984962406014,
        223.8796992481203,
        151.86206896551727,
        322.7701149425287
      ],
      [
        502.12769245629283,
        203.32647541775333,
        578.9915966386554,
        308.9915966386555
      ],
      [
        563.713706172124,
        282.36636723654976,
        655.4621848739496,
        357.7310924369748
      ]
    ],
    "引戸": [
      [
        155.75466048488357,
        124.98203419298758,
        303.3613445378151,
        184.62184873949582
      ],
      [
        482.9624060150376,
        55.458646616541344,
        527.5858612047364,
        184.3032581453634
      ],
      [
        756.4165586379744,
        55.26514562267741,
        803.2631578947368,
        190.796992481203
      ],
      [
        547.8991596638656,
        358.5714285714286,
        599.1596638655462,
        579.5798319327731
      ],
      [
        349.5798319327731,
        333.36134453781517,
        509.24369747899163,
        380.42016806722694
      ],
      [
        318.4873949579832,
        443.44537815126057,
        368.6766917293233,
        591.6373286156568
      ]
    ],
    "折戸": [
      [
        346.1149425287356,
        248.0574712643678,
        515.080459770115,
        321.62068965517244
      ],
      [
        586.3448275862069,
        255.79435912295952,
        670.2528735632184,
        317.86332464020086
      ],
      [
        584.316430020284,
        154.2006181783058,
        663.0252100840337,
        208.9915966386555
      ],
      [
        670.3896251785651,
        260.56897314279615,
        778.2397169394075,
        320.93321539141976
      ],
      [
        1019.0526315789473,
        59.96992481203007,
        1089.7293233082705,
        114.10526315789474
      ]
    ]
  }
}