{
  "labels": {
    "LDK": [
      [
        [
          259.89304812834223,
          82.49197860962565
        ],
        [
          814.4385026737967,
          84.09625668449198
        ],
        [
          814.9732620320855,
          291.04812834224595
        ],
        [
          262.5668449197861,
          289.9786096256684
        ]
      ]
    ],
    "開戸": [
      [
        747.5959917136388,
        88.96690273160863,
        780.0,
        135.8108108108108
      ],
      [
        269.2368839427663,
        72.72659825601002,
        320.27027027027026,
        135.33333333333331
      ],
      [
        395.1895746013393,
        73.2902635255576,
        445.045045045045,
        133.53153153153153
      ]
    ],
    "引戸": [
      [
        711.3513513513514,
        34.72972972972971,
        729.3250469721057,
        78.15609192079782
      ],
      [
        674.9934961699666,
        74.49949414655296,
        757.8378378378378,
        96.89189189189187
      ]
    ]
  }
}