{
  "labels": {
    "LDK": [
      [
        [
          12.437956204379532,
          141.6788321167883
        ],
        [
          597.8394160583941,
          143.8686131386861
        ],
        [
          597.1094890510948,
          401.53284671532845
        ],
        [
          13.167883211678827,
          402.2627737226277
        ]
      ]
    ],
    "浴室": [
      [
        [
          272.29197080291965,
          12.481751824817508
        ],
        [
          404.4087591240875,
          11.75182481751824
        ],
        [
          402.2189781021897,
          142.40875912408757
        ],
        [
          275.2116788321168,
          140.94890510948903
        ]
      ]
    ],
    "廊下": [
      [
        [
          598.5693430656934,
          75.98540145985399
        ],
        [
          635.0656934306569,
          76.71532846715328
        ],
        [
          635.7956204379561,
          239.4890510948905
        ],
        [
          598.5693430656934,
          240.21897810218974
        ]
      ]
    ],
    "引戸": [
      [
        587.1397543172512,
        82.55474452554742,
        619.2195121951219,
        209.14634146341461
      ],
      [
        405.8775146875555,
        131.8381698415524,
        531.4146341463414,
        165.85365853658533
      ],
      [
        451.7249421399323,
        29.999999999999986,
        480.19209542460385,
        147.51824817518246
      ],
      [
        151.97418550827848,
        124.65907067829801,
        260.68292682926824,
        156.09756097560975
      ],
      [
        261.7213815203845,
        16.38953177852946,
        292.390243902439,
        133.53658536585365
      ],
      [
        124.0055189602991,
        17.368702154174812,
        155.36585365853657,
        135.36585365853657
      ],
      [
        18.04593199216663,
        122.70963147587679,
        119.82926829268291,
        160.97560975609755
      ],
      [
        19.999999999999986,
        389.6341463414634,
        271.6585365853658,
        429.2682926829268
      ]
    ],
    "開戸": [
      [
        471.21043261527507,
        65.28573971871106,
        527.9268292682926,
        112.1951219512195
      ],
      [
        62.07299270072991,
        413.941605839416,
        119.73722627737226,
        470.87591240875906
      ],
      [
        55.975609756097555,
        464.6341463414634,
        122.89727612604591,
        561.8378137795977
      ],
      [
        672.2682926829268,
        82.92682926829268,
        699.7073170731707,
        137.80487804878047
      ]
    ]
  }
}