{
  "labels": {
    "洋室": [
      [
        [
          95.88888888888889,
          60.96296296296296
        ],
        [
          215.88888888888886,
          60.96296296296296
        ],
        [
          215.14814814814815,
          196.5185185185185
        ],
        [
          98.11111111111109,
          197.25925925925924
        ]
      ],
      [
        [
          307.0,
          323.9259259259259
        ],
        [
          442.55555555555554,
          323.9259259259259
        ],
        [
          443.2962962962963,
          460.2222222222222
        ],
        [
          307.0,
          461.7037037037037
        ]
      ]
    ],
    "廊下": [
      [
        [
          218.85185185185185,
          132.8148148148148
        ],
        [
          355.88888888888886,
          132.07407407407408
        ],
        [
          354.4074074074074,
          195.03703703703704
        ],
        [
          219.59259259259255,
          196.5185185185185
        ]
      ]
    ],
    "LDK": [
      [
        [
          95.14814814814812,
          200.96296296296296
        ],
        [
          302.55555555555554,
          202.44444444444443
        ],
        [
          304.77777777777777,
          515.7777777777777
        ],
        [
          97.37037037037035,
          516.5185185185185
        ]
      ]
    ],
    "浴室": [
      [
        [
          375.1481481481481,
          200.96296296296296
        ],
        [
          440.33333333333326,
          200.96296296296296
        ],
        [
          443.2962962962963,
          266.88888888888886
        ],
        [
          378.1111111111111,
          267.6296296296296
        ]
      ]
    ],
    "開戸": [
      [
        323.04477611940297,
        162.43283582089552,
        366.2647871752349,
        197.25925925925924
      ],
      [
        231.44997236042013,
        166.88888888888889,
        270.8059701492537,
        206.46268656716416
      ],
      [
        185.73134328358208,
        164.67164179104478,
        225.51851851851848,
        199.48148148148147
      ],
      [
        292.9259259259259,
        198.74074074074073,
        334.98507462686564,
        234.82089552238804
      ]
    ],
    "引戸": [
      [
        290.955223880597,
        328.1044776119403,
        316.3283582089552,
        391.5373134328358
      ],
      [
        302.8955223880597,
        240.04477611940297,
        363.7953216374269,
        262.7426900584795
      ]
    ],
    "折戸": [
      [
        373.66666666666663,
        253.55555555555554,
        411.44444444444446,
        277.25925925925924
      ],
      [
        195.88888888888886,
        60.96296296296296,
        227.0,
        127.62962962962962
      ],
      [
        281.8148148148148,
        61.7037037037037,
        309.2222222222222,
        126.88888888888889
      ],
      [
        392.92592592592587,
        441.7037037037037,
        429.76119402985074,
        474.37313432835816
      ]
    ]
  }
}