{
  "labels": {
    "LDK": [
      [
        [
          27.173076923076906,
          128.75
        ],
        [
          157.46153846153845,
          128.75
        ],
        [
          157.46153846153845,
          166.25
        ],
        [
          401.21153846153845,
          166.73076923076923
        ],
        [
          403.13461538461536,
          316.25
        ],
        [
          26.69230769230768,
          317.21153846153845
        ]
      ]
    ],
    "浴室": [
      [
        [
          26.211538461538453,
          54.230769230769226
        ],
        [
          100.73076923076923,
          54.230769230769226
        ],
        [
          102.65384615384616,
          124.90384615384616
        ],
        [
          26.69230769230768,
          125.86538461538461
        ]
      ]
    ],
    "廊下": [
      [
        [
          159.38461538461536,
          129.23076923076923
        ],
        [
          406.5,
          127.78846153846152
        ],
        [
          406.0192307692307,
          93.65384615384616
        ],
        [
          459.38461538461536,
          95.57692307692307
        ],
        [
          457.9423076923076,
          166.25
        ],
        [
          157.46153846153845,
          166.25
        ]
      ]
    ],
    "開戸": [
      [
        475.75451263537906,
        80.14440433212997,
        514.6730769230769,
        128.75
      ],
      [
        404.63537906137185,
        80.14440433212997,
        441.11538461538464,
        129.23076923076923
      ],
      [
        288.9763779527559,
        82.63779527559055,
        325.85947910357356,
        125.73288915808601
      ],
      [
        67.29648697758934,
        55.54436705027257,
        113.77952755905511,
        96.02362204724409
      ],
      [
        344.48818897637796,
        152.71653543307087,
        382.9801635372501,
        200.50953967292546
      ]
    ],
    "折戸": [
      [
        286.0502725620836,
        92.17368261659601,
        311.81102362204723,
        128.30708661417322
      ],
      [
        36.04332129963899,
        281.5884476534296,
        63.48014440433212,
        314.07942238267145
      ],
      [
        113.29963898916968,
        281.9494584837545,
        139.65342960288808,
        311.913357400722
      ]
    ],
    "引戸": [
      [
        257.4803149606299,
        90.11811023622047,
        281.0154451847365,
        163.62658994548758
      ],
      [
        151.67429432331787,
        56.65354330708661,
        175.39350180505414,
        124.90974729241877
      ],
      [
        148.9823474231786,
        90.11811023622047,
        170.6358907302652,
        161.3779527559055
      ]
    ]
  }
}