{
  "labels": {
    "洋室": [
      [
        [
          82.83072546230449,
          104.27880512091032
        ],
        [
          72.01991465149365,
          917.7923186344239
        ],
        [
          280.1280227596018,
          928.6031294452347
        ],
        [
          282.8307254623045,
          715.0896159317211
        ],
        [
          772.0199146514938,
          696.1706970128022
        ],
        [
          774.7226173541962,
          301.5761024182076
        ],
        [
          972.0199146514938,
          298.8733997155049
        ],
        [
          969.317211948791,
          98.87339971550492
        ]
      ],
      [
        [
          272.1621621621622,
          1575.1891891891892
        ],
        [
          955.945945945946,
          1575.1891891891892
        ],
        [
          955.945945945946,
          2277.891891891892
        ],
        [
          272.1621621621622,
          2277.891891891892
        ]
      ],
      [
        [
          264.05405405405406,
          686.0
        ],
        [
          966.7567567567569,
          686.0
        ],
        [
          966.7567567567569,
          1380.5945945945946
        ],
        [
          264.05405405405406,
          1380.5945945945946
        ]
      ]
    ],
    "廊下": [
      [
        [
          64.05405405405406,
          896.8108108108108
        ],
        [
          77.56756756756761,
          1604.918918918919
        ],
        [
          472.1621621621621,
          1583.2972972972973
        ],
        [
          472.1621621621621,
          1386.0
        ],
        [
          266.7567567567568,
          1383.2972972972973
        ],
        [
          272.1621621621622,
          902.2162162162163
        ]
      ]
    ],
    "開戸": [
      [
        87.9516358463726,
        700.9473684210526,
        254.52631578947376,
        955.1322901849219
      ],
      [
        317.53911806543397,
        1391.2631578947369,
        517.6842105263158,
        1532.5263157894738
      ],
      [
        290.4409672830724,
        1514.093883357041,
        457.1578947368421,
        1761.4736842105262
      ]
    ],
    "折戸": [
      [
        226.64295874822176,
        2100.9473684210525,
        365.0526315789473,
        2269.8549075391184
      ],
      [
        782.9729729729729,
        643.4679943100996,
        946.6315789473683,
        779.8947368421052
      ],
      [
        666.045519203414,
        299.7980085348506,
        809.7894736842104,
        466.7368421052632
      ]
    ],
    "引戸": [
      [
        225.57894736842104,
        1011.4736842105262,
        320.31578947368416,
        1358.842105263158
      ]
    ]
  }
}