{
  "labels": {
    "廊下": [
      [
        [
          239.83673469387756,
          197.44897959183675
        ],
        [
          624.530612244898,
          197.44897959183675
        ],
        [
          624.530612244898,
          252.55102040816325
        ],
        [
          239.83673469387756,
          252.55102040816325
        ]
      ]
    ],
    "洋室": [
      [
        [
          2.0816326530612246,
          18.877551020408163
        ],
        [
          6.163265306122449,
          253.57142857142856
        ],
        [
          246.9795918367347,
          251.53061224489795
        ],
        [
          242.89795918367346,
          198.46938775510205
        ],
        [
          216.3673469387755,
          202.55102040816325
        ],
        [
          211.26530612244898,
          22.959183673469397
        ]
      ],
      [
        [
          242.89795918367346,
          250.51020408163265
        ],
        [
          746.9795918367347,
          250.51020408163265
        ],
        [
          746.9795918367347,
          498.46938775510205
        ],
        [
          242.89795918367346,
          498.46938775510205
        ]
      ],
      [
        [
          242.89795918367346,
          17.85714285714286
        ],
        [
          450.0408163265306,
          17.85714285714286
        ],
        [
          450.0408163265306,
          199.48979591836735
        ],
        [
          242.89795918367346,
          199.48979591836735
        ]
      ],
      [
        [
          490.8571428571429,
          21.938775510204096
        ],
        [
          746.9795918367347,
          21.938775510204096
        ],
        [
          746.9795918367347,
          196.42857142857144
        ],
        [
          490.8571428571429,
          196.42857142857144
        ]
      ]
    ],
    "開戸": [
      [
        512.4242424242424,
        142.63636363636363,
        561.5151515151515,
        213.54545454545453
      ],
      [
        572.1296518607444,
        211.1212121212121,
        643.9393939393939,
        248.46938775510205
      ],
      [
        511.21212121212113,
        237.8509585652443,
        563.8750773036487,
        314.75757575757575
      ],
      [
        227.81447124304268,
        200.2121212121212,
        295.45454545454544,
        250.12677798392085
      ]
    ],
    "折戸": [
      [
        475.7647058823529,
        18.823529411764707,
        514.0,
        103.52941176470588
      ],
      [
        427.52941176470586,
        113.52941176470588,
        463.5342136854742,
        191.87875150060026
      ]
    ],
    "引戸": [
      [
        306.96969696969694,
        178.23529411764707,
        413.4117647058824,
        217.18181818181816
      ],
      [
        307.57575757575756,
        239.41176470588235,
        415.7647058823529,
        274.1515151515151
      ],
      [
        192.8235294117647,
        23.529411764705884,
        227.5294117647059,
        161.76470588235296
      ]
    ]
  }
}