{
  "labels": {
    "浴室": [
      [
        [
          514.7272727272727,
          44.31818181818182
        ],
        [
          686.3181818181819,
          44.31818181818182
        ],
        [
          684.0454545454545,
          188.63636363636363
        ],
        [
          515.8636363636364,
          181.8181818181818
        ]
      ]
    ],
    "LDK": [
      [
        [
          393.1363636363636,
          195.45454545454547
        ],
        [
          692.0,
          195.45454545454547
        ],
        [
          694.2727272727273,
          554.5454545454545
        ],
        [
          1007.909090909091,
          554.5454545454545
        ],
        [
          1007.909090909091,
          859.0909090909091
        ],
        [
          698.8181818181819,
          861.3636363636364
        ],
        [
          698.8181818181819,
          815.9090909090909
        ],
        [
          539.7272727272727,
          818.1818181818181
        ],
        [
          539.7272727272727,
          861.3636363636364
        ],
        [
          397.6818181818182,
          862.5
        ]
      ]
    ],
    "廊下": [
      [
        [
          43.13636363636364,
          705.6818181818181
        ],
        [
          392.0,
          710.2272727272727
        ],
        [
          390.8636363636364,
          781.8181818181819
        ],
        [
          42.0,
          775.0
        ]
      ]
    ],
    "引戸": [
      [
        237.15686274509804,
        445.3921568627451,
        381.27450980392155,
        490.4901960784314
      ],
      [
        239.48217468805706,
        283.5338680926916,
        383.2352941176471,
        331.6666666666667
      ],
      [
        361.897504456328,
        318.8948306595365,
        411.6666666666667,
        461.07843137254906
      ],
      [
        377.02673796791447,
        708.1550802139037,
        416.5686274509804,
        846.3725490196078
      ],
      [
        216.9554367201426,
        553.4759358288769,
        262.6470588235294,
        694.4117647058823
      ],
      [
        985.1960784313725,
        581.6666666666666,
        1045.9803921568628,
        849.313725490196
      ]
    ],
    "折戸": [
      [
        273.4313725490196,
        759.1176470588235,
        378.3333333333333,
        806.1764705882352
      ],
      [
        318.52941176470586,
        678.7254901960785,
        380.29411764705884,
        730.6862745098039
      ],
      [
        362.6470588235294,
        552.2549019607843,
        418.1363636363636,
        622.7272727272727
      ],
      [
        547.9411764705882,
        801.2745098039215,
        689.1176470588235,
        849.313725490196
      ]
    ],
    "開戸": [
      [
        488.5909090909091,
        105.68181818181819,
        578.3636363636364,
        190.9090909090909
      ],
      [
        1052.2272727272727,
        728.4090909090909,
        1171.5454545454545,
        790.9090909090909
      ]
    ]
  }
}