{
  "labels": {
    "廊下": [
      [
        [
          58.99999999999999,
          246.1428571428571
        ],
        [
          66.14285714285714,
          443.2857142857142
        ],
        [
          157.57142857142856,
          440.42857142857133
        ],
        [
          158.99999999999997,
          490.42857142857133
        ],
        [
          347.57142857142856,
          494.71428571428567
        ],
        [
          343.2857142857143,
          339.0
        ],
        [
          248.99999999999997,
          346.1428571428571
        ],
        [
          253.28571428571425,
          244.71428571428567
        ]
      ]
    ],
    "LDK": [
      [
        [
          348.99999999999994,
          340.42857142857133
        ],
        [
          1024.7142857142856,
          340.42857142857133
        ],
        [
          1024.7142857142856,
          737.5714285714284
        ],
        [
          348.99999999999994,
          737.5714285714284
        ]
      ]
    ],
    "浴室": [
      [
        [
          828.9999999999999,
          46.14285714285711
        ],
        [
          1023.2857142857142,
          46.14285714285711
        ],
        [
          1023.2857142857142,
          246.1428571428571
        ],
        [
          828.9999999999999,
          246.1428571428571
        ]
      ]
    ],
    "開戸": [
      [
        166.44810744810746,
        218.91452991452994,
        244.29914529914532,
        283.9084249084248
      ],
      [
        825.2632895559726,
        260.81008963935795,
        881.9059829059829,
        330.8803418803419
      ],
      [
        322.0769230769231,
        257.3760683760684,
        386.1794871794872,
        336.86324786324786
      ]
    ],
    "折戸": [
      [
        817.8644688644688,
        158.23076923076925,
        864.8119658119658,
        238.1697191697191
      ]
    ],
    "引戸": [
      [
        394.6532356532357,
        316.35042735042737,
        629.7692307692308,
        370.68498168498155
      ],
      [
        318.6581196581197,
        349.86691086691076,
        377.2539682539682,
        526.6068376068376
      ],
      [
        648.5726495726497,
        218.05982905982907,
        818.6581196581197,
        272.7606837606838
      ]
    ]
  }
}