{
  "labels": {
    "LDK": [
      [
        [
          260.64516129032256,
          252.19354838709677
        ],
        [
          605.1612903225806,
          252.83870967741933
        ],
        [
          608.3870967741935,
          455.41935483870964
        ],
        [
          260.64516129032256,
          454.7741935483871
        ]
      ]
    ],
    "浴室": [
      [
        [
          220.0,
          46.38709677419355
        ],
        [
          301.2903225806451,
          45.74193548387096
        ],
        [
          299.3548387096774,
          148.32258064516128
        ],
        [
          220.0,
          149.61290322580643
        ]
      ]
    ],
    "廊下": [
      [
        [
          381.9354838709677,
          128.32258064516128
        ],
        [
          381.9354838709677,
          149.61290322580643
        ],
        [
          178.06451612903226,
          149.61290322580643
        ],
        [
          180.0,
          330.9032258064516
        ],
        [
          259.3548387096774,
          331.5483870967742
        ],
        [
          261.93548387096774,
          249.61290322580646
        ],
        [
          237.41935483870964,
          248.96774193548384
        ],
        [
          237.41935483870964,
          209.61290322580646
        ],
        [
          403.8709677419355,
          209.61290322580646
        ],
        [
          404.51612903225805,
          250.25806451612902
        ],
        [
          444.51612903225805,
          250.9032258064516
        ],
        [
          443.2258064516129,
          128.32258064516128
        ]
      ]
    ],
    "折戸": [
      [
        528.4466899857495,
        189.1724316621324,
        602.0080321285141,
        223.29317269076304
      ],
      [
        446.3531545536986,
        187.467547609794,
        520.4819277108434,
        222.0883534136546
      ],
      [
        157.96605777950512,
        53.102992615623776,
        189.55823293172688,
        136.144578313253
      ]
    ],
    "引戸": [
      [
        431.7269076305221,
        131.72690763052208,
        457.03070345899727,
        203.83236170488405
      ],
      [
        363.855421686747,
        238.15261044176705,
        438.56458090426213,
        264.56302629874347
      ],
      [
        245.3193418836637,
        255.1628449280995,
        279.1164658634538,
        330.92369477911643
      ],
      [
        302.37465993004264,
        137.93263376084988,
        383.0860215053763,
        161.8279569892473
      ],
      [
        287.2975774063997,
        70.68273092369478,
        311.58064516129025,
        146.7741935483871
      ],
      [
        165.07578701904393,
        254.833786759943,
        190.36144578313252,
        334.1365461847389
      ]
    ],
    "開戸": [
      [
        363.45381526104416,
        186.7469879518072,
        399.6502137582588,
        218.26946495660056
      ],
      [
        385.62248995983936,
        118.79025780541522,
        421.28514056224896,
        163.85542168674698
      ],
      [
        168.43373493975903,
        152.88534784298483,
        213.65461847389557,
        192.36947791164658
      ],
      [
        138.15261044176705,
        242.57028112449797,
        176.48400051820184,
        273.76629097033305
      ]
    ]
  }
}