{
  "labels": {
    "LDK": [
      [
        [
          110.65989847715736,
          115.86802030456852
        ],
        [
          209.64467005076142,
          115.86802030456852
        ],
        [
          210.65989847715736,
          165.10659898477158
        ],
        [
          233.502538071066,
          166.12182741116752
        ],
        [
          233.502538071066,
          115.86802030456852
        ],
        [
          331.97969543147207,
          115.86802030456852
        ],
        [
          334.01015228426394,
          213.83756345177665
        ],
        [
          110.65989847715736,
          213.32994923857868
        ]
      ]
    ],
    "廊下": [
      [
        [
          161.42131979695432,
          92.51776649746193
        ],
        [
          330.96446700507613,
          90.99492385786803
        ],
        [
          330.96446700507613,
          113.83756345177665
        ],
        [
          160.91370558375635,
          111.2994923857868
        ]
      ]
    ],
    "浴室": [
      [
        [
          335.53299492385787,
          167.64467005076142
        ],
        [
          379.18781725888323,
          168.65989847715736
        ],
        [
          379.18781725888323,
          210.79187817258884
        ],
        [
          337.0558375634518,
          209.26903553299493
        ]
      ]
    ],
    "開戸": [
      [
        159.89847715736042,
        109.26903553299493,
        189.34010152284264,
        138.71065989847716
      ],
      [
        314.7208121827411,
        91.502538071066,
        337.56345177664974,
        113.32994923857868
      ],
      [
        206.09137055837564,
        162.06091370558377,
        238.0710659898477,
        178.30456852791878
      ]
    ],
    "引戸": [
      [
        200.4141063318194,
        165.35086447082173,
        219.54887218045113,
        211.90977443609023
      ],
      [
        321.64039540475557,
        120.32777374909355,
        340.97744360902254,
        163.0375939849624
      ],
      [
        282.7601999923667,
        106.90080531277431,
        330.8270676691729,
        122.4360902255639
      ]
    ],
    "折戸": [
      [
        333.502538071066,
        157.49238578680203,
        357.8680203045685,
        180.84263959390864
      ]
    ]
  }
}