{
  "labels": {
    "LDK": [
      [
        [
          21.93567251461988,
          14.619883040935672
        ],
        [
          128.3684210526316,
          15.2046783625731
        ],
        [
          128.953216374269,
          50.292397660818715
        ],
        [
          240.06432748538015,
          51.461988304093566
        ],
        [
          238.89473684210526,
          164.91228070175438
        ],
        [
          316.67251461988303,
          165.49707602339183
        ],
        [
          317.2573099415205,
          197.66081871345028
        ],
        [
          167.5497076023392,
          197.66081871345028
        ],
        [
          168.71929824561403,
          292.39766081871346
        ],
        [
          19.01169590643275,
          288.30409356725147
        ]
      ]
    ],
    "廊下": [
      [
        [
          43.573099415204695,
          295.32163742690057
        ],
        [
          164.04093567251465,
          295.906432748538
        ],
        [
          162.87134502923976,
          328.0701754385965
        ],
        [
          45.32748538011697,
          327.48538011695905
        ]
      ]
    ],
    "浴室": [
      [
        [
          282.7543859649123,
          294.7368421052632
        ],
        [
          352.34502923976606,
          296.49122807017545
        ],
        [
          353.51461988304095,
          366.6666666666667
        ],
        [
          281.58479532163744,
          365.4970760233918
        ]
      ]
    ],
    "開戸": [
      [
        35.97076023391813,
        298.83040935672517,
        58.192982456140356,
        327.48538011695905
      ],
      [
        133.33962264150944,
        281.60377358490564,
        168.13450292397664,
        326.3157894736842
      ],
      [
        279.9433962264151,
        283.49056603773585,
        319.01169590643275,
        325.1461988304094
      ],
      [
        279.47169811320754,
        189.62264150943395,
        319.48339401964034,
        230.4093567251462
      ],
      [
        298.5438596491228,
        163.1578947368421,
        329.566037735849,
        194.81132075471697
      ],
      [
        131.83018867924528,
        42.45283018867924,
        166.3801169590643,
        65.49707602339181
      ],
      [
        245.21438817168712,
        109.94152046783626,
        279.0,
        133.49056603773585
      ]
    ],
    "引戸": [
      [
        281.46082949308754,
        152.9145444255801,
        349.84905660377353,
        173.1132075471698
      ],
      [
        232.46198830409355,
        52.631578947368425,
        253.5283018867924,
        117.45283018867924
      ],
      [
        80.37658611938653,
        331.4465408805031,
        100.69811320754715,
        397.64150943396226
      ]
    ]
  }
}