{
  "labels": {
    "洋室": [
      [
        [
          35.32394366197183,
          372.53521126760563
        ],
        [
          29.690140845070424,
          507.7464788732395
        ],
        [
          96.59154929577466,
          509.85915492957747
        ],
        [
          96.59154929577466,
          577.4647887323944
        ],
        [
          458.5633802816902,
          585.9154929577466
        ],
        [
          463.4929577464789,
          318.3098591549296
        ],
        [
          332.50704225352115,
          312.67605633802816
        ],
        [
          331.0985915492958,
          380.2816901408451
        ]
      ],
      [
        [
          271.23943661971833,
          42.95774647887324
        ],
        [
          462.7887323943662,
          42.95774647887324
        ],
        [
          462.7887323943662,
          320.42253521126764
        ],
        [
          271.23943661971833,
          320.42253521126764
        ]
      ]
    ],
    "廊下": [
      [
        [
          37.43661971830986,
          276.056338028169
        ],
        [
          35.32394366197183,
          374.6478873239437
        ],
        [
          332.50704225352115,
          380.2816901408451
        ],
        [
          336.02816901408454,
          314.7887323943662
        ],
        [
          100.93548387096774,
          312.5483870967742
        ],
        [
          100.29032258064518,
          276.4193548387097
        ]
      ]
    ],
    "開戸": [
      [
        273.0993377483444,
        259.1549295774648,
        333.2112676056338,
        333.112582781457
      ],
      [
        270.8979591836735,
        326.056338028169,
        327.5774647887324,
        401.3605442176871
      ]
    ],
    "折戸": [
      [
        247.6790265401936,
        85.03401360544218,
        301.51020408163265,
        275.4239724058637
      ]
    ],
    "引戸": [
      [
        128.2816901408451,
        357.0422535211268,
        256.4507042253521,
        397.1830985915493
      ]
    ]
  }
}