{
  "labels": {
    "廊下": [
      [
        [
          342.9183673469388,
          149.69387755102042
        ],
        [
          342.9183673469388,
          197.65306122448982
        ],
        [
          650.0612244897959,
          201.73469387755102
        ],
        [
          650.0612244897959,
          131.32653061224488
        ],
        [
          563.8809523809524,
          130.7857142857143
        ],
        [
          564.4761904761905,
          159.35714285714286
        ]
      ]
    ],
    "浴室": [
      [
        [
          173.2824427480916,
          110.66412213740458
        ],
        [
          258.0152671755725,
          110.66412213740458
        ],
        [
          258.0152671755725,
          201.50381679389312
        ],
        [
          173.2824427480916,
          201.50381679389312
        ]
      ]
    ],
    "LDK": [
      [
        [
          177.09923664122135,
          198.4503816793893
        ],
        [
          563.3587786259542,
          198.4503816793893
        ],
        [
          563.3587786259542,
          390.05343511450377
        ],
        [
          177.09923664122135,
          390.05343511450377
        ]
      ]
    ],
    "開戸": [
      [
        219.68911917098447,
        113.42487046632125,
        270.80251552426523,
        151.9131827710319
      ],
      [
        354.7719811731203,
        142.95854922279793,
        387.04663212435236,
        185.25574496697385
      ],
      [
        415.54404145077723,
        144.95989399992087,
        453.21757702804257,
        193.21761658031087
      ],
      [
        353.3678756476684,
        186.9852216748768,
        388.1625615763546,
        236.74093264248705
      ],
      [
        557.1280788177339,
        93.12174524982406,
        599.4926108374384,
        128.58972554539054
      ],
      [
        264.12672605222184,
        152.6300824421246,
        302.07253886010363,
        181.30051813471502
      ]
    ],
    "引戸": [
      [
        163.73056994818654,
        199.43523316062178,
        197.40932642487047,
        363.1658031088083
      ],
      [
        554.1984732824427,
        201.3693390815963,
        574.6113989637306,
        266.2746113989637
      ],
      [
        501.55440414507774,
        189.07253886010363,
        565.8031088082902,
        210.31606217616581
      ],
      [
        338.85688878739955,
        112.38860103626943,
        357.51295336787564,
        191.58015267175574
      ],
      [
        93.58128078817732,
        183.53694581280786,
        172.3990147783251,
        204.22660098522164
      ]
    ]
  }
}