{
  "labels": {
    "LDK": [
      [
        [
          134.99029126213588,
          188.32038834951456
        ],
        [
          136.9320388349514,
          463.0776699029126
        ],
        [
          327.22330097087377,
          463.0776699029126
        ],
        [
          331.1067961165048,
          256.28155339805824
        ],
        [
          395.1844660194174,
          256.28155339805824
        ],
        [
          397.12621359223294,
          185.40776699029126
        ]
      ]
    ],
    "浴室": [
      [
        [
          396.1553398058252,
          254.3398058252427
        ],
        [
          329.1650485436893,
          254.3398058252427
        ],
        [
          324.31067961165047,
          324.24271844660194
        ],
        [
          396.1553398058252,
          327.15533980582524
        ]
      ]
    ],
    "廊下": [
      [
        [
          259.2621359223301,
          463.0776699029126
        ],
        [
          259.2621359223301,
          532.9805825242719
        ],
        [
          328.19417475728153,
          532.9805825242719
        ],
        [
          328.19417475728153,
          464.04854368932035
        ]
      ]
    ],
    "開戸": [
      [
        298.8992805755395,
        220.86330935251797,
        348.5395683453237,
        258.273381294964
      ],
      [
        289.546762589928,
        460.431654676259,
        336.30935251798553,
        502.1582733812949
      ]
    ],
    "折戸": [
      [
        324.0791366906474,
        307.91366906474815,
        369.40287769784163,
        338.1294964028777
      ]
    ],
    "引戸": [
      [
        327.67625899280574,
        379.136690647482,
        383.07194244604307,
        407.91366906474815
      ],
      [
        315.5918367346939,
        331.6326530612245,
        338.14094846571726,
        392.6626046101894
      ],
      [
        259.33093525179856,
        454.67625899280574,
        329.115107913669,
        479.136690647482
      ],
      [
        319.04316546762584,
        517.9856115107913,
        342.06474820143876,
        586.3309352517986
      ]
    ]
  }
}