{
  "labels": {
    "LDK": [
      [
        [
          157.8,
          41.6
        ],
        [
          160.2,
          292.0
        ],
        [
          220.2,
          289.6
        ],
        [
          221.0,
          356.0
        ],
        [
          283.4,
          353.6
        ],
        [
          283.4,
          610.4
        ],
        [
          348.2,
          613.6
        ],
        [
          351.4,
          420.0
        ],
        [
          472.20000000000005,
          420.0
        ],
        [
          476.20000000000005,
          36.8
        ]
      ]
    ],
    "廊下": [
      [
        [
          158.6,
          289.6
        ],
        [
          158.6,
          353.6
        ],
        [
          97.0,
          353.6
        ],
        [
          99.4,
          418.4
        ],
        [
          126.6,
          418.4
        ],
        [
          126.6,
          510.4
        ],
        [
          222.60000000000002,
          516.0
        ],
        [
          223.39999999999998,
          287.2
        ]
      ]
    ],
    "浴室": [
      [
        [
          34.599999999999994,
          36.0
        ],
        [
          159.4,
          36.0
        ],
        [
          159.4,
          164.0
        ],
        [
          34.599999999999994,
          164.0
        ]
      ]
    ],
    "折戸": [
      [
        97.53435114503816,
        140.07328244274808,
        155.4,
        180.6793893129771
      ],
      [
        225.03664122137405,
        328.00763358778624,
        276.9236641221374,
        369.6468193384224
      ],
      [
        116.92592592592592,
        420.8,
        155.4,
        482.2222222222222
      ]
    ],
    "開戸": [
      [
        165.8,
        300.2931297709923,
        237.22900763358774,
        349.381679389313
      ]
    ],
    "引戸": [
      [
        79.88888888888886,
        364.4444444444444,
        109.74809160305341,
        478.3893129770992
      ],
      [
        142.6,
        171.1111111111111,
        170.99999999999994,
        292.0
      ]
    ]
  }
}