{
  "labels": {
    "浴室": [
      [
        [
          134.54054054054055,
          8.285714285714286
        ],
        [
          187.43629343629345,
          9.057915057915059
        ],
        [
          187.05019305019306,
          60.7953667953668
        ],
        [
          134.15444015444018,
          59.637065637065646
        ]
      ]
    ],
    "LDK": [
      [
        [
          10.216216216216225,
          9.057915057915059
        ],
        [
          133.39877300613495,
          8.282208588957054
        ],
        [
          133.0920245398773,
          62.88343558282208
        ],
        [
          196.28220858895702,
          62.26993865030674
        ],
        [
          197.8610038610039,
          253.0733590733591
        ],
        [
          90.13899613899616,
          252.6872586872587
        ],
        [
          88.98069498069498,
          171.992277992278
        ],
        [
          49.598455598455615,
          172.3783783783784
        ],
        [
          49.598455598455615,
          153.45945945945948
        ],
        [
          10.216216216216225,
          153.45945945945948
        ]
      ]
    ],
    "廊下": [
      [
        [
          199.7915057915058,
          61.181467181467184
        ],
        [
          227.20463320463324,
          61.181467181467184
        ],
        [
          227.59073359073363,
          117.93822393822394
        ],
        [
          263.11196911196913,
          118.71042471042472
        ],
        [
          263.11196911196913,
          143.42084942084944
        ],
        [
          227.20463320463324,
          142.64864864864865
        ],
        [
          227.59073359073363,
          200.94980694980697
        ],
        [
          239.1737451737452,
          201.33590733590734
        ],
        [
          239.1737451737452,
          214.0772200772201
        ],
        [
          199.40540540540542,
          226.04633204633205
        ]
      ]
    ],
    "開戸": [
      [
        191.3889317889318,
        145.35135135135135,
        222.66306306306308,
        170.44787644787647
      ],
      [
        101.72200772200773,
        36.47104247104247,
        121.93333333333334,
        59.733333333333334
      ]
    ],
    "引戸": [
      [
        221.8364779874213,
        67.22767295597485,
        236.60000000000002,
        113.86666666666666
      ],
      [
        200.5637065637066,
        54.617760617760624,
        251.32075471698113,
        66.0377358490566
      ],
      [
        107.92452830188677,
        69.18238993710692,
        124.6,
        115.46666666666667
      ],
      [
        190.62893081761007,
        66.66666666666666,
        204.77987421383648,
        115.40880503144653
      ]
    ],
    "折戸": [
      [
        178.1698841698842,
        34.92664092664093,
        192.84169884169887,
        60.40926640926641
      ],
      [
        10.805148005148006,
        167.009009009009,
        48.599999999999994,
        186.4
      ],
      [
        157.61006289308176,
        79.55974842767296,
        194.71698113207543,
        95.91194968553458
      ],
      [
        156.6,
        101.86666666666666,
        195.97484276729557,
        121.38364779874213
      ]
    ]
  }
}