{
  "labels": {
    "LDK": [
      [
        [
          310.6666666666667,
          99.0
        ],
        [
          443.33333333333337,
          99.66666666666666
        ],
        [
          444.66666666666663,
          287.0
        ],
        [
          331.3333333333333,
          287.6666666666667
        ],
        [
          331.3333333333333,
          325.0
        ],
        [
          181.33333333333331,
          325.0
        ],
        [
          178.66666666666669,
          175.0
        ],
        [
          312.6666666666667,
          175.0
        ]
      ]
    ],
    "浴室": [
      [
        [
          373.33333333333337,
          24.33333333333333
        ],
        [
          442.0,
          25.0
        ],
        [
          442.66666666666663,
          98.33333333333334
        ],
        [
          374.0,
          97.0
        ]
      ]
    ],
    "廊下": [
      [
        [
          122.66666666666669,
          137.66666666666666
        ],
        [
          178.66666666666669,
          139.0
        ],
        [
          179.33333333333331,
          213.0
        ],
        [
          123.33333333333331,
          211.66666666666669
        ]
      ]
    ],
    "引戸": [
      [
        252.6371681415929,
        30.088495575221234,
        267.27272727272725,
        96.81818181818181
      ],
      [
        304.09090909090907,
        33.63636363636363,
        319.3333333333333,
        97.0
      ],
      [
        364.09090909090907,
        32.72727272727273,
        383.6363636363636,
        96.36363636363636
      ],
      [
        125.18181818181816,
        204.54545454545453,
        181.92518101367656,
        219.01448109412706
      ],
      [
        171.2212389380531,
        216.81415929203538,
        187.33333333333331,
        323.0
      ]
    ],
    "開戸": [
      [
        174.66666666666669,
        174.33333333333334,
        211.33333333333331,
        208.33333333333331
      ]
    ],
    "折戸": [
      [
        58.18181818181817,
        271.3636363636363,
        80.66666666666669,
        321.6666666666667
      ],
      [
        262.2727272727273,
        125.24242424242425,
        310.90909090909093,
        143.63636363636363
      ]
    ]
  }
}