{
  "labels": {
    "LDK": [
      [
        [
          24.0,
          149.03225806451613
        ],
        [
          104.0,
          151.61290322580643
        ],
        [
          105.93548387096774,
          238.06451612903226
        ],
        [
          211.0967741935484,
          237.41935483870967
        ],
        [
          211.0967741935484,
          385.80645161290323
        ],
        [
          183.35483870967744,
          383.22580645161287
        ],
        [
          188.51612903225805,
          500.0
        ],
        [
          240.1290322580645,
          500.64516129032256
        ],
        [
          240.1290322580645,
          607.741935483871
        ],
        [
          27.870967741935488,
          607.0967741935484
        ]
      ]
    ],
    "浴室": [
      [
        [
          151.09677419354836,
          68.38709677419355
        ],
        [
          152.38709677419354,
          152.25806451612902
        ],
        [
          210.45161290322574,
          152.90322580645162
        ],
        [
          208.51612903225805,
          65.80645161290322
        ]
      ]
    ],
    "廊下": [
      [
        [
          23.35483870967738,
          90.96774193548387
        ],
        [
          104.0,
          92.25806451612902
        ],
        [
          104.0,
          150.96774193548387
        ],
        [
          25.290322580645125,
          149.03225806451613
        ]
      ]
    ],
    "開戸": [
      [
        58.86468932669408,
        99.97402035072527,
        112.17449664429529,
        146.6510067114094
      ],
      [
        23.35483870967738,
        141.29032258064515,
        89.16129032258061,
        209.03225806451613
      ],
      [
        104.77505953669623,
        224.3602511366097,
        159.1543624161074,
        289.6040268456376
      ]
    ],
    "折戸": [
      [
        152.38709677419354,
        132.25806451612902,
        211.74193548387098,
        169.67741935483872
      ],
      [
        161.21476510067112,
        501.6845637583893,
        209.85841091145267,
        598.2940030309591
      ]
    ]
  }
}