{
  "labels": {
    "洋室": [
      [
        [
          132.33333333333331,
          301.9019607843137
        ],
        [
          289.19607843137254,
          302.88235294117646
        ],
        [
          291.156862745098,
          382.29411764705884
        ],
        [
          389.1960784313725,
          381.3137254901961
        ],
        [
          385.27450980392155,
          698.9607843137255
        ],
        [
          136.2549019607843,
          697.9803921568628
        ]
      ],
      [
        [
          542.1372549019608,
          379.3529411764706
        ],
        [
          796.0588235294117,
          379.3529411764706
        ],
        [
          793.1176470588235,
          696.0196078431372
        ],
        [
          540.1764705882352,
          698.9607843137255
        ]
      ],
      [
        [
          792.1372549019608,
          139.15686274509804
        ],
        [
          989.1960784313726,
          141.11764705882354
        ],
        [
          991.1568627450981,
          458.7647058823529
        ],
        [
          795.078431372549,
          456.80392156862746
        ]
      ]
    ],
    "廊下": [
      [
        [
          702.9215686274509,
          139.15686274509804
        ],
        [
          700.9607843137255,
          303.8627450980392
        ],
        [
          291.156862745098,
          300.921568627451
        ],
        [
          288.2156862745098,
          375.4313725490196
        ],
        [
          792.1372549019608,
          378.37254901960785
        ],
        [
          794.0980392156863,
          141.11764705882354
        ]
      ]
    ],
    "開戸": [
      [
        916.0041787206686,
        194.23561555769848,
        981.1475409836066,
        250.0
      ],
      [
        724.5901639344263,
        313.11475409836066,
        792.6194149791064,
        394.36419157827066
      ],
      [
        454.09836065573774,
        291.8032786885246,
        524.1526840244295,
        365.7881710061074
      ],
      [
        288.2156862745098,
        316.4471231115397,
        358.1967213114754,
        395.9016393442623
      ]
    ],
    "折戸": [
      [
        800.8161362905818,
        186.87463837994213,
        906.5573770491803,
        238.52459016393442
      ],
      [
        137.5888781742205,
        368.9061395049823,
        284.81818181818176,
        424.45454545454544
      ],
      [
        349.0,
        580.0601092896175,
        400.81967213114757,
        654.0983606557377
      ],
      [
        353.27868852459017,
        422.1311475409836,
        401.18181818181813,
        489.9090909090909
      ]
    ],
    "引戸": [
      [
        774.0241080038572,
        217.28286724525879,
        816.3934426229509,
        359.016393442623
      ],
      [
        307.5454545454545,
        278.09090909090907,
        438.5049823207972,
        319.37222757955635
      ]
    ]
  }
}