{
  "labels": {
    "廊下": [
      [
        [
          241.0,
          166.0
        ],
        [
          477.0,
          166.0
        ],
        [
          477.0,
          224.0
        ],
        [
          241.0,
          224.0
        ]
      ]
    ],
    "洋室": [
      [
        [
          28.0,
          239.0
        ],
        [
          29.0,
          435.0
        ],
        [
          238.0,
          434.0
        ],
        [
          239.0,
          316.0
        ],
        [
          299.0,
          317.0
        ],
        [
          298.0,
          242.0
        ]
      ],
      [
        [
          28.0,
          45.0
        ],
        [
          239.0,
          45.0
        ],
        [
          239.0,
          239.0
        ],
        [
          28.0,
          239.0
        ]
      ],
      [
        [
          297.0,
          226.0
        ],
        [
          566.0,
          226.0
        ],
        [
          566.0,
          434.0
        ],
        [
          297.0,
          434.0
        ]
      ]
    ],
    "開戸": [
      [
        421.7173913043478,
        146.82608695652172,
        475.0,
        217.0
      ],
      [
        184.69565217391306,
        181.45652173913044,
        255.69565217391306,
        233.45652173913044
      ],
      [
        245.08695652173913,
        222.36956521739128,
        297.54347826086956,
        289.9130434782609
      ]
    ],
    "折戸": [
      [
        213.02173913043475,
        47.91304347826087,
        256.5,
        158.2391304347826
      ],
      [
        208.7173913043478,
        316.54347826086956,
        255.41304347826087,
        428.3478260869565
      ]
    ],
    "引戸": [
      [
        302.7369692346809,
        205.71345029239765,
        414.20467836257313,
        243.3109585558098
      ]
    ]
  }
}