{
  "labels": {
    "廊下": [
      [
        [
          7.608695652173912,
          38.99999999999999
        ],
        [
          5.797101449275361,
          64.3623188405797
        ],
        [
          101.08695652173913,
          64.72463768115941
        ],
        [
          99.99999999999999,
          91.53623188405797
        ],
        [
          112.31884057971014,
          91.17391304347825
        ],
        [
          114.49275362318839,
          115.81159420289853
        ],
        [
          139.8550724637681,
          118.71014492753622
        ],
        [
          140.57971014492753,
          37.91304347826087
        ]
      ]
    ],
    "洋室": [
      [
        [
          142.02898550724638,
          92.26086956521738
        ],
        [
          142.75362318840578,
          199.50724637681157
        ],
        [
          247.10144927536228,
          200.231884057971
        ],
        [
          247.82608695652172,
          120.52173913043478
        ],
        [
          168.1159420289855,
          119.43478260869563
        ],
        [
          167.75362318840578,
          93.71014492753622
        ]
      ],
      [
        [
          139.8550724637681,
          11.101449275362317
        ],
        [
          247.10144927536228,
          11.101449275362317
        ],
        [
          247.10144927536228,
          91.53623188405797
        ],
        [
          139.8550724637681,
          91.53623188405797
        ]
      ],
      [
        [
          7.246376811594202,
          93.34782608695652
        ],
        [
          113.76811594202897,
          93.34782608695652
        ],
        [
          113.76811594202897,
          199.50724637681157
        ],
        [
          7.246376811594202,
          199.50724637681157
        ]
      ]
    ],
    "開戸": [
      [
        91.66666666666666,
        95.15942028985506,
        123.7382920110193,
        116.52892561983471
      ],
      [
        131.72727272727272,
        94.43478260869564,
        164.4927536231884,
        115.42699724517907
      ],
      [
        132.55371900826447,
        68.26098934004071,
        162.68115942028984,
        88.1542699724518
      ]
    ],
    "折戸": [
      [
        100.6012744298092,
        119.0348525469169,
        121.3190348525469,
        195.15942028985506
      ],
      [
        169.0402144772118,
        109.38337801608579,
        205.5013404825737,
        127.61394101876675
      ],
      [
        210.5951742627346,
        82.1810234293041,
        246.37681159420288,
        100.80428954423591
      ]
    ],
    "引戸": [
      [
        96.46556473829202,
        30.56300268096515,
        138.47721179624665,
        48.209366391184574
      ],
      [
        8.986595174262732,
        30.56300268096515,
        84.58981233243969,
        46.916890080428956
      ]
    ]
  }
}