{
  "labels": {
    "LDK": [
      [
        [
          173.13043478260863,
          298.27536231884056
        ],
        [
          244.14492753623182,
          298.27536231884056
        ],
        [
          245.5942028985507,
          333.05797101449275
        ],
        [
          496.3188405797101,
          333.78260869565213
        ],
        [
          495.59420289855063,
          476.53623188405794
        ],
        [
          175.30434782608694,
          475.08695652173907
        ]
      ]
    ],
    "廊下": [
      [
        [
          317.33333333333326,
          295.3768115942029
        ],
        [
          389.79710144927526,
          295.3768115942029
        ],
        [
          391.24637681159413,
          332.3333333333333
        ],
        [
          318.78260869565213,
          331.6086956521739
        ]
      ]
    ],
    "折戸": [
      [
        175.3588318622643,
        325.0869565217391,
        225.76691729323306,
        345.1127819548872
      ]
    ],
    "引戸": [
      [
        160.08695652173907,
        336.3379099923722,
        182.90977443609017,
        403.7593984962406
      ],
      [
        323.28299008390536,
        318.4017652827721,
        385.6018306636155,
        346.6626348479895
      ]
    ],
    "開戸": [
      [
        138.3478260869565,
        370.01449275362313,
        173.13043478260863,
        416.39130434782606
      ]
    ]
  }
}