{
  "labels": {
    "洋室": [
      [
        [
          634.0952380952381,
          321.95238095238096
        ],
        [
          811.4761904761905,
          321.95238095238096
        ],
        [
          811.4761904761905,
          462.42857142857144
        ],
        [
          791.2380952380953,
          464.80952380952385
        ],
        [
          791.2380952380953,
          514.8095238095239
        ],
        [
          634.0952380952381,
          516.0
        ]
      ],
      [
        [
          1137.1666666666667,
          357.4761904761905
        ],
        [
          1277.642857142857,
          357.4761904761905
        ],
        [
          1278.8333333333335,
          518.1904761904763
        ],
        [
          1137.1666666666667,
          518.1904761904763
        ]
      ]
    ],
    "廊下": [
      [
        [
          817.4285714285714,
          305.2857142857143
        ],
        [
          886.4761904761905,
          305.2857142857143
        ],
        [
          887.6666666666667,
          257.6666666666667
        ],
        [
          1185.2857142857142,
          254.09523809523813
        ],
        [
          1186.4761904761906,
          352.9047619047619
        ],
        [
          1140.047619047619,
          351.7142857142857
        ],
        [
          1135.2857142857142,
          308.8571428571429
        ],
        [
          1030.5238095238096,
          306.4761904761905
        ],
        [
          1031.7142857142858,
          356.4761904761905
        ],
        [
          818.6190476190477,
          352.9047619047619
        ]
      ]
    ],
    "引戸": [
      [
        673.2840722495895,
        310.9802955665025,
        773.5,
        332.0
      ],
      [
        817.0073891625615,
        293.43267651888345,
        880.0,
        314.0
      ],
      [
        1179.3333333333335,
        251.71428571428572,
        1199.0,
        315.5
      ],
      [
        826.5238095238095,
        396.95238095238096,
        848.0,
        461.5
      ],
      [
        810.2857142857143,
        346.95238095238096,
        884.0952380952381,
        366.0
      ],
      [
        922.5,
        346.5,
        991.2528735632184,
        367.7931034482758
      ]
    ],
    "開戸": [
      [
        1134.095238095238,
        326.7142857142857,
        1178.142857142857,
        368.3809523809524
      ],
      [
        803.1428571428572,
        324.33333333333337,
        849.5714285714286,
        355.2857142857143
      ],
      [
        888.8571428571429,
        383.8571428571429,
        942.4285714285714,
        420.76190476190476
      ]
    ],
    "折戸": [
      [
        1193.5714285714287,
        343.5714285714286,
        1255.4761904761906,
        370.95238095238096
      ],
      [
        775.7619047619048,
        461.2380952380953,
        797.1904761904763,
        517.1904761904763
      ]
    ]
  }
}