{
  "labels": {
    "洋室": [
      [
        [
          66.98076923076923,
          56.25
        ],
        [
          182.3653846153846,
          56.730769230769226
        ],
        [
          180.9230769230769,
          323.5576923076923
        ],
        [
          69.38461538461539,
          324.03846153846155
        ]
      ],
      [
        [
          295.3461538461538,
          168.75
        ],
        [
          410.25,
          169.23076923076923
        ],
        [
          410.7307692307692,
          323.5576923076923
        ],
        [
          258.32692307692304,
          324.5192307692308
        ],
        [
          257.3653846153846,
          209.1346153846154
        ],
        [
          294.8653846153846,
          209.1346153846154
        ]
      ]
    ],
    "廊下": [
      [
        [
          182.84615384615384,
          170.19230769230768
        ],
        [
          221.78846153846155,
          170.6730769230769
        ],
        [
          221.78846153846155,
          132.69230769230768
        ],
        [
          296.78846153846155,
          133.65384615384616
        ],
        [
          297.75,
          208.65384615384616
        ],
        [
          182.3653846153846,
          211.0576923076923
        ]
      ]
    ],
    "折戸": [
      [
        166.2894151303242,
        58.383661792752704,
        196.03305785123965,
        128.92561983471074
      ],
      [
        168.28003814367452,
        209.4802924348379,
        193.5537190082645,
        242.97520661157026
      ],
      [
        166.5,
        250.96153846153845,
        194.3801652892562,
        317.7685950413223
      ],
      [
        243.55371900826447,
        212.8099173553719,
        271.78846153846155,
        244.71153846153845
      ],
      [
        244.38016528925618,
        250.82644628099175,
        271.9235537190082,
        320.1923076923077
      ]
    ],
    "開戸": [
      [
        222.4176706827309,
        120.88353413654617,
        256.88461538461536,
        164.4230769230769
      ],
      [
        169.8653846153846,
        174.51923076923077,
        213.13461538461536,
        203.3653846153846
      ],
      [
        281.57024793388433,
        175.20661157024793,
        325.63461538461536,
        206.73076923076923
      ]
    ]
  }
}