{
  "labels": {
    "洋室": [
      [
        [
          17.685950413223168,
          109.3305785123967
        ],
        [
          197.8512396694215,
          110.15702479338842
        ],
        [
          195.37190082644634,
          253.1322314049587
        ],
        [
          16.033057851239676,
          249.82644628099177
        ]
      ],
      [
        [
          197.02479338842977,
          110.15702479338842
        ],
        [
          378.84297520661164,
          110.98347107438019
        ],
        [
          375.53719008264466,
          250.6528925619835
        ],
        [
          194.54545454545462,
          252.30578512396698
        ]
      ]
    ],
    "廊下": [
      [
        [
          16.033057851239676,
          63.87603305785126
        ],
        [
          197.02479338842977,
          65.5289256198347
        ],
        [
          198.6776859504132,
          16.768595041322328
        ],
        [
          244.1322314049587,
          17.595041322314046
        ],
        [
          241.65289256198344,
          65.5289256198347
        ],
        [
          287.10743801652893,
          64.70247933884298
        ],
        [
          285.4545454545455,
          109.3305785123967
        ],
        [
          17.685950413223168,
          110.15702479338842
        ]
      ]
    ],
    "開戸": [
      [
        202.4993066725831,
        91.50929058738703,
        238.36912751677852,
        153.0201342281879
      ],
      [
        155.57213378445843,
        92.18043152698434,
        192.73154362416108,
        153.35570469798657
      ]
    ],
    "引戸": [
      [
        20.13478284985301,
        46.9061512008431,
        102.12751677852349,
        83.55704697986577
      ],
      [
        111.35448444173272,
        46.956070774862745,
        194.40939597315437,
        83.55704697986577
      ]
    ]
  }
}