{
  "labels": {
    "洋室": [
      [
        [
          351.58598726114644,
          107.91719745222929
        ],
        [
          524.8343949044586,
          108.55414012738854
        ],
        [
          524.8343949044586,
          237.21656050955414
        ],
        [
          352.2229299363057,
          239.12738853503183
        ]
      ],
      [
        [
          394.89808917197445,
          281.80254777070064
        ],
        [
          524.1974522292993,
          283.0764331210191
        ],
        [
          526.108280254777,
          454.4140127388535
        ],
        [
          396.171974522293,
          454.4140127388535
        ]
      ],
      [
        [
          263.68789808917194,
          279.2547770700637
        ],
        [
          392.98726114649685,
          282.43949044585986
        ],
        [
          395.5350318471337,
          453.7770700636942
        ],
        [
          264.3248407643312,
          455.68789808917194
        ]
      ],
      [
        [
          112.09554140127386,
          237.21656050955414
        ],
        [
          262.4140127388535,
          237.85350318471336
        ],
        [
          263.0509554140127,
          412.37579617834393
        ],
        [
          109.54777070063693,
          413.01273885350315
        ]
      ],
      [
        [
          198.71974522292993,
          106.64331210191082
        ],
        [
          263.68789808917194,
          108.55414012738854
        ],
        [
          263.68789808917194,
          235.94267515923565
        ],
        [
          198.0828025477707,
          236.5796178343949
        ]
      ]
    ],
    "廊下": [
      [
        [
          263.0509554140127,
          237.85350318471336
        ],
        [
          460.50318471337573,
          239.76433121019107
        ],
        [
          460.50318471337573,
          281.80254777070064
        ],
        [
          264.3248407643312,
          282.43949044585986
        ]
      ]
    ],
    "折戸": [
      [
        433.91920885015077,
        304.81629232316453,
        519.7631578947369,
        340.13157894736844
      ],
      [
        306.635434126718,
        304.17934964800537,
        391.47368421052636,
        340.7894736842105
      ],
      [
        370.42105263157896,
        109.86842105263158,
        409.3172980221253,
        196.24270868253433
      ]
    ],
    "開戸": [
      [
        389.1656050955414,
        267.78980891719743,
        438.21019108280257,
        325.11464968152865
      ],
      [
        263.68789808917194,
        272.88535031847135,
        308.27388535031844,
        324.4777070063694
      ],
      [
        411.4585987261146,
        236.5796178343949,
        475.15286624203816,
        280.52866242038215
      ]
    ],
    "引戸": [
      [
        352.2229299363057,
        223.84076433121018,
        461.7770700636943,
        250.59235668789808
      ],
      [
        196.171974522293,
        220.01910828025476,
        261.140127388535,
        247.4076433121019
      ],
      [
        248.63157894736844,
        236.8421052631579,
        274.9473684210526,
        322.36842105263156
      ]
    ]
  }
}