{
  "labels": {
    "LDK": [
      [
        [
          105.77777777777777,
          34.0
        ],
        [
          109.11111111111111,
          180.66666666666663
        ],
        [
          142.44444444444443,
          179.55555555555554
        ],
        [
          142.44444444444443,
          409.55555555555554
        ],
        [
          320.22222222222223,
          410.66666666666663
        ],
        [
          322.44444444444446,
          232.88888888888886
        ],
        [
          362.44444444444446,
          236.22222222222223
        ],
        [
          359.1111111111111,
          28.44444444444443
        ]
      ]
    ],
    "廊下": [
      [
        [
          52.44444444444444,
          192.88888888888886
        ],
        [
          136.88888888888889,
          192.88888888888886
        ],
        [
          136.88888888888889,
          371.7777777777777
        ],
        [
          52.44444444444444,
          371.7777777777777
        ]
      ]
    ],
    "浴室": [
      [
        [
          361.3333333333333,
          50.666666666666686
        ],
        [
          448.0,
          50.666666666666686
        ],
        [
          448.0,
          134.0
        ],
        [
          361.3333333333333,
          134.0
        ]
      ]
    ],
    "開戸": [
      [
        350.38095238095235,
        201.19576719576716,
        390.38095238095235,
        230.08465608465607
      ],
      [
        470.77777777777777,
        166.66518682944871,
        508.0557405352077,
        194.94771241830065
      ],
      [
        560.0828729281768,
        301.2099447513812,
        608.7016574585635,
        333.2541436464088
      ]
    ],
    "折戸": [
      [
        304.7647058823529,
        234.65359477124184,
        334.40522875816987,
        272.0718954248366
      ]
    ],
    "引戸": [
      [
        125.18954248366012,
        194.718954248366,
        149.63398692810455,
        263.6078431372549
      ],
      [
        436.878453038674,
        60.11418047882138,
        456.87661141804784,
        127.72928176795581
      ],
      [
        459.3505981008755,
        136.48144037489212,
        533.5228758169934,
        169.45751633986927
      ],
      [
        432.42767295597486,
        203.40485879886546,
        463.5882352941176,
        315.2091503267974
      ]
    ]
  }
}