{
  "labels": {
    "LDK": [
      [
        [
          99.08675799086758,
          110.98630136986301
        ],
        [
          417.351598173516,
          109.15981735159818
        ],
        [
          417.351598173516,
          150.25570776255708
        ],
        [
          376.7123287671233,
          150.7123287671233
        ],
        [
          377.1689497716895,
          266.69406392694066
        ],
        [
          100.91324200913242,
          268.06392694063925
        ]
      ]
    ],
    "浴室": [
      [
        [
          417.8082191780822,
          31.534246575342465
        ],
        [
          496.80365296803654,
          31.534246575342465
        ],
        [
          495.4337899543379,
          108.24657534246575
        ],
        [
          416.89497716894977,
          108.70319634703196
        ]
      ]
    ],
    "廊下": [
      [
        [
          155.25114155251143,
          51.1689497716895
        ],
        [
          171.23287671232876,
          50.25570776255708
        ],
        [
          170.77625570776257,
          34.730593607305934
        ],
        [
          214.15525114155253,
          34.730593607305934
        ],
        [
          213.6986301369863,
          106.87671232876713
        ],
        [
          156.62100456621005,
          107.78995433789956
        ]
      ]
    ],
    "引戸": [
      [
        142.73127753303964,
        99.47136563876654,
        217.77603443767222,
        120.00607486975238
      ],
      [
        342.29074889867843,
        100.35242290748897,
        410.0134773600467,
        119.06064812021
      ],
      [
        407.41858266449424,
        114.02172469977674,
        427.31277533039645,
        183.6123348017621
      ]
    ],
    "開戸": [
      [
        302.73972602739724,
        99.57077625570777,
        333.78995433789953,
        138.84018264840182
      ]
    ],
    "折戸": [
      [
        409.5890410958904,
        69.4337899543379,
        436.5296803652968,
        106.87671232876713
      ],
      [
        377.6255707762557,
        136.55707762557077,
        416.89497716894977,
        157.56164383561645
      ],
      [
        412.32876712328766,
        187.6986301369863,
        443.83561643835617,
        266.69406392694066
      ]
    ]
  }
}