{
  "labels": {
    "洋室": [
      [
        [
          67.66666666666669,
          90.33816425120774
        ],
        [
          139.64734299516908,
          90.33816425120774
        ],
        [
          141.57971014492756,
          186.95652173913044
        ],
        [
          67.18357487922708,
          185.99033816425123
        ]
      ],
      [
        [
          164.2850241545894,
          187.43961352657007
        ],
        [
          66.70048309178748,
          187.92270531400968
        ],
        [
          66.70048309178748,
          259.4202898550725
        ],
        [
          164.2850241545894,
          259.9033816425121
        ]
      ],
      [
        [
          211.62801932367154,
          138.16425120772948
        ],
        [
          308.24637681159425,
          139.13043478260872
        ],
        [
          309.69565217391306,
          235.74879227053142
        ],
        [
          212.59420289855075,
          234.7826086956522
        ]
      ]
    ],
    "廊下": [
      [
        [
          163.31884057971018,
          89.85507246376812
        ],
        [
          165.2512077294686,
          163.768115942029
        ],
        [
          211.62801932367154,
          163.2850241545894
        ],
        [
          210.66183574879233,
          211.59420289855075
        ],
        [
          164.768115942029,
          211.11111111111111
        ],
        [
          162.83574879227058,
          187.92270531400968
        ],
        [
          139.16425120772948,
          186.47342995169083
        ],
        [
          139.16425120772948,
          88.40579710144928
        ]
      ]
    ],
    "折戸": [
      [
        79.01449275362319,
        223.92512077294688,
        102.0,
        262.0
      ],
      [
        103.0,
        105.0,
        137.63043478260875,
        123.18840579710145
      ]
    ],
    "開戸": [
      [
        140.73188405797106,
        179.42995169082127,
        165.85265700483097,
        213.72946859903382
      ],
      [
        119.0,
        162.0,
        149.6908212560387,
        186.37198067632852
      ],
      [
        144.57971014492756,
        88.93961352657006,
        173.5,
        110.0
      ],
      [
        189.4057971014493,
        162.31884057971016,
        219.5,
        188.0
      ]
    ],
    "引戸": [
      [
        163.31884057971018,
        201.93236714975848,
        214.04347826086962,
        222.70531400966186
      ],
      [
        223.40821256038652,
        132.8840579710145,
        276.0,
        146.5
      ]
    ]
  }
}