{
  "labels": {
    "浴室": [
      [
        [
          160.0873786407767,
          164.96116504854368
        ],
        [
          287.2718446601942,
          163.01941747572815
        ],
        [
          292.126213592233,
          292.1456310679612
        ],
        [
          163.0,
          293.11650485436894
        ]
      ]
    ],
    "廊下": [
      [
        [
          439.69902912621353,
          230.98058252427185
        ],
        [
          576.5922330097087,
          233.89320388349515
        ],
        [
          579.504854368932,
          194.0873786407767
        ],
        [
          638.7281553398058,
          193.11650485436894
        ],
        [
          639.6990291262135,
          290.20388349514565
        ],
        [
          532.9029126213592,
          291.1747572815534
        ],
        [
          532.9029126213592,
          364.9611650485437
        ],
        [
          439.69902912621353,
          365.93203883495147
        ]
      ]
    ],
    "LDK": [
      [
        [
          163.0,
          370.7864077669903
        ],
        [
          780.4757281553398,
          369.81553398058253
        ],
        [
          782.4174757281553,
          637.7766990291262
        ],
        [
          164.94174757281553,
          639.7184466019418
        ]
      ]
    ],
    "引戸": [
      [
        276.5351227869789,
        164.12592804111938,
        318.3235294117647,
        290.2941176470588
      ],
      [
        416.78355225585375,
        228.5962307252998,
        455.0882352941176,
        360.1470588235294
      ],
      [
        456.275271273558,
        206.62307252998284,
        545.5294117647059,
        246.91176470588232
      ],
      [
        380.9040548258138,
        352.0185608223872,
        499.9411764705882,
        393.9705882352941
      ]
    ],
    "開戸": [
      [
        643.5825242718446,
        258.1650485436893,
        712.5145631067961,
        302.8252427184466
      ],
      [
        713.4854368932039,
        259.13592233009706,
        780.4757281553398,
        297.97087378640776
      ]
    ],
    "折戸": [
      [
        712.7501427755568,
        345.45802398629354,
        785.5656767561393,
        396.9143346659052
      ]
    ]
  }
}