{
  "labels": {
    "LDK": [
      [
        [
          170.69879518072287,
          211.24096385542163
        ],
        [
          173.10843373493975,
          496.7831325301204
        ],
        [
          826.1204819277108,
          501.60240963855415
        ],
        [
          828.5301204819276,
          426.9036144578313
        ],
        [
          857.4457831325301,
          423.2891566265059
        ],
        [
          859.8554216867469,
          202.80722891566262
        ]
      ]
    ],
    "廊下": [
      [
        [
          173.82993197278913,
          61.60544217687075
        ],
        [
          173.10843373493975,
          207.62650602409633
        ],
        [
          317.6867469879518,
          207.62650602409633
        ],
        [
          317.36734693877554,
          135.0748299319728
        ],
        [
          245.39759036144576,
          135.33734939759034
        ],
        [
          245.39759036144576,
          60.63855421686742
        ]
      ]
    ],
    "浴室": [
      [
        [
          718.8915662650602,
          60.63855421686742
        ],
        [
          861.0602409638553,
          60.63855421686742
        ],
        [
          861.0602409638553,
          204.01204819277103
        ],
        [
          718.8915662650602,
          204.01204819277103
        ]
      ]
    ],
    "開戸": [
      [
        182.06602882116698,
        186.08333333333337,
        251.08333333333334,
        269.10782345066514
      ]
    ],
    "折戸": [
      [
        799.6144578313252,
        433.3055555555556,
        845.5277777777778,
        500.9079651941097
      ],
      [
        286.7795889440113,
        140.58823529411765,
        334.29411764705884,
        204.01204819277103
      ],
      [
        687.0140562248996,
        138.16666666666669,
        735.1111111111111,
        202.29685408299866
      ],
      [
        517.0555555555555,
        142.33333333333334,
        566.0588235294118,
        201.1764705882353
      ]
    ],
    "引戸": [
      [
        540.720548862115,
        188.86111111111111,
        674.0,
        224.20950468540826
      ],
      [
        252.5294117647059,
        119.41176470588236,
        385.47058823529414,
        147.05882352941177
      ]
    ]
  }
}