{
  "labels": {
    "洋室": [
      [
        [
          244.55345911949684,
          185.1635220125786
        ],
        [
          364.05031446540875,
          186.42138364779873
        ],
        [
          364.05031446540875,
          127.30188679245282
        ],
        [
          482.9182389937107,
          127.30188679245282
        ],
        [
          480.4025157232704,
          358.748427672956
        ],
        [
          244.55345911949684,
          358.748427672956
        ]
      ]
    ],
    "LDK": [
      [
        [
          8.704402515723245,
          363.1509433962264
        ],
        [
          540.1509433962264,
          364.40880503144655
        ],
        [
          541.4088050314465,
          599.0
        ],
        [
          9.333333333333314,
          599.62893081761
        ]
      ]
    ],
    "浴室": [
      [
        [
          9.333333333333314,
          7.80503144654088
        ],
        [
          128.2012578616352,
          9.062893081761006
        ],
        [
          130.08805031446536,
          126.0440251572327
        ],
        [
          9.333333333333314,
          126.67295597484276
        ]
      ]
    ],
    "廊下": [
      [
        [
          364.6792452830189,
          127.30188679245282
        ],
        [
          130.08805031446536,
          125.41509433962264
        ],
        [
          126.94339622641508,
          185.79245283018867
        ],
        [
          189.83647798742135,
          185.1635220125786
        ],
        [
          188.5786163522012,
          362.52201257861634
        ],
        [
          245.1823899371069,
          363.1509433962264
        ],
        [
          245.81132075471697,
          185.1635220125786
        ],
        [
          365.3081761006289,
          185.1635220125786
        ]
      ]
    ],
    "折戸": [
      [
        230.62745098039215,
        8.803921568627452,
        271.1503267973856,
        122.52941176470588
      ],
      [
        129.32026143790847,
        354.55555555555554,
        181.60784313725492,
        385.9281045751634
      ]
    ],
    "引戸": [
      [
        368.6994697249969,
        170.26649401899124,
        478.99346405228755,
        205.5359477124183
      ],
      [
        263.19940806511283,
        340.2751264027623,
        477.032679738562,
        375.4705882352941
      ],
      [
        110.88716241213473,
        131.2481193735356,
        146.31372549019608,
        242.79084967320262
      ],
      [
        136.50980392156862,
        113.37908496732025,
        231.12393636699954,
        143.58009618941915
      ],
      [
        13.633986928104576,
        109.45751633986927,
        119.96078431372547,
        143.44444444444443
      ]
    ],
    "開戸": [
      [
        243.2955974842767,
        167.55345911949684,
        301.8692810457517,
        240.17647058823528
      ],
      [
        189.83647798742135,
        308.2243186582809,
        245.66013071895424,
        382.66013071895424
      ],
      [
        96.27376988531256,
        248.32790726353434,
        142.1830065359477,
        299.0
      ]
    ]
  }
}