{
  "labels": {
    "廊下": [
      [
        [
          112.54237288135593,
          221.59887005649716
        ],
        [
          165.6497175141243,
          221.59887005649716
        ],
        [
          165.6497175141243,
          330.0734463276836
        ],
        [
          112.54237288135593,
          330.0734463276836
        ]
      ]
    ],
    "洋室": [
      [
        [
          11.977401129943502,
          333.4632768361582
        ],
        [
          217.0621468926554,
          333.4632768361582
        ],
        [
          217.0621468926554,
          482.61581920903956
        ],
        [
          11.977401129943502,
          482.61581920903956
        ]
      ]
    ],
    "開戸": [
      [
        168.93548387096774,
        317.81720430107526,
        215.9322033898305,
        381.4858757062147
      ],
      [
        150.11827956989248,
        219.33898305084745,
        216.49717514124296,
        271.5806451612903
      ],
      [
        115.70967741935482,
        283.7457627118644,
        165.6497175141243,
        346.31182795698925
      ]
    ],
    "引戸": [
      [
        64.09677419354838,
        207.21031529068708,
        163.98213960269726,
        231.79569892473117
      ],
      [
        160.6178010471204,
        72.29842931937172,
        181.03664921465963,
        216.27748691099475
      ],
      [
        225.5392670157068,
        266.5392670157068,
        324.49214659685856,
        287.4816753926701
      ]
    ]
  }
}