{
  "labels": {
    "LDK": [
      [
        [
          150.0,
          8.433962264150942
        ],
        [
          152.35849056603772,
          153.24528301886792
        ],
        [
          103.30188679245282,
          151.83018867924528
        ],
        [
          101.88679245283018,
          210.32075471698113
        ],
        [
          151.41509433962264,
          207.96226415094338
        ],
        [
          149.52830188679243,
          342.3962264150943
        ],
        [
          341.03773584905656,
          343.33962264150944
        ],
        [
          341.03773584905656,
          6.547169811320754
        ]
      ]
    ],
    "廊下": [
      [
        [
          55.660377358490564,
          206.54716981132074
        ],
        [
          151.88679245283018,
          206.54716981132074
        ],
        [
          151.88679245283018,
          273.52830188679246
        ],
        [
          55.660377358490564,
          273.52830188679246
        ]
      ]
    ],
    "浴室": [
      [
        [
          6.132075471698113,
          7.490566037735849
        ],
        [
          101.88679245283018,
          7.490566037735849
        ],
        [
          101.88679245283018,
          102.30188679245282
        ],
        [
          6.132075471698113,
          102.30188679245282
        ]
      ]
    ],
    "開戸": [
      [
        106.60479996810653,
        196.41597065800227,
        147.6334841628959,
        252.94117647058823
      ],
      [
        137.8105726872247,
        62.20754716981132,
        173.1132075471698,
        99.55947136563877
      ],
      [
        138.2511013215859,
        12.679245283018867,
        172.64150943396226,
        50.66079295154185
      ],
      [
        44.41850220264317,
        297.3568281938326,
        78.33920704845815,
        334.3612334801762
      ],
      [
        108.73568281938327,
        271.80616740088107,
        131.6431718061674,
        290.3083700440529
      ]
    ],
    "折戸": [
      [
        59.39819004524887,
        80.71903013745411,
        96.1687868180654,
        109.95475113122173
      ]
    ],
    "引戸": [
      [
        88.47136563876654,
        129.41176470588235,
        115.05429864253395,
        206.67968983594793
      ],
      [
        44.01357466063348,
        214.54940498734226,
        70.48145195048536,
        269.2307692307692
      ]
    ]
  }
}