{
  "labels": {
    "LDK": [
      [
        [
          67.14285714285714,
          202.0
        ],
        [
          461.42857142857144,
          202.0
        ],
        [
          462.0,
          359.7142857142857
        ],
        [
          68.28571428571428,
          359.14285714285717
        ]
      ]
    ],
    "廊下": [
      [
        [
          146.57142857142856,
          123.14285714285714
        ],
        [
          146.0,
          202.0
        ],
        [
          226.0,
          202.57142857142856
        ],
        [
          224.85714285714283,
          84.28571428571428
        ],
        [
          186.57142857142856,
          84.85714285714286
        ],
        [
          186.0,
          122.0
        ]
      ]
    ],
    "浴室": [
      [
        [
          343.14285714285717,
          122.57142857142858
        ],
        [
          420.8571428571429,
          122.0
        ],
        [
          422.57142857142856,
          200.28571428571428
        ],
        [
          343.14285714285717,
          200.85714285714283
        ]
      ]
    ],
    "折戸": [
      [
        72.43776824034335,
        127.4322501532802,
        101.00858369098712,
        167.81115879828326
      ],
      [
        401.42857142857144,
        160.28571428571428,
        433.42857142857144,
        203.14285714285717
      ]
    ],
    "開戸": [
      [
        182.85591661557328,
        162.4389944819129,
        223.75536480686694,
        219.74248927038627
      ],
      [
        496.2832618025751,
        161.57572041692214,
        537.9184549356223,
        218.45493562231758
      ],
      [
        265.43776824034336,
        75.53648068669527,
        304.2857142857143,
        111.71428571428572
      ],
      [
        304.85714285714283,
        75.71428571428572,
        343.14285714285717,
        112.85714285714286
      ]
    ],
    "引戸": [
      [
        173.11158798283262,
        48.92703862660944,
        199.14285714285717,
        121.57081545064378
      ],
      [
        422.42918454935625,
        185.43347639484978,
        498.42918454935625,
        218.00490496627833
      ],
      [
        443.9785407725322,
        205.5793991416309,
        478.7424892703863,
        284.54935622317595
      ]
    ]
  }
}