{
  "labels": {
    "洋室": [
      [
        [
          74.10843373493975,
          445.0120481927711
        ],
        [
          72.90361445783132,
          702.8433734939758
        ],
        [
          410.2530120481927,
          707.6626506024096
        ],
        [
          409.0481927710843,
          448.62650602409633
        ]
      ],
      [
        [
          668.0843373493975,
          383.56626506024094
        ],
        [
          660.8554216867469,
          617.301204819277
        ],
        [
          1006.6385542168674,
          619.710843373494
        ],
        [
          1007.8433734939758,
          277.54216867469876
        ],
        [
          801.8192771084337,
          277.54216867469876
        ],
        [
          801.8192771084337,
          376.33734939759034
        ]
      ],
      [
        [
          668.0843373493975,
          54.65060240963854
        ],
        [
          663.2650602409637,
          279.95180722891564
        ],
        [
          1004.2289156626505,
          276.33734939759034
        ],
        [
          1005.433734939759,
          47.421686746987945
        ]
      ]
    ],
    "廊下": [
      [
        [
          413.7931034482759,
          275.86206896551727
        ],
        [
          406.6385542168674,
          529.3493975903614
        ],
        [
          492.18072289156623,
          528.144578313253
        ],
        [
          496.99999999999994,
          373.92771084337346
        ],
        [
          798.2048192771084,
          369.1084337349397
        ],
        [
          805.433734939759,
          275.1325301204819
        ]
      ]
    ],
    "開戸": [
      [
        675.1724137931035,
        204.82758620689657,
        740.6896551724138,
        309.65517241379314
      ],
      [
        633.2775238886579,
        62.06896551724138,
        711.7241379310345,
        143.44993768176153
      ],
      [
        595.7951807228915,
        246.20689655172416,
        654.4827586206897,
        343.8072289156626
      ],
      [
        677.2413793103449,
        332.4137931034483,
        739.1686746987951,
        447.4216867469879
      ],
      [
        337.2413793103448,
        455.1724137931035,
        444.82758620689657,
        523.448275862069
      ]
    ],
    "引戸": [
      [
        79.45949314499379,
        416.0880764437058,
        234.48275862068965,
        478.62068965517244
      ],
      [
        646.3975903614457,
        437.7831325301204,
        692.1807228915662,
        619.710843373494
      ],
      [
        670.8263398421271,
        583.448275862069,
        993.7931034482759,
        647.097631906938
      ],
      [
        465.546218487395,
        378.9915966386555,
        521.8487394957983,
        527.7310924369748
      ]
    ]
  }
}