{
  "labels": {
    "洋室": [
      [
        [
          117.04761904761904,
          45.61904761904762
        ],
        [
          401.8095238095238,
          45.61904761904762
        ],
        [
          402.76190476190476,
          311.3333333333333
        ],
        [
          47.52380952380952,
          309.4285714285714
        ],
        [
          49.42857142857143,
          189.42857142857142
        ],
        [
          115.14285714285714,
          190.38095238095238
        ]
      ],
      [
        [
          603.7142857142857,
          234.19047619047618
        ],
        [
          863.7142857142857,
          237.04761904761904
        ],
        [
          865.6190476190476,
          684.6666666666666
        ],
        [
          605.6190476190476,
          682.7619047619047
        ]
      ],
      [
        [
          44.66666666666666,
          400.85714285714283
        ],
        [
          182.76190476190476,
          404.66666666666663
        ],
        [
          182.76190476190476,
          329.4285714285714
        ],
        [
          307.5238095238095,
          331.3333333333333
        ],
        [
          308.4761904761905,
          685.6190476190476
        ],
        [
          44.66666666666666,
          682.7619047619047
        ]
      ]
    ],
    "廊下": [
      [
        [
          324.66666666666663,
          330.38095238095235
        ],
        [
          512.2857142857142,
          330.38095238095235
        ],
        [
          511.33333333333326,
          138.95238095238093
        ],
        [
          586.5714285714286,
          138.95238095238093
        ],
        [
          587.5238095238095,
          496.0952380952381
        ],
        [
          325.6190476190476,
          497.04761904761904
        ]
      ]
    ],
    "引戸": [
      [
        566.9421487603306,
        48.14049586776859,
        624.6115702479339,
        218.05509641873277
      ],
      [
        695.8433687524597,
        200.58953168044076,
        862.8099173553719,
        253.09917355371903
      ]
    ],
    "折戸": [
      [
        87.60330578512396,
        49.79338842975207,
        147.52380952380952,
        179.9047619047619
      ],
      [
        41.32231404958678,
        369.6280991735537,
        186.57142857142856,
        430.38095238095235
      ],
      [
        415.1428571428571,
        305.6190476190476,
        504.66666666666663,
        359.90476190476187
      ]
    ],
    "開戸": [
      [
        323.7142857142857,
        236.09523809523807,
        407.43801652892563,
        350.6198347107438
      ],
      [
        232.28571428571428,
        323.7142857142857,
        347.93388429752065,
        401.0330578512397
      ],
      [
        566.9421487603306,
        226.6528925619835,
        674.1904761904761,
        308.4761904761905
      ]
    ]
  }
}