{
  "labels": {
    "洋室": [
      [
        [
          135.07109004739337,
          82.95260663507109
        ],
        [
          197.63033175355451,
          82.95260663507109
        ],
        [
          197.63033175355451,
          297.1706161137441
        ],
        [
          135.07109004739337,
          297.1706161137441
        ]
      ],
      [
        [
          197.63033175355451,
          177.26540284360192
        ],
        [
          255.45023696682466,
          177.26540284360192
        ],
        [
          255.45023696682466,
          297.1706161137441
        ],
        [
          197.63033175355451,
          297.1706161137441
        ]
      ],
      [
        [
          257.81990521327015,
          175.39636873372942
        ],
        [
          317.2535211267606,
          175.39636873372942
        ],
        [
          317.2535211267606,
          295.77464788732397
        ],
        [
          257.81990521327015,
          295.77464788732397
        ]
      ],
      [
        [
          322.3967024898205,
          144.80762298911955
        ],
        [
          411.4962285561712,
          144.80762298911955
        ],
        [
          411.4962285561712,
          295.51852346305316
        ],
        [
          322.3967024898205,
          295.51852346305316
        ]
      ]
    ],
    "廊下": [
      [
        [
          198.10426540284362,
          112.81042654028437
        ],
        [
          195.26066350710903,
          173.4739336492891
        ],
        [
          318.957345971564,
          173.94786729857822
        ],
        [
          319.9052132701422,
          145.03791469194314
        ],
        [
          226.5402843601896,
          143.61611374407585
        ],
        [
          227.48815165876778,
          114.70616113744077
        ]
      ]
    ],
    "折戸": [
      [
        199.64788732394365,
        101.7605633802817,
        222.53521126760563,
        124.3333555837394
      ]
    ],
    "引戸": [
      [
        203.5211267605634,
        165.21347039583472,
        252.83692677391366,
        181.33802816901408
      ],
      [
        189.43661971830986,
        117.3194713303518,
        202.55990921834325,
        169.71830985915494
      ],
      [
        265.84507042253523,
        165.45711234230026,
        317.8209064815433,
        179.22535211267606
      ],
      [
        265.84507042253523,
        135.35565049062146,
        314.77371337026904,
        150.70422535211267
      ],
      [
        310.9004739336493,
        145.51184834123222,
        327.11267605633805,
        197.1830985915493
      ]
    ]
  }
}