{
  "labels": {
    "LDK": [
      [
        [
          9.073298429319323,
          11.56544502617801
        ],
        [
          126.35078534031408,
          12.089005235602093
        ],
        [
          124.78010471204186,
          184.86387434554973
        ],
        [
          80.27748691099475,
          185.38743455497382
        ],
        [
          80.27748691099475,
          243.5026178010471
        ],
        [
          8.54973821989529,
          242.45549738219893
        ]
      ]
    ],
    "浴室": [
      [
        [
          139.96335078534025,
          188.00523560209422
        ],
        [
          81.84816753926697,
          187.48167539267016
        ],
        [
          81.32460732984288,
          241.93193717277484
        ],
        [
          137.86910994764395,
          243.5026178010471
        ]
      ]
    ],
    "廊下": [
      [
        [
          53.57591623036649,
          245.07329842931935
        ],
        [
          52.52879581151831,
          332.5078534031413
        ],
        [
          8.54973821989529,
          331.98429319371724
        ],
        [
          7.5026178010471085,
          390.6230366492146
        ],
        [
          50.958115183246036,
          391.6701570680628
        ],
        [
          50.958115183246036,
          361.30366492146595
        ],
        [
          81.84816753926697,
          362.35078534031413
        ],
        [
          81.32460732984288,
          244.54973821989526
        ]
      ]
    ],
    "開戸": [
      [
        10.643979057591594,
        12.612565445026178,
        43.628272251308886,
        45.596858638743456
      ],
      [
        44.12168808503884,
        362.6807869268602,
        78.69696969696969,
        389.99999999999994
      ]
    ],
    "引戸": [
      [
        23.821830874186844,
        230.77058543550686,
        77.48484848484847,
        253.9393939393939
      ],
      [
        39.0,
        245.75757575757575,
        63.49658892590827,
        299.55211803902904
      ],
      [
        81.43478260869563,
        236.5,
        136.86956521739125,
        254.43478260869563
      ],
      [
        67.98651435824206,
        245.56830080913846,
        89.9090909090909,
        303.93939393939394
      ]
    ],
    "折戸": [
      [
        82.14802475011896,
        354.74488338886243,
        138.6969696969697,
        379.3939393939394
      ],
      [
        10.606060606060595,
        325.42424242424244,
        50.21212121212119,
        348.18181818181813
      ],
      [
        33.81707123591937,
        392.9092495636998,
        56.575757575757564,
        448.78787878787875
      ]
    ]
  }
}