{
  "labels": {
    "洋室": [
      [
        [
          90.10958904109589,
          183.56164383561645
        ],
        [
          267.5068493150685,
          184.93150684931507
        ],
        [
          268.19178082191786,
          255.47945205479454
        ],
        [
          198.32876712328766,
          256.16438356164383
        ],
        [
          197.64383561643842,
          360.2739726027397
        ],
        [
          92.16438356164383,
          363.013698630137
        ]
      ]
    ],
    "廊下": [
      [
        [
          199.01369863013701,
          291.09589041095893
        ],
        [
          232.57534246575347,
          291.09589041095893
        ],
        [
          233.94520547945206,
          400.0
        ],
        [
          268.8767123287671,
          399.3150684931507
        ],
        [
          266.82191780821915,
          436.3013698630137
        ],
        [
          199.01369863013701,
          436.98630136986304
        ]
      ]
    ],
    "折戸": [
      [
        229.83561643835617,
        274.6575342465753,
        248.32876712328766,
        329.45205479452056
      ],
      [
        198.32876712328766,
        279.45205479452056,
        231.20547945205476,
        305.47945205479454
      ],
      [
        180.48275862068965,
        198.13793103448276,
        205.83939537080778,
        254.7945205479452
      ]
    ],
    "引戸": [
      [
        186.68493150684935,
        256.16438356164383,
        205.17808219178085,
        326.027397260274
      ],
      [
        186.65517241379314,
        367.96551724137936,
        208.20689655172418,
        428.3103448275862
      ]
    ],
    "開戸": [
      [
        211.52631578947364,
        359.4736842105263,
        238.74693583273262,
        398.7959625090122
      ]
    ]
  }
}