{
  "labels": {
    "洋室": [
      [
        [
          333.54330708661416,
          231.28346456692913
        ],
        [
          436.6929133858267,
          232.07086614173227
        ],
        [
          435.11811023622045,
          404.51181102362204
        ],
        [
          333.54330708661416,
          403.7244094488189
        ]
      ]
    ],
    "浴室": [
      [
        [
          367.40157480314963,
          125.77165354330708
        ],
        [
          435.90551181102364,
          125.77165354330708
        ],
        [
          435.11811023622045,
          195.06299212598424
        ],
        [
          369.763779527559,
          195.06299212598424
        ]
      ]
    ],
    "LDK": [
      [
        [
          123.30708661417322,
          123.40944881889763
        ],
        [
          264.251968503937,
          124.19685039370079
        ],
        [
          262.6771653543307,
          400.5748031496063
        ],
        [
          124.09448818897636,
          400.5748031496063
        ]
      ]
    ],
    "廊下": [
      [
        [
          350.0787401574803,
          441.5196850393701
        ],
        [
          265.8267716535433,
          439.9448818897638
        ],
        [
          266.61417322834643,
          372.2283464566929
        ],
        [
          297.32283464566933,
          370.65354330708664
        ],
        [
          299.6850393700787,
          228.92125984251967
        ],
        [
          290.23622047244095,
          228.13385826771653
        ],
        [
          290.23622047244095,
          197.4251968503937
        ],
        [
          363.46456692913387,
          199.0
        ],
        [
          364.25196850393695,
          225.77165354330708
        ],
        [
          328.8188976377953,
          227.3464566929134
        ],
        [
          330.3937007874016,
          405.2992125984252
        ],
        [
          351.6535433070866,
          405.2992125984252
        ]
      ]
    ],
    "開戸": [
      [
        291.81102362204723,
        332.07086614173227,
        321.7322834645669,
        369.86614173228344
      ],
      [
        335.11811023622045,
        192.70078740157481,
        384.72440944881885,
        227.3464566929134
      ]
    ],
    "引戸": [
      [
        370.1889763779527,
        392.6377952755905,
        432.0,
        414.0
      ],
      [
        320.88188976377955,
        335.003937007874,
        342.5,
        401.0
      ],
      [
        298.8976377952756,
        184.9015748031496,
        364.0,
        204.5
      ],
      [
        357.1023622047244,
        128.98031496062993,
        379.0,
        192.0
      ],
      [
        252.79133858267716,
        337.503937007874,
        271.5,
        400.5
      ],
      [
        126.1692913385827,
        392.9133858267717,
        258.5,
        412.5
      ],
      [
        287.73622047244095,
        128.0551181102362,
        307.5,
        191.0
      ],
      [
        313.7952755905512,
        441.23228346456693,
        328.0,
        504.0
      ]
    ],
    "折戸": [
      [
        216.2204724409449,
        431.2834645669291,
        235.11811023622045,
        506.87401574803147
      ]
    ]
  }
}