{
  "labels": {
    "LDK": [
      [
        [
          121.71428571428578,
          89.61904761904762
        ],
        [
          122.90476190476193,
          796.7619047619048
        ],
        [
          476.4761904761905,
          797.952380952381
        ],
        [
          474.0952380952381,
          172.95238095238096
        ],
        [
          565.7619047619048,
          181.28571428571428
        ],
        [
          563.3809523809524,
          83.66666666666669
        ]
      ]
    ],
    "浴室": [
      [
        [
          740.7619047619048,
          87.23809523809524
        ],
        [
          738.3809523809525,
          265.8095238095238
        ],
        [
          916.952380952381,
          267.0
        ],
        [
          919.3333333333335,
          84.85714285714286
        ]
      ]
    ],
    "廊下": [
      [
        [
          740.7619047619048,
          353.9047619047619
        ],
        [
          916.952380952381,
          351.5238095238095
        ],
        [
          915.7619047619048,
          442.0
        ],
        [
          472.9047619047619,
          444.3809523809524
        ],
        [
          477.66666666666674,
          352.7142857142857
        ],
        [
          649.0952380952381,
          355.09523809523813
        ],
        [
          653.8571428571429,
          263.42857142857144
        ],
        [
          737.1904761904761,
          264.61904761904765
        ]
      ]
    ],
    "開戸": [
      [
        436.80769230769226,
        92.1923076923077,
        502.88461538461536,
        175.84615384615384
      ],
      [
        819.4249084249084,
        358.25457875457874,
        883.6538461538462,
        438.3461538461538
      ],
      [
        671.7142857142858,
        265.8095238095238,
        769.3333333333335,
        356.2857142857143
      ],
      [
        536.5036630036631,
        182.75091575091577,
        607.6923076923076,
        259.5
      ]
    ],
    "引戸": [
      [
        449.30769230769226,
        272.96153846153845,
        499.03846153846155,
        444.1153846153846
      ],
      [
        449.30769230769226,
        457.57692307692304,
        500.96153846153845,
        707.5769230769231
      ],
      [
        573.0769230769231,
        413.34615384615375,
        741.3461538461538,
        465.2692307692308
      ],
      [
        574.0384615384615,
        239.3076923076923,
        736.5384615384615,
        290.2692307692308
      ]
    ],
    "折戸": [
      [
        714.4230769230769,
        177.76923076923077,
        774.0952380952381,
        268.1904761904762
      ],
      [
        564.5714285714286,
        332.4761904761905,
        655.047619047619,
        386.04761904761904
      ]
    ]
  }
}