{
  "labels": {
    "廊下": [
      [
        [
          86.10271903323263,
          87.22054380664652
        ],
        [
          84.29003021148036,
          113.80664652567975
        ],
        [
          110.27190332326283,
          113.20241691842901
        ],
        [
          109.66767371601209,
          192.35649546827796
        ],
        [
          135.3474320241692,
          192.6586102719033
        ],
        [
          137.16012084592145,
          86.01208459214502
        ]
      ]
    ],
    "洋室": [
      [
        [
          7.552870090634441,
          10.181268882175225
        ],
        [
          138.36858006042297,
          10.181268882175225
        ],
        [
          138.36858006042297,
          87.22054380664652
        ],
        [
          7.552870090634441,
          87.22054380664652
        ]
      ],
      [
        [
          2.719033232628399,
          89.03323262839879
        ],
        [
          86.10271903323263,
          89.03323262839879
        ],
        [
          86.10271903323263,
          193.2628398791541
        ],
        [
          2.719033232628399,
          193.2628398791541
        ]
      ],
      [
        [
          133.8368580060423,
          87.82477341389728
        ],
        [
          215.10574018126889,
          87.82477341389728
        ],
        [
          215.10574018126889,
          191.4501510574018
        ],
        [
          133.8368580060423,
          191.4501510574018
        ]
      ]
    ],
    "開戸": [
      [
        79.62831858407078,
        86.61631419939577,
        111.17824773413898,
        111.94690265486724
      ]
    ],
    "折戸": [
      [
        121.75226586102718,
        63.35347432024169,
        138.67069486404833,
        85.70996978851963
      ],
      [
        163.92035398230087,
        81.63716814159291,
        215.40785498489424,
        100.21148036253777
      ],
      [
        69.78851963746223,
        115.31722054380666,
        92.23893805309733,
        136.50442477876103
      ]
    ],
    "引戸": [
      [
        131.4199395770393,
        20.043103448275865,
        143.0,
        59.42598187311178
      ],
      [
        127.48275862068968,
        141.16379310344828,
        144.7241379310345,
        189.8706896551724
      ],
      [
        82.65517241379311,
        79.09482758620692,
        136.377358490566,
        95.05665799175885
      ]
    ]
  }
}