{
  "labels": {
    "LDK": [
      [
        [
          43.19230769230769,
          37.96153846153845
        ],
        [
          38.38461538461538,
          483.1538461538462
        ],
        [
          533.5769230769231,
          485.0769230769231
        ],
        [
          533.5769230769231,
          401.4230769230769
        ],
        [
          453.7692307692308,
          400.46153846153845
        ],
        [
          457.6153846153846,
          194.69230769230768
        ],
        [
          248.0,
          197.5769230769231
        ],
        [
          248.96153846153845,
          142.76923076923077
        ],
        [
          222.03846153846152,
          143.73076923076923
        ],
        [
          226.84615384615384,
          37.0
        ]
      ]
    ],
    "廊下": [
      [
        [
          455.90551181102364,
          194.48818897637796
        ],
        [
          455.90551181102364,
          248.03149606299212
        ],
        [
          481.1023622047244,
          248.81889763779526
        ],
        [
          480.31496062992125,
          300.78740157480314
        ],
        [
          529.9212598425197,
          298.4251968503937
        ],
        [
          529.9212598425197,
          248.81889763779526
        ],
        [
          558.267716535433,
          244.88188976377953
        ],
        [
          558.267716535433,
          194.48818897637796
        ]
      ]
    ],
    "浴室": [
      [
        [
          557.4803149606299,
          296.8503937007874
        ],
        [
          664.5669291338583,
          296.8503937007874
        ],
        [
          664.5669291338583,
          405.51181102362204
        ],
        [
          557.4803149606299,
          405.51181102362204
        ]
      ]
    ],
    "開戸": [
      [
        563.7741935483871,
        280.58698156682027,
        607.1428571428571,
        340.62499999999994
      ]
    ],
    "折戸": [
      [
        200.0,
        46.45669291338583,
        239.44444444444443,
        135.55555555555554
      ]
    ],
    "引戸": [
      [
        457.9145651148445,
        181.23214285714286,
        552.311059907834,
        206.9667123262818
      ],
      [
        474.8031496062992,
        390.61290322580646,
        552.1612903225806,
        410.5969011938024
      ],
      [
        442.5958851917704,
        196.37935883014623,
        469.58064516129025,
        296.5172811059907
      ],
      [
        545.9821428571429,
        158.92857142857142,
        571.4285714285713,
        237.94642857142856
      ]
    ]
  }
}