{
  "labels": {
    "LDK": [
      [
        [
          245.078431372549,
          30.450980392156865
        ],
        [
          241.15686274509804,
          377.5098039215686
        ],
        [
          309.78431372549016,
          378.4901960784314
        ],
        [
          308.80392156862746,
          455.9411764705882
        ],
        [
          453.9019607843137,
          465.7450980392157
        ],
        [
          451.94117647058823,
          446.1372549019608
        ],
        [
          724.4901960784314,
          448.0980392156863
        ],
        [
          721.5490196078431,
          35.35294117647058
        ]
      ]
    ],
    "廊下": [
      [
        [
          202.92156862745097,
          377.5098039215686
        ],
        [
          241.15686274509804,
          494.17647058823525
        ],
        [
          240.17647058823528,
          584.3725490196078
        ],
        [
          306.84313725490193,
          585.3529411764706
        ],
        [
          311.7450980392157,
          378.4901960784314
        ]
      ]
    ],
    "浴室": [
      [
        [
          107.82352941176471,
          28.490196078431367
        ],
        [
          243.11764705882354,
          28.490196078431367
        ],
        [
          243.11764705882354,
          175.54901960784315
        ],
        [
          107.82352941176471,
          175.54901960784315
        ]
      ]
    ],
    "開戸": [
      [
        249.0,
        381.4313725490196,
        331.7410071942445,
        445.4820143884892
      ]
    ],
    "折戸": [
      [
        175.62589928057548,
        146.13725490196077,
        239.19607843137254,
        192.9640287769784
      ],
      [
        329.2647058823529,
        440.2549019607843,
        433.3137254901961,
        479.4117647058823
      ],
      [
        427.6229946524064,
        519.7836281365693,
        472.6470588235294,
        637.5
      ]
    ],
    "引戸": [
      [
        294.09803921568624,
        523.5882352941177,
        328.4117647058823,
        636.3333333333334
      ],
      [
        224.42671744956974,
        245.48201438848918,
        261.2374100719424,
        369.1447312738045
      ],
      [
        111.59712230215825,
        218.86330935251797,
        236.77697841726615,
        256.99280575539564
      ]
    ]
  }
}