{
  "labels": {
    "LDK": [
      [
        [
          328.1020408163265,
          294.8979591836735
        ],
        [
          613.8163265306123,
          291.83673469387753
        ],
        [
          613.8163265306123,
          367.34693877551024
        ],
        [
          751.5714285714287,
          366.3265306122449
        ],
        [
          756.6734693877552,
          507.14285714285717
        ],
        [
          723.0,
          508.16326530612247
        ],
        [
          721.9795918367347,
          578.5714285714286
        ],
        [
          539.3265306122449,
          580.6122448979592
        ],
        [
          541.3673469387755,
          866.3265306122449
        ],
        [
          254.63265306122446,
          869.3877551020408
        ],
        [
          255.65306122448976,
          580.6122448979592
        ],
        [
          326.0612244897959,
          579.5918367346939
        ]
      ]
    ],
    "廊下": [
      [
        [
          613.8163265306123,
          185.71428571428572
        ],
        [
          682.1836734693878,
          187.75510204081633
        ],
        [
          686.265306122449,
          294.8979591836735
        ],
        [
          756.6734693877552,
          295.9183673469388
        ],
        [
          751.5714285714287,
          366.3265306122449
        ],
        [
          612.795918367347,
          367.34693877551024
        ]
      ]
    ],
    "浴室": [
      [
        [
          326.0612244897959,
          151.0204081632653
        ],
        [
          469.9387755102041,
          151.0204081632653
        ],
        [
          468.9183673469388,
          291.83673469387753
        ],
        [
          328.1020408163265,
          292.8571428571429
        ]
      ]
    ],
    "開戸": [
      [
        606.6734693877551,
        176.53061224489795,
        681.6170212765957,
        226.72340425531914
      ]
    ],
    "引戸": [
      [
        590.3903603994789,
        155.01519756838906,
        636.3087277464177,
        289.7090751194095
      ],
      [
        616.7234042553191,
        338.4255319148936,
        755.6964828484586,
        383.49978289188016
      ],
      [
        735.548849326965,
        297.28614850195396,
        770.4042553191489,
        412.89361702127655
      ],
      [
        686.4824142422925,
        366.4133738601824,
        728.9148936170211,
        503.31914893617017
      ],
      [
        547.9240121580548,
        554.1684759009987,
        675.7234042553191,
        604.3829787234042
      ],
      [
        518.3755970473296,
        586.8215371254884,
        566.7234042553191,
        858.6382978723403
      ]
    ],
    "折戸": [
      [
        434.23404255319156,
        227.78723404255317,
        481.3152409900131,
        291.7064698219713
      ],
      [
        718.1584889274859,
        580.7425097698654,
        771.4680851063829,
        723.531914893617
      ],
      [
        719.1788970907512,
        719.4311767260095,
        773.5957446808509,
        865.0212765957447
      ]
    ]
  }
}