{
  "labels": {
    "LDK": [
      [
        [
          209.30434782608694,
          238.5797101449275
        ],
        [
          496.2608695652174,
          238.5797101449275
        ],
        [
          494.8115942028985,
          452.3478260869565
        ],
        [
          352.05797101449275,
          452.3478260869565
        ],
        [
          352.05797101449275,
          380.6086956521739
        ],
        [
          209.30434782608694,
          379.15942028985506
        ]
      ]
    ],
    "廊下": [
      [
        [
          191.91304347826082,
          97.27536231884058
        ],
        [
          192.63768115942025,
          165.39130434782606
        ],
        [
          174.52173913043475,
          165.39130434782606
        ],
        [
          173.07246376811588,
          202.3478260869565
        ],
        [
          210.02898550724632,
          204.52173913043475
        ],
        [
          210.75362318840575,
          237.1304347826087
        ],
        [
          389.7391304347825,
          237.1304347826087
        ],
        [
          389.7391304347825,
          197.27536231884056
        ],
        [
          247.71014492753613,
          196.55072463768116
        ],
        [
          246.26086956521738,
          96.55072463768116
        ]
      ]
    ],
    "折戸": [
      [
        458.5797101449275,
        376.2608695652174,
        486.1159420289854,
        454.52173913043475
      ],
      [
        346.2608695652174,
        244.37681159420288,
        404.231884057971,
        271.9130434782609
      ],
      [
        243.69172932330827,
        188.4736842105263,
        312.11278195488717,
        217.04511278195488
      ],
      [
        303.751879699248,
        131.33082706766916,
        332.43826958701095,
        169.7663724528713
      ]
    ],
    "引戸": [
      [
        200.02026806145795,
        271.2701318513676,
        223.3007518796992,
        341.10526315789474
      ],
      [
        140.593984962406,
        260.65413533834584,
        205.4087392394028,
        285.4632232755802
      ],
      [
        208.5797101449275,
        227.148959354909,
        286.4586466165413,
        250.12781954887217
      ],
      [
        423.79710144927526,
        117.56521739130434,
        499.159420289855,
        147.27536231884056
      ],
      [
        377.4202898550724,
        158.86956521739128,
        406.40579710144925,
        236.40579710144925
      ],
      [
        315.82608695652164,
        184.231884057971,
        389.7391304347825,
        213.94202898550722
      ]
    ],
    "開戸": [
      [
        103.84210526315786,
        263.6616541353383,
        139.18045112781954,
        308.0225563909774
      ],
      [
        388.28985507246375,
        121.91304347826086,
        425.9710144927535,
        167.56521739130434
      ],
      [
        165.10144927536226,
        168.28985507246375,
        205.68115942028982,
        203.79710144927535
      ]
    ]
  }
}