{
  "labels": {
    "LDK": [
      [
        [
          70.83333333333334,
          169.89583333333334
        ],
        [
          69.79166666666667,
          251.14583333333337
        ],
        [
          286.45833333333337,
          252.70833333333337
        ],
        [
          286.9791666666667,
          115.20833333333334
        ],
        [
          207.8125,
          114.6875
        ],
        [
          205.72916666666669,
          143.33333333333334
        ],
        [
          92.1875,
          143.85416666666669
        ],
        [
          92.1875,
          169.375
        ]
      ]
    ],
    "廊下": [
      [
        [
          152.08333333333334,
          90.20833333333334
        ],
        [
          149.47916666666669,
          116.25
        ],
        [
          231.25,
          115.20833333333334
        ],
        [
          230.72916666666669,
          62.08333333333334
        ],
        [
          179.16666666666669,
          61.04166666666667
        ],
        [
          178.64583333333334,
          89.6875
        ]
      ]
    ],
    "浴室": [
      [
        [
          72.91666666666667,
          32.91666666666667
        ],
        [
          123.95833333333334,
          32.91666666666667
        ],
        [
          123.95833333333334,
          90.72916666666669
        ],
        [
          72.91666666666667,
          90.72916666666669
        ]
      ]
    ],
    "開戸": [
      [
        207.0411036036036,
        106.29504504504506,
        229.95777027027026,
        134.42004504504507
      ],
      [
        182.70270270270268,
        52.39055957365815,
        203.6513132851161,
        82.43243243243244
      ],
      [
        86.48648648648648,
        146.45833333333334,
        104.16666666666667,
        168.37837837837836
      ]
    ],
    "折戸": [
      [
        98.95833333333334,
        80.98591549295774,
        124.09859154929578,
        98.02083333333334
      ],
      [
        155.43661971830988,
        136.26760563380282,
        204.02816901408454,
        152.81690140845072
      ]
    ],
    "引戸": [
      [
        145.83333333333334,
        91.08108108108108,
        160.27027027027026,
        136.8918918918919
      ],
      [
        236.42253521126764,
        66.90140845070422,
        278.64864864864865,
        82.97297297297297
      ],
      [
        129.38028169014086,
        83.45070422535211,
        151.21126760563382,
        100.35211267605634
      ],
      [
        124.59459459459458,
        134.05405405405403,
        151.89189189189187,
        148.37837837837836
      ]
    ]
  }
}