{
  "labels": {
    "洋室": [
      [
        [
          199.25,
          447.5
        ],
        [
          484.25,
          450.0
        ],
        [
          481.75,
          733.75
        ],
        [
          195.5,
          731.25
        ]
      ],
      [
        [
          483.0,
          516.25
        ],
        [
          693.0,
          520.0
        ],
        [
          690.5,
          800.0
        ],
        [
          488.0,
          796.25
        ]
      ],
      [
        [
          705.5,
          307.5
        ],
        [
          981.75,
          306.25
        ],
        [
          978.0,
          587.5
        ],
        [
          701.75,
          588.75
        ]
      ]
    ],
    "廊下": [
      [
        [
          486.75,
          447.5
        ],
        [
          696.75,
          453.75
        ],
        [
          696.75,
          513.75
        ],
        [
          490.5,
          512.5
        ]
      ]
    ],
    "開戸": [
      [
        419.25,
        447.5,
        513.6788990825688,
        509.18348623853205
      ],
      [
        489.25,
        415.0,
        558.0,
        480.0
      ]
    ],
    "折戸": [
      [
        344.8715596330275,
        422.9449541284403,
        413.67889908256876,
        475.2385321100917
      ],
      [
        731.75,
        558.75,
        799.25,
        610.0
      ]
    ],
    "引戸": [
      [
        472.5756880733945,
        518.75,
        519.1834862385317,
        772.4862385321101
      ],
      [
        673.3119266055045,
        396.33944954128435,
        720.1009174311926,
        512.8532110091743
      ],
      [
        561.3853211009174,
        494.5045871559633,
        693.4954128440367,
        542.2110091743119
      ]
    ]
  }
}