{
  "labels": {
    "LDK": [
      [
        [
          14.308411214953253,
          12.149532710280374
        ],
        [
          87.67289719626166,
          11.682242990654204
        ],
        [
          89.07476635514018,
          70.5607476635514
        ],
        [
          133.0,
          71.96261682242991
        ],
        [
          133.46728971962614,
          157.94392523364485
        ],
        [
          148.4205607476635,
          157.47663551401868
        ],
        [
          147.48598130841117,
          278.50467289719626
        ],
        [
          132.5327102803738,
          277.5700934579439
        ],
        [
          132.06542056074767,
          322.8971962616822
        ],
        [
          14.308411214953253,
          320.0934579439252
        ]
      ]
    ],
    "浴室": [
      [
        [
          132.02912621359224,
          367.847745213683
        ],
        [
          131.0945467743399,
          425.3243807277017
        ],
        [
          190.90763088648941,
          426.258960166954
        ],
        [
          189.97305144723708,
          366.4458760548045
        ]
      ]
    ],
    "廊下": [
      [
        [
          63.37383177570092,
          320.0934579439252
        ],
        [
          63.84112149532706,
          349.5327102803738
        ],
        [
          72.2523364485981,
          350.0
        ],
        [
          72.2523364485981,
          363.55140186915884
        ],
        [
          132.5327102803738,
          364.95327102803736
        ],
        [
          133.0,
          321.02803738317755
        ]
      ]
    ],
    "折戸": [
      [
        104.41293532338307,
        90.04975124378109,
        129.78606965174123,
        115.4228855721393
      ],
      [
        64.11442786069648,
        363.18407960199,
        85.00995024875618,
        407.46268656716416
      ],
      [
        135.59223300970876,
        355.8252427184466,
        161.35949550857458,
        376.544778150803
      ],
      [
        36.25373134328356,
        264.67661691542287,
        58.38056022401372,
        320.93736922862325
      ]
    ],
    "開戸": [
      [
        54.66169154228851,
        327.8606965174129,
        83.75324313014369,
        349.75821825452175
      ]
    ],
    "引戸": [
      [
        122.48543689320388,
        326.6990291262136,
        140.4466019417476,
        361.6504854368932
      ],
      [
        78.54228855721391,
        310.94527363184073,
        128.79104477611935,
        330.3482587064676
      ]
    ]
  }
}