{
  "labels": {
    "LDK": [
      [
        [
          863.2982456140348,
          314.52631578947364
        ],
        [
          1333.473684210526,
          318.0350877192982
        ],
        [
          1336.9824561403507,
          1265.4035087719296
        ],
        [
          863.2982456140348,
          1258.3859649122805
        ]
      ]
    ],
    "浴室": [
      [
        [
          387.8596491228069,
          316.2807017543859
        ],
        [
          629.9649122807016,
          318.0350877192982
        ],
        [
          626.4561403508771,
          551.3684210526316
        ],
        [
          394.877192982456,
          547.8596491228069
        ]
      ]
    ],
    "廊下": [
      [
        [
          507.1578947368421,
          674.1754385964912
        ],
        [
          510.6666666666665,
          905.7543859649122
        ],
        [
          861.5438596491226,
          907.5087719298244
        ],
        [
          859.7894736842104,
          786.4561403508771
        ],
        [
          624.7017543859647,
          786.4561403508771
        ],
        [
          621.1929824561403,
          667.157894736842
        ]
      ]
    ],
    "折戸": [
      [
        475.86885245901647,
        1027.704918032787,
        567.2671843543282,
        1249.3264308311757
      ]
    ],
    "引戸": [
      [
        824.7305148116191,
        915.5904515386826,
        895.5409836065573,
        1252.295081967213
      ],
      [
        633.2459016393443,
        867.0491803278688,
        840.8075927523728,
        934.7448950244465
      ],
      [
        410.6666666666665,
        635.5789473684209,
        628.2105263157894,
        716.2807017543859
      ],
      [
        833.5887259131434,
        681.9982743744607,
        900.2553925798102,
        901.2965199884958
      ],
      [
        824.7017543859647,
        319.78947368421046,
        891.3684210526314,
        542.5964912280701
      ],
      [
        592.2622950819673,
        324.42622950819674,
        656.2131147540983,
        535.9016393442625
      ]
    ],
    "開戸": [
      [
        749.2631578947367,
        761.8947368421052,
        861.5438596491226,
        846.1052631578947
      ],
      [
        749.2631578947367,
        496.06212251941326,
        852.9180327868853,
        580.1639344262295
      ],
      [
        1224.7017543859647,
        347.85964912280696,
        1321.7704918032787,
        430.9836065573771
      ]
    ]
  }
}