{
  "labels": {
    "LDK": [
      [
        [
          127.5,
          131.25
        ],
        [
          199.16666666666669,
          131.66666666666669
        ],
        [
          201.25,
          180.83333333333334
        ],
        [
          274.58333333333337,
          180.41666666666669
        ],
        [
          275.4166666666667,
          205.41666666666669
        ],
        [
          323.75,
          205.83333333333334
        ],
        [
          324.58333333333337,
          304.58333333333337
        ],
        [
          201.66666666666669,
          304.1666666666667
        ],
        [
          202.5,
          291.25
        ],
        [
          127.5,
          290.83333333333337
        ]
      ]
    ],
    "浴室": [
      [
        [
          249.58333333333337,
          131.66666666666669
        ],
        [
          200.41666666666669,
          131.25
        ],
        [
          200.41666666666669,
          180.0
        ],
        [
          250.83333333333337,
          181.25
        ]
      ]
    ],
    "廊下": [
      [
        [
          275.83333333333337,
          180.41666666666669
        ],
        [
          324.1666666666667,
          182.08333333333334
        ],
        [
          324.58333333333337,
          203.75
        ],
        [
          275.83333333333337,
          203.33333333333334
        ]
      ]
    ],
    "開戸": [
      [
        145.83333333333337,
        290.83333333333337,
        171.25,
        315.4166666666667
      ],
      [
        142.5,
        316.25,
        171.54838709677418,
        353.8709677419355
      ],
      [
        312.19354838709677,
        181.29032258064515,
        334.58333333333337,
        205.41666666666669
      ],
      [
        324.56989247311833,
        175.48387096774192,
        348.3225806451613,
        195.6451612903226
      ]
    ],
    "折戸": [
      [
        200.0,
        197.5,
        228.33333333333337,
        218.33333333333334
      ],
      [
        319.48924731182797,
        219.58333333333334,
        361.5483870967742,
        241.29032258064515
      ]
    ],
    "引戸": [
      [
        277.6774193548387,
        195.16129032258064,
        324.58333333333337,
        215.41666666666669
      ],
      [
        255.4193548387097,
        175.48387096774192,
        299.2903225806451,
        188.70967741935485
      ],
      [
        241.54838709677418,
        135.16129032258064,
        261.25,
        180.41666666666669
      ],
      [
        313.2258064516129,
        212.54032258064515,
        330.9032258064516,
        259.0322580645161
      ]
    ]
  }
}