{
  "labels": {
    "洋室": [
      [
        [
          356.25,
          157.125
        ],
        [
          496.25,
          157.75
        ],
        [
          493.75,
          436.5
        ],
        [
          322.5,
          436.5
        ],
        [
          323.125,
          332.75
        ],
        [
          355.625,
          333.375
        ]
      ]
    ],
    "廊下": [
      [
        [
          355.0,
          126.5
        ],
        [
          270.0,
          124.625
        ],
        [
          268.75,
          171.5
        ],
        [
          308.125,
          171.5
        ],
        [
          303.75,
          297.75
        ],
        [
          233.125,
          297.75
        ],
        [
          235.0,
          333.375
        ],
        [
          356.25,
          334.0
        ]
      ]
    ],
    "開戸": [
      [
        341.7402597402597,
        260.038961038961,
        386.60714285714283,
        297.05194805194805
      ],
      [
        342.38961038961037,
        300.94805194805195,
        387.1948051948052,
        332.1168831168831
      ],
      [
        329.1883116883116,
        125.99675324675326,
        368.3636363636364,
        156.14285714285714
      ],
      [
        255.7224025974026,
        140.97240259740258,
        300.1818181818182,
        174.32467532467533
      ]
    ],
    "引戸": [
      [
        341.948051948052,
        336.06980519480516,
        370.3116883116883,
        432.1168831168831
      ],
      [
        396.875,
        178.375,
        490.0,
        206.5
      ],
      [
        273.125,
        117.75,
        355.625,
        137.75
      ]
    ]
  }
}