{
  "labels": {
    "浴室": [
      [
        [
          51.37037037037035,
          51.11111111111111
        ],
        [
          184.7037037037037,
          52.59259259259259
        ],
        [
          182.48148148148147,
          151.11111111111111
        ],
        [
          54.333333333333314,
          151.85185185185185
        ]
      ]
    ],
    "LDK": [
      [
        [
          373.59259259259255,
          17.777777777777775
        ],
        [
          598.7777777777777,
          18.51851851851852
        ],
        [
          601.7407407407406,
          573.3333333333333
        ],
        [
          371.3703703703703,
          570.3703703703703
        ]
      ]
    ],
    "廊下": [
      [
        [
          198.037037037037,
          157.77777777777777
        ],
        [
          250.62962962962962,
          160.74074074074073
        ],
        [
          249.14814814814815,
          282.22222222222223
        ],
        [
          309.88888888888886,
          282.96296296296293
        ],
        [
          308.4074074074074,
          335.55555555555554
        ],
        [
          188.4074074074074,
          335.55555555555554
        ],
        [
          186.18518518518516,
          365.18518518518516
        ],
        [
          80.25925925925924,
          362.96296296296293
        ],
        [
          78.77777777777777,
          286.66666666666663
        ],
        [
          195.81481481481478,
          285.9259259259259
        ]
      ]
    ],
    "開戸": [
      [
        263.2222222222222,
        285.18518518518516,
        332.1111111111111,
        336.29629629629625
      ],
      [
        21.484848484848484,
        254.15151515151513,
        81.0,
        322.22222222222223
      ]
    ],
    "折戸": [
      [
        191.78787878787878,
        374.75757575757575,
        315.074074074074,
        432.59259259259255
      ],
      [
        313.0,
        48.090909090909086,
        365.4444444444444,
        97.03703703703702
      ],
      [
        223.22222222222223,
        165.18518518518516,
        261.7407407407407,
        282.22222222222223
      ],
      [
        165.1212121212121,
        109.3030303030303,
        212.78451178451178,
        156.29629629629628
      ]
    ],
    "引戸": [
      [
        346.050505050505,
        339.9326599326599,
        390.57575757575756,
        574.7575757575758
      ],
      [
        348.5151515151515,
        63.242424242424235,
        389.12121212121207,
        163.84848484848484
      ],
      [
        169.12121212121212,
        170.5151515151515,
        214.2121212121212,
        283.2424242424242
      ],
      [
        193.39057239057237,
        138.5185185185185,
        296.6363636363636,
        182.030303030303
      ],
      [
        53.18181818181816,
        347.3030303030303,
        92.57575757575756,
        457.0
      ]
    ]
  }
}