{
  "labels": {
    "浴室": [
      [
        [
          51.46846846846846,
          42.24324324324324
        ],
        [
          51.46846846846846,
          189.99099099099098
        ],
        [
          225.34234234234233,
          196.2972972972973
        ],
        [
          230.74774774774772,
          45.846846846846844
        ]
      ]
    ],
    "LDK": [
      [
        [
          46.063063063063055,
          190.89189189189187
        ],
        [
          34.35135135135135,
          714.3153153153153
        ],
        [
          403.7207207207207,
          723.3243243243243
        ],
        [
          411.8288288288288,
          202.60360360360357
        ]
      ]
    ],
    "廊下": [
      [
        [
          415.4324324324324,
          44.04504504504504
        ],
        [
          413.6306306306306,
          273.77477477477476
        ],
        [
          482.99999999999994,
          275.57657657657654
        ],
        [
          488.40540540540536,
          46.747747747747745
        ]
      ]
    ],
    "開戸": [
      [
        392.3529411764706,
        209.41176470588235,
        472.3529411764706,
        264.11764705882354
      ],
      [
        436.47058823529414,
        70.0,
        512.3529411764706,
        116.47058823529412
      ]
    ],
    "折戸": [
      [
        203.52941176470588,
        134.7058823529412,
        245.29411764705884,
        185.29411764705884
      ]
    ],
    "引戸": [
      [
        283.5294117647059,
        172.94117647058823,
        405.29411764705884,
        217.05882352941177
      ],
      [
        384.70588235294116,
        434.11764705882354,
        431.1764705882353,
        630.0
      ],
      [
        486.47058823529414,
        169.41176470588235,
        583.5294117647059,
        191.1764705882353
      ],
      [
        490.0,
        403.52941176470586,
        619.4117647058823,
        444.70588235294116
      ]
    ]
  }
}