{
  "labels": {
    "洋室": [
      [
        [
          36.66129032258064,
          29.032258064516128
        ],
        [
          132.2258064516129,
          29.838709677419356
        ],
        [
          132.6290322580645,
          100.40322580645162
        ],
        [
          37.87096774193549,
          99.59677419354838
        ]
      ],
      [
        [
          155.61290322580646,
          30.64516129032258
        ],
        [
          250.77419354838707,
          31.85483870967742
        ],
        [
          249.9677419354839,
          102.41935483870968
        ],
        [
          156.01612903225808,
          101.20967741935483
        ]
      ],
      [
        [
          156.01612903225808,
          195.16129032258064
        ],
        [
          237.8709677419355,
          197.17741935483872
        ],
        [
          238.27419354838707,
          291.93548387096774
        ],
        [
          154.40322580645162,
          290.7258064516129
        ]
      ]
    ],
    "廊下": [
      [
        [
          133.43548387096774,
          79.83870967741936
        ],
        [
          154.40322580645162,
          79.43548387096774
        ],
        [
          152.79032258064515,
          218.1451612903226
        ],
        [
          109.64516129032259,
          218.1451612903226
        ],
        [
          109.24193548387098,
          198.79032258064515
        ],
        [
          133.03225806451613,
          199.19354838709677
        ],
        [
          133.03225806451613,
          124.59677419354838
        ],
        [
          110.0483870967742,
          124.19354838709677
        ],
        [
          110.0483870967742,
          102.8225806451613
        ],
        [
          133.03225806451613,
          102.41935483870968
        ]
      ]
    ],
    "折戸": [
      [
        149.28571428571428,
        31.428571428571427,
        169.32258064516128,
        77.41935483870968
      ],
      [
        47.53456221198158,
        88.70967741935483,
        71.0,
        108.57142857142857
      ],
      [
        145.85714285714286,
        244.85714285714286,
        165.85714285714286,
        267.7142857142857
      ]
    ],
    "開戸": [
      [
        149.56451612903226,
        78.62903225806451,
        180.20967741935482,
        104.03225806451613
      ],
      [
        110.71428571428572,
        82.28571428571429,
        132.6290322580645,
        108.01612903225806
      ],
      [
        146.71428571428572,
        197.14285714285714,
        177.58755760368663,
        219.7073732718894
      ]
    ],
    "引戸": [
      [
        98.7037037037037,
        98.65319865319864,
        116.54882154882154,
        146.8013468013468
      ]
    ]
  }
}