{
  "labels": {
    "LDK": [
      [
        [
          73.0,
          245.1875
        ],
        [
          74.5625,
          788.9375
        ],
        [
          471.4375,
          796.75
        ],
        [
          468.3125,
          646.75
        ],
        [
          769.875,
          648.3125
        ],
        [
          769.875,
          238.9375
        ]
      ]
    ],
    "廊下": [
      [
        [
          670.0280373831775,
          125.4485981308411
        ],
        [
          669.875,
          248.3125
        ],
        [
          915.1875,
          248.3125
        ],
        [
          918.3125,
          42.0625
        ],
        [
          865.1875,
          45.1875
        ],
        [
          862.0625,
          121.75
        ]
      ]
    ],
    "浴室": [
      [
        [
          73.0,
          46.75
        ],
        [
          268.3125,
          46.75
        ],
        [
          268.3125,
          245.1875
        ],
        [
          73.0,
          245.1875
        ]
      ]
    ],
    "開戸": [
      [
        650.4018691588784,
        160.8271028037383,
        746.1308411214953,
        233.85981308411215
      ],
      [
        677.6290887850467,
        216.78504672897196,
        756.0093457943925,
        331.9906542056075
      ]
    ],
    "折戸": [
      [
        222.98539719626166,
        151.61682242990653,
        287.78504672897196,
        232.99415887850466
      ],
      [
        678.607476635514,
        96.80841121495328,
        864.4205607476634,
        172.17757009345794
      ],
      [
        926.1028037383177,
        208.62616822429905,
        1060.6822429906542,
        270.30841121495325
      ],
      [
        784.0467289719626,
        319.84112149532706,
        909.2803738317756,
        375.91588785046724
      ]
    ],
    "引戸": [
      [
        284.9813084112149,
        222.39252336448598,
        464.92464953271025,
        268.4392523364486
      ],
      [
        743.8598130841121,
        361.7032710280374,
        799.8691588785047,
        624.5140186915887
      ],
      [
        482.1775700934579,
        225.4485981308411,
        660.6822429906541,
        273.11214953271025
      ],
      [
        103.67289719626167,
        504.8878504672896,
        155.07476635514018,
        584.3271028037382
      ]
    ]
  }
}