{
  "labels": {
    "浴室": [
      [
        [
          16.08695652173911,
          25.217391304347824
        ],
        [
          103.47826086956519,
          25.652173913043477
        ],
        [
          104.3478260869565,
          111.7391304347826
        ],
        [
          16.956521739130423,
          111.30434782608694
        ]
      ]
    ],
    "洋室": [
      [
        [
          104.3478260869565,
          154.78260869565216
        ],
        [
          278.2608695652173,
          156.08695652173913
        ],
        [
          277.39130434782606,
          283.9130434782608
        ],
        [
          103.91304347826085,
          283.9130434782608
        ]
      ]
    ],
    "廊下": [
      [
        [
          63.47826086956519,
          115.21739130434781
        ],
        [
          193.91304347826082,
          115.65217391304347
        ],
        [
          194.78260869565213,
          95.21739130434781
        ],
        [
          273.4782608695652,
          95.65217391304347
        ],
        [
          272.6086956521739,
          150.43478260869563
        ],
        [
          99.56521739130432,
          151.7391304347826
        ],
        [
          99.13043478260866,
          241.73913043478257
        ],
        [
          64.78260869565216,
          242.60869565217388
        ]
      ]
    ],
    "引戸": [
      [
        110.81732985097554,
        94.8348440620679,
        180.74911660777386,
        127.91519434628975
      ],
      [
        148.15178982946685,
        139.2640958672607,
        225.62544169611306,
        172.08480565371025
      ]
    ],
    "折戸": [
      [
        83.92932862190813,
        69.96466431095406,
        117.09325549239514,
        110.8695652173913
      ],
      [
        44.644338608081085,
        125.97941312029496,
        81.45583038869259,
        207.42049469964664
      ]
    ]
  }
}