{
  "labels": {
    "浴室": [
      [
        [
          170.09929078014187,
          129.7872340425532
        ],
        [
          234.63829787234044,
          130.49645390070924
        ],
        [
          233.92907801418443,
          194.3262411347518
        ],
        [
          168.68085106382983,
          194.3262411347518
        ]
      ]
    ],
    "LDK": [
      [
        [
          275.06382978723406,
          131.20567375886526
        ],
        [
          410.5248226950355,
          131.20567375886526
        ],
        [
          412.6524822695036,
          448.22695035461
        ],
        [
          275.7730496453901,
          448.936170212766
        ]
      ]
    ],
    "廊下": [
      [
        [
          216.90780141843976,
          346.8085106382979
        ],
        [
          270.09929078014187,
          346.09929078014187
        ],
        [
          269.39007092198585,
          446.09929078014187
        ],
        [
          240.31205673758865,
          446.09929078014187
        ],
        [
          240.31205673758865,
          412.76595744680856
        ],
        [
          231.0921985815603,
          414.1843971631206
        ],
        [
          231.80141843971631,
          395.0354609929078
        ],
        [
          216.90780141843976,
          395.74468085106383
        ]
      ],
      [
        [
          233.2198581560284,
          310.63829787234044
        ],
        [
          269.39007092198585,
          310.63829787234044
        ],
        [
          269.39007092198585,
          339.0070921985816
        ],
        [
          233.2198581560284,
          339.0070921985816
        ]
      ]
    ],
    "開戸": [
      [
        231.80141843971631,
        417.73049645390074,
        263.7163120567376,
        449.645390070922
      ],
      [
        238.8936170212766,
        301.4184397163121,
        271.5177304964539,
        326.2411347517731
      ]
    ],
    "引戸": [
      [
        262.81699203041603,
        352.0911018498209,
        284.96907216494844,
        415.4639175257732
      ],
      [
        260.689332455948,
        201.6743437888426,
        282.3917525773196,
        259.7938144329897
      ],
      [
        204.3355999122615,
        262.15544344520004,
        268.4742268041237,
        281.9587628865979
      ]
    ],
    "折戸": [
      [
        204.1418439716312,
        181.56028368794327,
        236.05673758865248,
        206.38297872340428
      ]
    ]
  }
}