{
  "labels": {
    "浴室": [
      [
        [
          423.0,
          150.0
        ],
        [
          549.0,
          153.0
        ],
        [
          547.0,
          277.0
        ],
        [
          428.0,
          276.0
        ]
      ]
    ],
    "LDK": [
      [
        [
          321.0,
          432.0
        ],
        [
          826.0,
          434.0
        ],
        [
          820.0,
          703.0
        ],
        [
          274.0,
          700.0
        ],
        [
          277.0,
          498.0
        ],
        [
          321.0,
          498.0
        ]
      ]
    ],
    "廊下": [
      [
        [
          557.0,
          358.0
        ],
        [
          820.0,
          360.0
        ],
        [
          821.0,
          421.0
        ],
        [
          560.0,
          421.0
        ]
      ],
      [
        [
          349.0,
          290.0
        ],
        [
          408.0,
          291.0
        ],
        [
          410.0,
          424.0
        ],
        [
          347.88888888888886,
          424.3333333333333
        ]
      ]
    ],
    "洋室": [
      [
        [
          146.0,
          214.0
        ],
        [
          282.0,
          218.0
        ],
        [
          283.0,
          144.0
        ],
        [
          346.0,
          145.0
        ],
        [
          342.0,
          420.0
        ],
        [
          146.0,
          421.0
        ]
      ]
    ],
    "開戸": [
      [
        356.16666666666674,
        267.33333333333337,
        414.0,
        349.0
      ],
      [
        310.33333333333337,
        432.33333333333337,
        354.0,
        493.0
      ]
    ],
    "引戸": [
      [
        418.0,
        263.0,
        542.3333333333334,
        304.3333333333333
      ],
      [
        561.2222222222222,
        404.3333333333333,
        680.1111111111111,
        448.77777777777777
      ],
      [
        348.0,
        415.0,
        417.0,
        433.0
      ],
      [
        407.0,
        294.0,
        426.0,
        361.0
      ],
      [
        679.0,
        219.88888888888886,
        719.0,
        354.3333333333333
      ],
      [
        337.0,
        351.0,
        352.0,
        418.0
      ],
      [
        347.0,
        418.0,
        476.77777777777777,
        444.3333333333333
      ]
    ],
    "折戸": [
      [
        145.0,
        206.0,
        282.0,
        241.0
      ]
    ]
  }
}