{
  "labels": {
    "洋室": [
      [
        [
          92.46575342465752,
          159.95890410958904
        ],
        [
          245.8904109589041,
          160.64383561643837
        ],
        [
          247.94520547945206,
          569.5479452054794
        ],
        [
          93.83561643835617,
          570.9178082191781
        ]
      ]
    ],
    "浴室": [
      [
        [
          295.20547945205476,
          57.9041095890411
        ],
        [
          296.57534246575347,
          159.95890410958904
        ],
        [
          397.94520547945206,
          159.27397260273972
        ],
        [
          395.8904109589041,
          59.273972602739725
        ]
      ]
    ],
    "LDK": [
      [
        [
          246.57534246575347,
          366.1232876712329
        ],
        [
          395.8904109589041,
          366.8082191780822
        ],
        [
          399.31506849315065,
          572.9726027397261
        ],
        [
          246.57534246575347,
          570.2328767123288
        ]
      ]
    ],
    "廊下": [
      [
        [
          194.52054794520546,
          110.64383561643835
        ],
        [
          296.57534246575347,
          110.64383561643835
        ],
        [
          293.83561643835617,
          364.75342465753425
        ],
        [
          246.57534246575347,
          364.75342465753425
        ],
        [
          245.20547945205476,
          161.32876712328766
        ],
        [
          193.83561643835617,
          160.64383561643837
        ]
      ]
    ],
    "折戸": [
      [
        100.24288351306717,
        199.80637326338288,
        244.16312056737593,
        237.29787234042556
      ]
    ],
    "引戸": [
      [
        228.55319148936178,
        423.82269503546104,
        261.88652482269504,
        517.4397163120568
      ],
      [
        232.0992907801418,
        264.2482269503546,
        262.60283687943263,
        359.2836879432624
      ],
      [
        246.9396677353542,
        349.7820849120762,
        343.44680851063833,
        379.8510638297873
      ],
      [
        283.65879724084334,
        269.20305061692414,
        309.404255319149,
        362.1205673758866
      ],
      [
        301.60283687943263,
        250.77304964539007,
        390.9716312056738,
        274.177304964539
      ],
      [
        301.60283687943263,
        147.22695035460993,
        389.5531914893618,
        171.34042553191492
      ]
    ],
    "開戸": [
      [
        178.19858156028374,
        112.47517730496455,
        234.22695035460993,
        158.5744680851064
      ]
    ]
  }
}