{
  "labels": {
    "LDK": [
      [
        [
          5.586466165413533,
          242.60902255639095
        ],
        [
          4.834586466165412,
          600.5037593984962
        ],
        [
          394.30827067669173,
          600.5037593984962
        ],
        [
          390.5488721804511,
          162.9097744360902
        ],
        [
          184.53383458646616,
          161.406015037594
        ],
        [
          185.28571428571428,
          242.60902255639095
        ]
      ]
    ],
    "廊下": [
      [
        [
          393.5563909774436,
          360.65413533834584
        ],
        [
          391.30075187969925,
          481.7067669172932
        ],
        [
          454.45864661654133,
          447.12030075187965
        ],
        [
          451.45112781954884,
          360.65413533834584
        ]
      ],
      [
        [
          180.77443609022555,
          162.9097744360902
        ],
        [
          387.5413533834586,
          162.9097744360902
        ],
        [
          386.7894736842105,
          66.66917293233082
        ],
        [
          244.68421052631578,
          66.66917293233082
        ],
        [
          186.78947368421052,
          120.80451127819548
        ]
      ]
    ],
    "浴室": [
      [
        [
          8.593984962406012,
          9.526315789473683
        ],
        [
          123.63157894736841,
          9.526315789473683
        ],
        [
          123.63157894736841,
          127.57142857142856
        ],
        [
          8.593984962406012,
          127.57142857142856
        ]
      ]
    ],
    "開戸": [
      [
        166.22367068751012,
        160.43165467625897,
        225.74100719424456,
        204.49034456645208
      ],
      [
        68.74436090225564,
        225.7701628171147,
        120.70503597122297,
        269.78417266187046
      ],
      [
        130.77697841726615,
        225.89928057553954,
        178.97841726618702,
        268.3453237410072
      ],
      [
        453.79856115107907,
        313.66906474820144,
        503.4388489208633,
        378.4172661870503
      ],
      [
        337.2517985611511,
        8.633093525179856,
        376.1007194244604,
        62.58992805755395
      ]
    ],
    "折戸": [
      [
        101.0751879699248,
        66.90647482014388,
        143.72661870503595,
        117.23984421485368
      ],
      [
        192.05263157894743,
        68.30275328609291,
        246.93984962406017,
        121.68621193270948
      ]
    ],
    "引戸": [
      [
        251.25639638665,
        51.07913669064748,
        355.95683453237405,
        83.70276410450586
      ],
      [
        374.661870503597,
        14.037593984962406,
        402.57894736842104,
        118.70503597122301
      ],
      [
        227.1798561151079,
        164.2837128793206,
        260.24649753881107,
        268.3453237410072
      ],
      [
        373.94244604316543,
        366.1870503597122,
        406.31654676258984,
        474.82014388489205
      ]
    ]
  }
}