{
  "labels": {
    "廊下": [
      [
        [
          87.06993006993008,
          203.19580419580421
        ],
        [
          88.46853146853147,
          253.54545454545456
        ],
        [
          295.46153846153845,
          254.94405594405595
        ],
        [
          296.8601398601399,
          152.84615384615384
        ],
        [
          236.02097902097904,
          154.94405594405595
        ],
        [
          235.32167832167835,
          197.6013986013986
        ]
      ]
    ],
    "LDK": [
      [
        [
          245.8111888111888,
          259.13986013986016
        ],
        [
          243.71328671328672,
          359.13986013986016
        ],
        [
          36.02097902097903,
          361.23776223776224
        ],
        [
          36.02097902097903,
          564.034965034965
        ],
        [
          421.3356643356644,
          566.1328671328672
        ],
        [
          421.3356643356644,
          515.7832167832169
        ],
        [
          450.7062937062937,
          517.1818181818182
        ],
        [
          451.81967213114757,
          359.42622950819674
        ],
        [
          346.4918032786885,
          358.1967213114754
        ],
        [
          346.51048951048955,
          305.2937062937063
        ],
        [
          294.44262295081967,
          305.327868852459
        ],
        [
          294.76223776223776,
          257.041958041958
        ]
      ]
    ],
    "浴室": [
      [
        [
          347.90909090909093,
          98.3006993006993
        ],
        [
          449.3076923076923,
          98.3006993006993
        ],
        [
          449.3076923076923,
          203.8951048951049
        ],
        [
          347.90909090909093,
          203.8951048951049
        ]
      ]
    ],
    "開戸": [
      [
        249.36065573770492,
        245.70984752951964,
        290.06201994726587,
        300.40983606557376
      ]
    ],
    "折戸": [
      [
        403.45901639344265,
        518.3396767167259,
        433.1492605754901,
        560.655737704918
      ],
      [
        272.5537085864955,
        158.44055944055944,
        310.8360655737705,
        197.95081967213116
      ],
      [
        144.44262295081967,
        138.9344262295082,
        237.88524590163934,
        172.54098360655738
      ],
      [
        169.85245901639345,
        256.9672131147541,
        205.0983606557377,
        326.2295081967213
      ],
      [
        400.1803278688525,
        313.93442622950823,
        429.688524590164,
        352.04918032786884
      ]
    ],
    "引戸": [
      [
        249.35354809125295,
        140.98360655737704,
        329.6885245901639,
        160.4897397684283
      ],
      [
        340.75409836065575,
        264.344262295082,
        361.24590163934425,
        354.5081967213115
      ],
      [
        349.77049180327873,
        192.62295081967213,
        447.3114754098361,
        215.98360655737704
      ]
    ]
  }
}