{
  "labels": {
    "LDK": [
      [
        [
          65.5,
          35.5
        ],
        [
          63.83333333333334,
          376.33333333333337
        ],
        [
          209.66666666666669,
          379.66666666666674
        ],
        [
          208.83333333333334,
          323.83333333333337
        ],
        [
          237.16666666666669,
          324.6666666666667
        ],
        [
          237.16666666666669,
          265.5
        ],
        [
          581.3333333333334,
          264.6666666666667
        ],
        [
          581.3333333333334,
          92.16666666666669
        ],
        [
          549.6666666666667,
          94.66666666666669
        ],
        [
          548.8333333333334,
          36.33333333333334
        ]
      ]
    ],
    "廊下": [
      [
        [
          234.66666666666669,
          264.6666666666667
        ],
        [
          350.5,
          264.6666666666667
        ],
        [
          350.5,
          377.16666666666674
        ],
        [
          234.66666666666669,
          377.16666666666674
        ]
      ]
    ],
    "開戸": [
      [
        239.8269230769231,
        248.73076923076923,
        287.0192307692308,
        317.1666666666667
      ],
      [
        180.5,
        322.1666666666667,
        212.16666666666669,
        373.0
      ],
      [
        521.8782051282052,
        36.230769230769226,
        563.9423076923076,
        90.3076923076923
      ]
    ],
    "引戸": [
      [
        472.1666666666667,
        252.0961538461538,
        571.1538461538462,
        275.66025641025647
      ],
      [
        471.36936936936934,
        312.16216216216213,
        569.7115384615385,
        330.9423076923077
      ]
    ]
  }
}