{
  "labels": {
    "LDK": [
      [
        [
          58.31325301204818,
          62.14457831325301
        ],
        [
          192.34939759036143,
          62.14457831325301
        ],
        [
          192.04819277108433,
          49.79518072289156
        ],
        [
          219.75903614457832,
          49.79518072289156
        ],
        [
          220.36144578313252,
          89.25301204819277
        ],
        [
          302.5903614457831,
          89.55421686746988
        ],
        [
          302.8915662650602,
          184.433734939759
        ],
        [
          58.012048192771076,
          183.8313253012048
        ]
      ]
    ],
    "浴室": [
      [
        [
          2.8915662650602343,
          7.626506024096379
        ],
        [
          58.31325301204818,
          7.9277108433734895
        ],
        [
          58.012048192771076,
          61.84337349397589
        ],
        [
          3.1927710843373447,
          60.939759036144565
        ]
      ]
    ],
    "廊下": [
      [
        [
          300.48192771084337,
          41.963855421686745
        ],
        [
          302.5903614457831,
          88.95180722891564
        ],
        [
          220.0602409638554,
          88.34939759036143
        ],
        [
          218.85542168674698,
          49.79518072289156
        ],
        [
          247.16867469879514,
          49.493975903614455
        ],
        [
          247.16867469879514,
          41.66265060240963
        ]
      ]
    ],
    "引戸": [
      [
        7.740229209521004,
        54.974434322656464,
        54.26829268292683,
        70.28048780487804
      ],
      [
        49.39024390243902,
        73.3295621510432,
        66.43109021451656,
        119.36585365853657
      ],
      [
        59.56582427270054,
        54.35365853658536,
        110.67073170731705,
        69.97560975609755
      ],
      [
        198.1237143696738,
        41.085953570379075,
        244.2073170731707,
        54.73170731707316
      ]
    ],
    "開戸": [
      [
        210.7155451072583,
        65.18601234205111,
        242.0731707317073,
        88.57317073170731
      ]
    ]
  }
}