{
  "labels": {
    "廊下": [
      [
        [
          133.8181818181818,
          257.18181818181813
        ],
        [
          282.9090909090909,
          498.9999999999999
        ],
        [
          410.18181818181813,
          493.5454545454545
        ],
        [
          410.18181818181813,
          397.18181818181813
        ],
        [
          639.2727272727273,
          393.5454545454545
        ],
        [
          637.4545454545454,
          268.090909090909
        ]
      ]
    ],
    "LDK": [
      [
        [
          639.2727272727273,
          267.0382775119616
        ],
        [
          642.9090909090909,
          847.0382775119616
        ],
        [
          1221.090909090909,
          852.4928229665071
        ],
        [
          1222.9090909090908,
          30.674641148325293
        ],
        [
          751.9999999999999,
          28.85645933014348
        ],
        [
          750.1818181818181,
          263.401913875598
        ]
      ]
    ],
    "浴室": [
      [
        [
          61.09090909090908,
          24.45454545454544
        ],
        [
          297.45454545454544,
          24.45454545454544
        ],
        [
          297.45454545454544,
          262.6363636363636
        ],
        [
          61.09090909090908,
          262.6363636363636
        ]
      ]
    ],
    "開戸": [
      [
        549.7368421052631,
        236.51196172248797,
        632.0956937799043,
        325.1578947368421
      ],
      [
        304.8217821782178,
        393.5454545454545,
        426.5454545454545,
        524.7326732673267
      ]
    ],
    "折戸": [
      [
        260.9952153110047,
        150.42105263157893,
        321.31578947368416,
        255.9377990430621
      ],
      [
        411.84210526315786,
        471.4736842105263,
        638.2989690721649,
        543.3505154639175
      ]
    ],
    "引戸": [
      [
        299.1313183949973,
        241.75195414278267,
        525.863991662324,
        290.2668056279312
      ],
      [
        614.7751196172248,
        272.77990430622003,
        664.4736842105262,
        486.2105263157894
      ],
      [
        611.8421052631578,
        506.27272727272725,
        668.3636363636363,
        839.8947368421052
      ]
    ]
  }
}