{
  "labels": {
    "LDK": [
      [
        [
          61.92468619246861,
          66.45188284518827
        ],
        [
          60.36745406824147,
          117.60892388451444
        ],
        [
          67.97900262467192,
          117.60892388451444
        ],
        [
          67.36401673640167,
          195.74058577405856
        ],
        [
          276.98744769874475,
          197.83263598326357
        ],
        [
          279.4979079497908,
          64.35983263598325
        ]
      ]
    ],
    "浴室": [
      [
        [
          10.0418410041841,
          13.313807531380746
        ],
        [
          62.34309623430962,
          13.313807531380746
        ],
        [
          62.34309623430962,
          66.03347280334728
        ],
        [
          10.0418410041841,
          66.03347280334728
        ]
      ]
    ],
    "廊下": [
      [
        [
          277.40585774058576,
          62.68619246861924
        ],
        [
          334.7280334728033,
          62.68619246861924
        ],
        [
          334.7280334728033,
          129.63179916317992
        ],
        [
          277.40585774058576,
          129.63179916317992
        ]
      ]
    ],
    "開戸": [
      [
        61.50627615062761,
        53.69458128078817,
        82.91133004926107,
        89.0460251046025
      ]
    ],
    "引戸": [
      [
        15.66995073891625,
        52.463054187192114,
        57.04926108374383,
        76.84729064039408
      ],
      [
        86.11330049261082,
        53.69458128078817,
        136.11330049261082,
        78.57142857142856
      ],
      [
        122.2520107238606,
        14.98391420911528,
        156.56836461126005,
        62.97319034852546
      ],
      [
        195.9785522788204,
        15.788203753351208,
        232.7077747989276,
        63.77747989276139
      ]
    ],
    "折戸": [
      [
        305.57142857142856,
        130.54187192118226,
        324.78325123152706,
        167.2413793103448
      ]
    ]
  }
}