{
  "labels": {
    "浴室": [
      [
        [
          167.62337662337663,
          150.0
        ],
        [
          238.4025974025974,
          151.94805194805195
        ],
        [
          237.75324675324674,
          219.48051948051946
        ],
        [
          168.92207792207793,
          220.1298701298701
        ]
      ]
    ],
    "廊下": [
      [
        [
          316.97402597402595,
          223.37662337662337
        ],
        [
          350.09090909090907,
          223.37662337662337
        ],
        [
          350.7402597402597,
          257.79220779220776
        ],
        [
          317.6233766233766,
          257.79220779220776
        ]
      ],
      [
        [
          469.57142857142856,
          301.2987012987013
        ],
        [
          499.4415584415584,
          300.64935064935065
        ],
        [
          500.09090909090907,
          345.45454545454544
        ],
        [
          470.2207792207792,
          345.45454545454544
        ]
      ]
    ],
    "LDK": [
      [
        [
          167.62337662337663,
          262.3376623376623
        ],
        [
          460.4805194805195,
          263.6363636363636
        ],
        [
          461.7792207792208,
          408.4415584415584
        ],
        [
          168.92207792207793,
          407.1428571428571
        ]
      ]
    ],
    "引戸": [
      [
        454.9231933710461,
        296.7173930364114,
        478.52760736196313,
        365.13496932515335
      ],
      [
        467.7906939686081,
        353.0276471994263,
        540.4907975460122,
        377.4049079754601
      ],
      [
        360.7361963190184,
        247.95705521472388,
        464.41717791411037,
        274.3374233128834
      ],
      [
        234.35582822085888,
        246.11656441717787,
        315.3374233128834,
        270.6564417177914
      ],
      [
        228.2208588957055,
        148.57055214723925,
        250.92024539877298,
        224.64417177914106
      ],
      [
        284.11991076408253,
        253.12309776113455,
        353.9877300613496,
        276.1779141104294
      ]
    ],
    "折戸": [
      [
        166.25766871165644,
        247.95705521472388,
        219.57142857142856,
        274.67532467532465
      ],
      [
        465.67532467532465,
        243.5064935064935,
        538.6503067484662,
        274.3374233128834
      ],
      [
        377.9141104294478,
        148.57055214723925,
        405.52147239263803,
        186.60736196319016
      ]
    ],
    "開戸": [
      [
        314.527950310559,
        210.9006211180124,
        351.7950310559006,
        235.7453416149068
      ]
    ]
  }
}