{
  "labels": {
    "LDK": [
      [
        [
          137.8095238095238,
          241.85714285714283
        ],
        [
          411.1428571428571,
          241.85714285714283
        ],
        [
          411.1428571428571,
          439.9523809523809
        ],
        [
          137.8095238095238,
          439.9523809523809
        ]
      ]
    ],
    "洋室": [
      [
        [
          137.8095238095238,
          438.04761904761904
        ],
        [
          347.3333333333333,
          438.04761904761904
        ],
        [
          347.3333333333333,
          596.1428571428571
        ],
        [
          137.8095238095238,
          596.1428571428571
        ]
      ]
    ],
    "浴室": [
      [
        [
          153.04761904761904,
          125.66666666666666
        ],
        [
          271.1428571428571,
          125.66666666666666
        ],
        [
          271.1428571428571,
          200.9047619047619
        ],
        [
          153.04761904761904,
          200.9047619047619
        ]
      ]
    ],
    "引戸": [
      [
        253.57142857142856,
        224.06115459882582,
        329.46428571428567,
        260.6682974559686
      ],
      [
        178.45205479452056,
        421.9178082191781,
        330.5068493150685,
        449.3150684931507
      ],
      [
        177.30724070450094,
        576.2602739726028,
        328.45205479452056,
        605.4794520547945
      ],
      [
        122.28767123287673,
        478.0821917808219,
        150.36986301369865,
        558.2191780821918
      ],
      [
        122.97260273972603,
        319.4500978473581,
        152.2015655577299,
        435.6164383561644
      ],
      [
        271.48972602739707,
        185.6164383561644,
        327.7671232876712,
        212.66193737769078
      ],
      [
        26.78571428571422,
        149.89285714285714,
        92.85714285714278,
        173.10714285714283
      ]
    ],
    "折戸": [
      [
        251.1428571428571,
        162.8095238095238,
        274.95238095238096,
        198.04761904761904
      ]
    ],
    "開戸": [
      [
        99.10714285714278,
        173.10714285714283,
        134.82142857142856,
        215.07142857142856
      ],
      [
        181.3111545988258,
        597.4833659491193,
        227.08219178082192,
        632.8767123287671
      ]
    ]
  }
}