{
  "labels": {
    "浴室": [
      [
        [
          314.22727272727275,
          50.40909090909091
        ],
        [
          444.9090909090909,
          49.27272727272727
        ],
        [
          444.9090909090909,
          179.95454545454547
        ],
        [
          311.95454545454544,
          182.22727272727272
        ]
      ]
    ],
    "LDK": [
      [
        [
          313.09090909090907,
          183.36363636363637
        ],
        [
          580.1363636363636,
          184.5
        ],
        [
          580.1363636363636,
          848.1363636363636
        ],
        [
          315.3636363636364,
          847.0
        ]
      ]
    ],
    "廊下": [
      [
        [
          617.6363636363636,
          185.63636363636363
        ],
        [
          674.4545454545455,
          185.63636363636363
        ],
        [
          675.5909090909091,
          285.6363636363636
        ],
        [
          691.5,
          286.77272727272725
        ],
        [
          689.2272727272727,
          414.04545454545456
        ],
        [
          585.8181818181819,
          416.3181818181818
        ],
        [
          583.5454545454545,
          351.54545454545456
        ],
        [
          622.1818181818181,
          352.6818181818182
        ]
      ]
    ],
    "開戸": [
      [
        541.5,
        119.72727272727273,
        623.0,
        178.33333333333334
      ],
      [
        602.0,
        92.33333333333333,
        660.8181818181819,
        168.5909090909091
      ],
      [
        554.3333333333334,
        350.6666666666667,
        633.3333333333334,
        414.3333333333333
      ]
    ],
    "引戸": [
      [
        679.3636363636363,
        208.18181818181816,
        776.7272727272727,
        228.8181818181818
      ],
      [
        666.0,
        122.66666666666667,
        692.3333333333334,
        206.33333333333334
      ],
      [
        462.6666666666667,
        156.66666666666666,
        570.3333333333334,
        207.0
      ]
    ],
    "折戸": [
      [
        582.4090909090909,
        489.04545454545456,
        649.4545454545455,
        522.0
      ],
      [
        602.8636363636364,
        216.3181818181818,
        643.7727272727273,
        284.5
      ],
      [
        552.8636363636364,
        283.3636363636364,
        587.6666666666666,
        344.6666666666667
      ],
      [
        415.3636363636364,
        115.18181818181819,
        467.3333333333333,
        178.66666666666666
      ]
    ]
  }
}