{
  "labels": {
    "LDK": [
      [
        [
          188.63636363636363,
          331.8181818181818
        ],
        [
          475.9090909090909,
          333.6363636363636
        ],
        [
          475.0,
          510.9090909090909
        ],
        [
          619.5454545454545,
          510.9090909090909
        ],
        [
          620.4545454545454,
          407.27272727272725
        ],
        [
          689.5454545454545,
          406.3636363636363
        ],
        [
          689.5454545454545,
          762.7272727272726
        ],
        [
          188.63636363636363,
          763.6363636363636
        ]
      ]
    ],
    "浴室": [
      [
        [
          187.7272727272727,
          188.18181818181816
        ],
        [
          329.5454545454545,
          189.09090909090907
        ],
        [
          331.3636363636363,
          331.8181818181818
        ],
        [
          188.63636363636363,
          332.7272727272727
        ]
      ]
    ],
    "廊下": [
      [
        [
          831.3636363636363,
          189.99999999999997
        ],
        [
          834.090909090909,
          331.8181818181818
        ],
        [
          688.6363636363635,
          332.7272727272727
        ],
        [
          690.4545454545454,
          405.45454545454544
        ],
        [
          619.5454545454545,
          404.5454545454545
        ],
        [
          617.7272727272726,
          332.7272727272727
        ],
        [
          475.0,
          333.6363636363636
        ],
        [
          475.0,
          262.7272727272727
        ],
        [
          768.6363636363635,
          263.6363636363636
        ],
        [
          768.6363636363635,
          189.99999999999997
        ]
      ]
    ],
    "開戸": [
      [
        588.0694037145649,
        236.36363636363635,
        644.0860215053763,
        300.0
      ],
      [
        483.396871945259,
        238.71945259042033,
        541.3978494623656,
        326.8817204301075
      ],
      [
        623.9736070381232,
        382.9814271749756,
        684.4086021505376,
        473.1182795698924
      ]
    ],
    "引戸": [
      [
        452.06744868035184,
        214.63343108504395,
        497.84946236559136,
        326.8817204301075
      ],
      [
        335.4838709677419,
        312.36559139784947,
        465.11730205278593,
        356.27565982404684
      ],
      [
        451.2463343108504,
        360.674486803519,
        497.31182795698925,
        472.5806451612903
      ],
      [
        663.9784946236559,
        480.64516129032256,
        714.5796676441839,
        612.101661779081
      ],
      [
        698.0205278592375,
        595.6695992179862,
        898.3870967741935,
        644.0860215053763
      ]
    ],
    "折戸": [
      [
        290.8602150537634,
        264.51612903225805,
        348.0498533724339,
        324.6236559139785
      ],
      [
        695.8308895405669,
        389.5992179863147,
        749.4623655913978,
        438.17204301075265
      ]
    ]
  }
}