{
  "labels": {
    "洋室": [
      [
        [
          14.983050847457633,
          17.372881355932204
        ],
        [
          103.96610169491527,
          18.64406779661017
        ],
        [
          104.81355932203391,
          76.69491525423729
        ],
        [
          134.05084745762713,
          77.11864406779661
        ],
        [
          133.2033898305085,
          138.135593220339
        ],
        [
          14.13559322033899,
          136.864406779661
        ]
      ]
    ],
    "廊下": [
      [
        [
          137.0169491525424,
          79.66101694915254
        ],
        [
          168.79661016949154,
          80.08474576271188
        ],
        [
          169.64406779661016,
          47.88135593220339
        ],
        [
          197.18644067796612,
          48.728813559322035
        ],
        [
          195.49152542372883,
          122.88135593220339
        ],
        [
          137.864406779661,
          122.03389830508475
        ]
      ]
    ],
    "引戸": [
      [
        126.58539765319432,
        79.6205997392438,
        145.3846153846154,
        140.0
      ],
      [
        188.06649282920472,
        64.7001303780965,
        207.84615384615387,
        107.6923076923077
      ]
    ],
    "折戸": [
      [
        88.71186440677968,
        47.45762711864407,
        117.38461538461539,
        77.53846153846153
      ]
    ]
  }
}