{
  "labels": {
    "洋室": [
      [
        [
          12.558935361216726,
          11.406844106463879
        ],
        [
          101.53231939163499,
          12.167300380228138
        ],
        [
          100.39163498098861,
          110.26615969581749
        ],
        [
          13.319391634981002,
          109.1254752851711
        ]
      ],
      [
        [
          105.7148288973384,
          12.167300380228138
        ],
        [
          192.78707224334602,
          12.547528517110267
        ],
        [
          192.4068441064639,
          111.78707224334602
        ],
        [
          105.7148288973384,
          109.88593155893537
        ]
      ],
      [
        [
          12.178707224334602,
          146.00760456273764
        ],
        [
          100.01140684410646,
          146.00760456273764
        ],
        [
          100.39163498098861,
          243.72623574144487
        ],
        [
          11.798479087452478,
          242.96577946768062
        ]
      ],
      [
        [
          104.57414448669203,
          146.00760456273764
        ],
        [
          192.78707224334602,
          146.38783269961976
        ],
        [
          192.02661596958177,
          244.86692015209127
        ],
        [
          103.81368821292776,
          244.48669201520914
        ]
      ]
    ],
    "廊下": [
      [
        [
          74.5361216730038,
          114.06844106463879
        ],
        [
          196.96958174904944,
          114.44866920152091
        ],
        [
          197.34980988593156,
          98.47908745247149
        ],
        [
          223.96577946768065,
          98.09885931558935
        ],
        [
          223.96577946768065,
          141.82509505703422
        ],
        [
          74.91634980988593,
          141.4448669201521
        ]
      ]
    ],
    "開戸": [
      [
        73.2314049586777,
        102.2038567493113,
        101.53231939163499,
        139.16349809885932
      ]
    ],
    "引戸": [
      [
        132.86500329950036,
        102.09492086436437,
        191.68870523415978,
        122.03856749311295
      ],
      [
        131.23934470875366,
        135.09725670112815,
        191.68870523415978,
        153.4435261707989
      ],
      [
        42.64618881521753,
        132.02819763483436,
        99.95316804407713,
        151.51515151515153
      ]
    ],
    "折戸": [
      [
        40.31558935361218,
        98.09885931558935,
        68.8236914600551,
        121.48760330578513
      ],
      [
        11.798898071625345,
        132.78236914600552,
        41.456273764258555,
        155.893536121673
      ],
      [
        196.2091254752852,
        131.1787072243346,
        226.12396694214874,
        154.54545454545456
      ],
      [
        179.85931558935363,
        177.18631178707224,
        206.28925619834712,
        241.04683195592287
      ],
      [
        180.23954372623575,
        11.406844106463879,
        207.9421487603306,
        72.45179063360882
      ]
    ]
  }
}