{
  "labels": {
    "LDK": [
      [
        [
          74.40476190476191,
          70.19047619047619
        ],
        [
          77.38095238095238,
          262.45238095238096
        ],
        [
          152.38095238095238,
          261.8571428571429
        ],
        [
          152.97619047619048,
          324.95238095238096
        ],
        [
          305.95238095238096,
          326.14285714285717
        ],
        [
          306.54761904761904,
          169.5952380952381
        ],
        [
          279.1666666666667,
          170.7857142857143
        ],
        [
          277.9761904761905,
          139.83333333333334
        ],
        [
          226.7857142857143,
          139.83333333333334
        ],
        [
          229.16666666666669,
          45.19047619047619
        ],
        [
          167.26190476190476,
          45.19047619047619
        ],
        [
          169.04761904761907,
          70.19047619047619
        ]
      ]
    ],
    "浴室": [
      [
        [
          315.4761904761905,
          44.5952380952381
        ],
        [
          386.9047619047619,
          44.5952380952381
        ],
        [
          386.9047619047619,
          107.0952380952381
        ],
        [
          315.4761904761905,
          107.0952380952381
        ]
      ]
    ],
    "廊下": [
      [
        [
          306.54761904761904,
          106.5
        ],
        [
          304.1666666666667,
          262.45238095238096
        ],
        [
          353.5714285714286,
          260.6666666666667
        ],
        [
          351.7857142857143,
          168.40476190476193
        ],
        [
          412.5,
          170.1904761904762
        ],
        [
          413.09523809523813,
          105.9047619047619
        ]
      ]
    ],
    "開戸": [
      [
        298.2142857142857,
        112.45238095238096,
        335.11904761904765,
        139.23809523809524
      ],
      [
        387.7551020408163,
        98.24489795918367,
        410.7142857142857,
        136.85714285714286
      ],
      [
        343.8775510204082,
        279.8775510204082,
        380.6122448979592,
        304.8775510204082
      ]
    ],
    "折戸": [
      [
        264.2857142857143,
        142.12244897959184,
        282.14285714285717,
        169.5952380952381
      ],
      [
        76.78571428571429,
        93.4047619047619,
        105.95238095238096,
        110.66666666666669
      ],
      [
        230.10204081632654,
        91.61224489795919,
        272.9591836734694,
        117.63265306122449
      ]
    ],
    "引戸": [
      [
        306.1320754716981,
        49.35714285714286,
        325.0,
        105.15094339622641
      ],
      [
        298.8095238095238,
        169.0,
        314.8809523809524,
        232.09523809523813
      ],
      [
        218.39622641509433,
        51.84905660377358,
        239.62264150943395,
        106.0943396226415
      ],
      [
        75.5952380952381,
        61.0,
        164.28571428571428,
        75.54761904761907
      ]
    ]
  }
}