{
  "labels": {
    "LDK": [
      [
        [
          220.71223021582728,
          220.77411956897362
        ],
        [
          630.7841726618705,
          216.45757280638367
        ],
        [
          633.661870503597,
          453.86764474882966
        ],
        [
          457.40287769784163,
          456.02591813012464
        ],
        [
          457.40287769784163,
          515.738148345952
        ],
        [
          221.43165467625897,
          518.6158461876786
        ]
      ]
    ],
    "浴室": [
      [
        [
          511.3597122302158,
          101.22085388457793
        ],
        [
          632.2230215827337,
          99.78200496371463
        ],
        [
          629.3453237410071,
          216.32876755364268
        ],
        [
          512.7985611510791,
          219.92588985580093
        ]
      ]
    ],
    "廊下": [
      [
        [
          217.11510791366902,
          105.10071942446041
        ],
        [
          273.23021582733804,
          104.38129496402877
        ],
        [
          275.388489208633,
          222.3669064748201
        ],
        [
          219.99280575539564,
          221.64748201438846
        ]
      ]
    ],
    "開戸": [
      [
        223.1564672947834,
        208.13193461966827,
        274.0585774058577,
        277.40585774058576
      ],
      [
        262.88209606986896,
        109.17030567685589,
        325.32751091703057,
        160.69868995633186
      ],
      [
        244.97816593886463,
        163.75545851528383,
        289.51965065502185,
        219.21397379912662
      ]
    ],
    "折戸": [
      [
        107.29902772342791,
        267.02239547274314,
        208.78661087866107,
        307.94979079497904
      ],
      [
        502.7266187050359,
        166.25179856115105,
        548.0349344978166,
        210.9170305676856
      ]
    ],
    "引戸": [
      [
        197.6244243099244,
        286.0796183137172,
        236.40167364016736,
        518.8284518828451
      ],
      [
        434.151958782319,
        205.1509848889447,
        513.9737991266376,
        239.3013100436681
      ]
    ]
  }
}