{
  "labels": {
    "洋室": [
      [
        [
          8.151260504201684,
          69.07563025210085
        ],
        [
          160.67226890756302,
          72.01680672268908
        ],
        [
          160.25210084033614,
          222.0168067226891
        ],
        [
          8.151260504201684,
          221.1764705882353
        ]
      ],
      [
        [
          282.52100840336135,
          11.512605042016808
        ],
        [
          434.20168067226894,
          12.352941176470587
        ],
        [
          435.88235294117646,
          124.95798319327733
        ],
        [
          280.8403361344538,
          124.95798319327733
        ]
      ],
      [
        [
          243.02521008403363,
          129.15966386554624
        ],
        [
          275.7983193277311,
          128.73949579831933
        ],
        [
          276.218487394958,
          168.23529411764707
        ],
        [
          397.22689075630257,
          170.3361344537815
        ],
        [
          395.96638655462186,
          283.78151260504205
        ],
        [
          241.34453781512605,
          281.6806722689076
        ]
      ]
    ],
    "廊下": [
      [
        [
          166.55462184873952,
          81.68067226890757
        ],
        [
          204.36974789915968,
          80.84033613445379
        ],
        [
          205.21008403361347,
          73.27731092436976
        ],
        [
          239.66386554621852,
          72.85714285714286
        ],
        [
          239.24369747899163,
          79.57983193277312
        ],
        [
          276.218487394958,
          80.84033613445379
        ],
        [
          277.47899159663865,
          126.218487394958
        ],
        [
          165.71428571428572,
          126.63865546218489
        ]
      ]
    ],
    "開戸": [
      [
        246.44194756554307,
        64.47191011235955,
        280.4201680672269,
        111.09243697478993
      ],
      [
        277.47899159663865,
        88.82352941176471,
        317.3949579831933,
        125.37815126050421
      ],
      [
        153.109243697479,
        89.2436974789916,
        198.4873949579832,
        127.05882352941177
      ],
      [
        241.57303370786516,
        115.78277153558054,
        278.73949579831935,
        164.03361344537817
      ]
    ],
    "引戸": [
      [
        45.69288389513109,
        55.85767790262173,
        120.2247191011236,
        77.58052434456928
      ]
    ],
    "折戸": [
      [
        340.92436974789916,
        112.35294117647061,
        396.25468164794006,
        135.63295880149812
      ],
      [
        278.65168539325845,
        154.73408239700376,
        338.4033613445378,
        184.62184873949582
      ]
    ]
  }
}