{
  "labels": {
    "廊下": [
      [
        [
          75.15929203539822,
          119.02654867256636
        ],
        [
          72.50442477876105,
          214.1592920353982
        ],
        [
          65.86725663716813,
          214.1592920353982
        ],
        [
          65.203187250996,
          243.8247011952191
        ],
        [
          40.20353982300884,
          244.24778761061944
        ],
        [
          41.53097345132743,
          290.26548672566366
        ],
        [
          107.01769911504422,
          291.1504424778761
        ],
        [
          105.24778761061944,
          150.88495575221236
        ],
        [
          140.64601769911502,
          151.32743362831857
        ],
        [
          140.64601769911502,
          116.37168141592919
        ]
      ]
    ],
    "洋室": [
      [
        [
          10.999999999999993,
          21.238938053097343
        ],
        [
          10.999999999999993,
          146.01769911504422
        ],
        [
          74.27433628318583,
          146.90265486725662
        ],
        [
          73.83185840707964,
          117.25663716814158
        ],
        [
          107.90265486725662,
          119.02654867256636
        ],
        [
          106.57522123893804,
          21.238938053097343
        ]
      ],
      [
        [
          107.01769911504422,
          19.91150442477876
        ],
        [
          234.00884955752207,
          19.91150442477876
        ],
        [
          234.00884955752207,
          117.25663716814158
        ],
        [
          107.01769911504422,
          117.25663716814158
        ]
      ],
      [
        [
          105.69026548672565,
          148.6725663716814
        ],
        [
          235.77876106194685,
          148.6725663716814
        ],
        [
          235.77876106194685,
          244.24778761061944
        ],
        [
          105.69026548672565,
          244.24778761061944
        ]
      ]
    ],
    "開戸": [
      [
        108.55737704918033,
        86.72566371681415,
        134.8938053097345,
        125.40983606557377
      ],
      [
        45.07079646017698,
        120.08196721311475,
        84.3770491803279,
        149.5575221238938
      ],
      [
        96.91596638655463,
        150.88495575221236,
        134.0088495575221,
        176.89075630252103
      ]
    ],
    "折戸": [
      [
        190.11475409836066,
        103.31133033512258,
        230.91150442477874,
        125.81967213114754
      ],
      [
        140.64601769911502,
        138.9344262295082,
        183.55737704918033,
        161.2577977658494
      ],
      [
        41.97345132743362,
        134.51327433628316,
        70.29203539823008,
        153.98230088495575
      ],
      [
        108.74046133758887,
        229.5081967213115,
        135.19672131147541,
        249.45959669229651
      ],
      [
        36.42622950819671,
        246.01769911504422,
        58.03322210938633,
        274.59016393442624
      ],
      [
        37.408489934069024,
        296.5899864924459,
        57.327868852459034,
        320.4918032786885
      ],
      [
        54.04918032786887,
        220.9016393442623,
        78.63934426229508,
        242.62295081967213
      ]
    ]
  }
}