{
  "labels": {
    "LDK": [
      [
        [
          21.49484536082474,
          18.04123711340206
        ],
        [
          20.979381443298976,
          114.94845360824742
        ],
        [
          61.70103092783506,
          115.97938144329898
        ],
        [
          61.185567010309285,
          392.78350515463916
        ],
        [
          189.02061855670104,
          393.8144329896907
        ],
        [
          185.92783505154642,
          21.1340206185567
        ]
      ]
    ],
    "引戸": [
      [
        52.265306122448976,
        118.66400168314746,
        76.50010519671784,
        185.30612244897958
      ],
      [
        51.45487060803703,
        229.79591836734693,
        75.93877551020407,
        299.03219019566586
      ]
    ],
    "開戸": [
      [
        29.408163265306115,
        274.69387755102036,
        55.93877551020407,
        310.204081632653
      ]
    ],
    "折戸": [
      [
        53.081632653061206,
        362.0408163265306,
        75.53061224489795,
        391.4285714285714
      ]
    ]
  }
}