{
  "labels": {
    "LDK": [
      [
        [
          208.65217391304344,
          242.93478260869563
        ],
        [
          216.26086956521738,
          471.73913043478257
        ],
        [
          28.217391304347814,
          473.3695652173913
        ],
        [
          30.934782608695627,
          242.39130434782606
        ]
      ]
    ],
    "浴室": [
      [
        [
          30.391304347826065,
          37.5
        ],
        [
          131.4782608695652,
          38.04347826086956
        ],
        [
          131.4782608695652,
          139.1304347826087
        ],
        [
          31.47826086956522,
          139.1304347826087
        ]
      ]
    ],
    "洋室": [
      [
        [
          210.28260869565213,
          292.39130434782606
        ],
        [
          363.0,
          292.39130434782606
        ],
        [
          361.36956521739125,
          471.195652173913
        ],
        [
          216.80434782608694,
          472.28260869565213
        ]
      ]
    ],
    "廊下": [
      [
        [
          136.91304347826087,
          138.58695652173913
        ],
        [
          211.3695652173913,
          139.67391304347825
        ],
        [
          210.82608695652175,
          242.39130434782606
        ],
        [
          159.73913043478257,
          241.8478260869565
        ],
        [
          159.73913043478257,
          190.76086956521738
        ],
        [
          139.08695652173913,
          190.2173913043478
        ]
      ]
    ],
    "引戸": [
      [
        192.36158192090397,
        300.12994350282486,
        232.06214689265533,
        469.6214689265537
      ],
      [
        196.695652173913,
        140.2173913043478,
        223.8695652173913,
        238.04347826086956
      ],
      [
        39.63043478260869,
        126.63043478260869,
        130.93478260869563,
        157.6086956521739
      ],
      [
        125.5,
        90.76086956521739,
        153.2173913043478,
        187.5
      ],
      [
        122.45762711864404,
        228.94350282485877,
        211.3695652173913,
        259.2391304347826
      ],
      [
        36.581920903954824,
        266.79661016949154,
        115.67796610169489,
        291.6553672316384
      ]
    ],
    "折戸": [
      [
        264.8305084745763,
        332.3333333333333,
        361.98366494718744,
        370.43723900761483
      ]
    ]
  }
}