{
  "labels": {
    "LDK": [
      [
        [
          43.248868778280546,
          184.6153846153846
        ],
        [
          41.89140271493213,
          261.53846153846155
        ],
        [
          63.15837104072398,
          261.08597285067873
        ],
        [
          60.89592760180996,
          304.9773755656109
        ],
        [
          289.4027149321267,
          304.9773755656109
        ],
        [
          288.4977375565611,
          276.9230769230769
        ],
        [
          302.9773755656109,
          277.3755656108597
        ],
        [
          302.07239819004525,
          230.76923076923077
        ],
        [
          288.9502262443439,
          229.41176470588235
        ],
        [
          291.6651583710407,
          199.0950226244344
        ],
        [
          198.45248868778282,
          200.45248868778282
        ],
        [
          196.64253393665157,
          183.710407239819
        ]
      ]
    ],
    "廊下": [
      [
        [
          105.23981900452489,
          121.71945701357467
        ],
        [
          136.46153846153845,
          121.71945701357467
        ],
        [
          136.46153846153845,
          182.8054298642534
        ],
        [
          105.23981900452489,
          182.8054298642534
        ]
      ],
      [
        [
          164.9683257918552,
          125.79185520361992
        ],
        [
          196.19004524886878,
          125.79185520361992
        ],
        [
          196.19004524886878,
          184.16289592760182
        ],
        [
          164.9683257918552,
          184.16289592760182
        ]
      ]
    ],
    "浴室": [
      [
        [
          232.3891402714932,
          62.89592760180996
        ],
        [
          288.9502262443439,
          62.89592760180996
        ],
        [
          288.9502262443439,
          122.17194570135747
        ],
        [
          232.3891402714932,
          122.17194570135747
        ]
      ]
    ],
    "開戸": [
      [
        224.8915994491442,
        90.43478260869564,
        254.99999999999994,
        110.91284674404879
      ]
    ],
    "引戸": [
      [
        170.29195357072598,
        113.4782608695652,
        220.2173913043478,
        130.2636238441865
      ],
      [
        158.04347826086956,
        130.53905174109772,
        173.0422978555971,
        172.60869565217388
      ],
      [
        84.99999999999997,
        174.7668699586858,
        135.10407239819006,
        193.04347826086953
      ],
      [
        52.391304347826065,
        261.30434782608694,
        69.78260869565216,
        303.0434782608695
      ]
    ]
  }
}