{
  "labels": {
    "LDK": [
      [
        [
          329.94915254237293,
          356.3220338983051
        ],
        [
          401.135593220339,
          356.3220338983051
        ],
        [
          401.135593220339,
          321.5762711864407
        ],
        [
          469.77966101694915,
          321.5762711864407
        ],
        [
          470.6271186440679,
          250.3898305084746
        ],
        [
          609.6101694915254,
          250.3898305084746
        ],
        [
          609.6101694915254,
          502.0847457627119
        ],
        [
          330.79661016949154,
          497.8474576271187
        ]
      ]
    ],
    "浴室": [
      [
        [
          330.79661016949154,
          250.3898305084746
        ],
        [
          401.98305084745766,
          250.3898305084746
        ],
        [
          401.135593220339,
          320.7288135593221
        ],
        [
          330.79661016949154,
          320.7288135593221
        ]
      ]
    ],
    "廊下": [
      [
        [
          259.6101694915254,
          320.7288135593221
        ],
        [
          258.7627118644068,
          392.7627118644068
        ],
        [
          333.3389830508475,
          391.91525423728814
        ],
        [
          334.1864406779661,
          324.11864406779665
        ]
      ]
    ],
    "開戸": [
      [
        292.89940828402365,
        294.67455621301775,
        327.08584896198977,
        330.7378397352322
      ],
      [
        436.728813559322,
        291.0677966101695,
        468.0847457627119,
        335.98305084745766
      ],
      [
        431.7630092179602,
        322.89949449895926,
        459.59649122807014,
        359.4035087719298
      ]
    ],
    "引戸": [
      [
        317.75147928994085,
        327.2189349112426,
        340.96610169491527,
        387.67796610169495
      ],
      [
        263.31360946745565,
        382.2485207100592,
        329.2772038912848,
        406.49754287433564
      ],
      [
        318.93491124260356,
        395.26627218934914,
        344.691906528934,
        495.8165680473373
      ],
      [
        212.13749874636449,
        394.10660916658316,
        240.8284023668639,
        459.76331360946745
      ]
    ],
    "折戸": [
      [
        496.43859649122805,
        249.75438596491225,
        521.438596491228,
        319.92982456140345
      ],
      [
        388.1052631578947,
        287.4736842105263,
        414.42105263157885,
        319.05263157894734
      ]
    ]
  }
}