{
  "labels": {
    "LDK": [
      [
        [
          63.55932203389831,
          208.05084745762713
        ],
        [
          253.3898305084746,
          209.3220338983051
        ],
        [
          253.8135593220339,
          169.91525423728814
        ],
        [
          286.0169491525424,
          170.33898305084747
        ],
        [
          285.5932203389831,
          204.66101694915255
        ],
        [
          360.5932203389831,
          205.93220338983053
        ],
        [
          361.0169491525424,
          266.10169491525426
        ],
        [
          377.96610169491527,
          266.52542372881356
        ],
        [
          379.23728813559325,
          316.10169491525426
        ],
        [
          360.1694915254237,
          316.10169491525426
        ],
        [
          360.5932203389831,
          350.0
        ],
        [
          63.98305084745763,
          350.0
        ]
      ]
    ],
    "浴室": [
      [
        [
          392.79661016949154,
          283.8983050847458
        ],
        [
          455.5084745762712,
          284.7457627118644
        ],
        [
          457.2033898305085,
          346.6101694915254
        ],
        [
          393.22033898305085,
          345.3389830508475
        ]
      ]
    ],
    "廊下": [
      [
        [
          301.6949152542373,
          161.86440677966104
        ],
        [
          354.66101694915255,
          162.28813559322035
        ],
        [
          355.08474576271186,
          172.8813559322034
        ],
        [
          438.55932203389835,
          172.45762711864407
        ],
        [
          437.2881355932204,
          201.6949152542373
        ],
        [
          301.271186440678,
          202.11864406779662
        ]
      ]
    ],
    "開戸": [
      [
        405.08474576271186,
        160.59322033898306,
        442.37288135593224,
        191.52542372881356
      ]
    ],
    "折戸": [
      [
        430.93220338983053,
        169.49152542372883,
        448.3050847457627,
        204.23728813559322
      ]
    ],
    "引戸": [
      [
        278.7651331719128,
        170.4439063761098,
        297.95238095238096,
        235.23809523809524
      ],
      [
        393.59160613397904,
        272.3042776432607,
        450.8095238095238,
        290.4761904761905
      ],
      [
        68.42857142857143,
        340.0,
        196.13397901533494,
        361.7029862792575
      ],
      [
        89.41081517352706,
        358.8983050847458,
        113.66666666666666,
        453.8095238095238
      ],
      [
        316.5778853914447,
        197.14285714285714,
        377.9523809523809,
        212.85714285714286
      ],
      [
        400.0524616626312,
        197.40920096852298,
        453.66666666666663,
        215.7142857142857
      ],
      [
        138.44334097275274,
        198.14616755793227,
        200.8095238095238,
        215.7142857142857
      ],
      [
        349.85714285714283,
        209.04761904761904,
        366.94915254237293,
        263.5593220338983
      ]
    ]
  }
}