{
  "labels": {
    "LDK": [
      [
        [
          40.83673469387755,
          318.6326530612245
        ],
        [
          43.89795918367347,
          595.1632653061224
        ],
        [
          346.9591836734694,
          597.2040816326531
        ],
        [
          349.0,
          660.469387755102
        ],
        [
          596.9591836734694,
          657.4081632653061
        ],
        [
          593.8979591836735,
          151.28571428571428
        ],
        [
          533.6938775510204,
          153.3265306122449
        ],
        [
          533.6938775510204,
          257.40816326530614
        ],
        [
          290.83673469387753,
          257.40816326530614
        ],
        [
          287.7755102040816,
          317.6122448979592
        ]
      ]
    ],
    "廊下": [
      [
        [
          102.06122448979592,
          226.79591836734696
        ],
        [
          291.8571428571429,
          226.79591836734696
        ],
        [
          291.8571428571429,
          317.6122448979592
        ],
        [
          102.06122448979592,
          317.6122448979592
        ]
      ]
    ],
    "浴室": [
      [
        [
          590.8367346938776,
          41.08163265306123
        ],
        [
          721.4489795918367,
          41.08163265306123
        ],
        [
          721.4489795918367,
          170.67346938775512
        ],
        [
          590.8367346938776,
          170.67346938775512
        ]
      ]
    ],
    "洋室": [
      [
        [
          290.83673469387753,
          40.06122448979592
        ],
        [
          467.36734693877554,
          40.06122448979592
        ],
        [
          467.36734693877554,
          262.51020408163265
        ],
        [
          290.83673469387753,
          262.51020408163265
        ]
      ],
      [
        [
          346.9591836734694,
          663.530612244898
        ],
        [
          714.3061224489796,
          663.530612244898
        ],
        [
          714.3061224489796,
          840.0612244897959
        ],
        [
          346.9591836734694,
          840.0612244897959
        ]
      ]
    ],
    "開戸": [
      [
        541.6786869597496,
        132.4494882536989,
        589.5450041288192,
        202.74849593016398
      ]
    ],
    "折戸": [
      [
        537.5722543352601,
        354.2291987060508,
        580.6244365487617,
        406.35838150289015
      ],
      [
        479.76878612716763,
        245.81207974519285,
        526.5156305296684,
        284.39306358381504
      ],
      [
        521.3872832369942,
        167.54736345405215,
        562.6368998466438,
        220.23121387283237
      ],
      [
        439.88439306358384,
        44.95412844036697,
        491.9730073712679,
        163.58381502890174
      ],
      [
        75.18348623853205,
        110.09174311926604,
        116.46788990825684,
        188.07339449541283
      ]
    ],
    "引戸": [
      [
        352.60115606936415,
        236.8987643845786,
        468.2841915469056,
        269.364161849711
      ],
      [
        601.1560693641619,
        156.21670402264954,
        708.419605992686,
        185.5491329479769
      ],
      [
        171.51376146788982,
        306.76141485920346,
        269.6788990825688,
        339.78893779498327
      ],
      [
        88.18741808650063,
        207.33944954128438,
        117.3853211009174,
        308.5315483991762
      ],
      [
        414.4444892980791,
        646.820809248555,
        525.4335260115607,
        677.6076669411998
      ],
      [
        534.6739715560615,
        643.4291612598796,
        653.041318494837,
        673.0209979945736
      ],
      [
        580.3613306594314,
        557.8034682080925,
        609.8265895953757,
        652.8487672525658
      ],
      [
        602.3121387283237,
        266.7631532381739,
        708.6852955054854,
        298.84393063583815
      ],
      [
        600.6700429548707,
        395.95375722543355,
        706.3583815028902,
        430.9911438723021
      ]
    ]
  }
}