{
  "labels": {
    "LDK": [
      [
        [
          35.526315789473685,
          221.89473684210526
        ],
        [
          34.21052631578947,
          487.68421052631584
        ],
        [
          84.21052631578948,
          489.0
        ],
        [
          80.26315789473684,
          574.5263157894736
        ],
        [
          713.1578947368421,
          569.2631578947369
        ],
        [
          711.8421052631579,
          214.0
        ]
      ]
    ],
    "浴室": [
      [
        [
          185.52631578947367,
          46.89473684210526
        ],
        [
          360.5263157894737,
          46.89473684210526
        ],
        [
          360.5263157894737,
          219.26315789473682
        ],
        [
          185.52631578947367,
          219.26315789473682
        ]
      ]
    ],
    "廊下": [
      [
        [
          626.3157894736842,
          45.57894736842104
        ],
        [
          713.1578947368421,
          45.57894736842104
        ],
        [
          713.1578947368421,
          214.0
        ],
        [
          626.3157894736842,
          214.0
        ]
      ],
      [
        [
          710.5263157894736,
          478.47368421052636
        ],
        [
          794.7368421052631,
          478.47368421052636
        ],
        [
          794.7368421052631,
          661.3684210526316
        ],
        [
          710.5263157894736,
          661.3684210526316
        ]
      ]
    ],
    "開戸": [
      [
        642.7450507001449,
        55.27233220666345,
        746.8532110091743,
        121.10091743119266
      ],
      [
        635.610816030903,
        488.0733944954128,
        744.1009174311926,
        560.7286335103813
      ],
      [
        677.1284403669724,
        575.7213906325447,
        755.7822308063736,
        646.7889908256881
      ],
      [
        55.33558667310477,
        492.66055045871553,
        126.66972477064218,
        562.0082085948817
      ],
      [
        888.0602883355176,
        186.81192660550454,
        959.6972477064219,
        255.045871559633
      ]
    ],
    "引戸": [
      [
        334.92660550458714,
        57.698696281989385,
        392.03283437952683,
        210.09174311926603
      ],
      [
        47.21149203283438,
        194.1786576533076,
        178.96330275229357,
        255.045871559633
      ],
      [
        691.0671173346209,
        225.16610333172378,
        754.1926605504586,
        387.15596330275224
      ],
      [
        605.2631578947369,
        73.21052631578948,
        642.1052631578947,
        214.0
      ],
      [
        556.9449541284404,
        191.02800579430226,
        709.1260260743602,
        247.7064220183486
      ]
    ]
  }
}