{
  "labels": {
    "LDK": [
      [
        [
          225.125,
          124.375
        ],
        [
          27.625,
          125.625
        ],
        [
          29.5,
          275.0
        ],
        [
          67.625,
          275.625
        ],
        [
          69.5,
          480.625
        ],
        [
          227.625,
          481.25
        ]
      ]
    ],
    "浴室": [
      [
        [
          225.125,
          29.375
        ],
        [
          305.125,
          29.375
        ],
        [
          305.125,
          123.125
        ],
        [
          225.125,
          123.75
        ]
      ]
    ],
    "廊下": [
      [
        [
          168.25,
          480.625
        ],
        [
          168.875,
          556.875
        ],
        [
          227.0,
          556.25
        ],
        [
          228.25,
          480.625
        ]
      ]
    ],
    "引戸": [
      [
        152.52736318407955,
        76.11940298507461,
        220.00995024875618,
        98.50746268656717
      ],
      [
        230.85261194029852,
        114.46517412935322,
        297.30348258706465,
        138.30845771144277
      ],
      [
        211.87251243781094,
        130.07773631840794,
        236.6069651741293,
        192.5373134328358
      ],
      [
        30.333333333333314,
        152.77777777777777,
        108.11111111111109,
        173.33333333333334
      ],
      [
        105.88888888888886,
        154.44444444444443,
        184.22222222222223,
        174.44444444444443
      ]
    ],
    "開戸": [
      [
        189.3351990049751,
        466.875,
        224.1691542288557,
        513.4328358208954
      ]
    ],
    "折戸": [
      [
        111.81032338308455,
        536.9776119402985,
        224.1691542288557,
        569.1542288557213
      ],
      [
        229.22222222222223,
        222.77777777777777,
        262.0,
        247.22222222222223
      ]
    ]
  }
}