{
  "labels": {
    "浴室": [
      [
        [
          34.38356164383562,
          413.013698630137
        ],
        [
          139.86301369863014,
          415.06849315068496
        ],
        [
          140.54794520547946,
          521.2328767123288
        ],
        [
          35.06849315068493,
          520.5479452054794
        ]
      ]
    ],
    "LDK": [
      [
        [
          345.3424657534247,
          12.32876712328767
        ],
        [
          573.4246575342465,
          12.32876712328767
        ],
        [
          573.4246575342465,
          523.2876712328767
        ],
        [
          343.972602739726,
          520.5479452054794
        ],
        [
          343.28767123287673,
          410.2739726027397
        ],
        [
          295.3424657534247,
          408.9041095890411
        ],
        [
          295.3424657534247,
          299.3150684931507
        ],
        [
          347.3972602739726,
          299.3150684931507
        ]
      ]
    ],
    "廊下": [
      [
        [
          139.86301369863014,
          344.52054794520546
        ],
        [
          286.43835616438355,
          343.1506849315069
        ],
        [
          285.75342465753425,
          406.8493150684932
        ],
        [
          142.6027397260274,
          404.79452054794524
        ]
      ]
    ],
    "開戸": [
      [
        118.91891891891892,
        354.9189189189189,
        181.64383561643837,
        407.5342465753425
      ],
      [
        95.34246575342465,
        413.013698630137,
        161.78082191780823,
        469.86301369863014
      ],
      [
        228.21917808219177,
        261.64383561643837,
        288.4931506849315,
        304.79452054794524
      ],
      [
        333.6986301369863,
        9.589041095890412,
        372.7397260273973,
        66.43835616438356
      ],
      [
        581.6438356164384,
        364.3835616438356,
        686.4383561643835,
        415.75342465753425
      ],
      [
        137.8082191780822,
        263.6986301369863,
        176.84931506849318,
        289.7260273972603
      ],
      [
        180.27397260273972,
        263.6986301369863,
        231.64383561643837,
        291.7808219178082
      ]
    ],
    "引戸": [
      [
        557.8378378378378,
        243.56756756756755,
        594.0540540540541,
        404.10810810810807
      ],
      [
        273.5978586049441,
        295.95339316643054,
        312.91954022988506,
        404.02298850574715
      ],
      [
        180.6701221769715,
        392.90262865605337,
        282.16216216216213,
        424.64864864864865
      ],
      [
        276.3828211773417,
        428.2265827471307,
        303.78378378378375,
        519.2432432432432
      ]
    ]
  }
}