{
  "labels": {
    "LDK": [
      [
        [
          290.4736842105263,
          71.05263157894737
        ],
        [
          289.1578947368421,
          538.1578947368421
        ],
        [
          564.1578947368421,
          542.1052631578947
        ],
        [
          565.4736842105264,
          323.6842105263158
        ],
        [
          585.2105263157895,
          323.6842105263158
        ],
        [
          587.8421052631579,
          106.57894736842105
        ],
        [
          562.8421052631579,
          107.89473684210526
        ],
        [
          564.1578947368421,
          72.36842105263158
        ]
      ]
    ],
    "廊下": [
      [
        [
          472.0526315789474,
          538.1578947368421
        ],
        [
          564.1578947368421,
          538.1578947368421
        ],
        [
          564.1578947368421,
          663.1578947368421
        ],
        [
          472.0526315789474,
          663.1578947368421
        ]
      ],
      [
        [
          164.1578947368421,
          197.3684210526316
        ],
        [
          164.1578947368421,
          355.2631578947368
        ],
        [
          227.31578947368422,
          356.57894736842104
        ],
        [
          229.9473684210526,
          323.6842105263158
        ],
        [
          283.89473684210526,
          323.6842105263158
        ],
        [
          286.5263157894737,
          198.68421052631578
        ]
      ]
    ],
    "浴室": [
      [
        [
          104.94736842105263,
          478.9473684210526
        ],
        [
          226.0,
          478.9473684210526
        ],
        [
          226.0,
          607.8947368421052
        ],
        [
          104.94736842105263,
          607.8947368421052
        ]
      ]
    ],
    "開戸": [
      [
        273.8641975308641,
        488.1578947368421,
        315.4736842105263,
        529.6296296296296
      ],
      [
        313.0689655172414,
        683.6206896551724,
        401.8620689655173,
        745.6896551724138
      ]
    ],
    "引戸": [
      [
        499.36660617059897,
        520.6896551724138,
        614.7931034482759,
        559.8765432098766
      ],
      [
        298.55555555555554,
        512.3456790123456,
        476.33333333333326,
        554.3209876543209
      ],
      [
        269.9896036387265,
        204.93827160493825,
        313.3703703703703,
        319.7368421052632
      ],
      [
        125.71604938271605,
        341.3793103448276,
        225.1379310344828,
        374.0740740740741
      ],
      [
        119.54320987654319,
        459.9415204678362,
        227.23456790123453,
        498.7654320987654
      ],
      [
        460.2105263157895,
        549.3827160493827,
        493.6172839506173,
        667.1052631578947
      ],
      [
        481.2716049382716,
        639.5061728395061,
        592.3827160493827,
        675.3086419753085
      ],
      [
        541.7654320987654,
        645.679012345679,
        656.5802469135801,
        685.1851851851851
      ],
      [
        150.4074074074074,
        240.74074074074073,
        187.44444444444434,
        343.2098765432099
      ]
    ],
    "折戸": [
      [
        208.3132530120481,
        399.2048192771084,
        248.07228915662643,
        481.1325301204819
      ]
    ]
  }
}