{
  "labels": {
    "洋室": [
      [
        [
          273.6137566137566,
          24.81481481481481
        ],
        [
          436.5767195767195,
          25.34391534391534
        ],
        [
          438.16402116402116,
          148.09523809523807
        ],
        [
          275.2010582010582,
          146.5079365079365
        ]
      ]
    ],
    "浴室": [
      [
        [
          28.111111111111086,
          23.756613756613746
        ],
        [
          108.53439153439149,
          24.81481481481481
        ],
        [
          111.17989417989418,
          105.23809523809521
        ],
        [
          29.16931216931215,
          105.76719576719574
        ]
      ]
    ],
    "廊下": [
      [
        [
          193.19047619047615,
          107.35449735449734
        ],
        [
          274.6719576719576,
          105.76719576719574
        ],
        [
          273.6137566137566,
          146.5079365079365
        ],
        [
          253.5079365079365,
          146.5079365079365
        ],
        [
          252.97883597883595,
          229.04761904761904
        ],
        [
          290.5449735449735,
          229.57671957671954
        ],
        [
          291.074074074074,
          269.78835978835974
        ],
        [
          212.23809523809518,
          269.25925925925924
        ],
        [
          211.17989417989418,
          227.98941798941797
        ],
        [
          137.6349206349206,
          229.04761904761904
        ],
        [
          138.16402116402116,
          187.77777777777777
        ],
        [
          194.2486772486772,
          187.77777777777777
        ]
      ]
    ],
    "開戸": [
      [
        261.97354497354496,
        105.23809523809521,
        311.1798941798941,
        146.5079365079365
      ],
      [
        216.6612234022306,
        236.8775455825815,
        249.74820143884892,
        280.2158273381295
      ],
      [
        101.40105058810093,
        187.88245594000986,
        150.10791366906474,
        227.33812949640287
      ],
      [
        151.54676258992805,
        154.31654676258992,
        190.82094324540367,
        200.92154847550532
      ]
    ],
    "引戸": [
      [
        304.95630162536634,
        30.189562635605796,
        327.3812949640287,
        105.03597122302158
      ]
    ],
    "折戸": [
      [
        232.34391534391534,
        95.18518518518516,
        270.1870503597122,
        116.54676258992805
      ],
      [
        69.17266187050357,
        83.0935251798561,
        105.79856115107913,
        114.02877697841726
      ]
    ]
  }
}