{
  "labels": {
    "洋室": [
      [
        [
          23.120141342756185,
          77.03180212014134
        ],
        [
          105.09893992932862,
          77.73851590106007
        ],
        [
          105.80565371024736,
          107.06713780918727
        ],
        [
          134.07420494699647,
          106.7137809187279
        ],
        [
          135.84098939929328,
          187.2791519434629
        ],
        [
          24.533568904593636,
          187.63250883392226
        ]
      ],
      [
        [
          140.08127208480565,
          163.95759717314488
        ],
        [
          251.03533568904595,
          165.72438162544168
        ],
        [
          250.68197879858656,
          247.70318021201413
        ],
        [
          139.37455830388691,
          246.64310954063603
        ]
      ],
      [
        [
          169.76325088339223,
          18.374558303886925
        ],
        [
          250.68197879858656,
          18.021201413427562
        ],
        [
          252.44876325088336,
          129.68197879858656
        ],
        [
          170.46996466431094,
          130.03533568904592
        ]
      ]
    ],
    "廊下": [
      [
        [
          112.1660777385159,
          53.003533568904594
        ],
        [
          135.4876325088339,
          52.65017667844523
        ],
        [
          135.4876325088339,
          76.32508833922262
        ],
        [
          164.1095406360424,
          76.67844522968198
        ],
        [
          163.40282685512366,
          157.95053003533567
        ],
        [
          141.14134275618375,
          159.01060070671377
        ],
        [
          139.02120141342755,
          102.12014134275618
        ],
        [
          110.39929328621906,
          100.35335689045937
        ]
      ]
    ],
    "折戸": [
      [
        29.48056537102474,
        66.78445229681978,
        66.9363957597173,
        89.75265017667844
      ],
      [
        167.23919308357347,
        151.29682997118155,
        209.69257950530033,
        174.55830388692578
      ],
      [
        211.1060070671378,
        119.08127208480565,
        254.84726224783861,
        140.63400576368875
      ]
    ],
    "開戸": [
      [
        155.13544668587895,
        102.88184438040345,
        195.55830388692578,
        136.3957597173145
      ],
      [
        139.72791519434628,
        134.62897526501766,
        165.79827089337175,
        172.9106628242075
      ],
      [
        80.7173144876325,
        73.14487632508833,
        119.97694524495677,
        102.5936599423631
      ],
      [
        141.5907780979827,
        63.68876080691642,
        166.58303886925793,
        96.81978798586572
      ]
    ]
  }
}