{
  "labels": {
    "洋室": [
      [
        [
          268.873786407767,
          9.70873786407767
        ],
        [
          270.33009708737865,
          59.22330097087379
        ],
        [
          200.4271844660194,
          58.737864077669904
        ],
        [
          199.94174757281553,
          200.48543689320388
        ],
        [
          341.68932038834953,
          198.05825242718447
        ],
        [
          339.747572815534,
          7.281553398058252
        ]
      ],
      [
        [
          153.8252427184466,
          200.48543689320388
        ],
        [
          152.85436893203882,
          249.02912621359224
        ],
        [
          191.6893203883495,
          247.0873786407767
        ],
        [
          190.71844660194174,
          345.63106796116506
        ],
        [
          343.1456310679612,
          342.2330097087379
        ],
        [
          341.20388349514565,
          198.54368932038835
        ]
      ],
      [
        [
          13.048543689320388,
          153.39805825242718
        ],
        [
          151.88349514563106,
          153.39805825242718
        ],
        [
          151.88349514563106,
          342.71844660194176
        ],
        [
          13.048543689320388,
          342.71844660194176
        ]
      ]
    ],
    "開戸": [
      [
        108.67961165048544,
        156.31067961165047,
        164.18181818181813,
        197.72727272727272
      ],
      [
        158.06714454223754,
        190.18691588785046,
        196.8878504672897,
        241.69313129480082
      ],
      [
        185.77787859540877,
        85.98130841121495,
        243.6168224299065,
        125.35160148806823
      ]
    ],
    "折戸": [
      [
        177.26168224299062,
        250.0,
        216.57363215679158,
        338.78504672897196
      ],
      [
        203.3398058252427,
        45.90909090909091,
        267.3636363636363,
        74.27184466019418
      ]
    ]
  }
}