{
  "labels": {
    "LDK": [
      [
        [
          289.4587155963302,
          432.11009174311926
        ],
        [
          359.18348623853205,
          433.02752293577976
        ],
        [
          356.43119266055044,
          533.9449541284404
        ],
        [
          287.6238532110091,
          532.1100917431193
        ]
      ]
    ],
    "浴室": [
      [
        [
          219.73394495412845,
          433.02752293577976
        ],
        [
          287.6238532110091,
          433.9449541284403
        ],
        [
          285.7889908256881,
          488.0733944954128
        ],
        [
          218.81651376146783,
          486.2385321100917
        ]
      ]
    ],
    "廊下": [
      [
        [
          425.2385321100917,
          468.80733944954125
        ],
        [
          461.01834862385317,
          467.8899082568807
        ],
        [
          462.8532110091743,
          538.5321100917431
        ],
        [
          425.2385321100917,
          533.0275229357798
        ]
      ]
    ],
    "開戸": [
      [
        242.26343381389245,
        538.881607688947,
        270.0,
        569.047619047619
      ],
      [
        427.9908256880733,
        520.183486238532,
        467.440366972477,
        566.9724770642201
      ],
      [
        430.74311926605503,
        496.33027522935777,
        477.6190476190476,
        533.3333333333333
      ]
    ],
    "引戸": [
      [
        222.27653997378758,
        517.4661424202708,
        287.41415465268665,
        546.8239405854084
      ],
      [
        468.3577981651375,
        488.31804281345563,
        524.7619047619047,
        512.3809523809524
      ],
      [
        411.4285714285714,
        473.3333333333333,
        438.4189602446483,
        532.7828746177369
      ]
    ],
    "折戸": [
      [
        238.08256880733938,
        470.64220183486236,
        289.4587155963302,
        498.1651376146789
      ]
    ]
  }
}