{
  "labels": {
    "LDK": [
      [
        [
          362.02298850574715,
          152.8735632183908
        ],
        [
          363.7471264367816,
          260.3448275862069
        ],
        [
          219.4942528735632,
          260.91954022988506
        ],
        [
          218.34482758620692,
          297.1264367816092
        ],
        [
          180.98850574712645,
          298.85057471264366
        ],
        [
          180.98850574712645,
          422.98850574712645
        ],
        [
          361.44827586206895,
          422.98850574712645
        ],
        [
          362.02298850574715,
          368.9655172413793
        ],
        [
          503.9770114942529,
          368.39080459770116
        ],
        [
          505.7011494252873,
          152.8735632183908
        ]
      ]
    ],
    "廊下": [
      [
        [
          181.5632183908046,
          208.04597701149424
        ],
        [
          218.91954022988506,
          207.4712643678161
        ],
        [
          219.4942528735632,
          295.97701149425285
        ],
        [
          183.28735632183907,
          296.55172413793105
        ]
      ]
    ],
    "浴室": [
      [
        [
          217.19540229885058,
          154.02298850574712
        ],
        [
          290.7586206896552,
          154.5977011494253
        ],
        [
          290.18390804597703,
          225.86206896551724
        ],
        [
          218.91954022988506,
          224.71264367816093
        ]
      ]
    ],
    "引戸": [
      [
        350.5287356321839,
        161.49425287356323,
        375.816091954023,
        228.16091954022988
      ],
      [
        292.48275862068965,
        177.01149425287358,
        360.8735632183908,
        202.8735632183908
      ]
    ],
    "折戸": [
      [
        307.1111731583601,
        251.7497324212388,
        359.10931174089063,
        275.3036437246963
      ],
      [
        127.73567871934478,
        194.64377123179304,
        167.61133603238866,
        226.72064777327932
      ]
    ],
    "開戸": [
      [
        251.1034482758621,
        153.44827586206895,
        303.97701149425285,
        191.3793103448276
      ],
      [
        204.67664670658684,
        261.874251497006,
        252.82758620689657,
        294.82758620689657
      ],
      [
        183.40080971659918,
        192.3076923076923,
        215.21066592209968,
        235.33203034110474
      ]
    ]
  }
}