{
  "labels": {
    "LDK": [
      [
        [
          22.73607038123167,
          42.22873900293255
        ],
        [
          127.4281524926686,
          42.81524926686217
        ],
        [
          127.72140762463343,
          68.9149560117302
        ],
        [
          257.9266862170088,
          69.50146627565982
        ],
        [
          258.2199413489736,
          174.48680351906157
        ],
        [
          166.72434017595307,
          173.60703812316714
        ],
        [
          166.72434017595307,
          200.5865102639296
        ],
        [
          22.442815249266857,
          200.0
        ]
      ]
    ],
    "浴室": [
      [
        [
          257.633431085044,
          122.58064516129032
        ],
        [
          310.41935483870964,
          121.9941348973607
        ],
        [
          310.12609970674487,
          174.19354838709677
        ],
        [
          257.633431085044,
          174.7800586510264
        ]
      ]
    ],
    "廊下": [
      [
        [
          165.84457478005865,
          174.48680351906157
        ],
        [
          258.80645161290323,
          175.366568914956
        ],
        [
          258.2199413489736,
          199.70674486803517
        ],
        [
          164.96480938416423,
          200.0
        ]
      ]
    ],
    "引戸": [
      [
        252.0615835777126,
        52.785923753665685,
        263.20527859237535,
        97.0674486803519
      ],
      [
        191.94428152492668,
        165.10263929618768,
        248.2492668621701,
        181.2316715542522
      ]
    ],
    "折戸": [
      [
        193.72948328267478,
        212.7659574468085,
        211.17076540480795,
        238.0269010330781
      ],
      [
        259.99088145896656,
        113.06990881458967,
        287.86010214905207,
        131.55389565821952
      ],
      [
        234.1550151975684,
        64.13373860182371,
        256.95065469876727,
        82.15422189341201
      ]
    ],
    "開戸": [
      [
        156.75366568914956,
        172.72727272727272,
        188.13196480938416,
        200.0
      ],
      [
        241.7976539589443,
        175.65982404692082,
        268.4838709677419,
        198.82697947214075
      ]
    ]
  }
}