{
  "labels": {
    "洋室": [
      [
        [
          30.010582010582,
          272.48677248677245
        ],
        [
          28.423280423280417,
          402.11640211640207
        ],
        [
          160.16931216931215,
          401.058201058201
        ],
        [
          159.64021164021162,
          271.4285714285714
        ]
      ],
      [
        [
          202.49735449735448,
          228.57142857142856
        ],
        [
          201.43915343915342,
          402.64550264550263
        ],
        [
          331.06878306878303,
          403.17460317460313
        ],
        [
          330.53968253968253,
          230.15873015873015
        ]
      ],
      [
        [
          200.91005291005288,
          15.343915343915343
        ],
        [
          199.85185185185185,
          143.9153439153439
        ],
        [
          331.06878306878303,
          145.5026455026455
        ],
        [
          330.53968253968253,
          14.814814814814813
        ]
      ]
    ],
    "廊下": [
      [
        [
          159.1111111111111,
          101.05820105820105
        ],
        [
          158.58201058201058,
          189.41798941798942
        ],
        [
          73.92592592592592,
          188.35978835978835
        ],
        [
          74.45502645502644,
          230.68783068783068
        ],
        [
          160.16931216931215,
          230.15873015873015
        ],
        [
          158.58201058201058,
          400.5291005291005
        ],
        [
          201.43915343915342,
          401.58730158730157
        ],
        [
          201.43915343915342,
          101.58730158730158
        ]
      ]
    ],
    "開戸": [
      [
        143.03128944753308,
        277.15736040609136,
        194.47208121827413,
        310.1388553165203
      ],
      [
        188.04780705288317,
        235.17041334300217,
        236.6040609137056,
        265.98984771573606
      ],
      [
        119.85279187817258,
        171.06598984771574,
        154.34920634920633,
        216.9312169312169
      ],
      [
        167.57671957671957,
        106.09137055837564,
        219.85279187817258,
        140.29758547525046
      ]
    ],
    "折戸": [
      [
        145.2335025380711,
        234.51776649746193,
        176.70558375634516,
        268.5279187817259
      ],
      [
        33.050761421319805,
        256.53586871860983,
        114.33094298068914,
        292.89340101522845
      ],
      [
        249.80203045685278,
        214.72081218274113,
        284.3197969543147,
        246.19289340101523
      ],
      [
        187.36548223350252,
        21.16402116402116,
        222.60317460317458,
        97.46192893401016
      ]
    ]
  }
}