{
  "labels": {
    "LDK": [
      [
        [
          32.21951219512192,
          31.317073170731703
        ],
        [
          250.5121951219512,
          30.707317073170728
        ],
        [
          251.73170731707313,
          392.9024390243902
        ],
        [
          34.65853658536585,
          393.5121951219512
        ]
      ]
    ],
    "洋室": [
      [
        [
          252.34146341463412,
          284.9756097560975
        ],
        [
          396.2439024390244,
          283.7560975609756
        ],
        [
          397.46341463414626,
          395.3414634146341
        ],
        [
          251.73170731707313,
          393.5121951219512
        ]
      ]
    ],
    "廊下": [
      [
        [
          251.12195121951214,
          104.48780487804878
        ],
        [
          297.4634146341463,
          104.48780487804878
        ],
        [
          297.4634146341463,
          199.60975609756096
        ],
        [
          323.0731707317073,
          201.4390243902439
        ],
        [
          323.68292682926824,
          245.34146341463412
        ],
        [
          296.8536585365853,
          245.34146341463412
        ],
        [
          296.24390243902434,
          283.7560975609756
        ],
        [
          254.17073170731703,
          283.7560975609756
        ]
      ]
    ],
    "折戸": [
      [
        235.38082277818484,
        32.78519836700512,
        262.87553648068666,
        99.14163090128756
      ]
    ],
    "引戸": [
      [
        236.94347966340308,
        105.12111378624516,
        258.58369098712444,
        195.70815450643775
      ]
    ],
    "開戸": [
      [
        253.08730241808854,
        273.05003663770543,
        300.6437768240343,
        332.18884120171674
      ],
      [
        284.04878048780483,
        202.04878048780486,
        336.26609442060084,
        242.06008583690988
      ]
    ]
  }
}