{
  "labels": {
    "浴室": [
      [
        [
          204.61764705882348,
          157.35294117647058
        ],
        [
          265.6470588235294,
          158.08823529411762
        ],
        [
          265.6470588235294,
          208.08823529411762
        ],
        [
          204.61764705882348,
          206.6176470588235
        ]
      ]
    ],
    "LDK": [
      [
        [
          271.52941176470586,
          156.6176470588235
        ],
        [
          400.2058823529411,
          157.35294117647058
        ],
        [
          400.9411764705882,
          419.85294117647055
        ],
        [
          272.99999999999994,
          420.5882352941176
        ],
        [
          272.99999999999994,
          280.88235294117646
        ],
        [
          299.4705882352941,
          280.88235294117646
        ],
        [
          299.4705882352941,
          231.6176470588235
        ],
        [
          273.735294117647,
          231.6176470588235
        ]
      ]
    ],
    "廊下": [
      [
        [
          239.17647058823525,
          246.3235294117647
        ],
        [
          268.5882352941176,
          246.3235294117647
        ],
        [
          270.7941176470588,
          366.9117647058823
        ],
        [
          239.91176470588232,
          368.38235294117646
        ]
      ]
    ],
    "開戸": [
      [
        228.88235294117646,
        257.35294117647055,
        265.6470588235294,
        287.5
      ],
      [
        201.67647058823525,
        302.94117647058823,
        234.76470588235293,
        319.85294117647055
      ]
    ],
    "引戸": [
      [
        258.427807486631,
        288.8368983957219,
        281.91443850267376,
        377.0748663101604
      ],
      [
        204.4171122994652,
        230.21390374331548,
        266.94117647058823,
        251.94117647058823
      ]
    ]
  }
}