{
  "labels": {
    "洋室": [
      [
        [
          80.83333333333334,
          62.33333333333334
        ],
        [
          424.1666666666667,
          64.83333333333334
        ],
        [
          421.6666666666667,
          301.5
        ],
        [
          80.83333333333334,
          302.33333333333337
        ]
      ],
      [
        [
          524.1666666666667,
          65.66666666666667
        ],
        [
          794.1666666666667,
          64.0
        ],
        [
          795.0,
          503.16666666666674
        ],
        [
          525.8333333333334,
          504.83333333333337
        ]
      ]
    ],
    "廊下": [
      [
        [
          80.83333333333334,
          307.33333333333337
        ],
        [
          524.1666666666667,
          309.0
        ],
        [
          525.0,
          356.5
        ],
        [
          516.6666666666667,
          356.5
        ],
        [
          517.5,
          366.5
        ],
        [
          280.83333333333337,
          366.5
        ],
        [
          83.33333333333334,
          367.33333333333337
        ]
      ]
    ],
    "LDK": [
      [
        [
          423.33333333333337,
          219.0
        ],
        [
          520.0,
          219.83333333333337
        ],
        [
          520.0,
          303.1666666666667
        ],
        [
          425.0,
          302.33333333333337
        ]
      ]
    ],
    "引戸": [
      [
        152.90697674418604,
        289.5348837209302,
        222.70168964396788,
        313.7480620155039
      ],
      [
        345.3488372093023,
        288.95348837209303,
        420.28255117671625,
        313.77245508982037
      ],
      [
        379.7093023255814,
        358.92248062015506,
        449.4186046511628,
        383.13953488372096
      ],
      [
        519.1666666666667,
        310.6666666666667,
        538.2814371257485,
        398.2035928143713
      ],
      [
        508.3587244116419,
        65.30427517058907,
        532.9096226152346,
        194.04679014064894
      ],
      [
        510.13772455089827,
        219.1616766467066,
        532.5,
        274.83333333333337
      ],
      [
        412.51552708536417,
        220.35928143712576,
        432.5581395348837,
        276.74418604651163
      ]
    ],
    "開戸": [
      [
        291.6666666666667,
        357.9922480620155,
        320.3488372093023,
        400.0
      ],
      [
        294.1666666666667,
        439.40697674418607,
        330.2325581395349,
        464.5348837209302
      ],
      [
        416.6666666666667,
        439.0,
        451.66666666666674,
        464.83333333333337
      ],
      [
        413.33333333333337,
        471.5,
        449.16666666666674,
        497.33333333333337
      ],
      [
        456.66666666666674,
        404.0,
        487.2093023255814,
        446.51162790697674
      ],
      [
        241.61314580142042,
        426.2080490182426,
        279.06976744186045,
        468.60465116279073
      ]
    ],
    "折戸": [
      [
        477.5,
        370.74418604651163,
        504.06976744186045,
        432.5581395348837
      ]
    ]
  }
}