{
  "labels": {
    "洋室": [
      [
        [
          8.533039647577084,
          74.31718061674007
        ],
        [
          107.6519823788546,
          75.63876651982378
        ],
        [
          105.44933920704847,
          239.07488986784142
        ],
        [
          8.09251101321587,
          240.39647577092512
        ]
      ],
      [
        [
          108.09251101321587,
          108.6784140969163
        ],
        [
          237.1674008810573,
          107.79735682819384
        ],
        [
          236.72687224669602,
          241.27753303964755
        ],
        [
          106.3303964757709,
          240.39647577092512
        ]
      ],
      [
        [
          238.04845814977972,
          9.559471365638771
        ],
        [
          353.02643171806164,
          10.0
        ],
        [
          352.5859030837005,
          241.27753303964755
        ],
        [
          237.1674008810573,
          240.39647577092512
        ]
      ]
    ],
    "廊下": [
      [
        [
          204.56828193832598,
          10.0
        ],
        [
          205.0088105726872,
          76.96035242290748
        ],
        [
          107.6519823788546,
          75.63876651982378
        ],
        [
          108.53303964757708,
          109.11894273127754
        ],
        [
          238.04845814977972,
          109.11894273127754
        ],
        [
          239.37004405286342,
          9.118942731277528
        ]
      ]
    ],
    "折戸": [
      [
        262.07140333105605,
        66.51252090744187,
        325.01069518716577,
        94.91978609625667
      ],
      [
        186.7807486631016,
        111.76470588235294,
        217.53207378265682,
        239.80046644208343
      ],
      [
        43.19786096256684,
        64.97326203208556,
        76.08021390374331,
        91.17647058823529
      ]
    ],
    "引戸": [
      [
        228.63952036561523,
        76.07929515418502,
        249.78489481495444,
        143.48017621145374
      ],
      [
        136.44418007491345,
        100.51214398454616,
        199.3422459893048,
        118.44919786096256
      ],
      [
        95.85193997502884,
        77.33727531861763,
        115.91978609625667,
        143.04812834224597
      ]
    ],
    "開戸": [
      [
        107.6519823788546,
        64.62555066079295,
        138.04845814977972,
        104.7136563876652
      ]
    ]
  }
}