{
  "labels": {
    "洋室": [
      [
        [
          253.231884057971,
          92.92753623188405
        ],
        [
          358.3043478260869,
          92.92753623188405
        ],
        [
          358.3043478260869,
          237.8550724637681
        ],
        [
          251.78260869565213,
          237.1304347826087
        ]
      ],
      [
        [
          107.5797101449275,
          93.65217391304347
        ],
        [
          252.5072463768115,
          93.65217391304347
        ],
        [
          251.78260869565213,
          200.89855072463766
        ],
        [
          108.30434782608694,
          200.89855072463766
        ]
      ],
      [
        [
          161.20289855072463,
          272.63768115942025
        ],
        [
          304.68115942028976,
          272.63768115942025
        ],
        [
          306.13043478260863,
          381.3333333333333
        ],
        [
          161.927536231884,
          379.88405797101444
        ]
      ]
    ],
    "廊下": [
      [
        [
          141.63768115942025,
          237.1304347826087
        ],
        [
          145.26086956521738,
          270.463768115942
        ],
        [
          290.9130434782609,
          272.63768115942025
        ],
        [
          289.463768115942,
          237.1304347826087
        ],
        [
          251.05797101449275,
          237.1304347826087
        ],
        [
          251.78260869565213,
          200.89855072463766
        ],
        [
          198.88405797101444,
          200.17391304347825
        ],
        [
          198.88405797101444,
          237.8550724637681
        ]
      ]
    ],
    "開戸": [
      [
        253.95652173913038,
        235.68115942028984,
        297.4347826086956,
        272.63768115942025
      ],
      [
        237.28985507246375,
        201.6231884057971,
        280.0434782608695,
        236.40579710144925
      ],
      [
        218.63157894736838,
        172.4360902255639,
        251.78260869565213,
        212.49275362318838
      ]
    ],
    "引戸": [
      [
        164.5373215647815,
        259.6486869347281,
        229.81954887218046,
        285.21804511278197
      ]
    ],
    "折戸": [
      [
        151.78260869565213,
        291.5055028876539,
        179.44360902255636,
        327.32330827067665
      ],
      [
        129.90977443609023,
        96.49624060150376,
        150.8721804511278,
        148.37593984962405
      ],
      [
        306.59354909011654,
        111.98605208673857,
        354.63157894736844,
        137.84962406015038
      ]
    ]
  }
}