{
  "labels": {
    "浴室": [
      [
        [
          291.1428571428571,
          471.5714285714285
        ],
        [
          292.57142857142856,
          608.7142857142857
        ],
        [
          397.5714285714285,
          607.9999999999999
        ],
        [
          396.1428571428571,
          472.99999999999994
        ]
      ]
    ],
    "LDK": [
      [
        [
          22.571428571428555,
          231.8655462184874
        ],
        [
          22.571428571428555,
          501.86554621848734
        ],
        [
          236.85714285714283,
          500.43697478991595
        ],
        [
          235.4285714285714,
          339.0084033613445
        ],
        [
          397.5714285714285,
          338.2941176470588
        ],
        [
          398.2857142857142,
          69.72268907563026
        ],
        [
          238.28571428571428,
          71.15126050420169
        ],
        [
          238.28571428571428,
          116.15126050420167
        ],
        [
          184.0,
          116.15126050420167
        ],
        [
          185.4285714285714,
          234.00840336134453
        ]
      ]
    ],
    "廊下": [
      [
        [
          116.14285714285711,
          495.1428571428571
        ],
        [
          116.85714285714283,
          607.2857142857142
        ],
        [
          184.71428571428567,
          607.2857142857142
        ],
        [
          184.71428571428567,
          553.0
        ],
        [
          293.2857142857142,
          555.1428571428571
        ],
        [
          291.85714285714283,
          499.4285714285714
        ]
      ]
    ],
    "開戸": [
      [
        189.58823529411768,
        463.4453781512605,
        232.6134453781513,
        514.8067226890756
      ]
    ],
    "折戸": [
      [
        300.9747899159663,
        458.4033613445378,
        343.5378151260504,
        495.563025210084
      ],
      [
        189.16806722689074,
        96.57142857142856,
        233.03361344537814,
        135.29411764705884
      ]
    ],
    "引戸": [
      [
        189.96638655462186,
        537.3949579831933,
        285.9747899159664,
        567.4957983193276
      ],
      [
        296.60504201680664,
        323.672268907563,
        393.95798319327736,
        354.20168067226894
      ],
      [
        32.529411764705884,
        217.64705882352942,
        177.57142857142858,
        248.7563025210084
      ],
      [
        168.32773109243698,
        77.31092436974791,
        201.10084033613447,
        175.21008403361344
      ],
      [
        32.19327731092437,
        55.88235294117648,
        177.57142857142858,
        89.49579831932775
      ]
    ]
  }
}