{
  "labels": {
    "LDK": [
      [
        [
          36.12056737588654,
          14.893617021276597
        ],
        [
          219.09929078014193,
          17.02127659574468
        ],
        [
          217.68085106382978,
          504.96453900709224
        ],
        [
          82.21985815602841,
          503.54609929078015
        ],
        [
          83.63829787234044,
          134.7517730496454
        ],
        [
          38.24822695035465,
          135.46099290780143
        ]
      ]
    ],
    "浴室": [
      [
        [
          39.666666666666686,
          299.290780141844
        ],
        [
          78.67375886524826,
          298.58156028368796
        ],
        [
          77.96453900709224,
          341.8439716312057
        ],
        [
          39.666666666666686,
          341.1347517730497
        ]
      ]
    ],
    "引戸": [
      [
        72.57896625987081,
        255.21057669298878,
        97.94472361809045,
        342.713567839196
      ],
      [
        74.60397224216325,
        141.07142857142858,
        99.00873414692512,
        225.5952380952381
      ]
    ],
    "開戸": [
      [
        41.1608040201005,
        311.05527638190955,
        77.28383050001784,
        357.2401012152964
      ]
    ],
    "折戸": [
      [
        73.0,
        437.58865248226954,
        100.65957446808511,
        501.4184397163121
      ]
    ]
  }
}