{
  "labels": {
    "浴室": [
      [
        [
          319.04761904761904,
          340.2142857142857
        ],
        [
          409.5238095238095,
          341.4047619047619
        ],
        [
          409.5238095238095,
          432.4761904761905
        ],
        [
          317.8571428571429,
          431.2857142857143
        ]
      ]
    ],
    "LDK": [
      [
        [
          318.45238095238096,
          11.642857142857142
        ],
        [
          743.452380952381,
          12.833333333333336
        ],
        [
          742.8571428571429,
          246.16666666666669
        ],
        [
          319.04761904761904,
          247.35714285714286
        ]
      ]
    ],
    "廊下": [
      [
        [
          288.6904761904762,
          97.35714285714286
        ],
        [
          317.26190476190476,
          97.35714285714286
        ],
        [
          317.26190476190476,
          269.3809523809524
        ],
        [
          271.42857142857144,
          268.1904761904762
        ],
        [
          270.83333333333337,
          175.33333333333334
        ]
      ]
    ],
    "開戸": [
      [
        78.57142857142857,
        200.33333333333334,
        140.47619047619048,
        247.35714285714286
      ],
      [
        226.1904761904762,
        223.54761904761907,
        274.4047619047619,
        251.52380952380952
      ],
      [
        344.64285714285717,
        251.52380952380952,
        372.0238095238095,
        290.8095238095238
      ],
      [
        439.2857142857143,
        36.642857142857146,
        486.9047619047619,
        61.04761904761905
      ],
      [
        506.5476190476191,
        203.30952380952382,
        533.3333333333334,
        244.97619047619048
      ]
    ],
    "引戸": [
      [
        305.1047619047619,
        137.53809523809522,
        330.4,
        220.4
      ],
      [
        400.73333333333335,
        250.33333333333337,
        426.0,
        334.8
      ],
      [
        417.8666666666667,
        326.43809523809523,
        504.4,
        352.8
      ],
      [
        323.6,
        283.6,
        405.5238095238095,
        307.552380952381
      ]
    ],
    "折戸": [
      [
        388.09523809523813,
        343.7857142857143,
        420.4,
        386.4
      ]
    ]
  }
}