{
  "labels": {
    "浴室": [
      [
        [
          318.4347826086956,
          14.782608695652172
        ],
        [
          419.3043478260869,
          16.52173913043478
        ],
        [
          421.0434782608695,
          120.86956521739128
        ],
        [
          317.56521739130426,
          122.60869565217389
        ]
      ]
    ],
    "廊下": [
      [
        [
          224.52173913043475,
          130.43478260869563
        ],
        [
          316.695652173913,
          132.17391304347825
        ],
        [
          316.695652173913,
          183.4782608695652
        ],
        [
          301.0434782608695,
          185.2173913043478
        ],
        [
          299.3043478260869,
          250.43478260869563
        ],
        [
          282.78260869565213,
          250.43478260869563
        ],
        [
          282.78260869565213,
          313.9130434782608
        ],
        [
          221.66666666666669,
          314.1843971631206
        ]
      ]
    ],
    "LDK": [
      [
        [
          19.30434782608694,
          298.2608695652174
        ],
        [
          136.695652173913,
          298.2608695652174
        ],
        [
          136.695652173913,
          319.13043478260863
        ],
        [
          426.26086956521726,
          323.4782608695652
        ],
        [
          423.6521739130434,
          669.5652173913043
        ],
        [
          15.826086956521692,
          671.3043478260869
        ]
      ]
    ],
    "開戸": [
      [
        289.04255319148945,
        69.50354609929079,
        361.91304347826076,
        127.82608695652172
      ],
      [
        272.3478260869565,
        130.43478260869563,
        338.6879432624114,
        186.52482269503548
      ]
    ],
    "引戸": [
      [
        222.39407955596664,
        114.80727721245759,
        311.0283687943263,
        148.93617021276597
      ],
      [
        221.20382362010469,
        301.53561517113775,
        335.8510638297872,
        337.5886524822694
      ],
      [
        201.4306569343065,
        130.3868613138686,
        239.38686131386862,
        242.7956204379562
      ]
    ]
  }
}