{
  "labels": {
    "廊下": [
      [
        [
          50.11600928074245,
          34.10672853828306
        ],
        [
          49.88399071925753,
          49.65197215777262
        ],
        [
          62.877030162412986,
          50.11600928074245
        ],
        [
          63.10904872389791,
          82.830626450116
        ],
        [
          84.22273781902551,
          83.06264501160092
        ],
        [
          83.99071925754059,
          33.64269141531322
        ]
      ],
      [
        [
          100.46403712296983,
          17.16937354988399
        ],
        [
          116.70533642691414,
          17.16937354988399
        ],
        [
          116.70533642691414,
          82.830626450116
        ],
        [
          100.46403712296983,
          82.830626450116
        ]
      ]
    ],
    "LDK": [
      [
        [
          16.473317865429234,
          83.29466357308584
        ],
        [
          16.70533642691415,
          165.661252900232
        ],
        [
          82.36658932714616,
          166.12529002320184
        ],
        [
          83.06264501160092,
          130.8584686774942
        ],
        [
          117.16937354988397,
          131.78654292343387
        ],
        [
          116.70533642691414,
          83.06264501160092
        ]
      ]
    ],
    "浴室": [
      [
        [
          18.79350348027842,
          16.473317865429234
        ],
        [
          50.58004640371229,
          16.473317865429234
        ],
        [
          50.58004640371229,
          50.11600928074245
        ],
        [
          18.79350348027842,
          50.11600928074245
        ]
      ]
    ],
    "開戸": [
      [
        99.76798143851506,
        79.58236658932714,
        116.2412993039443,
        98.8399071925754
      ],
      [
        16.70533642691415,
        154.7563805104408,
        33.17865429234338,
        167.74941995359626
      ],
      [
        36.09890109890108,
        35.266821345707655,
        48.955916473317856,
        53.84615384615385
      ],
      [
        85.27472527472526,
        176.37362637362637,
        97.49872122762147,
        194.62915601023016
      ],
      [
        102.30769230769229,
        176.64835164835165,
        114.63427109974424,
        196.67519181585678
      ]
    ],
    "引戸": [
      [
        35.54945054945054,
        79.2649346013615,
        70.8039060707274,
        88.73626373626374
      ],
      [
        79.1183294663573,
        134.5707656612529,
        87.00696055684453,
        164.26914153132248
      ],
      [
        79.58236658932714,
        36.26373626373626,
        88.57142857142856,
        80.5104408352668
      ],
      [
        111.09890109890108,
        15.934065934065934,
        122.91208791208791,
        48.62637362637363
      ],
      [
        52.85714285714286,
        26.923076923076923,
        84.45054945054943,
        39.56043956043956
      ],
      [
        34.175824175824175,
        158.5164835164835,
        64.67032967032966,
        170.05494505494505
      ]
    ],
    "折戸": [
      [
        61.09890109890108,
        35.989010989010985,
        75.65934065934064,
        48.62637362637363
      ],
      [
        94.94117647058823,
        19.437340153452684,
        107.72890025575447,
        33.248081841432224
      ]
    ]
  }
}