{
  "labels": {
    "LDK": [
      [
        [
          621.0,
          7.0
        ],
        [
          928.0,
          9.0
        ],
        [
          928.0,
          419.0
        ],
        [
          701.0,
          418.0
        ],
        [
          701.0,
          587.0
        ],
        [
          319.0,
          583.0
        ],
        [
          314.0,
          318.0
        ],
        [
          281.0,
          317.0
        ],
        [
          280.0,
          254.0
        ],
        [
          625.0,
          255.0
        ]
      ]
    ],
    "浴室": [
      [
        [
          4.0,
          9.0
        ],
        [
          198.0,
          9.0
        ],
        [
          198.0,
          162.0
        ],
        [
          5.0,
          162.0
        ]
      ]
    ],
    "廊下": [
      [
        [
          700.0,
          417.0
        ],
        [
          825.0,
          417.0
        ],
        [
          825.0,
          583.0
        ],
        [
          700.0,
          585.0
        ]
      ]
    ],
    "引戸": [
      [
        599.3422818791946,
        85.57718120805369,
        652.5906040268455,
        244.28859060402684
      ],
      [
        290.3557046979866,
        139.95973154362414,
        447.3557046979866,
        188.95973154362414
      ],
      [
        359.0,
        14.0,
        404.0,
        159.0
      ],
      [
        176.34228187919462,
        13.0,
        224.22147651006713,
        160.74496644295303
      ],
      [
        83.06711409395973,
        292.0402684563758,
        234.95973154362417,
        344.63758389261744
      ],
      [
        284.68456375838923,
        315.3422818791946,
        336.9731543624161,
        482.22147651006713
      ],
      [
        673.8859060402684,
        421.1476510067114,
        723.6040268456377,
        582.6845637583892
      ]
    ],
    "折戸": [
      [
        549.7248322147651,
        129.8724832214765,
        621.261744966443,
        170.98657718120805
      ],
      [
        41.0,
        484.0,
        89.0,
        626.0
      ]
    ]
  }
}