{
  "labels": {
    "LDK": [
      [
        [
          53.70807453416148,
          173.91304347826085
        ],
        [
          259.2981366459627,
          172.04968944099377
        ],
        [
          259.91925465838506,
          586.9565217391304
        ],
        [
          52.46583850931677,
          586.335403726708
        ]
      ]
    ],
    "廊下": [
      [
        [
          258.67701863354034,
          431.055900621118
        ],
        [
          327.62111801242236,
          430.4347826086956
        ],
        [
          329.48447204968943,
          534.7826086956521
        ],
        [
          261.1614906832298,
          536.0248447204968
        ]
      ],
      [
        [
          258.67701863354034,
          159.62732919254657
        ],
        [
          310.22981366459624,
          159.0062111801242
        ],
        [
          310.8509316770186,
          275.1552795031056
        ],
        [
          261.1614906832298,
          275.77639751552795
        ]
      ]
    ],
    "浴室": [
      [
        [
          53.086956521739125,
          68.32298136645963
        ],
        [
          156.1925465838509,
          68.94409937888199
        ],
        [
          158.67701863354034,
          170.80745341614906
        ],
        [
          53.70807453416148,
          172.04968944099377
        ]
      ]
    ],
    "折戸": [
      [
        135.0860927152318,
        129.13907284768212,
        166.58701822220394,
        168.61503023322774
      ]
    ],
    "引戸": [
      [
        168.86092715231786,
        158.94039735099338,
        253.83558882810246,
        186.70971987988975
      ],
      [
        318.1768335321459,
        268.27773435893215,
        409.9205298013245,
        286.7549668874172
      ],
      [
        244.35761589403972,
        280.1324503311258,
        274.6656657480153,
        427.08239068734315
      ],
      [
        247.00662251655626,
        440.3973509933775,
        274.57928509728106,
        530.809098761877
      ]
    ],
    "開戸": [
      [
        266.2119205298013,
        144.67936325120314,
        299.46513923738223,
        197.35099337748343
      ]
    ]
  }
}