{
  "labels": {
    "浴室": [
      [
        [
          59.20398009950248,
          16.786069651741286
        ],
        [
          129.35323383084577,
          15.7910447761194
        ],
        [
          129.35323383084577,
          86.43781094527363
        ],
        [
          60.199004975124375,
          85.44278606965173
        ]
      ]
    ],
    "LDK": [
      [
        [
          211.4427860696517,
          14.298507462686565
        ],
        [
          357.7114427860696,
          15.293532338308452
        ],
        [
          358.20895522388054,
          315.2935323383084
        ],
        [
          175.12437810945272,
          314.79601990049747
        ],
        [
          175.12437810945272,
          168.52736318407958
        ],
        [
          211.4427860696517,
          169.02487562189052
        ]
      ]
    ],
    "廊下": [
      [
        [
          112.43781094527363,
          207.83084577114425
        ],
        [
          131.8407960199005,
          207.83084577114425
        ],
        [
          130.8457711442786,
          167.03482587064676
        ],
        [
          165.67164179104475,
          166.5373134328358
        ],
        [
          166.1691542288557,
          300.865671641791
        ],
        [
          134.82587064676616,
          299.8706467661691
        ],
        [
          135.82089552238804,
          265.04477611940297
        ],
        [
          111.44278606965173,
          264.0497512437811
        ]
      ],
      [
        [
          174.62686567164178,
          66.53731343283582
        ],
        [
          205.47263681592037,
          67.03482587064676
        ],
        [
          206.46766169154228,
          125.24378109452735
        ],
        [
          173.13432835820893,
          124.24875621890544
        ]
      ]
    ],
    "開戸": [
      [
        161.19402985074626,
        167.5323383084577,
        206.46766169154228,
        203.85074626865668
      ],
      [
        199.99999999999997,
        128.22885572139302,
        229.85074626865668,
        167.5323383084577
      ]
    ],
    "引戸": [
      [
        57.27284629484158,
        259.10735794710655,
        130.7017543859649,
        279.57894736842104
      ],
      [
        135.52631578947367,
        53.263157894736835,
        208.45771144278604,
        70.51741293532338
      ],
      [
        158.7719298245614,
        87.03508771929823,
        178.9473684210526,
        161.15789473684208
      ],
      [
        67.98245614035088,
        77.3859649122807,
        126.75438596491227,
        99.3157894736842
      ]
    ]
  }
}