{
  "labels": {
    "浴室": [
      [
        [
          407.0,
          124.0
        ],
        [
          534.0,
          125.0
        ],
        [
          533.0,
          225.0
        ],
        [
          408.0,
          221.0
        ]
      ]
    ],
    "LDK": [
      [
        [
          541.0,
          124.0
        ],
        [
          969.0,
          125.0
        ],
        [
          966.0,
          329.0
        ],
        [
          741.0,
          331.0
        ],
        [
          739.0,
          443.0
        ],
        [
          539.0,
          443.0
        ]
      ]
    ],
    "洋室": [
      [
        [
          127.0,
          278.0
        ],
        [
          331.0,
          279.0
        ],
        [
          332.0,
          382.0
        ],
        [
          282.0,
          382.0
        ],
        [
          283.0,
          482.0
        ],
        [
          128.0,
          477.0
        ]
      ],
      [
        [
          128.0,
          532.0
        ],
        [
          332.0,
          539.0
        ],
        [
          332.0,
          689.0
        ],
        [
          123.0,
          687.0
        ]
      ],
      [
        [
          330.0,
          637.0
        ],
        [
          426.0,
          635.0
        ],
        [
          427.0,
          534.0
        ],
        [
          640.0,
          537.0
        ],
        [
          637.0,
          841.0
        ],
        [
          326.0,
          842.0
        ]
      ]
    ],
    "廊下": [
      [
        [
          335.0,
          229.0
        ],
        [
          392.0,
          230.0
        ],
        [
          390.0,
          331.0
        ],
        [
          535.0,
          335.0
        ],
        [
          535.0,
          436.0
        ],
        [
          455.0,
          437.0
        ],
        [
          454.0,
          394.0
        ],
        [
          431.0,
          395.0
        ],
        [
          428.0,
          381.0
        ],
        [
          334.0,
          380.0
        ]
      ]
    ],
    "開戸": [
      [
        295.0,
        539.0,
        345.0,
        582.0
      ],
      [
        329.0,
        630.0,
        379.0,
        683.0
      ]
    ],
    "引戸": [
      [
        336.0204081632653,
        211.89795918367346,
        435.7551020408163,
        239.9795918367347
      ],
      [
        438.204081632653,
        210.93877551020407,
        531.6734693877551,
        241.0
      ],
      [
        520.8571428571429,
        341.2857142857143,
        548.0,
        428.7551020408163
      ],
      [
        319.9183673469388,
        333.12244897959187,
        348.0,
        421.6122448979592
      ],
      [
        318.8367346938776,
        232.0408163265306,
        345.9591836734694,
        318.55102040816325
      ],
      [
        377.87755102040813,
        233.0204081632653,
        406.16326530612247,
        325.6938775510204
      ],
      [
        134.0816326530612,
        260.87755102040813,
        272.48979591836735,
        292.0204081632653
      ]
    ],
    "折戸": [
      [
        364.0,
        534.0,
        405.14285714285717,
        633.8571428571429
      ],
      [
        357.0,
        386.0,
        401.0612244897959,
        528.7551020408164
      ],
      [
        231.0,
        513.7551020408163,
        326.57142857142856,
        565.4897959183673
      ],
      [
        131.0,
        450.0,
        227.59183673469389,
        499.16326530612247
      ],
      [
        256.0,
        378.0,
        303.10204081632656,
        477.734693877551
      ]
    ]
  }
}