{
  "labels": {
    "浴室": [
      [
        [
          105.87700534759358,
          97.32620320855614
        ],
        [
          106.41176470588235,
          165.24064171122993
        ],
        [
          190.903743315508,
          166.84491978609626
        ],
        [
          190.903743315508,
          97.86096256684492
        ]
      ]
    ],
    "廊下": [
      [
        [
          209.08556149732618,
          164.1711229946524
        ],
        [
          241.17112299465236,
          164.1711229946524
        ],
        [
          241.70588235294116,
          232.62032085561495
        ],
        [
          209.08556149732618,
          233.6898395721925
        ]
      ]
    ],
    "LDK": [
      [
        [
          304.807486631016,
          206.951871657754
        ],
        [
          305.3422459893048,
          230.48128342245988
        ],
        [
          438.49732620320856,
          230.48128342245988
        ],
        [
          442.7754010695187,
          401.6042780748663
        ],
        [
          243.84491978609623,
          402.13903743315507
        ],
        [
          245.9839572192513,
          449.7326203208556
        ],
        [
          109.62032085561495,
          449.19786096256684
        ],
        [
          108.55080213903742,
          247.05882352941174
        ],
        [
          209.08556149732618,
          249.19786096256684
        ],
        [
          209.62032085561498,
          233.6898395721925
        ],
        [
          242.03821656050954,
          233.12101910828025
        ],
        [
          241.70588235294116,
          206.41711229946523
        ]
      ]
    ],
    "折戸": [
      [
        144.1276269627712,
        153.77056439252016,
        172.61146496815286,
        177.0700636942675
      ],
      [
        259.84001498688644,
        168.70806226370107,
        289.171974522293,
        197.45222929936304
      ],
      [
        456.6978779931197,
        187.49616812561734,
        486.624203821656,
        211.46496815286625
      ],
      [
        508.59872611464965,
        318.4713375796178,
        536.5200790217648,
        339.92642801185326
      ]
    ],
    "引戸": [
      [
        136.29868183521236,
        240.17337102762355,
        194.9044585987261,
        256.68789808917194
      ],
      [
        200.3184713375796,
        171.9745222929936,
        216.02551176811198,
        232.6441636295514
      ],
      [
        348.9523825743384,
        220.39919615790728,
        430.25477707006365,
        240.12738853503183
      ],
      [
        431.52866242038215,
        109.23566878980891,
        448.0891719745223,
        163.05732484076432
      ]
    ],
    "開戸": [
      [
        211.78343949044586,
        156.36942675159236,
        238.96566640553152,
        196.08808201914232
      ],
      [
        211.7235941278654,
        204.12820600156678,
        238.21656050955414,
        243.312101910828
      ],
      [
        328.3845839435948,
        104.24231070540549,
        363.0573248407643,
        146.81528662420382
      ],
      [
        325.038080316087,
        151.52934364249464,
        357.0063694267516,
        181.21019108280254
      ]
    ]
  }
}