{
  "labels": {
    "LDK": [
      [
        [
          500.1737359213995,
          145.68655643421997
        ],
        [
          707.2250179726815,
          148.2506589983225
        ],
        [
          707.2250179726815,
          541.1993769470405
        ],
        [
          498.25065899832254,
          542.4814282290918
        ]
      ]
    ],
    "浴室": [
      [
        [
          341.025641025641,
          360.8974358974359
        ],
        [
          425.64102564102564,
          361.53846153846155
        ],
        [
          425.64102564102564,
          464.1025641025641
        ],
        [
          341.025641025641,
          462.8205128205128
        ]
      ]
    ],
    "廊下": [
      [
        [
          432.05128205128204,
          464.1025641025641
        ],
        [
          499.35897435897436,
          464.7435897435897
        ],
        [
          500.0,
          542.3076923076923
        ],
        [
          433.97435897435895,
          542.9487179487179
        ]
      ],
      [
        [
          447.4358974358974,
          225.64102564102564
        ],
        [
          448.07692307692304,
          278.8461538461538
        ],
        [
          500.0,
          279.4871794871795
        ],
        [
          500.0,
          223.7179487179487
        ]
      ]
    ],
    "折戸": [
      [
        449.5327102803738,
        455.1401869158878,
        491.1873951593578,
        487.2334052240594
      ],
      [
        377.5700934579439,
        351.40186915887847,
        423.1847591660676,
        389.62377186676247
      ]
    ],
    "引戸": [
      [
        487.8504672897196,
        445.3271028037383,
        516.4270309130122,
        537.8624490774025
      ],
      [
        410.74766355140184,
        209.34579439252335,
        492.46944644140905,
        236.59237958303376
      ],
      [
        488.31775700934577,
        184.11214953271028,
        516.822429906542,
        274.7663551401869
      ]
    ],
    "開戸": [
      [
        444.87179487179486,
        259.6153846153846,
        495.5128205128205,
        332.6923076923077
      ],
      [
        494.39252336448595,
        385.0467289719626,
        528.5046728971962,
        411.6822429906542
      ]
    ]
  }
}