{
  "labels": {
    "洋室": [
      [
        [
          115.88079470198676,
          18.00662251655629
        ],
        [
          113.89403973509934,
          71.64900662251655
        ],
        [
          17.867549668874172,
          72.97350993377484
        ],
        [
          15.880794701986755,
          261.71523178807945
        ],
        [
          179.4569536423841,
          267.0132450331126
        ],
        [
          180.7814569536424,
          19.331125827814567
        ]
      ]
    ],
    "LDK": [
      [
        [
          180.11920529801324,
          47.807947019867555
        ],
        [
          176.80794701986756,
          510.7218543046357
        ],
        [
          394.02649006622516,
          514.6953642384105
        ],
        [
          394.6887417218543,
          17.34437086092715
        ],
        [
          235.08609271523179,
          18.00662251655629
        ],
        [
          234.42384105960264,
          45.82119205298014
        ]
      ]
    ],
    "廊下": [
      [
        [
          396.0132450331126,
          196.81456953642385
        ],
        [
          554.2913907284768,
          196.81456953642385
        ],
        [
          554.2913907284768,
          267.6754966887417
        ],
        [
          396.0132450331126,
          267.6754966887417
        ]
      ]
    ],
    "浴室": [
      [
        [
          501.3112582781457,
          21.317880794701985
        ],
        [
          611.9072847682119,
          21.317880794701985
        ],
        [
          611.9072847682119,
          127.94039735099338
        ],
        [
          501.3112582781457,
          127.94039735099338
        ]
      ]
    ],
    "開戸": [
      [
        373.9621570482498,
        202.7105014191107,
        443.57142857142856,
        243.57142857142858
      ],
      [
        370.42857142857144,
        381.01135288552507,
        412.44087038789024,
        420.14285714285717
      ],
      [
        482.42857142857144,
        151.0,
        524.1428571428571,
        216.71428571428572
      ]
    ],
    "折戸": [
      [
        480.6754966887417,
        74.42857142857143,
        527.0,
        120.71996215704824
      ],
      [
        30.567644276253535,
        54.014191106906324,
        99.0,
        95.0
      ],
      [
        185.5345316934721,
        32.52317880794702,
        226.42857142857144,
        67.0
      ]
    ],
    "引戸": [
      [
        375.8845789971617,
        25.857142857142858,
        413.2857142857143,
        113.46168401135289
      ],
      [
        536.1428571428571,
        163.0,
        575.5714285714286,
        252.14285714285714
      ]
    ]
  }
}