{
  "labels": {
    "洋室": [
      [
        [
          171.88172043010752,
          13.440860215053762
        ],
        [
          299.83870967741933,
          12.903225806451612
        ],
        [
          300.9139784946236,
          169.89247311827955
        ],
        [
          151.98924731182794,
          172.04301075268816
        ],
        [
          152.5268817204301,
          120.96774193548386
        ],
        [
          171.88172043010752,
          120.96774193548386
        ]
      ],
      [
        [
          431.02150537634407,
          120.96774193548386
        ],
        [
          650.9139784946236,
          120.96774193548386
        ],
        [
          649.8387096774193,
          329.5698924731183
        ],
        [
          429.4086021505376,
          329.0322580645161
        ]
      ],
      [
        [
          13.817204301075268,
          327.9569892473118
        ],
        [
          427.79569892473114,
          330.1075268817204
        ],
        [
          428.8709677419355,
          172.04301075268816
        ],
        [
          151.98924731182794,
          170.96774193548387
        ],
        [
          150.91397849462365,
          120.96774193548386
        ],
        [
          135.32258064516128,
          120.96774193548386
        ],
        [
          134.78494623655914,
          11.827956989247312
        ],
        [
          14.892473118279568,
          12.903225806451612
        ]
      ]
    ],
    "廊下": [
      [
        [
          302.5268817204301,
          67.74193548387096
        ],
        [
          427.79569892473114,
          69.35483870967741
        ],
        [
          428.3333333333333,
          166.1290322580645
        ],
        [
          303.6021505376344,
          168.27956989247312
        ]
      ]
    ],
    "開戸": [
      [
        154.13978494623655,
        125.26881720430107,
        205.12820512820514,
        191.17948717948718
      ],
      [
        303.6021505376344,
        125.26881720430107,
        349.7435897435897,
        191.17948717948718
      ],
      [
        411.28205128205127,
        78.35897435897436,
        466.778329197684,
        114.12737799834575
      ]
    ],
    "引戸": [
      [
        412.18775847808104,
        124.38378825475597,
        451.7948717948718,
        213.23076923076923
      ]
    ],
    "折戸": [
      [
        153.5359801488834,
        68.84201819685688,
        191.2820512820513,
        116.30769230769232
      ]
    ]
  }
}