{
  "labels": {
    "洋室": [
      [
        [
          146.24505928853753,
          68.1897233201581
        ],
        [
          220.55335968379444,
          68.1897233201581
        ],
        [
          220.9486166007905,
          117.99209486166006
        ],
        [
          246.64031620553357,
          118.38735177865613
        ],
        [
          246.24505928853753,
          155.54150197628456
        ],
        [
          145.8498023715415,
          155.93675889328063
        ]
      ],
      [
        [
          145.0592885375494,
          159.49407114624503
        ],
        [
          245.84980237154147,
          159.49407114624503
        ],
        [
          246.24505928853753,
          231.03557312252963
        ],
        [
          145.8498023715415,
          232.22134387351775
        ]
      ],
      [
        [
          296.83794466403157,
          68.1897233201581
        ],
        [
          372.7272727272727,
          68.98023715415019
        ],
        [
          371.93675889328057,
          156.33201581027666
        ],
        [
          298.41897233201576,
          155.54150197628456
        ]
      ]
    ],
    "廊下": [
      [
        [
          249.80237154150194,
          122.73517786561263
        ],
        [
          268.3794466403162,
          122.73517786561263
        ],
        [
          268.3794466403162,
          134.9881422924901
        ],
        [
          294.4664031620553,
          134.9881422924901
        ],
        [
          294.8616600790514,
          181.23320158102766
        ],
        [
          249.80237154150194,
          181.23320158102766
        ]
      ]
    ],
    "開戸": [
      [
        277.8656126482213,
        159.49407114624503,
        299.60474308300394,
        182.81422924901185
      ],
      [
        224.45746823557914,
        159.87721290869712,
        254.49699392727877,
        181.61634334347974
      ],
      [
        225.61900867747943,
        132.24557418260568,
        255.26327745218296,
        157.14675995335665
      ],
      [
        273.12252964426875,
        131.03557312252963,
        294.4664031620553,
        144.47430830039525
      ]
    ],
    "引戸": [
      [
        288.63447064346616,
        114.64528341889661,
        305.7471264367816,
        155.53256704980845
      ],
      [
        335.2990171580876,
        185.56891251344024,
        352.4904214559387,
        225.26436781609198
      ],
      [
        273.4208653249133,
        173.84447170354215,
        313.7931034482759,
        191.1647509578544
      ]
    ],
    "折戸": [
      [
        208.69565217391303,
        68.58498023715414,
        228.85375494071144,
        118.78260869565216
      ],
      [
        238.73517786561263,
        197.4387351778656,
        252.17391304347822,
        231.82608695652172
      ],
      [
        337.03299865218906,
        148.49956839761936,
        369.7318007662835,
        165.87739463601534
      ]
    ]
  }
}