{
  "labels": {
    "LDK": [
      [
        [
          55.589285714285694,
          158.03571428571428
        ],
        [
          258.71428571428567,
          158.03571428571428
        ],
        [
          260.49999999999994,
          260.71428571428567
        ],
        [
          232.82142857142856,
          258.9285714285714
        ],
        [
          232.37499999999994,
          387.0535714285714
        ],
        [
          183.71428571428567,
          387.49999999999994
        ],
        [
          183.71428571428567,
          335.2678571428571
        ],
        [
          54.696428571428555,
          335.2678571428571
        ]
      ]
    ],
    "廊下": [
      [
        [
          182.82142857142856,
          57.58928571428571
        ],
        [
          231.9285714285714,
          58.482142857142854
        ],
        [
          232.82142857142856,
          157.14285714285714
        ],
        [
          181.9285714285714,
          156.24999999999997
        ]
      ],
      [
        [
          259.60714285714283,
          211.16071428571428
        ],
        [
          335.0535714285714,
          209.37499999999997
        ],
        [
          335.94642857142856,
          256.69642857142856
        ],
        [
          260.0535714285714,
          257.1428571428571
        ]
      ]
    ],
    "洋室": [
      [
        [
          232.82142857142856,
          259.375
        ],
        [
          386.83928571428567,
          259.82142857142856
        ],
        [
          385.94642857142856,
          387.94642857142856
        ],
        [
          231.03571428571428,
          387.0535714285714
        ]
      ]
    ],
    "開戸": [
      [
        243.8604651162791,
        211.62790697674419,
        303.4671926910298,
        254.6677740863786
      ]
    ],
    "引戸": [
      [
        217.7362956810631,
        60.3612956810631,
        248.04651162790697,
        155.3488372093023
      ]
    ]
  }
}