{
  "labels": {
    "LDK": [
      [
        [
          99.62376237623764,
          281.18811881188117
        ],
        [
          354.0792079207921,
          281.18811881188117
        ],
        [
          354.0792079207921,
          730.6930693069307
        ],
        [
          99.62376237623764,
          730.6930693069307
        ]
      ]
    ],
    "浴室": [
      [
        [
          101.60396039603961,
          730.6930693069307
        ],
        [
          231.30693069306932,
          730.6930693069307
        ],
        [
          231.30693069306932,
          859.4059405940594
        ],
        [
          101.60396039603961,
          859.4059405940594
        ]
      ]
    ],
    "廊下": [
      [
        [
          354.0792079207921,
          667.3267326732673
        ],
        [
          419.42574257425747,
          667.3267326732673
        ],
        [
          419.42574257425747,
          751.4851485148515
        ],
        [
          354.0792079207921,
          751.4851485148515
        ]
      ],
      [
        [
          289.7227722772277,
          200.990099009901
        ],
        [
          416.45544554455444,
          200.990099009901
        ],
        [
          416.45544554455444,
          280.1980198019802
        ],
        [
          289.7227722772277,
          280.1980198019802
        ]
      ]
    ],
    "開戸": [
      [
        368.7086614173228,
        708.9108910891089,
        415.46534653465346,
        768.503937007874
      ],
      [
        299.75629531457093,
        229.92125984251967,
        352.17322834645665,
        301.6839479223513
      ],
      [
        41.663551401869086,
        185.8504672897196,
        100.54205607476626,
        230.71028037383175
      ]
    ],
    "折戸": [
      [
        327.34653465346537,
        414.1732283464567,
        372.64566929133855,
        535.6435643564356
      ],
      [
        328.5511811023622,
        306.2992125984252,
        373.43307086614175,
        403.93700787401576
      ],
      [
        207.11577141966166,
        738.6138613861386,
        246.71973181570127,
        794.059405940594
      ]
    ],
    "引戸": [
      [
        285.76237623762376,
        162.37623762376236,
        306.55445544554453,
        276.23762376237624
      ],
      [
        339.0718016683558,
        613.3858267716536,
        376.5826771653543,
        724.3704685429173
      ],
      [
        110.82242990654197,
        260.6168224299065,
        289.3271028037383,
        297.06542056074767
      ],
      [
        242.0094193833247,
        708.2288615792183,
        352.2897932151004,
        744.6774597100595
      ]
    ]
  }
}