{
  "labels": {
    "洋室": [
      [
        [
          68.97260273972603,
          268.94520547945206
        ],
        [
          66.23287671232877,
          600.4520547945206
        ],
        [
          503.2191780821918,
          607.3013698630137
        ],
        [
          508.69863013698637,
          499.082191780822
        ],
        [
          530.6164383561644,
          499.082191780822
        ],
        [
          531.986301369863,
          268.94520547945206
        ],
        [
          393.63013698630135,
          275.79452054794524
        ],
        [
          400.47945205479454,
          163.46575342465752
        ],
        [
          286.7808219178082,
          157.98630136986304
        ],
        [
          288.1506849315069,
          279.9041095890411
        ]
      ],
      [
        [
          401.8493150684932,
          49.76712328767127
        ],
        [
          396.36986301369865,
          189.4931506849315
        ],
        [
          614.1780821917808,
          186.75342465753425
        ],
        [
          607.3287671232877,
          500.45205479452056
        ],
        [
          945.6849315068494,
          505.93150684931504
        ],
        [
          948.4246575342466,
          47.02739726027397
        ]
      ]
    ],
    "廊下": [
      [
        [
          274.45205479452056,
          52.50684931506851
        ],
        [
          405.95890410958907,
          52.50684931506851
        ],
        [
          405.95890410958907,
          157.98630136986304
        ],
        [
          274.45205479452056,
          157.98630136986304
        ]
      ]
    ],
    "開戸": [
      [
        365.8214285714286,
        57.98630136986304,
        492.97782126549254,
        155.55555555555557
      ],
      [
        299.75,
        131.94444444444446,
        388.1506849315069,
        242.91780821917814
      ]
    ],
    "折戸": [
      [
        413.6666666666667,
        144.28767123287673,
        612.8082191780823,
        226.4920634920635
      ],
      [
        485.88888888888886,
        281.25396825396825,
        568.4285714285714,
        490.7777777777778
      ]
    ]
  }
}