{
  "labels": {
    "廊下": [
      [
        [
          136.5,
          342.07692307692304
        ],
        [
          134.57692307692307,
          522.8461538461538
        ],
        [
          220.15384615384616,
          526.6923076923076
        ],
        [
          223.03846153846152,
          619.9615384615385
        ],
        [
          311.5,
          622.8461538461538
        ],
        [
          315.3461538461538,
          439.1923076923077
        ],
        [
          224.96153846153845,
          438.2307692307692
        ],
        [
          228.8076923076923,
          347.8461538461538
        ]
      ]
    ],
    "洋室": [
      [
        [
          138.4230769230769,
          82.46153846153845
        ],
        [
          500.9230769230769,
          82.46153846153845
        ],
        [
          500.9230769230769,
          347.8461538461538
        ],
        [
          138.4230769230769,
          347.8461538461538
        ]
      ],
      [
        [
          315.3461538461538,
          345.9230769230769
        ],
        [
          675.9230769230769,
          345.9230769230769
        ],
        [
          675.9230769230769,
          719.0
        ],
        [
          315.3461538461538,
          719.0
        ]
      ]
    ],
    "開戸": [
      [
        233.63774597495524,
        536.6279069767442,
        340.69767441860466,
        605.2477638640429
      ],
      [
        234.30232558139537,
        445.93023255813955,
        339.474060822898,
        521.6162790697672
      ]
    ],
    "折戸": [
      [
        111.62790697674419,
        84.30232558139535,
        172.3899821109123,
        326.0438282647587
      ]
    ],
    "引戸": [
      [
        200.0286225402504,
        537.2915921288014,
        246.51162790697674,
        674.4186046511628
      ],
      [
        145.60107334525938,
        322.09302325581393,
        290.69767441860466,
        370.00626118067976
      ]
    ]
  }
}