{
  "labels": {
    "廊下": [
      [
        [
          288.8045977011494,
          93.02298850574712
        ],
        [
          287.6551724137931,
          158.5402298850575
        ],
        [
          160.06896551724137,
          157.39080459770116
        ],
        [
          158.91954022988506,
          222.9080459770115
        ],
        [
          292.2528735632184,
          225.20689655172413
        ],
        [
          287.6551724137931,
          542.448275862069
        ],
        [
          417.5402298850575,
          547.0459770114943
        ],
        [
          422.13793103448273,
          228.65517241379308
        ],
        [
          549.7241379310345,
          225.20689655172413
        ],
        [
          543.9770114942529,
          158.5402298850575
        ],
        [
          356.62068965517244,
          159.68965517241378
        ],
        [
          355.4712643678161,
          96.4712643678161
        ]
      ]
    ],
    "LDK": [
      [
        [
          548.5747126436781,
          28.65517241379311
        ],
        [
          806.0459770114943,
          28.65517241379311
        ],
        [
          806.0459770114943,
          418.31034482758616
        ],
        [
          548.5747126436781,
          418.31034482758616
        ]
      ]
    ],
    "浴室": [
      [
        [
          30.183908045977013,
          27.505747126436773
        ],
        [
          160.06896551724137,
          27.505747126436773
        ],
        [
          160.06896551724137,
          159.68965517241378
        ],
        [
          30.183908045977013,
          159.68965517241378
        ]
      ]
    ],
    "洋室": [
      [
        [
          32.48275862068966,
          287.2758620689655
        ],
        [
          289.95402298850576,
          287.2758620689655
        ],
        [
          289.95402298850576,
          679.2298850574713
        ],
        [
          32.48275862068966,
          679.2298850574713
        ]
      ]
    ],
    "開戸": [
      [
        102.36363636363635,
        95.87878787878788,
        183.45791245791244,
        150.0
      ]
    ],
    "折戸": [
      [
        391.0,
        288.085684430512,
        439.69278996865205,
        353.030303030303
      ],
      [
        61.2183908045977,
        267.42424242424244,
        126.6060606060606,
        313.71264367816093
      ],
      [
        164.64054336468126,
        269.80134680134677,
        284.7542087542087,
        316.52293045396493
      ],
      [
        327.88505747126436,
        98.48484848484848,
        378.1212121212121,
        156.24137931034483
      ],
      [
        725.4444444444443,
        418.0,
        774.3333333333333,
        472.8148148148148
      ],
      [
        730.6296296296296,
        617.2592592592592,
        772.1111111111111,
        666.8888888888888
      ]
    ],
    "引戸": [
      [
        165.3551608034367,
        140.9090909090909,
        281.1515151515151,
        179.70590967142695
      ],
      [
        267.7492163009405,
        292.42424242424244,
        307.66666666666663,
        414.18286311389767
      ],
      [
        401.44827586206895,
        425.4074074074074,
        435.8148148148148,
        541.2988505747127
      ],
      [
        547.6666666666666,
        400.96296296296293,
        734.3333333333333,
        437.25925925925924
      ],
      [
        527.6161616161615,
        100.0,
        570.5454545454545,
        215.07070707070704
      ],
      [
        418.2455590386625,
        141.66666666666666,
        541.7575757575758,
        179.15151515151513
      ]
    ]
  }
}