{
  "labels": {
    "洋室": [
      [
        [
          15.730337078651685,
          168.8314606741573
        ],
        [
          12.92134831460674,
          346.92134831460675
        ],
        [
          177.52808988764045,
          346.35955056179773
        ],
        [
          178.08988764044943,
          127.25842696629212
        ],
        [
          124.15730337078651,
          128.9438202247191
        ],
        [
          122.47191011235955,
          173.32584269662922
        ]
      ],
      [
        [
          176.96629213483146,
          169.95505617977528
        ],
        [
          178.65168539325842,
          346.92134831460675
        ],
        [
          502.80898876404495,
          346.35955056179773
        ],
        [
          501.12359550561797,
          130.06741573033707
        ],
        [
          285.39325842696627,
          131.75280898876403
        ],
        [
          286.51685393258424,
          174.4494382022472
        ]
      ]
    ],
    "廊下": [
      [
        [
          123.03370786516854,
          75.01123595505618
        ],
        [
          123.03370786516854,
          128.9438202247191
        ],
        [
          393.82022471910113,
          130.06741573033707
        ],
        [
          393.82022471910113,
          73.88764044943821
        ],
        [
          312.92134831460675,
          75.57303370786516
        ],
        [
          310.6741573033708,
          19.955056179775283
        ],
        [
          206.09756097560975,
          22.422764227642276
        ],
        [
          204.8780487804878,
          76.08130081300813
        ]
      ]
    ],
    "開戸": [
      [
        133.37444048597789,
        113.91687220242989,
        174.39024390243904,
        161.04065040650406
      ],
      [
        162.31387594774824,
        58.298894674340005,
        200.0,
        106.16260162601627
      ],
      [
        297.9674796747968,
        112.94857038458025,
        336.9233579976249,
        161.04065040650406
      ],
      [
        344.3089430894309,
        109.73307755549465,
        384.950214670686,
        160.6341463414634
      ],
      [
        100.40650406504065,
        79.33333333333333,
        154.47154471544715,
        117.95121951219512
      ]
    ],
    "折戸": [
      [
        24.01571206723303,
        154.92810815748607,
        113.00813008130082,
        182.58536585365854
      ],
      [
        188.23878688225088,
        153.64921896409976,
        275.2032520325203,
        185.83739837398375
      ],
      [
        405.5220608385859,
        109.69653786425505,
        491.4634146341464,
        144.78048780487805
      ]
    ]
  }
}