{
  "labels": {
    "LDK": [
      [
        [
          29.818181818181817,
          414.8651266766021
        ],
        [
          29.818181818181817,
          692.1378539493294
        ],
        [
          755.9545454545455,
          691.0014903129656
        ],
        [
          757.0909090909091,
          52.3651266766021
        ],
        [
          490.04545454545456,
          52.3651266766021
        ],
        [
          488.90909090909093,
          328.50149031296576
        ],
        [
          399.1363636363636,
          329.6378539493294
        ],
        [
          395.72727272727275,
          419.4105812220567
        ]
      ]
    ],
    "廊下": [
      [
        [
          108.22727272727273,
          236.77272727272725
        ],
        [
          486.6363636363636,
          236.77272727272725
        ],
        [
          486.6363636363636,
          331.09090909090907
        ],
        [
          108.22727272727273,
          331.09090909090907
        ]
      ]
    ],
    "開戸": [
      [
        395.72727272727275,
        306.3770491803279,
        477.327868852459,
        408.3636363636364
      ]
    ],
    "引戸": [
      [
        174.13636363636363,
        222.8,
        298.8,
        247.0
      ],
      [
        100.27272727272727,
        251.54545454545456,
        124.13636363636364,
        391.31818181818187
      ]
    ]
  }
}