{
  "labels": {
    "浴室": [
      [
        [
          332.5581395348837,
          583.8837209302326
        ],
        [
          462.79069767441865,
          587.3720930232558
        ],
        [
          460.4651162790698,
          783.8837209302326
        ],
        [
          333.7209302325582,
          786.2093023255815
        ]
      ]
    ],
    "洋室": [
      [
        [
          608.1395348837209,
          446.6744186046512
        ],
        [
          875.5813953488373,
          447.83720930232556
        ],
        [
          873.2558139534883,
          780.3953488372093
        ],
        [
          610.4651162790698,
          781.5581395348837
        ]
      ],
      [
        [
          665.1162790697674,
          165.27906976744185
        ],
        [
          876.7441860465117,
          168.7674418604651
        ],
        [
          875.5813953488373,
          436.2093023255814
        ],
        [
          608.1395348837209,
          432.72093023255815
        ],
        [
          611.6279069767442,
          376.90697674418607
        ],
        [
          663.953488372093,
          375.74418604651163
        ]
      ]
    ],
    "廊下": [
      [
        [
          333.7209302325582,
          367.60465116279073
        ],
        [
          469.76744186046517,
          366.4418604651163
        ],
        [
          469.76744186046517,
          347.83720930232556
        ],
        [
          601.1627906976744,
          350.16279069767444
        ],
        [
          602.3255813953489,
          503.6511627906977
        ],
        [
          334.8837209302326,
          503.6511627906977
        ]
      ]
    ],
    "折戸": [
      [
        333.7209302325582,
        461.7906976744186,
        462.79069767441865,
        515.2790697674419
      ],
      [
        260.6190476190476,
        623.6666666666666,
        330.1428571428571,
        681.7619047619047
      ],
      [
        580.6190476190476,
        652.2380952380952,
        645.3488372093024,
        716.4418604651163
      ]
    ],
    "開戸": [
      [
        590.6976744186047,
        365.27906976744185,
        688.3720930232558,
        442.0232558139535
      ],
      [
        524.4186046511628,
        453.1196013289037,
        586.046511627907,
        517.0730897009969
      ],
      [
        589.5348837209302,
        439.69767441860466,
        669.7674418604652,
        508.30232558139534
      ]
    ],
    "引戸": [
      [
        306.33444075304544,
        441.0708748615726,
        344.4285714285714,
        563.6666666666666
      ]
    ]
  }
}