{
  "labels": {
    "洋室": [
      [
        [
          50.83333333333333,
          65.16666666666667
        ],
        [
          144.44444444444443,
          65.72222222222221
        ],
        [
          143.88888888888889,
          171.27777777777777
        ],
        [
          51.94444444444444,
          172.38888888888889
        ]
      ],
      [
        [
          144.16666666666666,
          66.27777777777777
        ],
        [
          220.27777777777777,
          66.55555555555556
        ],
        [
          221.38888888888886,
          171.0
        ],
        [
          143.88888888888889,
          171.55555555555554
        ]
      ],
      [
        [
          221.94444444444446,
          14.055555555555554
        ],
        [
          301.1111111111111,
          13.777777777777779
        ],
        [
          301.38888888888886,
          118.77777777777777
        ],
        [
          221.94444444444446,
          118.5
        ]
      ]
    ],
    "廊下": [
      [
        [
          78.05555555555554,
          41.55555555555556
        ],
        [
          221.66666666666669,
          41.55555555555556
        ],
        [
          220.83333333333331,
          66.55555555555556
        ],
        [
          77.77777777777777,
          65.72222222222221
        ]
      ]
    ],
    "引戸": [
      [
        214.16666666666669,
        36.83333333333333,
        233.05555555555554,
        92.94444444444444
      ],
      [
        145.08290155440415,
        58.80829015544042,
        196.29821531375933,
        74.79821531375936
      ],
      [
        26.907023603914794,
        59.55497985031664,
        79.40702360391478,
        72.6105354058722
      ],
      [
        43.31462291306852,
        68.0538284398388,
        59.84974093264249,
        118.39378238341969
      ],
      [
        68.89637305699482,
        33.67875647668394,
        116.81635002878527,
        46.90817501439263
      ]
    ],
    "折戸": [
      [
        261.9015544041451,
        30.31088082901555,
        299.7461139896373,
        42.487046632124354
      ],
      [
        187.353195164076,
        68.83103051237765,
        202.8341968911917,
        105.44041450777202
      ]
    ],
    "開戸": [
      [
        112.16062176165804,
        57.7720207253886,
        141.79763960852043,
        89.89176741508346
      ],
      [
        70.27777777777777,
        41.27777777777778,
        102.77777777777777,
        66.55555555555556
      ]
    ]
  }
}