{
  "labels": {
    "LDK": [
      [
        [
          464.29787234042544,
          131.23404255319147
        ],
        [
          199.4042553191489,
          129.1063829787234
        ],
        [
          196.21276595744678,
          547.1914893617021
        ],
        [
          464.29787234042544,
          547.1914893617021
        ],
        [
          462.17021276595744,
          624.8510638297872
        ],
        [
          728.127659574468,
          624.8510638297872
        ],
        [
          728.127659574468,
          355.70212765957444
        ],
        [
          580.2553191489361,
          356.7659574468085
        ],
        [
          582.3829787234042,
          283.36170212765956
        ],
        [
          466.42553191489355,
          281.23404255319144
        ]
      ]
    ],
    "浴室": [
      [
        [
          822.8085106382978,
          126.9787234042553
        ],
        [
          821.7446808510638,
          279.1063829787234
        ],
        [
          956.8510638297871,
          279.1063829787234
        ],
        [
          955.7872340425531,
          126.9787234042553
        ]
      ]
    ],
    "廊下": [
      [
        [
          843.0212765957447,
          282.2978723404255
        ],
        [
          843.0212765957447,
          353.57446808510633
        ],
        [
          805.7872340425531,
          353.57446808510633
        ],
        [
          822.8085106382978,
          354.6382978723404
        ],
        [
          822.8085106382978,
          508.89361702127655
        ],
        [
          731.3191489361701,
          509.95744680851055
        ],
        [
          728.127659574468,
          282.2978723404255
        ]
      ]
    ],
    "引戸": [
      [
        835.6692647988203,
        488.5333895091636,
        953.3861386138615,
        537.6039603960396
      ],
      [
        659.6528333684431,
        257.53486412471034,
        802.7425742574258,
        296.019801980198
      ],
      [
        639.3762376237623,
        133.64356435643563,
        675.019801980198,
        245.5247524752475
      ],
      [
        213.23404255319144,
        514.2127659574468,
        461.1584158415842,
        563.3465346534654
      ],
      [
        732.4455445544554,
        486.1188118811881,
        834.4257425742575,
        536.6138613861386
      ]
    ],
    "折戸": [
      [
        801.7524752475248,
        199.98019801980197,
        856.8510638297871,
        288.6808510638298
      ],
      [
        252.9959974720876,
        550.8569622919738,
        303.88118811881185,
        697.009900990099
      ]
    ],
    "開戸": [
      [
        579.1287128712871,
        239.58415841584159,
        656.8194649252159,
        290.08173583315784
      ],
      [
        504.1335580366547,
        346.7491046977038,
        572.1980198019802,
        397.009900990099
      ],
      [
        425.66336633663366,
        286.1188118811881,
        472.92437328839264,
        355.37560564567093
      ],
      [
        658.3366336633663,
        354.43564356435644,
        741.5049504950495,
        430.6732673267327
      ],
      [
        781.1089108910891,
        281.16831683168317,
        852.2475247524752,
        350.4752475247525
      ]
    ]
  }
}