{
  "labels": {
    "廊下": [
      [
        [
          117.55421686746985,
          184.93975903614455
        ],
        [
          116.95180722891564,
          325.9036144578313
        ],
        [
          212.13253012048187,
          327.10843373493975
        ],
        [
          212.13253012048187,
          276.50602409638554
        ],
        [
          164.54216867469876,
          278.31325301204816
        ],
        [
          165.14457831325296,
          184.33734939759034
        ]
      ]
    ],
    "洋室": [
      [
        [
          117.55421686746985,
          327.10843373493975
        ],
        [
          118.75903614457829,
          377.10843373493975
        ],
        [
          19.96385542168673,
          375.3012048192771
        ],
        [
          19.96385542168673,
          520.4819277108434
        ],
        [
          163.93975903614455,
          519.8795180722891
        ],
        [
          165.14457831325296,
          327.71084337349396
        ]
      ],
      [
        [
          165.14457831325296,
          327.71084337349396
        ],
        [
          164.54216867469876,
          518.6746987951807
        ],
        [
          310.32530120481925,
          519.8795180722891
        ],
        [
          309.72289156626505,
          375.3012048192771
        ],
        [
          211.53012048192767,
          375.3012048192771
        ],
        [
          214.54216867469876,
          325.3012048192771
        ]
      ],
      [
        [
          164.54216867469876,
          86.74698795180723
        ],
        [
          308.5180722891566,
          86.74698795180723
        ],
        [
          308.5180722891566,
          278.91566265060237
        ],
        [
          164.54216867469876,
          278.91566265060237
        ]
      ]
    ],
    "開戸": [
      [
        100.93891846455588,
        189.11627906976744,
        156.46511627906978,
        223.49397590361443
      ],
      [
        122.80778929672172,
        309.3723732137853,
        160.53488372093022,
        371.6744186046512
      ],
      [
        170.4186046511628,
        309.35135892406834,
        209.24656766601288,
        370.51162790697674
      ]
    ],
    "引戸": [
      [
        147.16279069767444,
        189.11627906976744,
        179.72093023255815,
        274.0
      ]
    ]
  }
}