{
  "labels": {
    "洋室": [
      [
        [
          309.15384615384613,
          169.23076923076923
        ],
        [
          166.2967032967033,
          168.13186813186812
        ],
        [
          166.2967032967033,
          276.9230769230769
        ],
        [
          274.53846153846155,
          276.9230769230769
        ],
        [
          273.989010989011,
          204.94505494505495
        ],
        [
          309.7032967032967,
          203.84615384615384
        ]
      ],
      [
        [
          310.8021978021978,
          204.94505494505495
        ],
        [
          310.2527472527472,
          384.0659340659341
        ],
        [
          166.2967032967033,
          384.0659340659341
        ],
        [
          165.74725274725273,
          275.27472527472526
        ],
        [
          273.989010989011,
          275.27472527472526
        ],
        [
          273.989010989011,
          205.4945054945055
        ]
      ],
      [
        [
          310.2527472527472,
          239.56043956043956
        ],
        [
          415.7472527472527,
          241.2087912087912
        ],
        [
          416.2967032967033,
          385.16483516483515
        ],
        [
          310.2527472527472,
          383.5164835164835
        ]
      ]
    ],
    "廊下": [
      [
        [
          310.2527472527472,
          97.8021978021978
        ],
        [
          378.38461538461536,
          98.35164835164835
        ],
        [
          380.5824175824175,
          168.13186813186812
        ],
        [
          345.41758241758237,
          168.6813186813187
        ],
        [
          343.7692307692307,
          239.56043956043956
        ],
        [
          311.35164835164835,
          239.010989010989
        ]
      ]
    ],
    "引戸": [
      [
        165.74725274725273,
        266.74725274725273,
        237.71428571428572,
        288.71428571428567
      ],
      [
        369.043956043956,
        95.6043956043956,
        395.41758241758237,
        167.58241758241758
      ],
      [
        294.3186813186813,
        101.64835164835165,
        323.4395604395604,
        171.97802197802199
      ]
    ],
    "開戸": [
      [
        273.4395604395604,
        205.4945054945055,
        323.4395604395604,
        245.6043956043956
      ],
      [
        308.60439560439556,
        228.57142857142856,
        349.2637362637363,
        273.0769230769231
      ],
      [
        274.53846153846155,
        170.87912087912088,
        327.83516483516485,
        203.2967032967033
      ]
    ]
  }
}