{
  "labels": {
    "LDK": [
      [
        [
          144.06837606837607,
          179.34188034188034
        ],
        [
          621.8461538461539,
          181.05128205128207
        ],
        [
          623.5555555555555,
          426.35042735042737
        ],
        [
          389.3675213675214,
          428.0598290598291
        ],
        [
          391.0769230769231,
          524.6410256410256
        ],
        [
          338.94017094017096,
          524.6410256410256
        ],
        [
          338.94017094017096,
          427.20512820512823
        ],
        [
          144.06837606837607,
          426.35042735042737
        ]
      ]
    ],
    "洋室": [
      [
        [
          626.974358974359,
          181.9059829059829
        ],
        [
          699.6239316239316,
          182.76068376068378
        ],
        [
          701.3333333333334,
          423.7863247863248
        ],
        [
          629.5384615384615,
          424.6410256410257
        ]
      ]
    ],
    "廊下": [
      [
        [
          396.20512820512823,
          430.62393162393164
        ],
        [
          510.7350427350427,
          433.18803418803424
        ],
        [
          509.8803418803419,
          495.5811965811966
        ],
        [
          450.0512820512821,
          497.2905982905983
        ],
        [
          452.61538461538464,
          604.1282051282052
        ],
        [
          399.62393162393164,
          604.1282051282052
        ]
      ]
    ],
    "浴室": [
      [
        [
          519.1351351351351,
          601.0270270270271
        ],
        [
          517.7837837837837,
          525.3513513513514
        ],
        [
          654.9459459459459,
          525.3513513513514
        ],
        [
          655.6216216216217,
          599.6756756756757
        ]
      ]
    ],
    "引戸": [
      [
        380.8181818181818,
        435.5454545454545,
        405.60683760683764,
        522.0769230769231
      ],
      [
        520.8181818181818,
        509.18181818181813,
        609.2334152334153,
        536.8378378378378
      ],
      [
        614.4545454545454,
        331.9090909090909,
        636.3216783216784,
        427.20512820512823
      ]
    ],
    "開戸": [
      [
        481.67521367521374,
        451.991452991453,
        528.6837606837607,
        494.7264957264958
      ],
      [
        453.4700854700855,
        482.7606837606838,
        507.3162393162394,
        513.5299145299145
      ],
      [
        387.6581196581197,
        415.2393162393163,
        472.83333333333337,
        478.86111111111114
      ],
      [
        581.8611111111111,
        230.25,
        605.4722222222223,
        279.55555555555554
      ],
      [
        584.6388888888889,
        278.86111111111114,
        606.1666666666667,
        326.08333333333337
      ],
      [
        584.6388888888889,
        328.86111111111114,
        604.7777777777778,
        374.0
      ]
    ],
    "折戸": [
      [
        338.0854700854701,
        502.41880341880346,
        388.51282051282055,
        536.6068376068376
      ],
      [
        286.8034188034188,
        530.6239316239316,
        336.3760683760684,
        557.974358974359
      ]
    ]
  }
}