{
  "labels": {
    "LDK": [
      [
        [
          79.375,
          67.5
        ],
        [
          76.25,
          358.125
        ],
        [
          407.5,
          357.5
        ],
        [
          405.625,
          340.625
        ],
        [
          377.5,
          341.25
        ],
        [
          377.5,
          273.125
        ],
        [
          378.75,
          235.625
        ],
        [
          408.75,
          235.625
        ],
        [
          407.5,
          190.625
        ],
        [
          324.375,
          191.875
        ],
        [
          326.25,
          151.875
        ],
        [
          242.5,
          150.625
        ],
        [
          243.125,
          66.25
        ]
      ]
    ],
    "浴室": [
      [
        [
          408.125,
          273.125
        ],
        [
          406.875,
          358.125
        ],
        [
          491.875,
          356.875
        ],
        [
          490.625,
          271.875
        ]
      ]
    ],
    "廊下": [
      [
        [
          324.375,
          153.125
        ],
        [
          322.5,
          189.375
        ],
        [
          490.0,
          190.0
        ],
        [
          491.25,
          148.125
        ]
      ]
    ],
    "開戸": [
      [
        287.5,
        152.87665198237886,
        335.24229074889865,
        188.93447136563876
      ],
      [
        455.06607929515417,
        143.1850220264317,
        486.784140969163,
        179.7488986784141
      ],
      [
        402.6431718061674,
        235.69603524229075,
        428.63436123348015,
        266.09251101321587
      ]
    ],
    "折戸": [
      [
        362.11453744493394,
        276.7621145374449,
        385.0715859030837,
        337.45814977973566
      ]
    ],
    "引戸": [
      [
        232.59911894273128,
        88.55947136563876,
        252.4229074889868,
        138.33920704845815
      ],
      [
        411.25,
        180.18942731277534,
        475.77092511013217,
        196.25
      ],
      [
        412.3348017621145,
        268.295154185022,
        483.2599118942731,
        285.4757709251101
      ]
    ]
  }
}