{
  "labels": {
    "LDK": [
      [
        [
          27.097087378640776,
          58.165048543689295
        ],
        [
          24.184466019417474,
          435.8349514563107
        ],
        [
          634.8640776699029,
          440.68932038834953
        ],
        [
          634.4632768361582,
          231.96610169491527
        ],
        [
          497.0,
          232.92233009708735
        ],
        [
          497.7401129943503,
          165.864406779661
        ],
        [
          428.06796116504853,
          166.90291262135923
        ],
        [
          429.0388349514563,
          26.126213592233
        ],
        [
          366.6666666666667,
          26.316384180790962
        ],
        [
          367.2316384180791,
          135.92090395480227
        ],
        [
          277.40112994350284,
          134.22598870056498
        ],
        [
          277.96610169491527,
          100.89265536723164
        ],
        [
          95.48022598870057,
          99.76271186440678
        ],
        [
          96.02912621359224,
          57.19417475728153
        ]
      ]
    ],
    "廊下": [
      [
        [
          498.04218090066365,
          98.94174757281553
        ],
        [
          566.9742197356151,
          98.94174757281553
        ],
        [
          566.9742197356151,
          237.77669902912618
        ],
        [
          498.04218090066365,
          237.77669902912618
        ]
      ]
    ],
    "開戸": [
      [
        301.04854368932035,
        115.50485436893203,
        353.9611650485437,
        164.04854368932038
      ],
      [
        31.145631067961162,
        46.999999999999986,
        91.66019417475728,
        98.02912621359224
      ]
    ],
    "引戸": [
      [
        412.2135922330097,
        52.883495145631066,
        449.5922330097087,
        158.2233009708738
      ],
      [
        478.7184466019417,
        118.41747572815534,
        515.126213592233,
        232.49514563106794
      ],
      [
        526.2912621359224,
        77.64077669902912,
        627.2621359223301,
        117.44660194174757
      ]
    ]
  }
}