{
  "labels": {
    "LDK": [
      [
        [
          62.06349206349205,
          248.4126984126984
        ],
        [
          64.44444444444446,
          455.55555555555554
        ],
        [
          146.984126984127,
          454.76190476190476
        ],
        [
          141.41414141414143,
          733.969696969697
        ],
        [
          717.1717171717172,
          732.959595959596
        ],
        [
          712.1212121212121,
          406.6969696969697
        ],
        [
          386.8686868686869,
          410.73737373737373
        ],
        [
          387.8787878787879,
          332.95959595959596
        ],
        [
          550.5050505050505,
          329.92929292929296
        ],
        [
          546.4646464646464,
          250.1313131313131
        ],
        [
          468.6868686868687,
          249.12121212121212
        ],
        [
          469.20634920634916,
          227.77777777777777
        ],
        [
          378.73015873015873,
          228.57142857142858
        ],
        [
          381.8181818181818,
          246.09090909090912
        ]
      ]
    ],
    "廊下": [
      [
        [
          543.4343434343434,
          245.08080808080808
        ],
        [
          549.4949494949495,
          408.7171717171717
        ],
        [
          707.070707070707,
          413.7676767676768
        ],
        [
          710.1010101010102,
          307.7070707070707
        ]
      ]
    ],
    "浴室": [
      [
        [
          69.6969696969697,
          80.43434343434345
        ],
        [
          223.23232323232324,
          80.43434343434345
        ],
        [
          223.23232323232324,
          251.14141414141415
        ],
        [
          69.6969696969697,
          251.14141414141415
        ]
      ]
    ],
    "開戸": [
      [
        556.0420168067227,
        344.37815126050424,
        614.0252100840337,
        432.61344537815125
      ],
      [
        481.3088871912401,
        255.33460656990076,
        569.4873949579833,
        321.68907563025215
      ],
      [
        392.42848654613357,
        206.85108141617306,
        463.0691555310649,
        293.91367456073345
      ],
      [
        120.74789915966386,
        456.98319327731093,
        184.61344537815125,
        523.3697478991597
      ]
    ],
    "折戸": [
      [
        389.65546218487395,
        297.6060606060606,
        524.2424242424242,
        350.2605042016807
      ],
      [
        391.0,
        382.281581485053,
        524.2424242424242,
        446.2691622103386
      ],
      [
        193.4300993124523,
        177.1512605042017,
        248.47899159663865,
        242.237246413717
      ]
    ],
    "引戸": [
      [
        237.5546218487395,
        222.52817192450752,
        376.28722964595676,
        276.3109243697479
      ]
    ]
  }
}