{
  "labels": {
    "洋室": [
      [
        [
          191.40625,
          21.8125
        ],
        [
          379.6875,
          21.8125
        ],
        [
          379.6875,
          196.03125
        ],
        [
          191.40625,
          196.03125
        ]
      ]
    ],
    "浴室": [
      [
        [
          421.875,
          22.59375
        ],
        [
          533.59375,
          22.59375
        ],
        [
          533.59375,
          135.875
        ],
        [
          421.875,
          135.875
        ]
      ]
    ],
    "廊下": [
      [
        [
          228.90625,
          196.03125
        ],
        [
          232.03125,
          367.125
        ],
        [
          310.9375,
          361.65625
        ],
        [
          310.15625,
          253.0625
        ],
        [
          421.09375,
          250.71875
        ],
        [
          422.65625,
          192.90625
        ]
      ]
    ],
    "開戸": [
      [
        372.6630434782609,
        198.70982142857142,
        436.3636363636363,
        246.09090909090907
      ],
      [
        312.88352272727275,
        145.18181818181816,
        360.9090909090909,
        210.26420454545453
      ],
      [
        425.3482495765104,
        266.36644198193113,
        468.6363636363636,
        322.9090909090909
      ],
      [
        412.7272727272727,
        254.7272727272727,
        448.60368435911914,
        304.1612789384528
      ]
    ],
    "折戸": [
      [
        282.8125,
        253.84375,
        322.7272727272727,
        303.3636363636363
      ],
      [
        351.4782608695652,
        25.652173913043477,
        397.27272727272725,
        133.8181818181818
      ],
      [
        430.12784090909093,
        110.18181818181817,
        479.09090909090907,
        148.36079545454544
      ]
    ]
  }
}