{
  "labels": {
    "LDK": [
      [
        [
          111.69924812030075,
          227.81954887218043
        ],
        [
          224.4812030075188,
          228.57142857142856
        ],
        [
          225.23308270676688,
          219.54887218045113
        ],
        [
          299.6691729323308,
          220.30075187969925
        ],
        [
          301.17293233082705,
          674.4360902255639
        ],
        [
          109.44360902255636,
          675.187969924812
        ]
      ]
    ],
    "浴室": [
      [
        [
          377.86466165413526,
          68.42105263157895
        ],
        [
          378.61654135338347,
          181.203007518797
        ],
        [
          453.8045112781955,
          181.203007518797
        ],
        [
          454.5563909774436,
          66.9172932330827
        ]
      ]
    ],
    "洋室": [
      [
        [
          112.44444444444444,
          68.0
        ],
        [
          225.77777777777777,
          68.44444444444444
        ],
        [
          228.24060150375936,
          181.95488721804512
        ],
        [
          186.13533834586462,
          181.203007518797
        ],
        [
          186.33879781420765,
          227.3224043715847
        ],
        [
          110.9473684210526,
          226.3157894736842
        ]
      ]
    ],
    "廊下": [
      [
        [
          401.92481203007515,
          220.30075187969925
        ],
        [
          402.67669172932324,
          256.390977443609
        ],
        [
          415.4586466165413,
          257.1428571428571
        ],
        [
          414.7067669172932,
          275.9398496240601
        ],
        [
          359.81954887218046,
          276.69172932330827
        ],
        [
          359.06766917293226,
          389.4736842105263
        ],
        [
          301.92481203007515,
          388.72180451127815
        ],
        [
          301.17293233082705,
          218.796992481203
        ]
      ]
    ],
    "折戸": [
      [
        382.2289156626506,
        396.98795180722885,
        410.54216867469876,
        412.34939759036143
      ],
      [
        363.76404494382024,
        187.64044943820224,
        384.2696629213483,
        216.85393258426967
      ],
      [
        220.21857923497268,
        185.79234972677594,
        240.98360655737704,
        217.21311475409834
      ]
    ],
    "引戸": [
      [
        282.74111675126903,
        306.0913705583756,
        317.25888324873097,
        397.46192893401013
      ],
      [
        305.0761421319797,
        205.0761421319797,
        374.22222222222223,
        228.0
      ],
      [
        393.82022471910113,
        194.38202247191012,
        412.92134831460675,
        255.0561797752809
      ],
      [
        372.4719101123595,
        121.34831460674157,
        390.1685393258427,
        172.47191011235955
      ],
      [
        117.4863387978142,
        169.67213114754097,
        183.60655737704917,
        192.62295081967213
      ],
      [
        228.68852459016392,
        210.655737704918,
        296.448087431694,
        227.59562841530052
      ],
      [
        304.7752808988764,
        439.0449438202247,
        373.03370786516854,
        455.3370786516854
      ],
      [
        286.51685393258424,
        452.80898876404495,
        315.1685393258427,
        583.7078651685393
      ]
    ],
    "開戸": [
      [
        292.89617486338796,
        187.43169398907102,
        336.3387978142076,
        216.3934426229508
      ],
      [
        193.98907103825135,
        145.3551912568306,
        225.9313195195695,
        178.21280963080082
      ]
    ]
  }
}