{
  "labels": {
    "浴室": [
      [
        [
          157.14925373134326,
          137.0597014925373
        ],
        [
          225.8059701492537,
          137.8059701492537
        ],
        [
          225.8059701492537,
          203.4776119402985
        ],
        [
          158.6417910447761,
          203.4776119402985
        ]
      ]
    ],
    "LDK": [
      [
        [
          84.01492537313432,
          320.6417910447761
        ],
        [
          449.68656716417905,
          325.86567164179104
        ],
        [
          448.19402985074623,
          501.98507462686564
        ],
        [
          269.08955223880594,
          503.47761194029846
        ],
        [
          271.3283582089552,
          465.4179104477612
        ],
        [
          82.52238805970148,
          464.67164179104475
        ]
      ]
    ],
    "廊下": [
      [
        [
          192.97014925373134,
          209.44776119402985
        ],
        [
          266.1044776119403,
          211.68656716417908
        ],
        [
          266.1044776119403,
          244.52238805970148
        ],
        [
          411.6268656716418,
          249.7462686567164
        ],
        [
          410.88059701492534,
          322.88059701492534
        ],
        [
          380.2835820895522,
          325.86567164179104
        ],
        [
          380.2835820895522,
          277.35820895522386
        ],
        [
          228.79104477611938,
          279.5970149253731
        ],
        [
          228.79104477611938,
          320.6417910447761
        ],
        [
          192.97014925373134,
          320.6417910447761
        ]
      ]
    ],
    "開戸": [
      [
        143.71641791044775,
        284.82089552238807,
        172.4,
        312.0
      ],
      [
        172.82089552238804,
        287.0597014925373,
        191.2,
        312.8
      ],
      [
        272.07462686567163,
        169.14925373134326,
        317.5970149253731,
        208.7014925373134
      ],
      [
        381.0298507462686,
        238.55223880597015,
        416.1044776119403,
        272.88059701492534
      ],
      [
        408.6417910447761,
        243.77611940298507,
        452.67164179104475,
        281.8358208955224
      ]
    ],
    "折戸": [
      [
        211.62686567164178,
        134.07462686567163,
        237.7462686567164,
        170.6417910447761
      ],
      [
        269.5970149253731,
        264.2716417910447,
        338.8,
        292.0
      ],
      [
        230.55223880597015,
        263.34029850746265,
        266.4,
        292.4
      ],
      [
        296.7014925373134,
        207.2089552238806,
        316.8507462686567,
        244.52238805970148
      ]
    ],
    "引戸": [
      [
        307.8955223880597,
        157.52537313432833,
        369.6,
        180.0
      ],
      [
        406.88059701492534,
        171.14925373134326,
        427.2,
        239.2
      ],
      [
        163.24477611940293,
        312.134328358209,
        229.6000000000001,
        333.6
      ],
      [
        343.64477611940293,
        264.934328358209,
        410.0,
        286.4
      ]
    ]
  }
}