{
  "labels": {
    "廊下": [
      [
        [
          244.26315789473682,
          453.38596491228066
        ],
        [
          349.52631578947364,
          453.38596491228066
        ],
        [
          351.2807017543859,
          504.26315789473676
        ],
        [
          243.38596491228066,
          502.5087719298245
        ]
      ]
    ],
    "LDK": [
      [
        [
          353.0350877192982,
          142.859649122807
        ],
        [
          566.1929824561403,
          143.73684210526315
        ],
        [
          567.9473684210526,
          299.8771929824561
        ],
        [
          624.9649122807017,
          299.8771929824561
        ],
        [
          624.0877192982456,
          582.3333333333333
        ],
        [
          529.3508771929824,
          581.4561403508771
        ],
        [
          528.4736842105262,
          557.7719298245613
        ],
        [
          353.0350877192982,
          561.2807017543859
        ]
      ]
    ],
    "浴室": [
      [
        [
          242.50877192982455,
          131.45614035087718
        ],
        [
          344.26315789473676,
          129.7017543859649
        ],
        [
          346.0175438596491,
          205.14035087719296
        ],
        [
          243.38596491228066,
          206.89473684210523
        ]
      ]
    ],
    "洋室": [
      [
        [
          615.3157894736842,
          143.73684210526315
        ],
        [
          781.1052631578947,
          143.73684210526315
        ],
        [
          784.6140350877192,
          346.36842105263156
        ],
        [
          629.3508771929824,
          344.6140350877193
        ],
        [
          628.4736842105262,
          294.6140350877193
        ],
        [
          617.9473684210526,
          296.36842105263156
        ]
      ]
    ],
    "開戸": [
      [
        295.14035087719293,
        158.64912280701753,
        354.78947368421046,
        209.52631578947367
      ],
      [
        315.31578947368416,
        402.5087719298245,
        348.6491228070175,
        434.9649122807017
      ],
      [
        629.3508771929824,
        390.2280701754386,
        719.7017543859648,
        424.438596491228
      ],
      [
        617.9473684210526,
        291.1052631578947,
        683.7368421052631,
        350.7543859649122
      ]
    ],
    "引戸": [
      [
        336.1087719298245,
        450.3543859649122,
        366.8,
        554.4
      ],
      [
        339.0631578947368,
        208.15789473684208,
        364.4,
        301.6
      ],
      [
        612.8,
        397.6,
        644.4,
        581.6
      ],
      [
        604.4,
        136.39999999999998,
        628.2421052631578,
        296.2912280701754
      ],
      [
        241.14035087719293,
        354.32631578947365,
        350.0,
        389.2
      ]
    ]
  }
}