{
  "labels": {
    "洋室": [
      [
        [
          535.9024390243902,
          214.17073170731703
        ],
        [
          781.0243902439024,
          215.390243902439
        ],
        [
          778.5853658536585,
          533.6829268292682
        ],
        [
          537.1219512195122,
          531.2439024390244
        ]
      ],
      [
        [
          779.8048780487804,
          453.19512195121945
        ],
        [
          1105.4146341463413,
          453.19512195121945
        ],
        [
          1110.2926829268292,
          731.2439024390243
        ],
        [
          937.1219512195121,
          730.0243902439024
        ],
        [
          938.3414634146341,
          693.4390243902438
        ],
        [
          772.4878048780487,
          694.6585365853658
        ]
      ],
      [
        [
          1107.8536585365853,
          210.5121951219512
        ],
        [
          1348.0975609756097,
          211.73170731707313
        ],
        [
          1349.3170731707316,
          614.170731707317
        ],
        [
          1110.2926829268292,
          614.170731707317
        ]
      ]
    ],
    "廊下": [
      [
        [
          854.1951219512194,
          216.60975609756093
        ],
        [
          852.9756097560975,
          373.92682926829264
        ],
        [
          777.3658536585365,
          372.7073170731707
        ],
        [
          781.0243902439024,
          455.6341463414634
        ],
        [
          1106.6341463414633,
          453.19512195121945
        ],
        [
          1109.0731707317073,
          375.1463414634146
        ],
        [
          954.1951219512194,
          373.92682926829264
        ],
        [
          950.5365853658536,
          212.9512195121951
        ]
      ]
    ],
    "開戸": [
      [
        1033.8333333333335,
        376.44444444444446,
        1140.9837398373982,
        449.9092140921408
      ],
      [
        743.5555555555555,
        376.44444444444446,
        848.9783197831977,
        455.46476964769636
      ]
    ],
    "引戸": [
      [
        1073.7073170731705,
        461.7317073170732,
        1142.0,
        617.8292682926829
      ],
      [
        851.8915989159891,
        423.38482384823845,
        1014.3888888888889,
        493.1111111111111
      ],
      [
        800.5365853658536,
        459.29268292682923,
        857.8536585365853,
        692.2195121951219
      ],
      [
        835.9024390243902,
        223.92682926829264,
        888.3414634146341,
        370.2682926829268
      ]
    ]
  }
}