{
  "labels": {
    "LDK": [
      [
        [
          29.071729957805907,
          35.44303797468354
        ],
        [
          201.64556962025316,
          36.70886075949367
        ],
        [
          203.33333333333331,
          162.02531645569618
        ],
        [
          137.93248945147678,
          161.60337552742615
        ],
        [
          137.0886075949367,
          288.60759493670884
        ],
        [
          28.22784810126582,
          290.71729957805906
        ]
      ]
    ],
    "浴室": [
      [
        [
          142.9957805907173,
          232.0675105485232
        ],
        [
          202.0675105485232,
          232.48945147679325
        ],
        [
          200.80168776371306,
          291.9831223628692
        ],
        [
          143.41772151898732,
          291.9831223628692
        ]
      ]
    ],
    "廊下": [
      [
        [
          205.86497890295357,
          224.8945147679325
        ],
        [
          206.28691983122363,
          132.91139240506328
        ],
        [
          270.0,
          134.59915611814344
        ],
        [
          270.84388185654007,
          102.95358649789029
        ],
        [
          318.94514767932486,
          103.37552742616033
        ],
        [
          319.789029535865,
          161.60337552742615
        ],
        [
          234.55696202531647,
          161.18143459915612
        ],
        [
          234.13502109704638,
          225.73839662447256
        ]
      ]
    ],
    "開戸": [
      [
        203.75527426160338,
        201.26582278481013,
        231.1814345991561,
        234.1772151898734
      ],
      [
        261.95652173913044,
        164.463768115942,
        299.53586497890296,
        210.54852320675104
      ],
      [
        261.95652173913044,
        213.01449275362316,
        287.29957805907173,
        243.88185654008439
      ],
      [
        205.79710144927535,
        121.71014492753622,
        236.66666666666663,
        147.67932489451476
      ],
      [
        177.1729957805907,
        134.59915611814344,
        217.02898550724635,
        163.37681159420288
      ]
    ],
    "折戸": [
      [
        175.3623188405797,
        217.7246376811594,
        202.91139240506328,
        244.72573839662445
      ]
    ],
    "引戸": [
      [
        269.5138506696019,
        152.66923500275178,
        334.05797101449275,
        176.05797101449275
      ],
      [
        194.10108237020728,
        163.23151715281597,
        214.49275362318838,
        227.86956521739128
      ]
    ]
  }
}