{
  "labels": {
    "LDK": [
      [
        [
          26.17589576547229,
          104.5602605863192
        ],
        [
          131.7133550488599,
          106.18892508143321
        ],
        [
          129.10749185667748,
          252.7687296416938
        ],
        [
          144.74267100977198,
          252.7687296416938
        ],
        [
          141.81107491856676,
          308.7947882736156
        ],
        [
          22.592833876221476,
          305.8631921824104
        ]
      ]
    ],
    "廊下": [
      [
        [
          24.872964169381078,
          74.59283387622149
        ],
        [
          84.80781758957653,
          74.91856677524429
        ],
        [
          84.80781758957653,
          79.15309446254071
        ],
        [
          161.3550488599348,
          80.13029315960911
        ],
        [
          157.4462540716612,
          201.30293159609118
        ],
        [
          132.3648208469055,
          200.9771986970684
        ],
        [
          132.0390879478827,
          106.51465798045602
        ],
        [
          27.153094462540707,
          103.5830618892508
        ]
      ]
    ],
    "浴室": [
      [
        [
          145.06840390879478,
          252.442996742671
        ],
        [
          195.88273615635177,
          253.4201954397394
        ],
        [
          195.55700325732897,
          308.4690553745928
        ],
        [
          142.46254071661235,
          309.4462540716612
        ]
      ]
    ],
    "洋室": [
      [
        [
          115.42671009771982,
          24.429967426710096
        ],
        [
          200.44299674267097,
          25.732899022801302
        ],
        [
          201.42019543973936,
          80.45602605863192
        ],
        [
          114.44951140065143,
          79.15309446254071
        ]
      ]
    ],
    "開戸": [
      [
        87.73941368078172,
        71.33550488599347,
        114.12377850162864,
        105.21172638436481
      ],
      [
        105.00325732899023,
        99.02280130293158,
        130.73615635179152,
        133.87622149837134
      ],
      [
        144.4169381107492,
        142.0074390351263,
        163.5810810810811,
        171.95945945945945
      ],
      [
        146.06756756756755,
        247.63513513513513,
        166.89250814332246,
        275.8957654723127
      ]
    ],
    "引戸": [
      [
        131.72545998767492,
        69.8157848402148,
        185.8783783783784,
        88.17567567567568
      ],
      [
        122.26710097719865,
        143.64820846905536,
        139.85667752442993,
        198.37133550488596
      ],
      [
        133.3420195439739,
        190.22801302931595,
        189.04234527687294,
        209.44625407166123
      ]
    ],
    "折戸": [
      [
        150.07544678228714,
        88.165771634827,
        168.31081081081084,
        134.7972972972973
      ]
    ]
  }
}