{
  "labels": {
    "洋室": [
      [
        [
          107.55932203389833,
          28.389830508474578
        ],
        [
          305.0169491525424,
          28.389830508474578
        ],
        [
          305.0169491525424,
          147.45762711864407
        ],
        [
          106.71186440677968,
          146.18644067796612
        ]
      ],
      [
        [
          67.72881355932203,
          186.0169491525424
        ],
        [
          146.54237288135593,
          186.4406779661017
        ],
        [
          146.54237288135593,
          146.18644067796612
        ],
        [
          185.52542372881356,
          146.61016949152543
        ],
        [
          185.9491525423729,
          303.81355932203394
        ],
        [
          66.45762711864407,
          305.08474576271186
        ]
      ],
      [
        [
          263.91525423728814,
          147.8813559322034
        ],
        [
          305.0169491525424,
          148.72881355932205
        ],
        [
          304.5932203389831,
          185.59322033898306
        ],
        [
          382.98305084745766,
          186.4406779661017
        ],
        [
          383.8305084745763,
          304.66101694915255
        ],
        [
          264.3389830508475,
          303.3898305084746
        ]
      ]
    ],
    "廊下": [
      [
        [
          186.3728813559322,
          146.61016949152543
        ],
        [
          263.91525423728814,
          147.45762711864407
        ],
        [
          263.49152542372883,
          223.72881355932205
        ],
        [
          185.9491525423729,
          223.3050847457627
        ]
      ]
    ],
    "折戸": [
      [
        70.93548387096774,
        172.75985663082437,
        144.0,
        206.35593220338984
      ],
      [
        307.13620071684585,
        173.11827956989248,
        381.2881355932204,
        203.38983050847457
      ]
    ],
    "開戸": [
      [
        148.66101694915255,
        149.15254237288136,
        199.16176470588235,
        183.45588235294116
      ],
      [
        248.66101694915255,
        149.15254237288136,
        300.35593220338984,
        183.05084745762713
      ]
    ],
    "引戸": [
      [
        189.60294117647058,
        133.45588235294116,
        262.64563567362427,
        158.11986084756484
      ]
    ]
  }
}