{
  "labels": {
    "廊下": [
      [
        [
          194.53551912568307,
          167.10382513661202
        ],
        [
          192.34972677595627,
          215.7377049180328
        ],
        [
          244.2622950819672,
          216.8306010928962
        ],
        [
          245.35519125683058,
          266.0109289617486
        ],
        [
          344.8087431693989,
          269.8360655737705
        ],
        [
          344.2622950819672,
          215.7377049180328
        ],
        [
          322.40437158469945,
          216.28415300546447
        ],
        [
          319.672131147541,
          163.27868852459017
        ]
      ]
    ],
    "洋室": [
      [
        [
          44.80874316939891,
          217.92349726775956
        ],
        [
          243.7158469945355,
          217.92349726775956
        ],
        [
          243.7158469945355,
          371.4754098360656
        ],
        [
          44.80874316939891,
          371.4754098360656
        ]
      ]
    ],
    "開戸": [
      [
        199.26315789473682,
        220.6140350877193,
        258.72878918607995,
        261.8550474547023
      ],
      [
        298.15214265171124,
        229.38596491228066,
        330.40350877192975,
        276.06988783433997
      ]
    ],
    "折戸": [
      [
        222.50877192982455,
        271.04400345125106,
        259.0523439746908,
        364.4736842105263
      ]
    ]
  }
}