{
  "labels": {
    "LDK": [
      [
        [
          642.8151260504202,
          220.00840336134453
        ],
        [
          373.90756302521015,
          218.32773109243698
        ],
        [
          372.2268907563025,
          360.34453781512605
        ],
        [
          525.1680672268908,
          365.38655462184875
        ],
        [
          526.8487394957983,
          468.74789915966386
        ],
        [
          677.2689075630252,
          470.42857142857144
        ],
        [
          679.7899159663866,
          398.15966386554624
        ],
        [
          643.655462184874,
          399.0
        ]
      ]
    ],
    "浴室": [
      [
        [
          642.8151260504202,
          325.890756302521
        ],
        [
          714.2436974789916,
          327.5714285714286
        ],
        [
          715.9243697478992,
          399.8403361344538
        ],
        [
          642.8151260504202,
          399.0
        ]
      ]
    ],
    "廊下": [
      [
        [
          410.88235294117646,
          191.43697478991598
        ],
        [
          481.47058823529414,
          193.11764705882354
        ],
        [
          482.3109243697479,
          215.80672268907563
        ],
        [
          409.20168067226894,
          215.80672268907563
        ]
      ]
    ],
    "引戸": [
      [
        662.983193277311,
        396.47899159663865,
        696.5084745762713,
        470.3389830508475
      ],
      [
        632.7595784076343,
        215.82808716707018,
        660.0677966101696,
        283.0508474576271
      ],
      [
        482.3109243697479,
        200.68067226890759,
        569.3898305084746,
        233.89830508474577
      ],
      [
        405.7346531833073,
        203.76541803161945,
        481.25423728813564,
        234.74576271186442
      ]
    ],
    "開戸": [
      [
        645.3361344537816,
        312.4453781512605,
        690.7142857142858,
        362.8655462184874
      ],
      [
        642.8151260504202,
        177.1512605042017,
        682.1016949152543,
        233.05084745762713
      ]
    ],
    "折戸": [
      [
        603.2881355932204,
        209.3220338983051,
        645.6610169491526,
        240.67796610169492
      ]
    ]
  }
}