{
  "labels": {
    "洋室": [
      [
        [
          15.079365079365076,
          14.285714285714286
        ],
        [
          361.1111111111111,
          19.047619047619047
        ],
        [
          359.5238095238095,
          275.3968253968254
        ],
        [
          15.079365079365076,
          274.6031746031746
        ]
      ],
      [
        [
          364.2857142857143,
          19.047619047619047
        ],
        [
          599.2063492063492,
          21.428571428571427
        ],
        [
          599.2063492063492,
          189.68253968253967
        ],
        [
          365.07936507936506,
          190.47619047619048
        ]
      ],
      [
        [
          621.4285714285714,
          19.841269841269842
        ],
        [
          876.984126984127,
          21.428571428571427
        ],
        [
          880.1587301587301,
          353.1746031746032
        ],
        [
          619.047619047619,
          353.1746031746032
        ]
      ],
      [
        [
          532.5396825396825,
          361.1111111111111
        ],
        [
          880.1587301587301,
          361.1111111111111
        ],
        [
          880.1587301587301,
          622.2222222222222
        ],
        [
          532.5396825396825,
          623.015873015873
        ]
      ]
    ],
    "廊下": [
      [
        [
          102.38095238095238,
          278.57142857142856
        ],
        [
          618.2539682539682,
          276.984126984127
        ],
        [
          616.6666666666666,
          360.3174603174603
        ],
        [
          102.38095238095238,
          353.968253968254
        ]
      ]
    ],
    "折戸": [
      [
        257.93650793650795,
        23.015873015873016,
        311.93288590604027,
        137.25503355704697
      ],
      [
        410.57766626094485,
        325.029295834665,
        480.35118282640775,
        382.8926174496644
      ],
      [
        756.1520300823457,
        62.60607358751011,
        870.8037825059101,
        120.9726443768997
      ]
    ],
    "開戸": [
      [
        278.774062816616,
        205.1671732522796,
        352.9007092198582,
        304.8936170212766
      ],
      [
        590.1136655718977,
        280.1318958541578,
        692.6170212765958,
        350.2836879432624
      ],
      [
        542.3627016992718,
        336.4696558617735,
        613.8936170212767,
        435.39007092198585
      ]
    ],
    "引戸": [
      [
        368.3087248322148,
        163.71988195535246,
        507.5106382978724,
        210.56737588652484
      ],
      [
        454.1005283449949,
        251.08244085867955,
        589.7801418439717,
        300.63829787234044
      ]
    ]
  }
}