{
  "labels": {
    "浴室": [
      [
        [
          200.85714285714278,
          102.57142857142856
        ],
        [
          332.2857142857142,
          102.57142857142856
        ],
        [
          332.2857142857142,
          229.7142857142857
        ],
        [
          202.28571428571422,
          232.57142857142856
        ]
      ]
    ],
    "LDK": [
      [
        [
          343.71428571428567,
          102.57142857142856
        ],
        [
          622.2857142857142,
          103.99999999999999
        ],
        [
          625.1428571428571,
          813.9999999999999
        ],
        [
          337.9999999999999,
          811.1428571428571
        ]
      ]
    ],
    "廊下": [
      [
        [
          272.2857142857142,
          671.1428571428571
        ],
        [
          333.71428571428567,
          669.7142857142857
        ],
        [
          332.2857142857142,
          816.8571428571428
        ],
        [
          625.1428571428571,
          822.5714285714284
        ],
        [
          620.8571428571427,
          886.8571428571428
        ],
        [
          333.71428571428567,
          881.1428571428571
        ],
        [
          333.71428571428567,
          968.2857142857142
        ],
        [
          276.57142857142856,
          971.142857142857
        ]
      ]
    ],
    "開戸": [
      [
        246.57142857142856,
        895.4285714285713,
        325.1428571428571,
        956.8571428571428
      ]
    ],
    "折戸": [
      [
        269.42857142857133,
        943.9999999999999,
        342.2857142857142,
        991.142857142857
      ],
      [
        250.85714285714278,
        678.2857142857142,
        300.8571428571428,
        733.9999999999999
      ],
      [
        343.71428571428567,
        305.4285714285714,
        406.57142857142844,
        343.99999999999994
      ]
    ],
    "引戸": [
      [
        607.9646017699115,
        891.150442477876,
        652.2123893805309,
        1030.9734513274336
      ],
      [
        315.0442477876106,
        605.3097345132743,
        360.17699115044246,
        749.5575221238937
      ],
      [
        478.88235294117646,
        795.5882352941176,
        618.5882352941176,
        836.7647058823529
      ],
      [
        600.9411764705882,
        182.35294117647058,
        645.0588235294117,
        373.52941176470586
      ],
      [
        633.6283185840707,
        145.13274336283183,
        764.6017699115043,
        196.46017699115043
      ],
      [
        199.11504424778758,
        516.8141592920354,
        338.9380530973451,
        555.7522123893805
      ],
      [
        201.76991150442475,
        324.77876106194685,
        336.57142857142856,
        366.85714285714283
      ],
      [
        202.65486725663715,
        215.929203539823,
        334.51327433628313,
        259.29203539823004
      ],
      [
        316.81415929203536,
        346.0176991150442,
        361.0619469026548,
        492.9203539823008
      ]
    ]
  }
}