{
  "labels": {
    "洋室": [
      [
        [
          25.89189189189189,
          22.7027027027027
        ],
        [
          243.7297297297297,
          22.16216216216216
        ],
        [
          243.18918918918916,
          238.9189189189189
        ],
        [
          25.89189189189189,
          240.54054054054052
        ]
      ],
      [
        [
          475.08108108108104,
          23.243243243243242
        ],
        [
          638.3243243243243,
          21.62162162162162
        ],
        [
          637.7837837837837,
          200.54054054054052
        ],
        [
          527.5135135135135,
          198.9189189189189
        ],
        [
          528.0540540540541,
          239.45945945945945
        ],
        [
          474.5405405405405,
          238.37837837837836
        ]
      ],
      [
        [
          420.48648648648646,
          247.027027027027
        ],
        [
          638.8648648648648,
          244.32432432432432
        ],
        [
          636.1621621621621,
          406.48648648648646
        ],
        [
          458.86486486486484,
          407.02702702702703
        ],
        [
          457.78378378378375,
          297.2972972972973
        ],
        [
          418.86486486486484,
          297.8378378378378
        ]
      ]
    ],
    "廊下": [
      [
        [
          363.7297297297297,
          100.54054054054053
        ],
        [
          410.2162162162162,
          101.08108108108108
        ],
        [
          410.7567567567567,
          191.35135135135135
        ],
        [
          470.2162162162162,
          191.89189189189187
        ],
        [
          471.2972972972973,
          241.08108108108107
        ],
        [
          246.97297297297297,
          243.24324324324323
        ],
        [
          246.97297297297297,
          189.1891891891892
        ],
        [
          362.10810810810807,
          187.56756756756755
        ]
      ]
    ],
    "引戸": [
      [
        227.17948717948718,
        147.82051282051282,
        266.6666666666667,
        238.0769230769231
      ],
      [
        448.91337491337487,
        149.7020097020097,
        491.28205128205127,
        238.0769230769231
      ],
      [
        421.3180873180873,
        221.23354123354122,
        508.20512820512823,
        261.6666666666667
      ]
    ],
    "折戸": [
      [
        354.0,
        323.2432432432432,
        397.43589743589746,
        406.7948717948718
      ],
      [
        434.87179487179486,
        300.12820512820514,
        483.18918918918916,
        407.56756756756755
      ],
      [
        530.2162162162161,
        170.8108108108108,
        638.3243243243243,
        204.32432432432432
      ]
    ]
  }
}