{
  "labels": {
    "洋室": [
      [
        [
          209.94444444444446,
          326.4166666666667
        ],
        [
          328.0,
          329.19444444444446
        ],
        [
          323.83333333333337,
          486.1388888888889
        ],
        [
          209.25,
          484.75
        ]
      ]
    ],
    "廊下": [
      [
        [
          405.08333333333337,
          232.66666666666669
        ],
        [
          328.69444444444446,
          231.27777777777777
        ],
        [
          326.6111111111111,
          286.83333333333337
        ],
        [
          14.805555555555543,
          287.52777777777777
        ],
        [
          13.416666666666686,
          325.72222222222223
        ],
        [
          327.30555555555554,
          329.19444444444446
        ],
        [
          325.2222222222223,
          486.1388888888889
        ],
        [
          403.0,
          486.83333333333337
        ],
        [
          403.0,
          418.77777777777777
        ],
        [
          366.19444444444446,
          418.77777777777777
        ],
        [
          364.1111111111111,
          329.19444444444446
        ],
        [
          403.69444444444446,
          329.8888888888889
        ]
      ]
    ],
    "LDK": [
      [
        [
          406.4722222222223,
          92.3888888888889
        ],
        [
          559.9444444444445,
          90.30555555555556
        ],
        [
          559.25,
          522.9444444444445
        ],
        [
          403.69444444444446,
          525.7222222222223
        ]
      ]
    ],
    "浴室": [
      [
        [
          328.0,
          90.30555555555556
        ],
        [
          403.0,
          92.3888888888889
        ],
        [
          405.08333333333337,
          163.22222222222223
        ],
        [
          330.08333333333337,
          162.52777777777777
        ]
      ]
    ],
    "折戸": [
      [
        171.05555555555554,
        129.88888888888889,
        329.3888888888889,
        288.9166666666667
      ]
    ],
    "開戸": [
      [
        364.7334054834055,
        419.7157287157287,
        413.93506493506493,
        463.6363636363636
      ],
      [
        369.32467532467535,
        226.62337662337663,
        410.8831168831168,
        267.53246753246754
      ],
      [
        347.2189754689755,
        235.6428571428571,
        369.12987012987014,
        290.9090909090909
      ],
      [
        10.233766233766232,
        279.87012987012986,
        55.03896103896102,
        323.37662337662334
      ]
    ],
    "引戸": [
      [
        309.25,
        327.11111111111114,
        338.6103896103896,
        481.16883116883116
      ],
      [
        352.8961038961039,
        330.5194805194805,
        378.27056277056283,
        406.9992784992785
      ],
      [
        211.1078643578644,
        320.00432900432907,
        325.6233766233766,
        342.85714285714283
      ],
      [
        210.23376623376623,
        472.7272727272727,
        323.67532467532465,
        500.0
      ],
      [
        92.7012987012987,
        470.12987012987014,
        204.38961038961043,
        494.15584415584414
      ],
      [
        196.61471861471864,
        330.1053391053391,
        224.3246753246753,
        482.46753246753246
      ],
      [
        59.3896103896104,
        316.8831168831169,
        208.74025974025972,
        343.5064935064935
      ],
      [
        56.14285714285714,
        282.46753246753246,
        173.18398268398272,
        303.5
      ],
      [
        225.91666666666669,
        269.47222222222223,
        325.2222222222223,
        301.4166666666667
      ],
      [
        349.1948051948052,
        155.84415584415584,
        404.3896103896104,
        175.32467532467533
      ],
      [
        403.0909090909091,
        82.46753246753246,
        479.71428571428567,
        103.24675324675324
      ],
      [
        48.35064935064935,
        470.12987012987014,
        88.15584415584414,
        496.75324675324674
      ],
      [
        154.84415584415586,
        211.03896103896105,
        180.8181818181818,
        288.31168831168833
      ],
      [
        200.94805194805195,
        129.87012987012986,
        222.37662337662334,
        210.3896103896104
      ]
    ]
  }
}