{
  "labels": {
    "浴室": [
      [
        [
          96.62831858407077,
          21.274336283185832
        ],
        [
          185.5663716814159,
          21.716814159292028
        ],
        [
          184.68141592920352,
          110.21238938053096
        ],
        [
          96.18584070796459,
          109.76991150442475
        ]
      ]
    ],
    "LDK": [
      [
        [
          316.0973451327433,
          22.60176991150442
        ],
        [
          492.64601769911496,
          24.371681415929203
        ],
        [
          490.43362831858406,
          331.8938053097345
        ],
        [
          271.4070796460177,
          329.6814159292035
        ],
        [
          271.84955752212386,
          153.57522123893804
        ],
        [
          317.42477876106193,
          153.57522123893804
        ]
      ]
    ],
    "洋室": [
      [
        [
          9.90265486725663,
          152.69026548672565
        ],
        [
          185.1238938053097,
          154.46017699115043
        ],
        [
          184.68141592920352,
          329.2389380530973
        ],
        [
          10.345132743362825,
          329.6814159292035
        ]
      ]
    ],
    "廊下": [
      [
        [
          317.8672566371681,
          111.53982300884954
        ],
        [
          96.62831858407077,
          110.65486725663715
        ],
        [
          96.62831858407077,
          151.80530973451326
        ],
        [
          207.69026548672565,
          154.46017699115043
        ],
        [
          207.69026548672565,
          242.07079646017695
        ],
        [
          271.84955752212386,
          242.51327433628313
        ],
        [
          271.4070796460177,
          154.90265486725662
        ],
        [
          317.8672566371681,
          153.57522123893804
        ]
      ]
    ],
    "折戸": [
      [
        82.98755186721992,
        70.47717842323651,
        114.38251386185878,
        108.13770058385046
      ],
      [
        199.20056549039765,
        158.9437080013219,
        228.21576763485476,
        238.11203319502073
      ]
    ],
    "開戸": [
      [
        82.9875518672199,
        114.87551867219915,
        134.21139793632727,
        150.6981970403554
      ],
      [
        275.5186721991701,
        96.61825726141078,
        312.4730657657988,
        148.79058495208017
      ],
      [
        186.28608673300772,
        96.16509381999778,
        225.31120331950206,
        135.20746887966803
      ],
      [
        30.533874343627197,
        296.2033195020747,
        63.07053941908713,
        326.58223478867546
      ]
    ],
    "引戸": [
      [
        257.497484669335,
        156.25946462012996,
        280.4979253112033,
        234.79253112033194
      ],
      [
        307.2202474938493,
        74.80865126868139,
        330.29045643153523,
        151.39004149377593
      ],
      [
        100.27463004443138,
        140.5505820144677,
        182.1576763485477,
        167.9875518672199
      ],
      [
        31.943928322256063,
        155.59482980207832,
        58.09128630705394,
        292.88381742738585
      ]
    ]
  }
}