{
  "labels": {
    "洋室": [
      [
        [
          243.4255319148936,
          71.48936170212765
        ],
        [
          317.04255319148933,
          71.48936170212765
        ],
        [
          318.3191489361702,
          169.36170212765956
        ],
        [
          292.78723404255317,
          168.93617021276594
        ],
        [
          292.78723404255317,
          144.68085106382978
        ],
        [
          243.0,
          145.1063829787234
        ]
      ],
      [
        [
          318.74468085106383,
          71.48936170212765
        ],
        [
          391.51063829787233,
          71.06382978723404
        ],
        [
          391.51063829787233,
          145.1063829787234
        ],
        [
          343.0,
          144.25531914893617
        ],
        [
          343.8510638297872,
          168.93617021276594
        ],
        [
          319.59574468085106,
          169.36170212765956
        ]
      ],
      [
        [
          365.55319148936167,
          168.51063829787233
        ],
        [
          440.8723404255319,
          168.93617021276594
        ],
        [
          440.8723404255319,
          278.2978723404255
        ],
        [
          367.6808510638298,
          278.7234042553191
        ]
      ]
    ],
    "廊下": [
      [
        [
          244.27659574468083,
          171.06382978723403
        ],
        [
          363.8510638297872,
          171.06382978723403
        ],
        [
          364.27659574468083,
          227.6595744680851
        ],
        [
          343.4255319148936,
          228.08510638297872
        ],
        [
          343.4255319148936,
          191.91489361702128
        ],
        [
          266.82978723404256,
          191.48936170212764
        ],
        [
          265.97872340425533,
          265.1063829787234
        ],
        [
          246.82978723404256,
          264.6808510638298
        ]
      ]
    ],
    "開戸": [
      [
        293.2127659574468,
        147.6595744680851,
        317.04255319148933,
        174.46808510638297
      ],
      [
        320.02127659574467,
        147.6595744680851,
        341.7234042553191,
        174.89361702127658
      ],
      [
        358.74468085106383,
        169.36170212765956,
        388.9574468085106,
        191.91489361702128
      ]
    ],
    "引戸": [
      [
        395.75289575289577,
        162.4671814671815,
        439.17021276595744,
        173.11262630411568
      ],
      [
        262.11771954325144,
        231.44993017333442,
        274.51737451737455,
        274.82239382239385
      ]
    ],
    "折戸": [
      [
        244.70212765957444,
        132.3404255319149,
        292.78723404255317,
        145.95744680851064
      ],
      [
        341.2978723404255,
        131.06382978723403,
        393.6382978723404,
        147.23404255319147
      ]
    ]
  }
}