{
  "labels": {
    "廊下": [
      [
        [
          223.38709677419354,
          258.741935483871
        ],
        [
          454.83870967741933,
          258.741935483871
        ],
        [
          454.83870967741933,
          338.5806451612903
        ],
        [
          223.38709677419354,
          338.5806451612903
        ]
      ]
    ],
    "洋室": [
      [
        [
          225.80645161290323,
          39.38709677419355
        ],
        [
          488.7096774193548,
          39.38709677419355
        ],
        [
          488.7096774193548,
          262.7741935483871
        ],
        [
          225.80645161290323,
          262.7741935483871
        ]
      ],
      [
        [
          113.70967741935483,
          335.35483870967744
        ],
        [
          415.3225806451613,
          335.35483870967744
        ],
        [
          415.3225806451613,
          560.3548387096774
        ],
        [
          113.70967741935483,
          560.3548387096774
        ]
      ]
    ],
    "折戸": [
      [
        379.6056434378199,
        341.2410207187667,
        436.2987012987013,
        402.8961038961039
      ],
      [
        464.25826072661516,
        44.15041920105211,
        523.3116883116883,
        258.09090909090907
      ]
    ],
    "引戸": [
      [
        344.09090909090907,
        233.69505178365935,
        484.7826730231793,
        282.1168831168831
      ],
      [
        265.5194805194805,
        314.82278481012656,
        403.5316455696202,
        359.38961038961037
      ]
    ]
  }
}