{
  "labels": {
    "LDK": [
      [
        [
          38.55844155844156,
          241.88311688311688
        ],
        [
          38.55844155844156,
          770.4545454545454
        ],
        [
          426.87012987012986,
          774.3506493506493
        ],
        [
          424.27272727272725,
          721.1038961038961
        ],
        [
          715.1818181818181,
          721.1038961038961
        ],
        [
          716.4805194805194,
          335.38961038961037
        ],
        [
          524.2727272727273,
          339.2857142857142
        ],
        [
          521.6753246753246,
          289.93506493506493
        ],
        [
          424.27272727272725,
          292.53246753246754
        ],
        [
          422.97402597402595,
          243.1818181818182
        ]
      ]
    ],
    "廊下": [
      [
        [
          615.1818181818181,
          222.4025974025974
        ],
        [
          616.4805194805194,
          335.38961038961037
        ],
        [
          812.5844155844155,
          341.8831168831168
        ],
        [
          808.6883116883116,
          239.28571428571428
        ],
        [
          758.038961038961,
          240.58441558441558
        ],
        [
          759.3376623376623,
          219.8051948051948
        ]
      ]
    ],
    "浴室": [
      [
        [
          37.25974025974026,
          40.58441558441558
        ],
        [
          239.85714285714286,
          40.58441558441558
        ],
        [
          239.85714285714286,
          245.7792207792208
        ],
        [
          37.25974025974026,
          245.7792207792208
        ]
      ]
    ],
    "開戸": [
      [
        599.4035087719298,
        255.2232854864434,
        695.7354750512644,
        325.07017543859644
      ],
      [
        338.8771929824561,
        160.06493506493507,
        415.1818181818182,
        261.91228070175436
      ],
      [
        669.5789473684209,
        78.57894736842104,
        759.0526315789473,
        137.35087719298244
      ],
      [
        625.7192982456139,
        75.94736842105262,
        670.4561403508771,
        125.07017543859646
      ],
      [
        595.0175438596491,
        102.26315789473684,
        670.4561403508771,
        179.45614035087718
      ]
    ],
    "折戸": [
      [
        722.2105263157894,
        249.63157894736838,
        792.0102529049897,
        331.00364547732966
      ],
      [
        193.26315789473682,
        146.12280701754383,
        258.24401913875596,
        230.90111642743224
      ],
      [
        823.0877192982456,
        314.54385964912274,
        949.4035087719298,
        379.45614035087715
      ]
    ],
    "引戸": [
      [
        696.7719298245613,
        373.31578947368416,
        752.9122807017543,
        711.0350877192982
      ],
      [
        547.6491228070175,
        311.45477329687856,
        710.0211893369788,
        358.4035087719298
      ]
    ]
  }
}