{
  "labels": {
    "LDK": [
      [
        [
          255.11278195488717,
          125.56390977443608
        ],
        [
          592.7067669172932,
          124.81203007518796
        ],
        [
          595.7142857142857,
          269.92481203007515
        ],
        [
          665.6390977443608,
          269.92481203007515
        ],
        [
          665.6390977443608,
          305.2631578947368
        ],
        [
          630.3007518796992,
          303.7593984962406
        ],
        [
          632.5563909774436,
          339.09774436090225
        ],
        [
          578.421052631579,
          339.09774436090225
        ],
        [
          578.421052631579,
          304.5112781954887
        ],
        [
          253.60902255639093,
          305.2631578947368
        ]
      ]
    ],
    "廊下": [
      [
        [
          182.18045112781954,
          124.81203007518796
        ],
        [
          181.4285714285714,
          166.16541353383457
        ],
        [
          252.85714285714283,
          167.6691729323308
        ],
        [
          253.60902255639093,
          124.81203007518796
        ]
      ],
      [
        [
          576.9172932330827,
          339.84962406015035
        ],
        [
          615.2631578947368,
          341.3533834586466
        ],
        [
          613.7593984962406,
          466.91729323308266
        ],
        [
          577.6691729323308,
          467.6691729323308
        ]
      ]
    ],
    "浴室": [
      [
        [
          667.1428571428571,
          123.30827067669172
        ],
        [
          668.6466165413533,
          195.48872180451127
        ],
        [
          742.3308270676691,
          196.99248120300751
        ],
        [
          740.8270676691728,
          122.5563909774436
        ]
      ]
    ],
    "引戸": [
      [
        165.13157894736838,
        164.1578947368421,
        195.95864661654133,
        249.8721804511278
      ],
      [
        634.5,
        296.0,
        699.5,
        318.5
      ],
      [
        656.3533834586466,
        128.5751879699248,
        678.5,
        192.5
      ],
      [
        458.03125,
        307.34375,
        481.5,
        373.0
      ]
    ],
    "開戸": [
      [
        237.0676691729323,
        124.06015037593984,
        288.1954887218045,
        160.90225563909775
      ],
      [
        538.5714285714286,
        296.9924812030075,
        574.6616541353383,
        337.593984962406
      ],
      [
        565.6390977443608,
        330.0751879699248,
        618.2706766917292,
        375.9398496240601
      ],
      [
        641.578947368421,
        267.6691729323308,
        681.4285714285713,
        305.2631578947368
      ]
    ]
  }
}