{
  "labels": {
    "浴室": [
      [
        [
          105.17351598173516,
          91.78082191780823
        ],
        [
          105.63013698630138,
          139.72602739726028
        ],
        [
          153.11872146118722,
          139.26940639269407
        ],
        [
          153.11872146118722,
          92.23744292237443
        ]
      ]
    ],
    "LDK": [
      [
        [
          103.15439497716895,
          143.1185787671233
        ],
        [
          103.61101598173516,
          198.82634132420094
        ],
        [
          128.7251712328767,
          198.82634132420094
        ],
        [
          128.7251712328767,
          289.2373002283106
        ],
        [
          299.50142694063925,
          288.7806792237443
        ],
        [
          299.0448059360731,
          190.60716324200914
        ],
        [
          201.3279109589041,
          188.7806792237443
        ],
        [
          201.3279109589041,
          162.75328196347033
        ],
        [
          249.72973744292239,
          163.20990296803654
        ],
        [
          249.72973744292239,
          139.92223173515984
        ]
      ]
    ],
    "廊下": [
      [
        [
          253.5753424657534,
          140.63926940639269
        ],
        [
          252.20547945205482,
          189.04109589041096
        ],
        [
          300.6073059360731,
          188.58447488584474
        ],
        [
          301.0639269406393,
          159.81735159817353
        ]
      ]
    ],
    "折戸": [
      [
        143.986301369863,
        116.89497716894978,
        159.51141552511416,
        141.0958904109589
      ],
      [
        203.9285102739726,
        184.08961187214612,
        248.4375,
        198.69791666666669
      ],
      [
        245.05208333333334,
        94.53125,
        257.6242865296804,
        137.7711187214612
      ]
    ],
    "開戸": [
      [
        203.34703196347033,
        131.5068493150685,
        229.3744292237443,
        156.16438356164383
      ],
      [
        123.35249042145594,
        198.46743295019158,
        140.33333333333334,
        222.3744292237443
      ]
    ],
    "引戸": [
      [
        154.94791666666669,
        131.51041666666669,
        202.4337899543379,
        147.94520547945206
      ],
      [
        245.35616438356163,
        139.72602739726028,
        259.7509578544061,
        187.35632183908046
      ]
    ]
  }
}