{
  "labels": {
    "洋室": [
      [
        [
          23.906976744186053,
          16.74418604651163
        ],
        [
          151.34883720930233,
          16.74418604651163
        ],
        [
          151.34883720930233,
          142.32558139534885
        ],
        [
          24.372093023255815,
          142.32558139534885
        ]
      ],
      [
        [
          24.372093023255815,
          141.86046511627907
        ],
        [
          193.67441860465118,
          142.32558139534885
        ],
        [
          193.2093023255814,
          351.16279069767444
        ],
        [
          25.767441860465112,
          351.16279069767444
        ]
      ]
    ],
    "廊下": [
      [
        [
          154.60465116279073,
          62.32558139534884
        ],
        [
          356.0,
          60.93023255813954
        ],
        [
          356.4651162790698,
          95.81395348837209
        ],
        [
          232.74418604651163,
          96.27906976744187
        ],
        [
          232.74418604651163,
          138.6046511627907
        ],
        [
          154.13953488372096,
          138.6046511627907
        ]
      ]
    ],
    "引戸": [
      [
        26.31744628172254,
        130.2360951454594,
        149.6045627376426,
        155.51330798479088
      ],
      [
        192.390625,
        130.078125,
        315.384030418251,
        156.27376425855513
      ]
    ],
    "開戸": [
      [
        200.1418339375719,
        45.41515607038641,
        235.1558935361217,
        90.11406844106465
      ],
      [
        319.5665399239544,
        80.60836501901142,
        357.2091254752852,
        112.16730038022814
      ],
      [
        113.86311787072245,
        103.42205323193917,
        164.15810416482452,
        138.56397559465915
      ],
      [
        153.41621717216378,
        130.14766999734726,
        191.4296577946768,
        177.94676806083652
      ]
    ]
  }
}