{
  "labels": {
    "浴室": [
      [
        [
          29.33149171270719,
          245.3038674033149
        ],
        [
          110.54696132596683,
          245.3038674033149
        ],
        [
          111.09944751381215,
          329.2817679558011
        ],
        [
          28.226519337016583,
          330.3867403314917
        ]
      ]
    ],
    "LDK": [
      [
        [
          112.75690607734805,
          72.92817679558011
        ],
        [
          285.68508287292815,
          73.48066298342542
        ],
        [
          286.23756906077347,
          27.624309392265193
        ],
        [
          455.29834254143645,
          27.624309392265193
        ],
        [
          458.060773480663,
          241.9889502762431
        ],
        [
          284.02762430939225,
          244.1988950276243
        ],
        [
          285.68508287292815,
          328.7292817679558
        ],
        [
          113.30939226519337,
          328.7292817679558
        ]
      ]
    ],
    "折戸": [
      [
        101.70718232044197,
        355.9634468853918,
        128.94312796208533,
        392.89099526066354
      ],
      [
        68.75355450236967,
        233.64928909952607,
        109.67764656594485,
        257.85394464664444
      ]
    ],
    "引戸": [
      [
        37.03703703703704,
        167.12962962962965,
        110.26304481276856,
        190.89165131982813
      ],
      [
        98.61111111111111,
        105.55555555555554,
        123.09044403519542,
        175.69060773480663
      ],
      [
        35.648148148148124,
        82.4074074074074,
        110.4574381010845,
        104.16666666666667
      ]
    ],
    "開戸": [
      [
        35.80160247178655,
        98.02833128223928,
        69.50325993035007,
        138.91230918279177
      ],
      [
        245.93206951026855,
        57.41837809373354,
        280.6018957345972,
        91.46919431279622
      ],
      [
        414.81236416956875,
        91.3984970280956,
        444.1090047393365,
        116.5876777251185
      ],
      [
        417.66938739687555,
        138.88888888888889,
        446.00473933649295,
        161.13744075829385
      ]
    ]
  }
}