{
  "labels": {
    "洋室": [
      [
        [
          147.45454545454544,
          121.2121212121212
        ],
        [
          250.48484848484844,
          121.2121212121212
        ],
        [
          249.87878787878788,
          257.57575757575756
        ],
        [
          146.84848484848482,
          258.1818181818182
        ]
      ],
      [
        [
          304.4242424242424,
          191.5151515151515
        ],
        [
          457.75757575757575,
          191.5151515151515
        ],
        [
          459.5757575757575,
          347.8787878787879
        ],
        [
          287.45454545454544,
          346.060606060606
        ],
        [
          286.2424242424242,
          296.96969696969694
        ],
        [
          305.030303030303,
          296.3636363636363
        ]
      ],
      [
        [
          148.66666666666666,
          295.75757575757575
        ],
        [
          285.6363636363636,
          296.3636363636363
        ],
        [
          286.2424242424242,
          395.75757575757575
        ],
        [
          147.45454545454544,
          395.75757575757575
        ]
      ]
    ],
    "廊下": [
      [
        [
          256.5454545454545,
          122.42424242424241
        ],
        [
          352.30303030303025,
          122.42424242424241
        ],
        [
          352.9090909090909,
          158.78787878787878
        ],
        [
          301.3939393939394,
          158.18181818181816
        ],
        [
          300.78787878787875,
          224.84848484848484
        ],
        [
          286.8484848484848,
          224.84848484848484
        ],
        [
          283.2121212121212,
          293.3333333333333
        ],
        [
          255.93939393939394,
          293.93939393939394
        ]
      ]
    ],
    "開戸": [
      [
        253.5151515151515,
        287.27272727272725,
        290.48484848484844,
        329.6969696969697
      ],
      [
        297.1515151515151,
        188.48484848484847,
        337.1515151515151,
        226.66666666666666
      ],
      [
        217.75757575757575,
        223.63636363636363,
        262.60606060606057,
        260.0
      ]
    ],
    "引戸": [
      [
        348.39363936393636,
        128.25382538253825,
        363.48514851485146,
        176.72277227722773
      ]
    ],
    "折戸": [
      [
        410.48484848484844,
        183.63636363636363,
        442.6060606060605,
        209.09090909090907
      ],
      [
        300.78787878787875,
        145.45454545454544,
        353.58415841584156,
        165.83168316831683
      ],
      [
        149.87878787878785,
        246.06060606060603,
        198.36363636363632,
        267.8787878787879
      ],
      [
        199.57575757575756,
        289.09090909090907,
        251.09090909090907,
        312.12121212121207
      ]
    ]
  }
}