{
  "labels": {
    "LDK": [
      [
        [
          357.6330935251798,
          351.07913669064743
        ],
        [
          648.9999999999999,
          350.3597122302158
        ],
        [
          650.4388489208633,
          560.431654676259
        ],
        [
          359.79136690647476,
          561.8705035971223
        ]
      ]
    ],
    "浴室": [
      [
        [
          204.39568345323738,
          428.0575539568345
        ],
        [
          279.9352517985611,
          428.77697841726615
        ],
        [
          279.2158273381295,
          503.59712230215825
        ],
        [
          205.83453237410066,
          504.3165467625899
        ]
      ]
    ],
    "廊下": [
      [
        [
          165.54676258992805,
          506.47482014388487
        ],
        [
          280.65467625899277,
          504.3165467625899
        ],
        [
          280.65467625899277,
          525.8992805755395
        ],
        [
          357.6330935251798,
          526.6187050359712
        ],
        [
          357.6330935251798,
          564.0287769784172
        ],
        [
          164.10791366906471,
          562.589928057554
        ]
      ]
    ],
    "開戸": [
      [
        588.908436886854,
        532.7926749509484,
        628.7272727272726,
        578.1818181818181
      ],
      [
        336.76978417266184,
        524.4604316546762,
        394.32374100719414,
        560.431654676259
      ],
      [
        309.24416830172225,
        530.6692827556136,
        346.9090909090909,
        581.2121212121211
      ],
      [
        243.9640287769784,
        469.0647482014388,
        291.75757575757575,
        504.8484848484848
      ],
      [
        168.1212121212121,
        489.69696969696963,
        201.40462175713972,
        535.2517985611511
      ]
    ],
    "引戸": [
      [
        438.0996293873991,
        546.6884674078918,
        516.6060606060605,
        578.7878787878788
      ],
      [
        289.3333333333333,
        508.48484848484844,
        356.91366906474815,
        537.750163505559
      ]
    ]
  }
}