{
  "labels": {
    "洋室": [
      [
        [
          197.0,
          233.1063829787234
        ],
        [
          473.595744680851,
          234.17021276595744
        ],
        [
          472.531914893617,
          375.6595744680851
        ],
        [
          547.0,
          376.7234042553191
        ],
        [
          545.9361702127659,
          441.6170212765957
        ],
        [
          198.063829787234,
          440.55319148936167
        ]
      ],
      [
        [
          553.3829787234042,
          199.06382978723403
        ],
        [
          761.8936170212766,
          199.06382978723403
        ],
        [
          759.7659574468084,
          440.55319148936167
        ],
        [
          556.5744680851063,
          440.55319148936167
        ]
      ],
      [
        [
          197.0,
          449.063829787234
        ],
        [
          475.7234042553191,
          451.1914893617021
        ],
        [
          476.7872340425531,
          656.5106382978723
        ],
        [
          197.0,
          653.3191489361702
        ]
      ]
    ],
    "廊下": [
      [
        [
          482.10638297872333,
          450.12765957446805
        ],
        [
          759.7659574468084,
          451.1914893617021
        ],
        [
          759.7659574468084,
          533.1063829787233
        ],
        [
          702.3191489361701,
          533.1063829787233
        ],
        [
          702.3191489361701,
          512.8936170212766
        ],
        [
          618.2765957446808,
          509.70212765957444
        ],
        [
          618.2765957446808,
          528.8510638297872
        ],
        [
          555.5106382978723,
          530.9787234042553
        ],
        [
          556.5744680851063,
          512.8936170212766
        ],
        [
          481.04255319148933,
          509.70212765957444
        ]
      ]
    ],
    "開戸": [
      [
        413.33569739952713,
        446.93617021276594,
        501.6335697399527,
        518.2127659574468
      ],
      [
        554.1111111111111,
        469.3333333333333,
        618.1071428571428,
        553.25
      ],
      [
        552.3191489361702,
        382.04255319148933,
        623.595744680851,
        462.89361702127655
      ],
      [
        477.44444444444446,
        383.77777777777777,
        546.9527186761228,
        463.2245862884161
      ]
    ],
    "折戸": [
      [
        452.3191489361702,
        517.1489361702128,
        490.61702127659566,
        658.6382978723403
      ],
      [
        453.3829787234042,
        263.9574468085106,
        491.6808510638298,
        374.59574468085106
      ],
      [
        536.3617021276596,
        191.61702127659572,
        569.3404255319149,
        257.5744680851064
      ]
    ]
  }
}