{
  "labels": {
    "浴室": [
      [
        [
          18.496598639455783,
          214.64625850340136
        ],
        [
          111.01360544217687,
          215.3265306122449
        ],
        [
          111.01360544217687,
          307.16326530612247
        ],
        [
          19.176870748299336,
          308.5238095238095
        ]
      ]
    ],
    "LDK": [
      [
        [
          224.61904761904765,
          154.10204081632654
        ],
        [
          467.4761904761905,
          156.14285714285714
        ],
        [
          467.4761904761905,
          97.63945578231292
        ],
        [
          594.0068027210884,
          99.68027210884354
        ],
        [
          594.0068027210884,
          422.1292517006803
        ],
        [
          326.65986394557825,
          423.48979591836735
        ],
        [
          322.578231292517,
          322.8095238095238
        ],
        [
          225.9795918367347,
          322.8095238095238
        ]
      ]
    ],
    "廊下": [
      [
        [
          120.53741496598639,
          21.448979591836736
        ],
        [
          187.20408163265307,
          21.448979591836736
        ],
        [
          188.56462585034012,
          96.95918367346938
        ],
        [
          387.2040816326531,
          96.27891156462586
        ],
        [
          386.5238095238095,
          38.45578231292517
        ],
        [
          413.7346938775511,
          38.45578231292517
        ],
        [
          413.7346938775511,
          22.80952380952381
        ],
        [
          457.95238095238096,
          23.489795918367346
        ],
        [
          455.91156462585036,
          146.61904761904762
        ],
        [
          178.3605442176871,
          146.61904761904762
        ],
        [
          177.0,
          196.9591836734694
        ],
        [
          98.7687074829932,
          196.27891156462584
        ],
        [
          98.08843537414967,
          112.60544217687075
        ],
        [
          121.21768707482994,
          113.28571428571429
        ]
      ]
    ],
    "開戸": [
      [
        392.6462585034013,
        103.08163265306122,
        446.38775510204084,
        162.26530612244898
      ],
      [
        156.59183673469386,
        150.70068027210885,
        186.52380952380952,
        199.68027210884355
      ]
    ],
    "引戸": [
      [
        442.4703260614591,
        46.17335209946048,
        475.1477832512315,
        129.5566502463054
      ],
      [
        233.2758620689655,
        311.82266009852214,
        338.69458128078816,
        341.87192118226596
      ],
      [
        242.23574947220266,
        133.29509734928456,
        348.0541871921182,
        166.9950738916256
      ],
      [
        76.71850809289234,
        110.86957541637344,
        109.63054187192117,
        193.10344827586204
      ],
      [
        123.0004691531785,
        186.66127140511378,
        215.54187192118223,
        216.25615763546796
      ],
      [
        119.85714285714286,
        297.05301430917194,
        204.2118226600985,
        327.5862068965517
      ],
      [
        153.6361717100633,
        333.06052076002817,
        185.9852216748768,
        416.74876847290636
      ],
      [
        306.6748768472906,
        312.31527093596054,
        338.2019704433497,
        419.7044334975369
      ]
    ],
    "折戸": [
      [
        61.353741496598644,
        285.3945578231293,
        115.77551020408163,
        320.08843537414964
      ]
    ]
  }
}