{
  "labels": {
    "洋室": [
      [
        [
          11.967213114754088,
          129.50819672131146
        ],
        [
          181.9125683060109,
          128.96174863387978
        ],
        [
          180.27322404371583,
          418.0327868852459
        ],
        [
          11.420765027322403,
          418.57923497267757
        ]
      ],
      [
        [
          363.3333333333333,
          13.114754098360656
        ],
        [
          538.1967213114754,
          13.114754098360656
        ],
        [
          538.7431693989071,
          414.75409836065575
        ],
        [
          365.5191256830601,
          414.75409836065575
        ]
      ]
    ],
    "廊下": [
      [
        [
          248.0327868852459,
          131.14754098360655
        ],
        [
          355.1366120218579,
          132.24043715846994
        ],
        [
          354.5901639344262,
          238.25136612021856
        ],
        [
          190.10928961748635,
          237.1584699453552
        ],
        [
          189.56284153005464,
          185.24590163934425
        ],
        [
          248.0327868852459,
          186.33879781420765
        ]
      ]
    ],
    "開戸": [
      [
        243.11475409836066,
        115.30054644808743,
        302.6775956284153,
        178.14207650273224
      ],
      [
        307.04918032786884,
        126.22950819672131,
        384.0983606557377,
        182.51366120218577
      ],
      [
        310.327868852459,
        186.88524590163934,
        384.0983606557377,
        239.89071038251365
      ]
    ],
    "引戸": [
      [
        162.33333333333334,
        133.77777777777777,
        203.66666666666666,
        241.77777777777777
      ]
    ],
    "折戸": [
      [
        351.311475409836,
        12.021857923497267,
        402.6775956284153,
        126.775956284153
      ]
    ]
  }
}