{
  "labels": {
    "LDK": [
      [
        [
          26.51351351351351,
          183.24324324324323
        ],
        [
          531.9189189189188,
          184.32432432432432
        ],
        [
          533.0,
          407.02702702702703
        ],
        [
          25.432432432432428,
          407.56756756756755
        ]
      ]
    ],
    "浴室": [
      [
        [
          535.1621621621622,
          214.05405405405403
        ],
        [
          637.8648648648648,
          215.67567567567568
        ],
        [
          638.4054054054054,
          317.2972972972973
        ],
        [
          534.6216216216216,
          316.2162162162162
        ]
      ]
    ],
    "廊下": [
      [
        [
          178.94594594594594,
          19.45945945945946
        ],
        [
          245.97297297297297,
          19.45945945945946
        ],
        [
          247.05405405405403,
          177.83783783783784
        ],
        [
          179.48648648648648,
          178.37837837837836
        ]
      ],
      [
        [
          480.02702702702703,
          116.21621621621621
        ],
        [
          524.3513513513514,
          116.75675675675676
        ],
        [
          524.8918918918919,
          181.6216216216216
        ],
        [
          480.02702702702703,
          182.70270270270268
        ]
      ]
    ],
    "洋室": [
      [
        [
          255.1067221067221,
          18.607068607068584
        ],
        [
          418.89050589050584,
          18.607068607068584
        ],
        [
          416.7283437283437,
          180.76923076923075
        ],
        [
          254.025641025641,
          179.1476091476091
        ]
      ]
    ],
    "引戸": [
      [
        146.6923076923077,
        163.71794871794873,
        246.17948717948718,
        201.15384615384613
      ],
      [
        263.61538461538464,
        164.23076923076923,
        411.5862785862785,
        203.06306306306308
      ],
      [
        510.7948717948718,
        118.0769230769231,
        548.2307692307693,
        205.76923076923077
      ]
    ],
    "折戸": [
      [
        480.02702702702703,
        92.97297297297297,
        525.9729729729729,
        134.05405405405403
      ],
      [
        396.2432432432432,
        17.297297297297295,
        436.94871794871796,
        121.15384615384616
      ],
      [
        531.3506583506584,
        183.5897435897436,
        585.1538461538462,
        238.0769230769231
      ]
    ]
  }
}