{
  "labels": {
    "廊下": [
      [
        [
          239.08045977011494,
          190.42528735632186
        ],
        [
          236.7816091954023,
          238.70114942528738
        ],
        [
          402.2988505747127,
          239.85057471264366
        ],
        [
          396.55172413793105,
          282.37931034482756
        ],
        [
          558.6206896551724,
          282.37931034482756
        ],
        [
          559.7701149425287,
          195.02298850574715
        ]
      ]
    ],
    "洋室": [
      [
        [
          9.195402298850574,
          99.62068965517244
        ],
        [
          234.48275862068965,
          99.62068965517244
        ],
        [
          234.48275862068965,
          285.8275862068965
        ],
        [
          9.195402298850574,
          285.8275862068965
        ]
      ],
      [
        [
          558.6206896551724,
          99.62068965517244
        ],
        [
          694.2528735632184,
          99.62068965517244
        ],
        [
          694.2528735632184,
          286.9770114942529
        ],
        [
          558.6206896551724,
          286.9770114942529
        ]
      ],
      [
        [
          375.8928571428571,
          102.39285714285711
        ],
        [
          467.85714285714283,
          102.39285714285711
        ],
        [
          467.85714285714283,
          189.8928571428571
        ],
        [
          375.8928571428571,
          189.8928571428571
        ]
      ]
    ],
    "開戸": [
      [
        198.13988095238096,
        194.8035714285714,
        253.125,
        233.85416666666669
      ],
      [
        381.69642857142856,
        150.52083333333334,
        420.3125,
        204.40178571428567
      ],
      [
        548.3630952380953,
        195.3988095238095,
        604.1666666666667,
        234.89583333333334
      ]
    ],
    "折戸": [
      [
        542.782738095238,
        106.77083333333334,
        575.0,
        188.5535714285714
      ]
    ],
    "引戸": [
      [
        243.8244047619048,
        179.16666666666669,
        330.20833333333337,
        203.50892857142856
      ],
      [
        426.5625,
        175.75595238095235,
        509.52380952380963,
        205.72916666666669
      ]
    ]
  }
}