{
  "labels": {
    "洋室": [
      [
        [
          116.8980891719745,
          219.38216560509554
        ],
        [
          314.3503184713376,
          222.56687898089172
        ],
        [
          313.0764331210191,
          368.42675159235665
        ],
        [
          116.8980891719745,
          366.51592356687894
        ]
      ],
      [
        [
          115.62420382165607,
          371.61146496815286
        ],
        [
          311.80254777070064,
          372.2484076433121
        ],
        [
          310.52866242038215,
          520.656050955414
        ],
        [
          117.53503184713372,
          518.108280254777
        ]
      ],
      [
        [
          413.07643312101914,
          120.656050955414
        ],
        [
          114.35031847133757,
          118.10828025477707
        ],
        [
          114.35031847133757,
          217.47133757961782
        ],
        [
          362.75796178343944,
          220.656050955414
        ],
        [
          362.1210191082803,
          370.97452229299364
        ],
        [
          560.8471337579617,
          372.8853503184713
        ],
        [
          561.484076433121,
          121.29299363057325
        ]
      ]
    ],
    "廊下": [
      [
        [
          314.3503184713376,
          322.5668789808917
        ],
        [
          362.1210191082803,
          321.9299363057325
        ],
        [
          363.3949044585987,
          371.61146496815286
        ],
        [
          511.1656050955414,
          374.796178343949
        ],
        [
          511.1656050955414,
          474.1592356687898
        ],
        [
          314.3503184713376,
          472.8853503184713
        ]
      ]
    ],
    "開戸": [
      [
        361.682119205298,
        329.4635761589404,
        411.8025477707006,
        391.99363057324837
      ],
      [
        466.3178807947021,
        424.1655629139073,
        528.8987640781204,
        473.5222929936306
      ],
      [
        268.79415362551146,
        373.7247648373898,
        335.9006622516556,
        418.8675496688742
      ],
      [
        270.95364238410593,
        321.5165562913907,
        336.0063694267516,
        370.97452229299364
      ]
    ],
    "折戸": [
      [
        486.2317880794702,
        377.1456953642384,
        524.9505631248154,
        416.58130509975956
      ],
      [
        255.0596026490066,
        417.5430463576159,
        291.5216180874847,
        522.5668789808917
      ],
      [
        253.07284768211917,
        226.1523178807947,
        291.1419833804361,
        319.255620702746
      ],
      [
        437.78643438646793,
        177.597038849285,
        535.1920529801324,
        221.5165562913907
      ]
    ]
  }
}