{
  "labels": {
    "LDK": [
      [
        [
          45.15315315315314,
          87.36036036036035
        ],
        [
          187.94594594594588,
          89.16216216216215
        ],
        [
          187.94594594594588,
          348.1711711711711
        ],
        [
          47.40540540540536,
          347.7207207207207
        ]
      ]
    ],
    "浴室": [
      [
        [
          110.9189189189189,
          12.13513513513513
        ],
        [
          186.59459459459458,
          11.684684684684683
        ],
        [
          188.39639639639637,
          88.26126126126125
        ],
        [
          112.27027027027026,
          87.8108108108108
        ]
      ]
    ],
    "廊下": [
      [
        [
          8.216216216216196,
          288.2612612612612
        ],
        [
          46.054054054054006,
          287.8108108108108
        ],
        [
          45.15315315315314,
          325.19819819819816
        ],
        [
          8.666666666666629,
          324.7477477477477
        ]
      ],
      [
        [
          7.765765765765764,
          110.78378378378378
        ],
        [
          44.70270270270265,
          111.23423423423424
        ],
        [
          45.15315315315314,
          150.87387387387386
        ],
        [
          7.765765765765764,
          148.17117117117115
        ]
      ]
    ],
    "折戸": [
      [
        101.77310924369749,
        47.89915966386555,
        127.76727988492695,
        81.47800741918391
      ]
    ],
    "開戸": [
      [
        9.173896585661282,
        69.13036565977742,
        42.39495798319328,
        98.31932773109244
      ],
      [
        9.336134453781511,
        301.2605042016807,
        37.31758649405708,
        337.243016125369
      ]
    ],
    "引戸": [
      [
        47.643879173290884,
        74.65690059807706,
        126.00840336134456,
        99.15966386554622
      ],
      [
        35.03126656067832,
        114.86812022106139,
        55.974789915966426,
        181.09243697478993
      ],
      [
        36.09243697478993,
        250.8403361344538,
        59.75630252100842,
        325.21008403361344
      ]
    ]
  }
}