{
  "labels": {
    "浴室": [
      [
        [
          142.19653179190752,
          235.2601156069364
        ],
        [
          209.82658959537574,
          234.68208092485548
        ],
        [
          209.82658959537574,
          299.4219653179191
        ],
        [
          142.77456647398844,
          300.0
        ]
      ]
    ],
    "LDK": [
      [
        [
          140.46242774566474,
          301.7341040462428
        ],
        [
          279.19075144508673,
          301.15606936416185
        ],
        [
          272.8323699421965,
          667.0520231213873
        ],
        [
          137.5722543352601,
          667.6300578034682
        ]
      ]
    ],
    "廊下": [
      [
        [
          276.3005780346821,
          446.242774566474
        ],
        [
          344.5086705202312,
          446.8208092485549
        ],
        [
          345.66473988439304,
          486.1271676300578
        ],
        [
          276.3005780346821,
          486.1271676300578
        ]
      ]
    ],
    "開戸": [
      [
        313.8728323699422,
        327.7456647398844,
        346.242774566474,
        356.0693641618497
      ]
    ],
    "引戸": [
      [
        198.43835616438355,
        231.87671232876713,
        220.35616438356163,
        298.3150684931507
      ],
      [
        217.5825481035711,
        288.05526961754686,
        277.8904109589041,
        310.64383561643837
      ],
      [
        260.0821917808219,
        407.9041095890411,
        285.9767202470505,
        488.48681605827863
      ],
      [
        258.71232876712327,
        528.4520547945206,
        282.2511679467891,
        663.326470821126
      ]
    ],
    "折戸": [
      [
        282.65895953757223,
        473.4104046242775,
        345.08670520231215,
        492.485549132948
      ]
    ]
  }
}