{
  "labels": {
    "LDK": [
      [
        [
          9.0,
          122.72727272727272
        ],
        [
          10.94805194805194,
          529.2207792207793
        ],
        [
          205.1038961038961,
          531.1688311688312
        ],
        [
          203.15584415584414,
          172.07792207792207
        ],
        [
          301.2077922077922,
          170.77922077922076
        ],
        [
          299.2597402597402,
          124.02597402597402
        ],
        [
          154.45454545454544,
          124.67532467532467
        ],
        [
          153.8051948051948,
          113.63636363636364
        ],
        [
          109.0,
          112.33766233766234
        ],
        [
          109.64935064935065,
          122.72727272727272
        ]
      ]
    ],
    "廊下": [
      [
        [
          205.1038961038961,
          340.2597402597402
        ],
        [
          201.20779220779218,
          400.64935064935065
        ],
        [
          242.11688311688312,
          403.8961038961039
        ],
        [
          249.25974025974023,
          390.9090909090909
        ],
        [
          249.25974025974023,
          340.2597402597402
        ]
      ]
    ],
    "浴室": [
      [
        [
          202.50649350649348,
          25.324675324675326
        ],
        [
          302.5064935064935,
          25.324675324675326
        ],
        [
          302.5064935064935,
          123.37662337662337
        ],
        [
          202.50649350649348,
          123.37662337662337
        ]
      ]
    ],
    "折戸": [
      [
        187.25,
        270.625,
        212.25,
        308.75
      ]
    ],
    "引戸": [
      [
        193.569554157183,
        36.08247422680412,
        218.4432989690722,
        116.11996251171507
      ],
      [
        157.92890614540096,
        111.34020618556701,
        242.6701030927835,
        133.76623376623377
      ],
      [
        208.92694805194805,
        158.75,
        292.25,
        182.99512987012986
      ],
      [
        193.8457792207792,
        343.4577922077922,
        215.375,
        431.875
      ]
    ],
    "開戸": [
      [
        256.625,
        328.125,
        294.75,
        360.625
      ],
      [
        211.625,
        329.375,
        246.0,
        359.375
      ]
    ]
  }
}