{
  "labels": {
    "廊下": [
      [
        [
          180.21126760563382,
          283.2112676056338
        ],
        [
          178.80281690140845,
          342.3661971830986
        ],
        [
          165.42253521126761,
          343.07042253521126
        ],
        [
          165.42253521126761,
          401.5211267605634
        ],
        [
          284.4366197183099,
          404.3380281690141
        ],
        [
          286.54929577464793,
          280.3943661971831
        ]
      ]
    ],
    "洋室": [
      [
        [
          224.5774647887324,
          44.47887323943662
        ],
        [
          404.85915492957747,
          44.47887323943662
        ],
        [
          404.85915492957747,
          284.6197183098592
        ],
        [
          224.5774647887324,
          284.6197183098592
        ]
      ],
      [
        [
          45.0,
          400.11267605633805
        ],
        [
          402.0422535211268,
          400.11267605633805
        ],
        [
          402.0422535211268,
          580.3943661971831
        ],
        [
          45.0,
          580.3943661971831
        ]
      ]
    ],
    "開戸": [
      [
        173.84468976018272,
        352.3783783783784,
        215.32432432432432,
        421.90559573658163
      ],
      [
        228.66006851922344,
        353.72972972972974,
        278.1621621621622,
        426.1309478492577
      ]
    ],
    "折戸": [
      [
        51.1381804339551,
        380.93681004948616,
        159.9189189189189,
        426.7027027027027
      ],
      [
        261.90140845070425,
        288.05519604111157,
        305.18918918918916,
        335.4864864864865
      ]
    ]
  }
}