{
  "labels": {
    "廊下": [
      [
        [
          22.537414965986386,
          193.55782312925172
        ],
        [
          47.027210884353735,
          193.55782312925172
        ],
        [
          47.027210884353735,
          179.95238095238096
        ],
        [
          125.9387755102041,
          180.6326530612245
        ],
        [
          124.57823129251702,
          22.80952380952381
        ],
        [
          193.28571428571428,
          20.08843537414966
        ],
        [
          193.96598639455783,
          96.27891156462586
        ],
        [
          287.843537414966,
          99.0
        ],
        [
          289.2040816326531,
          164.3061224489796
        ],
        [
          238.18367346938777,
          160.9047619047619
        ],
        [
          236.14285714285717,
          147.9795918367347
        ],
        [
          192.60544217687078,
          150.0204081632653
        ],
        [
          194.64625850340138,
          232.33333333333334
        ],
        [
          116.41496598639455,
          231.6530612244898
        ],
        [
          115.73469387755102,
          254.10204081632654
        ],
        [
          43.625850340136054,
          254.78231292517006
        ],
        [
          46.34693877551021,
          243.21768707482994
        ],
        [
          21.176870748299336,
          243.21768707482994
        ]
      ]
    ],
    "開戸": [
      [
        104.73399014778323,
        109.85221674876846,
        168.11564625850343,
        156.14285714285714
      ],
      [
        240.22448979591837,
        100.36054421768708,
        307.57142857142856,
        159.54421768707482
      ]
    ],
    "折戸": [
      [
        172.8775510204082,
        156.14285714285714,
        206.89115646258506,
        229.6122448979592
      ]
    ],
    "引戸": [
      [
        104.73399014778323,
        257.1428571428571,
        137.7389162561576,
        336.94581280788174
      ],
      [
        123.07694112127609,
        218.44639924935493,
        209.66009852216746,
        251.72413793103445
      ]
    ]
  }
}