{
  "labels": {
    "LDK": [
      [
        [
          120.56643356643357,
          195.45454545454547
        ],
        [
          219.86713286713285,
          195.8041958041958
        ],
        [
          221.2657342657343,
          344.4055944055944
        ],
        [
          120.91608391608392,
          343.7062937062937
        ]
      ],
      [
        [
          121.69747899159665,
          121.42857142857143
        ],
        [
          196.4873949579832,
          122.6890756302521
        ],
        [
          196.06722689075633,
          194.53781512605042
        ],
        [
          120.85714285714286,
          194.95798319327733
        ]
      ]
    ],
    "廊下": [
      [
        [
          195.74125874125878,
          172.02797202797203
        ],
        [
          343.993006993007,
          173.0769230769231
        ],
        [
          344.34265734265733,
          220.62937062937064
        ],
        [
          320.21678321678326,
          220.2797202797203
        ],
        [
          319.5174825174825,
          204.19580419580421
        ],
        [
          281.75524475524475,
          203.84615384615387
        ],
        [
          282.1048951048951,
          195.45454545454547
        ],
        [
          195.39160839160843,
          195.10489510489512
        ]
      ]
    ],
    "浴室": [
      [
        [
          244.69230769230768,
          119.93006993006993
        ],
        [
          294.34265734265733,
          120.97902097902099
        ],
        [
          295.0419580419581,
          171.67832167832168
        ],
        [
          242.94405594405595,
          170.979020979021
        ]
      ]
    ],
    "開戸": [
      [
        195.04195804195803,
        186.01398601398603,
        221.2657342657343,
        221.32867132867133
      ],
      [
        318.1188811188811,
        161.8881118881119,
        345.39160839160843,
        188.81118881118883
      ],
      [
        256.2307692307692,
        210.4895104895105,
        282.80419580419584,
        237.4125874125874
      ],
      [
        220.91608391608395,
        210.71428571428572,
        255.1818181818182,
        241.25874125874128
      ]
    ],
    "引戸": [
      [
        194.69230769230768,
        159.7902097902098,
        244.46753246753246,
        179.2207792207792
      ],
      [
        234.55244755244757,
        144.4055944055944,
        254.83216783216784,
        172.72727272727275
      ],
      [
        309.62737262737267,
        222.52747252747255,
        326.6103896103896,
        267.2077922077922
      ],
      [
        209.35264735264732,
        219.45554445554444,
        225.3116883116883,
        292.85714285714283
      ]
    ]
  }
}