{
  "labels": {
    "廊下": [
      [
        [
          102.30508474576271,
          267.49152542372883
        ],
        [
          101.45762711864407,
          338.67796610169495
        ],
        [
          91.28813559322035,
          338.67796610169495
        ],
        [
          87.89830508474577,
          508.1694915254238
        ],
        [
          49.76271186440678,
          508.1694915254238
        ],
        [
          47.22033898305085,
          575.1186440677966
        ],
        [
          137.05084745762713,
          577.6610169491526
        ],
        [
          138.74576271186442,
          568.3389830508474
        ],
        [
          199.7627118644068,
          572.5762711864407
        ],
        [
          198.91525423728814,
          475.11864406779665
        ],
        [
          168.40677966101697,
          478.5084745762712
        ],
        [
          171.79661016949154,
          269.1864406779661
        ]
      ]
    ],
    "洋室": [
      [
        [
          198.91525423728814,
          479.35593220338984
        ],
        [
          381.9661016949153,
          479.35593220338984
        ],
        [
          381.9661016949153,
          720.8813559322034
        ],
        [
          198.91525423728814,
          720.8813559322034
        ]
      ],
      [
        [
          169.25423728813558,
          270.03389830508473
        ],
        [
          380.271186440678,
          270.03389830508473
        ],
        [
          380.271186440678,
          478.5084745762712
        ],
        [
          169.25423728813558,
          478.5084745762712
        ]
      ],
      [
        [
          19.254237288135613,
          25.118644067796613
        ],
        [
          258.23728813559325,
          25.118644067796613
        ],
        [
          258.23728813559325,
          264.9491525423729
        ],
        [
          19.254237288135613,
          264.9491525423729
        ]
      ]
    ],
    "開戸": [
      [
        156.29378531073445,
        425.3333333333333,
        223.0,
        474.99435028248587
      ],
      [
        183.5932203389831,
        487.3333333333333,
        255.0,
        537.8870056497176
      ]
    ],
    "折戸": [
      [
        144.74576271186442,
        544.0,
        197.66666666666669,
        579.7853107344633
      ],
      [
        263.08474576271186,
        255.12994350282486,
        376.33333333333337,
        288.0
      ],
      [
        241.0,
        91.33333333333333,
        280.96045197740114,
        205.5028248587571
      ],
      [
        68.33333333333331,
        454.0,
        102.4971751412429,
        506.1694915254238
      ],
      [
        38.13559322033899,
        511.3333333333333,
        71.66666666666669,
        565.54802259887
      ]
    ],
    "引戸": [
      [
        185.66666666666669,
        603.3333333333334,
        214.65536723163848,
        716.0
      ],
      [
        112.55367231638422,
        252.0,
        224.33333333333331,
        280.32768361581924
      ]
    ]
  }
}