{
  "labels": {
    "洋室": [
      [
        [
          348.982905982906,
          617.0940170940171
        ],
        [
          526.7606837606838,
          617.948717948718
        ],
        [
          525.0512820512821,
          795.7264957264957
        ],
        [
          348.982905982906,
          793.1623931623932
        ]
      ]
    ],
    "LDK": [
      [
        [
          111.37606837606842,
          138.46153846153848
        ],
        [
          412.2307692307693,
          144.44444444444446
        ],
        [
          413.940170940171,
          199.14529914529916
        ],
        [
          390.008547008547,
          196.5811965811966
        ],
        [
          393.42735042735046,
          259.8290598290599
        ],
        [
          349.83760683760687,
          258.974358974359
        ],
        [
          346.41880341880346,
          730.7692307692308
        ],
        [
          109.66666666666669,
          735.8974358974359
        ]
      ]
    ],
    "廊下": [
      [
        [
          353.2564102564103,
          258.974358974359
        ],
        [
          628.4700854700856,
          259.8290598290599
        ],
        [
          626.7606837606838,
          400.0
        ],
        [
          531.0341880341881,
          401.70940170940173
        ],
        [
          528.4700854700856,
          374.35897435897436
        ],
        [
          350.69230769230774,
          372.6495726495727
        ]
      ]
    ],
    "引戸": [
      [
        507.48717948717945,
        387.1794871794872,
        541.3724738397636,
        491.8543813403627
      ],
      [
        428.64102564102564,
        357.6923076923077,
        527.8290598290599,
        396.1538461538462
      ],
      [
        361.97435897435895,
        246.7948717948718,
        464.5013179966452,
        282.3967569294672
      ],
      [
        334.4102564102564,
        268.5897435897436,
        372.05982905982916,
        371.58119658119654
      ],
      [
        457.48717948717945,
        285.8974358974359,
        489.3036184998801,
        369.52576084351784
      ],
      [
        378.64102564102564,
        596.7948717948718,
        495.1367521367522,
        632.4786324786326
      ],
      [
        337.01709401709405,
        620.5128205128206,
        368.233644859813,
        784.8504672897196
      ]
    ],
    "開戸": [
      [
        473.841121495327,
        269.8971962616822,
        526.7606837606838,
        311.965811965812
      ]
    ]
  }
}