{
  "labels": {
    "LDK": [
      [
        [
          290.92289823997146,
          50.87876351290984
        ],
        [
          287.62619494326816,
          337.6919503260967
        ],
        [
          259.0547663718396,
          339.88975252389884
        ],
        [
          254.65916197623517,
          438.79085142499775
        ],
        [
          219.49432681140004,
          438.79085142499775
        ],
        [
          227.18663450370772,
          700.3293129634592
        ],
        [
          541.472348789422,
          701.4282140623602
        ],
        [
          552.461359778433,
          47.58206021620654
        ]
      ]
    ],
    "廊下": [
      [
        [
          25.274725274725274,
          444.8571428571429
        ],
        [
          221.97802197802196,
          444.8571428571429
        ],
        [
          221.97802197802196,
          539.3626373626373
        ],
        [
          25.274725274725274,
          539.3626373626373
        ]
      ],
      [
        [
          548.3516483516484,
          89.91208791208791
        ],
        [
          552.7472527472527,
          175.6263736263736
        ],
        [
          748.3516483516484,
          178.9230769230769
        ],
        [
          743.9560439560439,
          117.38461538461539
        ],
        [
          617.5824175824175,
          112.98901098901098
        ],
        [
          614.2857142857142,
          88.8131868131868
        ]
      ]
    ],
    "浴室": [
      [
        [
          28.57142857142857,
          44.85714285714286
        ],
        [
          158.24175824175825,
          44.85714285714286
        ],
        [
          158.24175824175825,
          209.69230769230768
        ],
        [
          28.57142857142857,
          209.69230769230768
        ]
      ]
    ],
    "開戸": [
      [
        511.0,
        245.95604395604397,
        566.1755114803894,
        304.83333333333337
      ],
      [
        206.83333333333337,
        449.2527472527472,
        281.3186813186813,
        499.83333333333337
      ],
      [
        550.5494505494505,
        78.9230769230769,
        609.8901098901099,
        138.26373626373626
      ]
    ],
    "折戸": [
      [
        190.1098901098901,
        344.83333333333337,
        236.83333333333337,
        434.967032967033
      ]
    ],
    "引戸": [
      [
        31.86813186813187,
        196.5,
        148.5,
        225.41575091575092
      ],
      [
        145.32051282051285,
        243.16666666666669,
        170.16666666666669,
        342.63201234461076
      ],
      [
        147.25274725274724,
        349.2527472527472,
        169.23076923076923,
        438.2637362637363
      ],
      [
        521.8333333333334,
        444.2893772893773,
        563.2783882783883,
        691.5
      ],
      [
        614.2857142857142,
        164.83333333333334,
        729.3333333333334,
        195.4065934065934
      ],
      [
        621.978021978022,
        102.08934155275618,
        732.967032967033,
        125.16626462967923
      ],
      [
        273.95194831415307,
        114.92277407631744,
        303.5,
        230.66666666666669
      ],
      [
        561.4105691056911,
        423.9552845528455,
        676.8577235772359,
        449.9715447154472
      ]
    ]
  }
}