{
  "labels": {
    "廊下": [
      [
        [
          61.333333333333314,
          267.3703703703704
        ],
        [
          60.40740740740739,
          332.18518518518516
        ],
        [
          7.629629629629619,
          332.18518518518516
        ],
        [
          9.481481481481481,
          383.1111111111111
        ],
        [
          61.333333333333314,
          384.037037037037
        ],
        [
          58.55555555555554,
          471.99999999999994
        ],
        [
          142.8148148148148,
          471.074074074074
        ],
        [
          140.037037037037,
          266.4444444444444
        ]
      ]
    ],
    "洋室": [
      [
        [
          60.40740740740739,
          74.77777777777777
        ],
        [
          422.44444444444446,
          74.77777777777777
        ],
        [
          422.44444444444446,
          268.2962962962963
        ],
        [
          60.40740740740739,
          268.2962962962963
        ]
      ],
      [
        [
          61.333333333333314,
          470.1481481481481
        ],
        [
          343.7407407407407,
          470.1481481481481
        ],
        [
          343.7407407407407,
          672.0
        ],
        [
          61.333333333333314,
          672.0
        ]
      ]
    ],
    "開戸": [
      [
        96.5263157894737,
        227.6315789473684,
        137.31578947368422,
        285.5263157894737
      ],
      [
        348.5,
        256.2386569872959,
        390.41379310344837,
        321.0526315789474
      ],
      [
        92.57894736842104,
        420.1481481481481,
        138.18518518518516,
        484.2105263157895
      ],
      [
        377.4473684210526,
        525.0,
        415.73139745916524,
        584.573502722323
      ],
      [
        381.99727767695106,
        574.9546279491833,
        433.7214156079856,
        617.1960072595282
      ],
      [
        389.801270417423,
        621.551724137931,
        433.36842105263156,
        652.6315789473684
      ],
      [
        389.55172413793105,
        668.7613430127042,
        434.3793103448277,
        714.450998185118
      ],
      [
        387.3058076225045,
        722.3003629764066,
        435.3421052631579,
        748.6842105263158
      ],
      [
        322.3103448275863,
        667.2413793103449,
        388.68965517241384,
        713.7931034482759
      ]
    ],
    "折戸": [
      [
        64.11111111111111,
        62.26181353767561,
        141.88888888888889,
        94.66922094508301
      ],
      [
        144.9220945083014,
        62.203838139409825,
        238.4406130268199,
        94.61124554681723
      ],
      [
        244.66666666666663,
        61.399744572158355,
        343.7407407407407,
        99.36270753512132
      ],
      [
        345.52873563218384,
        62.13409961685824,
        416.82503192848014,
        96.39335887611749
      ]
    ],
    "引戸": [
      [
        128.10526315789474,
        275.6578947368421,
        155.73684210526318,
        467.7631578947368
      ],
      [
        141.88888888888889,
        653.2894736842105,
        339.9473684210526,
        683.1111111111111
      ],
      [
        327.4473684210526,
        469.986388384755,
        353.54900181488205,
        567.7631578947369
      ],
      [
        325.75862068965523,
        275.6578947368421,
        359.02631578947364,
        464.4736842105263
      ]
    ]
  }
}