{
  "labels": {
    "洋室": [
      [
        [
          36.69230769230769,
          342.9230769230769
        ],
        [
          35.15384615384615,
          519.0769230769231
        ],
        [
          198.23076923076923,
          521.3846153846154
        ],
        [
          194.3846153846154,
          357.53846153846155
        ],
        [
          252.07692307692307,
          359.8461538461538
        ],
        [
          250.53846153846152,
          302.15384615384613
        ],
        [
          115.92307692307692,
          306.0
        ],
        [
          115.92307692307692,
          342.9230769230769
        ]
      ],
      [
        [
          36.69230769230769,
          143.69230769230768
        ],
        [
          250.53846153846152,
          143.69230769230768
        ],
        [
          250.53846153846152,
          303.6923076923077
        ],
        [
          36.69230769230769,
          303.6923076923077
        ]
      ],
      [
        [
          302.0769230769231,
          249.8461538461538
        ],
        [
          513.6153846153846,
          249.8461538461538
        ],
        [
          513.6153846153846,
          462.9230769230769
        ],
        [
          302.0769230769231,
          462.9230769230769
        ]
      ]
    ],
    "廊下": [
      [
        [
          249.0,
          196.76923076923077
        ],
        [
          248.23076923076923,
          357.53846153846155
        ],
        [
          302.8461538461538,
          356.0
        ],
        [
          303.6153846153846,
          249.8461538461538
        ],
        [
          460.53846153846155,
          249.8461538461538
        ],
        [
          463.6153846153846,
          201.38461538461536
        ]
      ]
    ],
    "開戸": [
      [
        365.15384615384613,
        245.23076923076923,
        409.7692307692308,
        296.7692307692308
      ],
      [
        240.74418604651163,
        203.06976744186048,
        294.8139534883721,
        244.34883720930233
      ],
      [
        238.4186046511628,
        308.3076923076923,
        292.0769230769231,
        349.0
      ]
    ],
    "折戸": [
      [
        41.30769230769231,
        332.13953488372096,
        109.34883720930233,
        369.07692307692304
      ],
      [
        285.51162790697674,
        391.1967799642218,
        326.4686940966011,
        433.8837209302325
      ],
      [
        222.84615384615384,
        149.84615384615384,
        254.3846153846154,
        195.23076923076923
      ]
    ],
    "引戸": [
      [
        453.6153846153846,
        175.23076923076923,
        474.38461538461536,
        244.46153846153845
      ]
    ]
  }
}