{
  "labels": {
    "洋室": [
      [
        [
          91.11409395973155,
          13.758389261744966
        ],
        [
          168.63087248322148,
          13.422818791946309
        ],
        [
          168.29530201342283,
          89.26174496644295
        ],
        [
          91.4496644295302,
          89.59731543624162
        ]
      ],
      [
        [
          170.30872483221478,
          93.6241610738255
        ],
        [
          260.9127516778523,
          94.63087248322148
        ],
        [
          262.255033557047,
          198.3221476510067
        ],
        [
          172.3221476510067,
          198.99328859060404
        ]
      ],
      [
        [
          9.234899328859058,
          148.65771812080536
        ],
        [
          86.08053691275168,
          149.3288590604027
        ],
        [
          87.08724832214764,
          227.18120805369128
        ],
        [
          7.892617449664428,
          226.51006711409397
        ]
      ]
    ],
    "廊下": [
      [
        [
          64.26845637583892,
          54.36241610738255
        ],
        [
          84.73825503355704,
          54.02684563758389
        ],
        [
          85.07382550335569,
          92.28187919463087
        ],
        [
          167.28859060402684,
          93.28859060402685
        ],
        [
          167.62416107382552,
          116.44295302013423
        ],
        [
          85.07382550335569,
          116.44295302013423
        ],
        [
          85.40939597315437,
          143.6241610738255
        ],
        [
          64.26845637583892,
          143.95973154362417
        ],
        [
          64.26845637583892,
          117.11409395973155
        ],
        [
          48.49664429530202,
          117.4496644295302
        ],
        [
          48.49664429530202,
          93.6241610738255
        ],
        [
          63.93288590604027,
          94.29530201342281
        ]
      ]
    ],
    "開戸": [
      [
        63.93288590604027,
        44.630872483221474,
        88.76510067114094,
        72.48322147651007
      ]
    ],
    "引戸": [
      [
        87.75838926174498,
        85.57046979865771,
        144.66666666666666,
        100.24330900243308
      ],
      [
        41.120625745031774,
        137.28996227893987,
        85.78588807785887,
        153.77128953771287
      ],
      [
        162.11215075360474,
        94.7484446186254,
        176.29683698296836,
        145.7420924574209
      ],
      [
        53.48314606741573,
        33.42696629213483,
        67.52808988764045,
        89.32584269662921
      ]
    ]
  }
}