{
  "labels": {
    "LDK": [
      [
        [
          12.764705882352928,
          120.76470588235294
        ],
        [
          301.0,
          123.11764705882354
        ],
        [
          300.4117647058823,
          171.35294117647058
        ],
        [
          205.70588235294122,
          170.1764705882353
        ],
        [
          203.3529411764706,
          529.0
        ],
        [
          12.176470588235304,
          529.5882352941177
        ]
      ]
    ],
    "浴室": [
      [
        [
          205.11764705882354,
          27.235294117647058
        ],
        [
          202.76470588235293,
          119.0
        ],
        [
          301.5882352941177,
          121.94117647058823
        ],
        [
          299.2352941176471,
          25.47058823529412
        ]
      ]
    ],
    "廊下": [
      [
        [
          202.1764705882353,
          336.64705882352945
        ],
        [
          251.0,
          336.64705882352945
        ],
        [
          253.3529411764706,
          388.4117647058824
        ],
        [
          240.41176470588232,
          399.0
        ],
        [
          206.29411764705878,
          399.5882352941177
        ]
      ]
    ],
    "開戸": [
      [
        256.3619909502263,
        326.5113122171946,
        294.38461538461536,
        362.6923076923077
      ],
      [
        209.34841628959276,
        328.185520361991,
        247.8461538461538,
        363.07692307692304
      ]
    ],
    "引戸": [
      [
        192.3800904977375,
        341.94117647058823,
        214.38461538461536,
        430.7692307692308
      ],
      [
        208.9411764705883,
        156.57918552036202,
        295.53846153846155,
        182.6923076923077
      ],
      [
        157.53846153846155,
        110.49321266968323,
        242.8461538461538,
        135.3846153846154
      ],
      [
        193.7149321266968,
        33.3212669683258,
        218.61538461538458,
        115.76923076923076
      ]
    ],
    "折戸": [
      [
        182.40271493212668,
        269.33936651583707,
        210.53846153846155,
        308.0769230769231
      ]
    ]
  }
}