{
  "labels": {
    "洋室": [
      [
        [
          38.70119521912349,
          54.581673306772906
        ],
        [
          120.77290836653384,
          54.980079681274894
        ],
        [
          119.97609561752984,
          165.33864541832668
        ],
        [
          40.294820717131444,
          166.53386454183266
        ]
      ],
      [
        [
          11.609561752988043,
          214.3426294820717
        ],
        [
          119.97609561752984,
          215.53784860557766
        ],
        [
          119.17928286852589,
          295.2191235059761
        ],
        [
          10.812749003984038,
          296.01593625498003
        ]
      ]
    ],
    "廊下": [
      [
        [
          39.099601593625465,
          170.51792828685257
        ],
        [
          77.3466135458167,
          170.51792828685257
        ],
        [
          78.1434262948207,
          207.96812749003982
        ],
        [
          39.49800796812747,
          208.36653386454182
        ]
      ]
    ],
    "引戸": [
      [
        31.928286852589622,
        53.78486055776892,
        45.82572614107883,
        108.29875518672199
      ]
    ],
    "開戸": [
      [
        30.33466135458164,
        111.95219123505976,
        51.05179282868525,
        138.24701195219123
      ],
      [
        52.6454183266932,
        144.2231075697211,
        80.13545816733063,
        175.69721115537848
      ],
      [
        51.0,
        202.0,
        80.53386454183266,
        237.05179282868525
      ]
    ],
    "折戸": [
      [
        82.12749003984061,
        206.37450199203187,
        121.56972111553785,
        222.70916334661354
      ]
    ]
  }
}