{
  "labels": {
    "洋室": [
      [
        [
          369.7246376811594,
          11.608695652173907
        ],
        [
          136.391304347826,
          12.333333333333329
        ],
        [
          134.94202898550725,
          200.0144927536232
        ],
        [
          182.76811594202889,
          200.0144927536232
        ],
        [
          182.0434782608695,
          175.37681159420288
        ],
        [
          228.42028985507238,
          173.92753623188403
        ],
        [
          228.42028985507238,
          201.463768115942
        ],
        [
          278.4202898550724,
          201.463768115942
        ],
        [
          279.86956521739125,
          315.231884057971
        ],
        [
          369.7246376811594,
          316.6811594202898
        ]
      ],
      [
        [
          16.826086956521692,
          412.3333333333333
        ],
        [
          372.623188405797,
          411.6086956521739
        ],
        [
          372.623188405797,
          552.9130434782608
        ],
        [
          17.550724637681128,
          554.3623188405796
        ]
      ]
    ],
    "廊下": [
      [
        [
          184.21739130434776,
          177.55072463768113
        ],
        [
          182.76811594202889,
          352.9130434782608
        ],
        [
          17.550724637681128,
          355.08695652173907
        ],
        [
          17.550724637681128,
          410.88405797101444
        ],
        [
          275.52173913043475,
          410.159420289855
        ],
        [
          274.79710144927526,
          355.08695652173907
        ],
        [
          227.695652173913,
          355.08695652173907
        ],
        [
          229.14492753623188,
          177.55072463768113
        ]
      ]
    ],
    "開戸": [
      [
        186.6626506024096,
        164.45783132530119,
        222.2048192771084,
        216.26506024096383
      ]
    ],
    "折戸": [
      [
        297.50602409638554,
        17.469879518072286,
        337.4578313253012,
        171.68674698795178
      ]
    ],
    "引戸": [
      [
        261.55421686746985,
        320.48192771084337,
        292.1971363715732,
        407.87200977824335
      ]
    ]
  }
}