{
  "labels": {
    "浴室": [
      [
        [
          131.20408163265307,
          33.673469387755105
        ],
        [
          201.61224489795921,
          33.673469387755105
        ],
        [
          200.0816326530612,
          103.06122448979592
        ],
        [
          130.69387755102042,
          102.55102040816327
        ]
      ]
    ],
    "LDK": [
      [
        [
          202.63265306122452,
          32.6530612244898
        ],
        [
          343.9591836734694,
          32.6530612244898
        ],
        [
          343.44897959183675,
          69.38775510204081
        ],
        [
          310.7959183673469,
          69.89795918367346
        ],
        [
          309.265306122449,
          176.53061224489795
        ],
        [
          346.0,
          178.06122448979593
        ],
        [
          347.0204081632653,
          336.2244897959184
        ],
        [
          204.16326530612247,
          337.2448979591837
        ],
        [
          202.63265306122452,
          250.51020408163265
        ],
        [
          102.63265306122449,
          248.46938775510205
        ],
        [
          101.61224489795919,
          138.26530612244898
        ],
        [
          131.20408163265307,
          138.26530612244898
        ],
        [
          131.20408163265307,
          104.59183673469389
        ],
        [
          203.14285714285717,
          104.08163265306122
        ]
      ]
    ],
    "廊下": [
      [
        [
          43.448979591836746,
          252.55102040816328
        ],
        [
          199.57142857142856,
          252.0408163265306
        ],
        [
          200.0816326530612,
          284.6938775510204
        ],
        [
          43.448979591836746,
          283.6734693877551
        ]
      ]
    ],
    "開戸": [
      [
        96.37593984962407,
        103.562477622628,
        140.76369495166486,
        139.7869674185464
      ],
      [
        48.19298245614033,
        241.7561761546724,
        82.5438596491228,
        278.9473684210526
      ]
    ],
    "折戸": [
      [
        143.9591836734694,
        289.437880415324,
        167.19298245614033,
        336.84210526315786
      ],
      [
        78.64411027568923,
        288.8560687432868,
        100.96491228070172,
        338.59649122807014
      ],
      [
        123.0408163265306,
        66.83673469387755,
        150.0816326530612,
        99.48979591836735
      ]
    ],
    "引戸": [
      [
        134.77551020408163,
        239.28571428571428,
        198.74358974358978,
        258.54700854700855
      ],
      [
        195.63301109917654,
        249.64196204797713,
        212.36842105263156,
        315.3508771929824
      ]
    ]
  }
}