{
  "labels": {
    "廊下": [
      [
        [
          208.06451612903226,
          117.4516129032258
        ],
        [
          403.2258064516129,
          117.4516129032258
        ],
        [
          403.2258064516129,
          268.258064516129
        ],
        [
          208.06451612903226,
          268.258064516129
        ]
      ]
    ],
    "洋室": [
      [
        [
          350.80645161290323,
          263.4193548387097
        ],
        [
          553.2258064516129,
          263.4193548387097
        ],
        [
          553.2258064516129,
          463.41935483870964
        ],
        [
          350.80645161290323,
          463.41935483870964
        ]
      ],
      [
        [
          8.870967741935484,
          117.4516129032258
        ],
        [
          208.8709677419355,
          117.4516129032258
        ],
        [
          208.8709677419355,
          363.4193548387097
        ],
        [
          8.870967741935484,
          363.4193548387097
        ]
      ]
    ],
    "開戸": [
      [
        155.6451612903226,
        116.64516129032259,
        216.93548387096774,
        162.61290322580646
      ],
      [
        357.30769230769226,
        219.06451612903226,
        397.5806451612903,
        282.97435897435895
      ],
      [
        259.6774193548387,
        108.69565217391303,
        301.30434782608694,
        152.1290322580645
      ]
    ],
    "折戸": [
      [
        407.9487179487179,
        255.4102564102564,
        543.5483870967741,
        290.03225806451616
      ],
      [
        54.03225806451613,
        107.7741935483871,
        151.61290322580646,
        140.03225806451613
      ]
    ],
    "引戸": [
      [
        160.48387096774195,
        106.96774193548387,
        255.6451612903226,
        127.12903225806451
      ],
      [
        393.22981366459624,
        124.98407389711738,
        418.2051282051282,
        214.3846153846154
      ]
    ]
  }
}