{
  "labels": {
    "LDK": [
      [
        [
          42.177570093457916,
          37.25233644859813
        ],
        [
          43.11214953271025,
          349.40186915887847
        ],
        [
          71.14953271028037,
          348.46728971962614
        ],
        [
          73.01869158878503,
          535.3831775700934
        ],
        [
          325.35514018691583,
          536.3177570093458
        ],
        [
          323.48598130841117,
          381.1775700934579
        ],
        [
          260.86915887850466,
          382.11214953271025
        ],
        [
          258.99999999999994,
          161.55140186915887
        ],
        [
          322.5514018691589,
          161.55140186915887
        ],
        [
          324.42056074766356,
          35.38317757009346
        ]
      ]
    ],
    "廊下": [
      [
        [
          37.50467289719626,
          533.5140186915887
        ],
        [
          36.75757575757575,
          598.7878787878788
        ],
        [
          135.6355140186916,
          598.0
        ],
        [
          135.6355140186916,
          666.2242990654205
        ],
        [
          199.18691588785043,
          667.1588785046729
        ],
        [
          198.2523364485981,
          535.3831775700934
        ]
      ]
    ],
    "浴室": [
      [
        [
          198.2523364485981,
          658.7476635514018
        ],
        [
          327.2242990654205,
          658.7476635514018
        ],
        [
          327.2242990654205,
          788.6542056074766
        ],
        [
          198.2523364485981,
          788.6542056074766
        ]
      ]
    ],
    "開戸": [
      [
        75.89606343811948,
        479.99999999999994,
        130.09090909090907,
        555.6890399320306
      ],
      [
        208.5553667516284,
        640.0843953554233,
        260.99999999999994,
        712.7272727272726
      ],
      [
        148.06258850184082,
        609.6969696969696,
        190.09090909090907,
        683.7774001699235
      ]
    ],
    "折戸": [
      [
        238.6148399886717,
        289.09090909090907,
        278.57575757575756,
        343.29028603794956
      ]
    ],
    "引戸": [
      [
        184.007080147267,
        541.2121212121211,
        216.75757575757575,
        654.8337581421692
      ],
      [
        241.44689889549704,
        168.48484848484847,
        278.57575757575756,
        268.9034267912772
      ]
    ]
  }
}