{
  "labels": {
    "LDK": [
      [
        [
          216.3118279569892,
          156.06451612903226
        ],
        [
          436.741935483871,
          159.29032258064515
        ],
        [
          436.741935483871,
          550.6881720430107
        ],
        [
          431.36559139784947,
          772.1935483870967
        ],
        [
          218.46236559139777,
          772.1935483870967
        ]
      ],
      [
        [
          516.4623655913978,
          157.29032258064512
        ],
        [
          736.8924731182796,
          160.51612903225802
        ],
        [
          736.8924731182796,
          551.9139784946237
        ],
        [
          735.6020942408377,
          775.392670157068
        ],
        [
          518.6129032258063,
          773.4193548387098
        ]
      ]
    ],
    "開戸": [
      [
        733.0094578618475,
        574.3440860215054,
        810.4712041884816,
        634.5549738219895
      ],
      [
        436.1256544502617,
        578.5340314136125,
        512.0418848167538,
        634.0314136125654
      ]
    ],
    "折戸": [
      [
        709.9476439790575,
        454.45026178010465,
        748.935821651748,
        548.408151776164
      ],
      [
        408.130081300813,
        453.6585365853659,
        445.2654078153684,
        547.0689745607133
      ]
    ],
    "引戸": [
      [
        419.5121951219512,
        320.3252032520325,
        454.1714237459888,
        426.3510668242977
      ],
      [
        717.8861788617886,
        321.9512195121951,
        749.9266452738838,
        426.06958284073636
      ]
    ]
  }
}