{
  "labels": {
    "浴室": [
      [
        [
          449.7175572519084,
          429.00763358778624
        ],
        [
          540.5572519083969,
          429.00763358778624
        ],
        [
          540.5572519083969,
          526.7175572519084
        ],
        [
          448.9541984732824,
          525.9541984732824
        ]
      ]
    ],
    "LDK": [
      [
        [
          42.08396946564885,
          100.76335877862596
        ],
        [
          240.55725190839695,
          101.5267175572519
        ],
        [
          242.08396946564886,
          266.412213740458
        ],
        [
          442.0839694656488,
          269.46564885496184
        ],
        [
          439.79389312977094,
          477.09923664122135
        ],
        [
          242.84732824427482,
          474.0458015267175
        ],
        [
          245.13740458015263,
          432.0610687022901
        ],
        [
          41.32061068702289,
          429.7709923664122
        ]
      ]
    ],
    "廊下": [
      [
        [
          248.19083969465646,
          212.9770992366412
        ],
        [
          344.3740458015267,
          213.74045801526717
        ],
        [
          345.9007633587786,
          195.41984732824426
        ],
        [
          368.80152671755724,
          195.41984732824426
        ],
        [
          370.32824427480915,
          174.04580152671755
        ],
        [
          441.32061068702285,
          175.57251908396947
        ],
        [
          442.0839694656488,
          263.3587786259542
        ],
        [
          245.9007633587786,
          261.8320610687023
        ]
      ]
    ],
    "開戸": [
      [
        231.39694656488547,
        213.74045801526717,
        289.412213740458,
        265.64885496183206
      ],
      [
        293.9923664122137,
        200.90289748009522,
        345.9007633587786,
        253.57465320528607
      ]
    ],
    "折戸": [
      [
        425.29007633587787,
        100.0,
        452.00763358778624,
        145.03816793893128
      ],
      [
        191.70229007633588,
        409.1603053435114,
        242.84732824427482,
        443.51145038167937
      ],
      [
        170.32824427480915,
        474.0458015267175,
        195.5190839694656,
        530.5343511450382
      ],
      [
        445.13740458015263,
        413.74045801526717,
        500.86259541984725,
        446.5648854961832
      ]
    ],
    "引戸": [
      [
        348.5191660510547,
        249.5854879750472,
        439.31182795698925,
        275.80645161290323
      ],
      [
        432.86021505376345,
        321.505376344086,
        455.4408602150537,
        415.05376344086017
      ],
      [
        449.4384798489699,
        305.17114011327254,
        533.9354838709677,
        328.494623655914
      ]
    ]
  }
}