{
  "labels": {
    "LDK": [
      [
        [
          211.38655462184875,
          91.8767507002801
        ],
        [
          157.6050420168067,
          91.8767507002801
        ],
        [
          157.6050420168067,
          105.60224089635854
        ],
        [
          140.79831932773106,
          104.76190476190476
        ],
        [
          141.078431372549,
          123.8095238095238
        ],
        [
          125.67226890756302,
          124.08963585434172
        ],
        [
          125.11204481792717,
          140.89635854341736
        ],
        [
          105.22408963585434,
          141.45658263305322
        ],
        [
          106.34453781512605,
          210.36414565826328
        ],
        [
          210.26610644257698,
          210.36414565826328
        ]
      ]
    ],
    "浴室": [
      [
        [
          174.41176470588235,
          53.78151260504201
        ],
        [
          210.26610644257698,
          53.501400560224084
        ],
        [
          210.54621848739492,
          91.8767507002801
        ],
        [
          175.53221288515405,
          92.15686274509804
        ]
      ]
    ],
    "廊下": [
      [
        [
          88.69747899159663,
          54.06162464985994
        ],
        [
          89.25770308123248,
          159.1036414565826
        ],
        [
          106.0644257703081,
          159.1036414565826
        ],
        [
          105.50420168067225,
          141.17647058823528
        ],
        [
          124.27170868347338,
          141.73669467787113
        ],
        [
          124.27170868347338,
          124.36974789915965
        ],
        [
          105.22408963585434,
          124.64985994397757
        ],
        [
          105.22408963585434,
          88.23529411764706
        ],
        [
          140.51820728291315,
          87.67507002801119
        ],
        [
          140.79831932773106,
          70.58823529411764
        ],
        [
          105.7843137254902,
          70.58823529411764
        ],
        [
          105.7843137254902,
          53.501400560224084
        ]
      ]
    ],
    "折戸": [
      [
        170.1219512195122,
        57.926829268292686,
        181.5040650406504,
        90.65040650406505
      ]
    ],
    "開戸": [
      [
        141.078431372549,
        89.91596638655462,
        157.9268292682927,
        111.1788617886179
      ],
      [
        138.93659902985584,
        106.6407050625128,
        150.0,
        122.96747967479675
      ],
      [
        108.33333333333333,
        126.6260162601626,
        123.3739837398374,
        147.56097560975613
      ],
      [
        90.2439024390244,
        143.6991869918699,
        104.48794151807063,
        162.8544100567056
      ],
      [
        194.71544715447155,
        144.5121951219512,
        209.95934959349594,
        157.52032520325204
      ],
      [
        63.21138211382114,
        80.28455284552845,
        89.22764227642277,
        95.9349593495935
      ]
    ],
    "引戸": [
      [
        97.10084033613444,
        158.54341736694676,
        112.22689075630251,
        206.72268907563023
      ],
      [
        82.11382113821138,
        109.95934959349594,
        95.9349593495935,
        140.04065040650406
      ],
      [
        106.569993851199,
        65.5684224909476,
        139.02439024390245,
        77.23577235772358
      ],
      [
        135.04235840677734,
        58.20864931338389,
        147.15447154471545,
        85.56910569105692
      ]
    ]
  }
}