{
  "labels": {
    "洋室": [
      [
        [
          78.9189189189189,
          71.17117117117117
        ],
        [
          205.04504504504501,
          72.07207207207206
        ],
        [
          203.69369369369366,
          145.94594594594594
        ],
        [
          78.46846846846847,
          147.74774774774772
        ]
      ],
      [
        [
          78.01801801801798,
          198.19819819819818
        ],
        [
          180.27027027027026,
          197.74774774774772
        ],
        [
          180.7207207207207,
          249.54954954954954
        ],
        [
          154.59459459459458,
          249.09909909909908
        ],
        [
          154.59459459459458,
          300.0
        ],
        [
          79.36936936936934,
          300.0
        ]
      ],
      [
        [
          255.49549549549545,
          198.64864864864862
        ],
        [
          180.27027027027026,
          198.64864864864862
        ],
        [
          179.81981981981977,
          249.09909909909908
        ],
        [
          155.94594594594594,
          248.19819819819818
        ],
        [
          154.59459459459458,
          299.0990990990991
        ],
        [
          255.49549549549545,
          298.64864864864865
        ]
      ]
    ],
    "廊下": [
      [
        [
          78.46846846846847,
          147.74774774774772
        ],
        [
          178.9189189189189,
          148.64864864864865
        ],
        [
          179.36936936936934,
          171.6216216216216
        ],
        [
          232.07207207207205,
          172.5225225225225
        ],
        [
          231.17117117117112,
          196.84684684684683
        ],
        [
          78.9189189189189,
          198.19819819819818
        ]
      ]
    ],
    "引戸": [
      [
        194.67289719626166,
        97.19626168224299,
        214.95495495495493,
        146.84684684684683
      ]
    ],
    "開戸": [
      [
        155.42056074766356,
        140.18691588785046,
        180.27027027027026,
        170.703881451545
      ],
      [
        179.7196261682243,
        189.7196261682243,
        206.8468468468468,
        224.77477477477476
      ],
      [
        114.95495495495493,
        188.73873873873873,
        145.58558558558553,
        225.22522522522522
      ]
    ],
    "折戸": [
      [
        141.6999242232887,
        199.26749179085624,
        160.5607476635514,
        249.99999999999997
      ],
      [
        174.59964637534728,
        249.18329544497763,
        198.41121495327099,
        296.7289719626168
      ]
    ]
  }
}