{
  "labels": {
    "廊下": [
      [
        [
          297.77966101694915,
          296.6101694915254
        ],
        [
          298.6271186440678,
          376.271186440678
        ],
        [
          457.94915254237293,
          375.42372881355936
        ],
        [
          452.86440677966107,
          616.9491525423729
        ],
        [
          576.5932203389831,
          613.5593220338983
        ],
        [
          574.8983050847457,
          297.4576271186441
        ],
        [
          455.40677966101697,
          300.8474576271187
        ],
        [
          457.10169491525426,
          215.2542372881356
        ],
        [
          377.4406779661017,
          216.10169491525426
        ],
        [
          379.98305084745766,
          295.7627118644068
        ]
      ]
    ],
    "洋室": [
      [
        [
          66.42372881355932,
          58.47457627118644
        ],
        [
          65.57627118644068,
          300.8474576271187
        ],
        [
          381.67796610169495,
          296.6101694915254
        ],
        [
          380.8305084745763,
          220.33898305084747
        ],
        [
          322.35593220338984,
          219.49152542372883
        ],
        [
          321.5084745762712,
          56.779661016949156
        ]
      ],
      [
        [
          66.42372881355932,
          294.91525423728814
        ],
        [
          302.864406779661,
          294.91525423728814
        ],
        [
          302.864406779661,
          611.0169491525425
        ],
        [
          66.42372881355932,
          611.0169491525425
        ]
      ]
    ],
    "開戸": [
      [
        306.79999999999995,
        235.59322033898306,
        371.5084745762712,
        318.0
      ],
      [
        386.0,
        198.1220338983051,
        453.664406779661,
        277.2
      ],
      [
        240.15254237288136,
        304.45957210336206,
        319.2295081967213,
        363.75409836065575
      ]
    ],
    "折戸": [
      [
        262.1864406779661,
        533.8983050847457,
        318.0,
        606.8
      ],
      [
        433.94237288135594,
        534.6983050847457,
        488.1796610169492,
        604.1898305084745
      ],
      [
        283.98305084745766,
        67.85245901639344,
        347.9180327868853,
        217.8440677966102
      ]
    ],
    "引戸": [
      [
        433.59516532370105,
        160.47540983606558,
        483.1639344262295,
        289.1775493192554
      ]
    ]
  }
}