{
  "labels": {
    "洋室": [
      [
        [
          179.66666666666669,
          10.0
        ],
        [
          12.333333333333314,
          10.666666666666666
        ],
        [
          13.0,
          208.66666666666666
        ],
        [
          95.66666666666669,
          212.0
        ],
        [
          95.66666666666669,
          266.0
        ],
        [
          179.66666666666669,
          265.3333333333333
        ]
      ],
      [
        [
          9.666666666666686,
          210.0
        ],
        [
          11.0,
          465.3333333333333
        ],
        [
          177.0,
          466.0
        ],
        [
          179.66666666666669,
          265.3333333333333
        ],
        [
          95.66666666666669,
          266.0
        ],
        [
          95.66666666666669,
          210.0
        ]
      ],
      [
        [
          237.0,
          468.0
        ],
        [
          10.333333333333314,
          466.0
        ],
        [
          10.333333333333314,
          637.3333333333334
        ],
        [
          234.33333333333337,
          638.0
        ]
      ]
    ],
    "廊下": [
      [
        [
          235.66666666666663,
          124.0
        ],
        [
          235.0,
          238.0
        ],
        [
          289.66666666666663,
          238.0
        ],
        [
          289.0,
          295.3333333333333
        ],
        [
          235.66666666666663,
          296.0
        ],
        [
          236.33333333333337,
          351.3333333333333
        ],
        [
          405.0,
          352.0
        ],
        [
          404.33333333333337,
          469.3333333333333
        ],
        [
          177.0,
          466.6666666666667
        ],
        [
          179.66666666666669,
          124.66666666666667
        ]
      ]
    ],
    "開戸": [
      [
        180.33333333333331,
        98.0,
        238.33333333333337,
        168.66666666666666
      ],
      [
        182.40939597315435,
        442.2818791946309,
        232.8275862068965,
        516.551724137931
      ]
    ],
    "引戸": [
      [
        157.22471650081002,
        76.57023837074752,
        200.53020134228188,
        185.23489932885906
      ],
      [
        157.66666666666669,
        268.0223713646533,
        201.8724832214765,
        372.4832214765101
      ]
    ],
    "折戸": [
      [
        90.47126436781605,
        188.2758620689655,
        186.43624161073825,
        234.2281879194631
      ],
      [
        0.0,
        242.0,
        101.0,
        294.6666666666667
      ],
      [
        227.66666666666663,
        324.0,
        291.66666666666663,
        378.6666666666667
      ],
      [
        289.0,
        327.3333333333333,
        405.66666666666663,
        380.0
      ]
    ]
  }
}