{
  "labels": {
    "LDK": [
      [
        [
          211.4380165289257,
          38.89256198347107
        ],
        [
          211.4380165289257,
          159.55371900826447
        ],
        [
          151.93388429752065,
          157.90082644628097
        ],
        [
          151.93388429752065,
          219.88429752066116
        ],
        [
          181.68595041322317,
          219.88429752066116
        ],
        [
          180.85950413223145,
          281.0413223140496
        ],
        [
          213.09090909090912,
          281.86776859504135
        ],
        [
          212.2644628099174,
          554.595041322314
        ],
        [
          456.89256198347107,
          556.2479338842976
        ],
        [
          451.93388429752065,
          34.760330578512395
        ]
      ]
    ],
    "浴室": [
      [
        [
          28.7933884297521,
          37.239669421487605
        ],
        [
          151.10743801652893,
          38.06611570247935
        ],
        [
          149.4545454545455,
          156.24793388429754
        ],
        [
          30.446280991735534,
          155.42148760330582
        ]
      ]
    ],
    "廊下": [
      [
        [
          31.27272727272731,
          342.19834710743805
        ],
        [
          209.78512396694214,
          341.3719008264463
        ],
        [
          210.61157024793386,
          403.3553719008264
        ],
        [
          31.27272727272731,
          403.3553719008264
        ]
      ]
    ],
    "開戸": [
      [
        157.2904805632079,
        344.0399959187838,
        226.76543209876542,
        404.9382716049382
      ],
      [
        55.8641975308642,
        437.037037037037,
        91.60330578512401,
        495.91735537190084
      ],
      [
        155.23966942148763,
        145.50413223140498,
        208.95867768595042,
        212.44628099173553
      ],
      [
        98.21487603305786,
        162.6401387613509,
        163.80246913580243,
        215.43209876543207
      ],
      [
        57.09876543209873,
        407.4074074074074,
        91.04938271604937,
        437.6543209876543
      ]
    ],
    "折戸": [
      [
        128.3648607284971,
        416.09896949290896,
        165.12345679012344,
        475.3086419753086
      ],
      [
        202.69135802469134,
        227.16049382716048,
        237.8765432098765,
        280.2469135802469
      ],
      [
        126.31404958677683,
        222.36363636363637,
        165.9834710743802,
        279.38842975206614
      ]
    ],
    "引戸": [
      [
        49.06682991531477,
        139.9179675543312,
        144.10815222936435,
        172.14937251300887
      ]
    ]
  }
}