{
  "labels": {
    "廊下": [
      [
        [
          244.26086956521738,
          62.17391304347825
        ],
        [
          277.30434782608694,
          62.60869565217391
        ],
        [
          277.30434782608694,
          93.91304347826086
        ],
        [
          244.26086956521738,
          94.34782608695652
        ]
      ]
    ],
    "LDK": [
      [
        [
          15.999999999999993,
          136.08695652173913
        ],
        [
          35.565217391304344,
          135.2173913043478
        ],
        [
          35.13043478260869,
          98.69565217391303
        ],
        [
          17.739130434782602,
          98.69565217391303
        ],
        [
          18.17391304347825,
          22.60869565217391
        ],
        [
          128.6086956521739,
          21.739130434782606
        ],
        [
          127.7391304347826,
          99.13043478260869
        ],
        [
          308.6086956521739,
          98.26086956521738
        ],
        [
          308.6086956521739,
          285.2173913043478
        ],
        [
          16.43478260869564,
          284.78260869565213
        ]
      ]
    ],
    "引戸": [
      [
        207.09362496665779,
        86.70312083222191,
        276.5766871165644,
        111.65644171779141
      ],
      [
        230.99066417711384,
        43.72099226460388,
        252.0368098159509,
        92.33128834355827
      ]
    ],
    "折戸": [
      [
        242.83435582822085,
        48.466257668711656,
        278.91544411843154,
        73.42758068818354
      ],
      [
        265.5918911709789,
        62.453987730061336,
        292.2208588957055,
        93.55828220858895
      ],
      [
        27.944518538276853,
        99.48786343024807,
        50.80981595092024,
        134.96932515337423
      ]
    ]
  }
}