{
  "labels": {
    "廊下": [
      [
        [
          165.695652173913,
          431.3043478260869
        ],
        [
          163.3846153846154,
          630.7692307692307
        ],
        [
          229.1739130434782,
          628.695652173913
        ],
        [
          229.73076923076923,
          561.5384615384615
        ],
        [
          299.9230769230769,
          558.6538461538462
        ],
        [
          299.9230769230769,
          179.8076923076923
        ],
        [
          359.53846153846155,
          177.8846153846154
        ],
        [
          354.7307692307692,
          112.5
        ],
        [
          227.8076923076923,
          115.38461538461539
        ],
        [
          231.65384615384613,
          429.80769230769226
        ]
      ]
    ],
    "LDK": [
      [
        [
          299.9230769230769,
          179.8076923076923
        ],
        [
          297.03846153846155,
          492.30769230769226
        ],
        [
          487.4230769230769,
          492.30769230769226
        ],
        [
          481.65384615384613,
          745.1923076923076
        ],
        [
          730.6923076923076,
          749.0384615384615
        ],
        [
          735.5,
          173.07692307692307
        ]
      ]
    ],
    "浴室": [
      [
        [
          478.7692307692308,
          51.92307692307692
        ],
        [
          598.9615384615385,
          51.92307692307692
        ],
        [
          598.9615384615385,
          175.96153846153845
        ],
        [
          478.7692307692308,
          175.96153846153845
        ]
      ]
    ],
    "洋室": [
      [
        [
          39.34615384615385,
          50.0
        ],
        [
          225.8846153846154,
          50.0
        ],
        [
          225.8846153846154,
          311.53846153846155
        ],
        [
          39.34615384615385,
          311.53846153846155
        ]
      ]
    ],
    "開戸": [
      [
        672.6521739130434,
        362.6086956521739,
        751.1103678929765,
        419.8745819397993
      ],
      [
        182.93311036789297,
        285.66889632107024,
        223.08695652173907,
        353.0434782608695
      ],
      [
        285.695652173913,
        180.90301003344482,
        354.7307692307692,
        230.43478260869563
      ]
    ],
    "折戸": [
      [
        453.7692307692308,
        114.78260869565216,
        503.086956521739,
        167.3076923076923
      ]
    ],
    "引戸": [
      [
        237.28093645484952,
        97.39130434782608,
        353.52173913043475,
        135.8026755852843
      ],
      [
        208.85284280936452,
        198.94648829431432,
        246.35284280936452,
        302.79264214046816
      ],
      [
        610.5,
        160.57692307692307,
        726.8461538461538,
        186.53846153846152
      ],
      [
        460.47826086956513,
        494.41471571906357,
        501.8879598662207,
        678.2608695652173
      ],
      [
        303.08361204013374,
        473.0434782608695,
        475.2608695652174,
        509.15551839464865
      ],
      [
        282.6153846153846,
        366.6470588235294,
        320.3235294117647,
        489.4230769230769
      ],
      [
        337.86956521739125,
        58.260869565217384,
        383.0869565217391,
        172.17391304347822
      ],
      [
        276.13043478260863,
        566.086956521739,
        315.2608695652173,
        678.2608695652173
      ]
    ]
  }
}