{
  "labels": {
    "LDK": [
      [
        [
          306.62068965517244,
          286.1034482758621
        ],
        [
          294.55172413793105,
          755.0689655172414
        ],
        [
          348.0,
          753.344827586207
        ],
        [
          348.0,
          875.7586206896553
        ],
        [
          689.3793103448277,
          884.3793103448277
        ],
        [
          689.3793103448277,
          761.9655172413793
        ],
        [
          1139.3793103448277,
          768.8620689655172
        ],
        [
          1146.2758620689656,
          643.0000000000001
        ],
        [
          1211.793103448276,
          643.0000000000001
        ],
        [
          1211.793103448276,
          287.8275862068966
        ],
        [
          642.8275862068966,
          287.8275862068966
        ],
        [
          642.8275862068966,
          227.48275862068965
        ],
        [
          525.5862068965517,
          225.75862068965523
        ],
        [
          525.5862068965517,
          172.31034482758622
        ],
        [
          410.0689655172414,
          165.4137931034483
        ],
        [
          416.96551724137936,
          282.65517241379314
        ]
      ]
    ],
    "廊下": [
      [
        [
          237.6551724137931,
          222.31034482758628
        ],
        [
          303.1724137931035,
          222.31034482758628
        ],
        [
          303.1724137931035,
          579.2068965517242
        ],
        [
          237.6551724137931,
          579.2068965517242
        ]
      ]
    ],
    "浴室": [
      [
        [
          639.3793103448277,
          49.896551724137964
        ],
        [
          875.5862068965517,
          49.896551724137964
        ],
        [
          875.5862068965517,
          289.55172413793105
        ],
        [
          639.3793103448277,
          289.55172413793105
        ]
      ]
    ],
    "開戸": [
      [
        373.97087378640776,
        181.62905925677939,
        505.3987278205558,
        271.9611650485437
      ],
      [
        419.45631067961165,
        120.95145631067962,
        528.1941747572815,
        232.60194174757282
      ]
    ],
    "折戸": [
      [
        822.1379310344828,
        174.72815533980582,
        903.0970873786407,
        253.34482758620697
      ],
      [
        324.45631067961165,
        761.9655172413793,
        403.1724137931035,
        866.9611650485436
      ],
      [
        635.9310344827587,
        771.8155339805825,
        714.747572815534,
        868.8620689655172
      ],
      [
        1085.9310344827586,
        641.7184466019418,
        1168.1456310679612,
        758.5172413793105
      ]
    ],
    "引戸": [
      [
        885.9310344827587,
        234.92233009708738,
        1096.3009708737864,
        310.2413793103449
      ],
      [
        269.84466019417476,
        356.79310344827593,
        342.90291262135923,
        533.9514563106796
      ],
      [
        79.79611650485435,
        167.93203883495144,
        292.41747572815535,
        247.54368932038835
      ]
    ]
  }
}