{
  "labels": {
    "LDK": [
      [
        [
          24.44525547445255,
          153.28467153284672
        ],
        [
          480.6496350364963,
          156.20437956204378
        ],
        [
          480.6496350364963,
          489.7810218978102
        ],
        [
          23.715328467153284,
          491.970802919708
        ]
      ]
    ],
    "浴室": [
      [
        [
          630.2846715328467,
          251.0948905109489
        ],
        [
          749.9927007299269,
          248.90510948905109
        ],
        [
          750.7226277372262,
          345.98540145985396
        ],
        [
          629.5547445255473,
          348.1751824817518
        ]
      ]
    ],
    "廊下": [
      [
        [
          574.8102189781022,
          251.82481751824815
        ],
        [
          572.6204379562043,
          433.5766423357664
        ],
        [
          479.1897810218977,
          432.11678832116786
        ],
        [
          479.91970802919707,
          490.51094890510944
        ],
        [
          533.934306569343,
          491.970802919708
        ],
        [
          533.934306569343,
          513.8686131386861
        ],
        [
          627.3649635036496,
          513.1386861313869
        ],
        [
          628.0948905109489,
          491.24087591240874
        ],
        [
          654.3722627737226,
          491.24087591240874
        ],
        [
          655.1021897810218,
          432.8467153284671
        ],
        [
          629.5547445255473,
          432.8467153284671
        ],
        [
          631.0145985401459,
          251.82481751824815
        ]
      ]
    ],
    "開戸": [
      [
        614.2857142857142,
        449.2857142857142,
        670.7142857142857,
        487.85714285714283
      ],
      [
        483.71646897810217,
        225.37099191866525,
        533.5714285714286,
        264.2857142857143
      ]
    ],
    "引戸": [
      [
        647.6785714285714,
        335.03125,
        729.2857142857142,
        362.1428571428571
      ],
      [
        539.2857142857142,
        230.7142857142857,
        630.7142857142857,
        262.85714285714283
      ],
      [
        560.0,
        256.4285714285714,
        586.4285714285713,
        342.85714285714283
      ],
      [
        559.2857142857142,
        352.1428571428571,
        586.4285714285713,
        429.2857142857142
      ],
      [
        467.85714285714283,
        158.57142857142856,
        502.1428571428571,
        248.57142857142856
      ],
      [
        462.1428571428571,
        386.4285714285714,
        492.85714285714283,
        487.85714285714283
      ],
      [
        617.1428571428571,
        352.1428571428571,
        645.7142857142857,
        429.2857142857142
      ]
    ]
  }
}