{
  "labels": {
    "洋室": [
      [
        [
          16.072289156626482,
          15.06024096385542
        ],
        [
          435.3493975903614,
          16.265060240963855
        ],
        [
          434.14457831325296,
          224.69879518072287
        ],
        [
          12.457831325301186,
          224.09638554216866
        ]
      ],
      [
        [
          223.30120481927707,
          225.3012048192771
        ],
        [
          219.08433734939757,
          579.5180722891565
        ],
        [
          431.73493975903614,
          578.3132530120481
        ],
        [
          432.3373493975903,
          226.50602409638552
        ]
      ]
    ],
    "廊下": [
      [
        [
          153.42168674698792,
          225.3012048192771
        ],
        [
          151.61445783132524,
          506.0240963855421
        ],
        [
          221.4939759036144,
          506.0240963855421
        ],
        [
          224.5060240963855,
          226.50602409638552
        ]
      ]
    ],
    "折戸": [
      [
        65.0,
        21.25,
        133.31626506024094,
        220.7906626506024
      ],
      [
        225.0933734939759,
        275.3915662650602,
        427.5,
        338.75
      ],
      [
        160.625,
        466.875,
        218.3689759036144,
        524.9849397590361
      ]
    ],
    "引戸": [
      [
        99.61144578313252,
        207.01054216867468,
        215.0,
        245.625
      ],
      [
        200.70331325301203,
        302.68072289156623,
        242.5,
        419.375
      ]
    ],
    "開戸": [
      [
        131.25,
        385.625,
        192.5,
        433.125
      ]
    ]
  }
}