{
  "labels": {
    "浴室": [
      [
        [
          711.7619047619048,
          219.23809523809524
        ],
        [
          833.1904761904763,
          218.04761904761907
        ],
        [
          830.8095238095239,
          338.2857142857143
        ],
        [
          716.5238095238095,
          337.09523809523813
        ]
      ]
    ],
    "廊下": [
      [
        [
          593.9047619047619,
          604.952380952381
        ],
        [
          771.2857142857143,
          603.7619047619048
        ],
        [
          773.6666666666667,
          683.5238095238095
        ],
        [
          710.5714285714286,
          682.3333333333334
        ],
        [
          711.7619047619048,
          704.952380952381
        ],
        [
          593.9047619047619,
          704.952380952381
        ]
      ]
    ],
    "LDK": [
      [
        [
          295.09523809523813,
          157.33333333333334
        ],
        [
          507.0,
          158.52380952380952
        ],
        [
          505.80952380952385,
          219.23809523809524
        ],
        [
          712.952380952381,
          220.42857142857144
        ],
        [
          712.952380952381,
          602.5714285714286
        ],
        [
          295.09523809523813,
          604.952380952381
        ]
      ]
    ],
    "引戸": [
      [
        752.7049486461252,
        561.8384687208217,
        794.7712418300654,
        666.0130718954248
      ],
      [
        600.4873949579833,
        584.1540616246499,
        705.8823529411765,
        627.4509803921569
      ],
      [
        691.6171802054156,
        353.2717086834734,
        733.3333333333334,
        458.16993464052285
      ]
    ],
    "折戸": [
      [
        720.842203548086,
        313.7292250233427,
        762.7450980392157,
        354.9019607843137
      ]
    ]
  }
}