{
  "labels": {
    "浴室": [
      [
        [
          22.821428571428555,
          49.99999999999999
        ],
        [
          154.07142857142856,
          50.89285714285714
        ],
        [
          150.49999999999994,
          146.42857142857142
        ],
        [
          24.607142857142833,
          145.53571428571428
        ]
      ]
    ],
    "LDK": [
      [
        [
          159.4285714285714,
          460.71428571428567
        ],
        [
          225.5,
          460.71428571428567
        ],
        [
          228.17857142857133,
          252.67857142857142
        ],
        [
          434.42857142857133,
          254.4642857142857
        ],
        [
          434.42857142857133,
          664.2857142857142
        ],
        [
          158.53571428571422,
          666.0714285714286
        ]
      ]
    ],
    "洋室": [
      [
        [
          87.10714285714283,
          390.1785714285714
        ],
        [
          155.85714285714283,
          389.2857142857142
        ],
        [
          157.6428571428571,
          664.2857142857142
        ],
        [
          22.821428571428555,
          664.2857142857142
        ],
        [
          20.14285714285711,
          457.1428571428571
        ],
        [
          88.89285714285711,
          458.0357142857142
        ]
      ]
    ],
    "廊下": [
      [
        [
          161.21428571428567,
          188.39285714285714
        ],
        [
          427.2857142857142,
          185.7142857142857
        ],
        [
          426.3928571428571,
          246.42857142857142
        ],
        [
          221.03571428571422,
          245.53571428571425
        ],
        [
          221.92857142857133,
          459.82142857142856
        ],
        [
          161.21428571428567,
          460.71428571428567
        ]
      ]
    ],
    "開戸": [
      [
        121.98540145985396,
        336.22627737226276,
        187.10714285714283,
        390.1785714285714
      ],
      [
        151.3928571428571,
        397.32142857142856,
        226.3928571428571,
        470.5357142857142
      ]
    ],
    "引戸": [
      [
        127.53988529718453,
        411.93952033368083,
        170.8905109489051,
        658.8540145985401
      ],
      [
        139.30344108446297,
        186.6853493222106,
        175.2700729927007,
        300.45985401459853
      ],
      [
        39.01668404588111,
        128.90380604796664,
        148.26277372262768,
        166.15328467153284
      ],
      [
        205.78545359749734,
        271.14833159541183,
        246.0729927007299,
        383.6715328467153
      ]
    ],
    "折戸": [
      [
        304.2343587069863,
        164.2075078206465,
        357.80578727841487,
        207.06465067778936
      ],
      [
        22.821428571428555,
        446.4285714285714,
        82.64285714285711,
        488.3928571428571
      ]
    ]
  }
}