{
  "labels": {
    "廊下": [
      [
        [
          221.81132075471697,
          260.37735849056605
        ],
        [
          247.2830188679245,
          258.49056603773585
        ],
        [
          246.33962264150944,
          293.3962264150943
        ],
        [
          334.0754716981132,
          290.566037735849
        ],
        [
          335.9622641509434,
          358.49056603773585
        ],
        [
          222.75471698113205,
          355.66037735849056
        ]
      ]
    ],
    "浴室": [
      [
        [
          687.8490566037735,
          151.88679245283018
        ],
        [
          822.754716981132,
          152.83018867924528
        ],
        [
          819.9245283018868,
          286.79245283018867
        ],
        [
          687.8490566037735,
          281.1320754716981
        ]
      ]
    ],
    "LDK": [
      [
        [
          150.1132075471698,
          366.03773584905656
        ],
        [
          680.3018867924528,
          366.03773584905656
        ],
        [
          681.2452830188679,
          504.71698113207543
        ],
        [
          646.3396226415094,
          504.71698113207543
        ],
        [
          644.4528301886792,
          643.3962264150944
        ],
        [
          150.1132075471698,
          642.4528301886792
        ]
      ]
    ],
    "折戸": [
      [
        430.3018867924528,
        253.77358490566036,
        491.6030534351145,
        318.8320610687023
      ],
      [
        643.5094339622641,
        360.377358490566,
        712.2137404580152,
        429.5190839694656
      ],
      [
        602.0,
        286.79245283018867,
        647.2830188679245,
        358.49056603773585
      ],
      [
        666.412213740458,
        213.48854961832058,
        724.8215468817514,
        284.3223390465217
      ]
    ],
    "引戸": [
      [
        258.4237361371165,
        338.72965576839977,
        389.3129770992366,
        383.7175572519084
      ],
      [
        559.1515520389531,
        351.0854128626496,
        681.1827956989247,
        375.26881720430106
      ],
      [
        561.7724326659944,
        267.43482644390036,
        673.2824427480916,
        305.0916030534351
      ]
    ],
    "開戸": [
      [
        621.3740458015267,
        298.2213740458015,
        702.0,
        354.71698113207543
      ]
    ]
  }
}