{
  "labels": {
    "洋室": [
      [
        [
          26.692307692307708,
          193.33333333333334
        ],
        [
          99.51282051282053,
          192.82051282051282
        ],
        [
          99.51282051282053,
          143.5897435897436
        ],
        [
          195.9230769230769,
          144.10256410256412
        ],
        [
          199.0,
          386.1538461538462
        ],
        [
          27.71794871794873,
          386.6666666666667
        ]
      ],
      [
        [
          197.974358974359,
          241.53846153846155
        ],
        [
          272.3333333333333,
          241.53846153846155
        ],
        [
          272.3333333333333,
          287.1794871794872
        ],
        [
          296.43589743589746,
          287.6923076923077
        ],
        [
          297.974358974359,
          387.1794871794872
        ],
        [
          199.5128205128205,
          386.1538461538462
        ]
      ],
      [
        [
          272.84615384615387,
          240.0
        ],
        [
          294.3846153846154,
          240.0
        ],
        [
          295.9230769230769,
          289.7435897435897
        ],
        [
          271.8205128205128,
          288.20512820512823
        ]
      ]
    ],
    "浴室": [
      [
        [
          296.94871794871796,
          289.2307692307692
        ],
        [
          388.2307692307692,
          289.2307692307692
        ],
        [
          390.28205128205127,
          384.1025641025641
        ],
        [
          296.43589743589746,
          384.1025641025641
        ]
      ]
    ],
    "廊下": [
      [
        [
          197.46153846153845,
          91.7948717948718
        ],
        [
          293.35897435897436,
          91.28205128205128
        ],
        [
          293.87179487179486,
          237.94871794871796
        ],
        [
          196.94871794871796,
          240.0
        ]
      ]
    ],
    "引戸": [
      [
        187.1592920353982,
        292.92035398230087,
        206.69230769230768,
        386.1538461538462
      ],
      [
        185.13342409802584,
        196.0585432266848,
        210.16814159292034,
        284.07079646017695
      ],
      [
        282.29203539823004,
        194.24778761061944,
        301.7497789566755,
        287.6923076923077
      ]
    ],
    "折戸": [
      [
        297.46153846153845,
        280.49239845700026,
        342.4690265486725,
        309.7345132743363
      ]
    ],
    "開戸": [
      [
        258.1558883594282,
        146.15384615384616,
        311.48922169276153,
        188.71794871794873
      ],
      [
        31.770592239618793,
        180.02949852507373,
        97.77876106194688,
        227.43362831858406
      ]
    ]
  }
}