{
  "labels": {
    "廊下": [
      [
        [
          32.75247524752476,
          68.31683168316832
        ],
        [
          31.26732673267327,
          106.43564356435644
        ],
        [
          85.22772277227723,
          106.93069306930693
        ],
        [
          84.73267326732673,
          93.06930693069307
        ],
        [
          116.9108910891089,
          91.58415841584159
        ],
        [
          117.40594059405942,
          198.5148514851485
        ],
        [
          85.22772277227723,
          199.009900990099
        ],
        [
          85.22772277227723,
          226.23762376237624
        ],
        [
          166.9108910891089,
          227.22772277227722
        ],
        [
          165.92079207920793,
          64.85148514851485
        ]
      ]
    ],
    "洋室": [
      [
        [
          165.92079207920793,
          63.86138613861386
        ],
        [
          248.0990099009901,
          63.86138613861386
        ],
        [
          248.0990099009901,
          174.25742574257427
        ],
        [
          165.92079207920793,
          174.25742574257427
        ]
      ],
      [
        [
          31.762376237623755,
          225.24752475247524
        ],
        [
          139.1881188118812,
          225.24752475247524
        ],
        [
          139.1881188118812,
          350.0
        ],
        [
          31.762376237623755,
          350.0
        ]
      ],
      [
        [
          139.68316831683168,
          227.22772277227722
        ],
        [
          221.36633663366337,
          227.22772277227722
        ],
        [
          221.36633663366337,
          350.0
        ],
        [
          139.68316831683168,
          350.0
        ]
      ]
    ],
    "開戸": [
      [
        141.47540983606558,
        220.4836877130336,
        166.50105502353514,
        252.04918032786887
      ]
    ],
    "折戸": [
      [
        156.9936698587892,
        174.59016393442622,
        173.85245901639348,
        198.44586917708162
      ],
      [
        194.344262295082,
        156.55737704918033,
        246.80327868852459,
        181.14754098360658
      ],
      [
        168.0389547151437,
        220.08196721311475,
        217.29508196721315,
        240.0990099009901
      ]
    ],
    "引戸": [
      [
        159.0,
        124.18032786885246,
        174.672131147541,
        168.33114754098358
      ],
      [
        90.24590163934425,
        217.25775036520045,
        136.20159065086835,
        233.19672131147541
      ]
    ]
  }
}