{
  "labels": {
    "洋室": [
      [
        [
          120.6890756302521,
          390.7142857142857
        ],
        [
          119.00840336134455,
          489.03361344537814
        ],
        [
          236.65546218487395,
          493.2352941176471
        ],
        [
          234.9747899159664,
          548.6974789915967
        ],
        [
          736.655462184874,
          547.8571428571429
        ],
        [
          736.655462184874,
          5.0
        ],
        [
          421.5294117647059,
          9.201680672268907
        ],
        [
          428.25210084033614,
          399.95798319327736
        ]
      ]
    ],
    "廊下": [
      [
        [
          305.56302521008405,
          140.29411764705884
        ],
        [
          304.7226890756303,
          403.31932773109247
        ],
        [
          429.09243697478996,
          405.0
        ],
        [
          425.7310924369748,
          153.73949579831933
        ],
        [
          357.6638655462185,
          154.57983193277312
        ],
        [
          356.8235294117647,
          137.7731092436975
        ]
      ]
    ],
    "開戸": [
      [
        406.0388782018832,
        169.73625594816238,
        475.1325301204819,
        213.25301204819274
      ],
      [
        411.43019135364995,
        349.39759036144574,
        473.92771084337346,
        390.93702541257466
      ],
      [
        190.79518072289156,
        497.5903614457831,
        253.4457831325301,
        535.5421686746987
      ],
      [
        184.16867469879517,
        57.2289156626506,
        217.3012048192771,
        103.6144578313253
      ],
      [
        117.3012048192771,
        35.54216867469879,
        168.50602409638552,
        63.85542168674698
      ]
    ],
    "引戸": [
      [
        219.71084337349396,
        56.024096385542165,
        278.7469879518072,
        71.6867469879518
      ]
    ]
  }
}