{
  "labels": {
    "廊下": [
      [
        [
          403.6036036036036,
          65.3063063063063
        ],
        [
          398.19819819819816,
          349.99099099099095
        ],
        [
          487.3873873873873,
          344.58558558558553
        ],
        [
          489.18918918918916,
          204.94594594594594
        ],
        [
          471.1711711711711,
          206.74774774774772
        ],
        [
          473.87387387387383,
          61.702702702702695
        ]
      ]
    ],
    "LDK": [
      [
        [
          42.34234234234234,
          347.28828828828824
        ],
        [
          615.3153153153153,
          347.28828828828824
        ],
        [
          615.3153153153153,
          627.4684684684684
        ],
        [
          42.34234234234234,
          627.4684684684684
        ]
      ]
    ],
    "浴室": [
      [
        [
          42.34234234234234,
          63.504504504504496
        ],
        [
          185.58558558558556,
          63.504504504504496
        ],
        [
          185.58558558558556,
          206.74774774774772
        ],
        [
          42.34234234234234,
          206.74774774774772
        ]
      ]
    ],
    "開戸": [
      [
        381.61599099099095,
        73.78125,
        463.25,
        125.12471846846844
      ],
      [
        193.71875,
        130.8125,
        255.4375,
        194.09375
      ]
    ],
    "折戸": [
      [
        443.6655405405405,
        142.42483108108107,
        481.21875,
        197.21875
      ]
    ],
    "引戸": [
      [
        406.43299549549545,
        312.0625,
        535.125,
        382.07854729729723
      ],
      [
        367.9375,
        224.5625,
        435.125,
        337.84375
      ],
      [
        59.34375,
        169.875,
        176.39358108108107,
        226.15230855855856
      ],
      [
        59.34375,
        308.9375,
        183.60078828828827,
        375.76520270270265
      ],
      [
        198.40625,
        316.34797297297297,
        323.5430743243243,
        376.90625
      ]
    ]
  }
}