{
  "labels": {
    "LDK": [
      [
        [
          53.96153846153845,
          291.2307692307692
        ],
        [
          43.38461538461539,
          767.1923076923076
        ],
        [
          665.5,
          776.8076923076923
        ],
        [
          664.5384615384615,
          386.4230769230769
        ],
        [
          358.7692307692308,
          388.3461538461538
        ],
        [
          366.46153846153845,
          299.88461538461536
        ]
      ]
    ],
    "廊下": [
      [
        [
          369.3461538461538,
          77.76923076923076
        ],
        [
          360.6923076923077,
          387.38461538461536
        ],
        [
          516.4615384615385,
          387.38461538461536
        ],
        [
          516.4615384615385,
          307.5769230769231
        ],
        [
          474.15384615384613,
          309.5
        ],
        [
          476.07692307692304,
          227.76923076923077
        ],
        [
          556.8461538461538,
          232.57692307692307
        ],
        [
          555.8846153846154,
          125.84615384615384
        ],
        [
          461.65384615384613,
          128.73076923076923
        ],
        [
          459.7307692307692,
          67.1923076923077
        ]
      ]
    ],
    "浴室": [
      [
        [
          58.76923076923076,
          63.34615384615384
        ],
        [
          205.8846153846154,
          63.34615384615384
        ],
        [
          205.8846153846154,
          225.84615384615384
        ],
        [
          58.76923076923076,
          225.84615384615384
        ]
      ]
    ],
    "折戸": [
      [
        180.49541284403665,
        158.58256880733944,
        225.7681721947777,
        220.18348623853208
      ]
    ],
    "引戸": [
      [
        535.5412844036697,
        95.41284403669724,
        579.577981651376,
        222.93577981651376
      ],
      [
        346.622088920254,
        97.24770642201834,
        387.834862385321,
        221.03846153846152
      ],
      [
        353.0,
        369.1153846153846,
        486.65384615384613,
        393.15384615384613
      ],
      [
        61.38920254057868,
        274.0553987297107,
        208.5045871559633,
        306.7477064220184
      ],
      [
        214.40613973182775,
        269.3359209597741,
        354.80733944954125,
        308.2568807339449
      ],
      [
        463.9816513761467,
        110.09174311926604,
        551.137614678899,
        144.95412844036696
      ]
    ]
  }
}